customer_id,first_name,last_name,dob,gender,phone,email,city,state,customer_since,kyc_status,occupation,annual_income,risk_category
CUST000001,Reyansh,Kumar,1992-12-17,Male,9834657871,reyansh.kumar1@example.com,Kochi,Kerala,2017-07-23,Verified,Doctor,356448,Low
CUST000002,Krishna,Singh,1961-05-15,Other,9031051834,krishna.singh2@example.com,Mumbai,Maharashtra,2022-11-20,Verified,Student,4145051,Low
CUST000003,Ira,Bose,1963-06-18,Male,9656670106,ira.bose3@example.com,Hyderabad,Telangana,2019-08-11,Verified,Business,2265880,Low
CUST000004,Sara,Yadav,1992-11-06,Male,9473178108,sara.yadav4@example.com,Bengaluru,Karnataka,2012-04-30,Rejected,Retired,1575118,Low
CUST000005,Ira,Patel,1960-04-05,Male,9606474687,ira.patel5@example.com,Jaipur,Rajasthan,2015-06-22,Verified,Retired,670593,Low
CUST000006,Sara,Verma,1983-02-19,Male,9097882081,sara.verma6@example.com,Bhopal,Madhya Pradesh,2016-03-02,Verified,Business,2153033,Low
CUST000007,Kiran,Singh,1958-07-26,Other,9169985435,kiran.singh7@example.com,Ahmedabad,Gujarat,2017-05-09,Verified,Student,2696557,Low
CUST000008,Pooja,Gupta,1996-02-12,Other,9911838425,pooja.gupta8@example.com,Mumbai,Maharashtra,2013-07-17,Pending,Doctor,2570647,Low
CUST000009,Vikas,Rao,1982-02-20,Other,9808412411,vikas.rao9@example.com,Bhopal,Madhya Pradesh,2024-05-29,Verified,Self Employed,1946889,Medium
CUST000010,Ayaan,Kumar,1998-10-30,Female,9016400524,ayaan.kumar10@example.com,Kochi,Kerala,2015-08-16,Verified,Consultant,3767697,Low
CUST000011,Arjun,Gupta,1968-05-16,Other,9059826204,arjun.gupta11@example.com,Bhopal,Madhya Pradesh,2020-03-06,Pending,Salaried,3181521,Low
CUST000012,Krishna,Mehta,2005-03-25,Female,9923226025,krishna.mehta12@example.com,Pune,Maharashtra,2021-03-26,Verified,Retired,2418128,Low
CUST000013,Amit,Mehta,1958-06-22,Female,9337543303,amit.mehta13@example.com,Jaipur,Rajasthan,2020-12-08,Verified,Business,2521470,Low
CUST000014,Anika,Chopra,2003-02-08,Female,9014294019,anika.chopra14@example.com,Chandigarh,Punjab,2021-09-29,Verified,Doctor,3840737,Low
CUST000015,Anika,Mehta,1972-01-20,Female,9060883561,anika.mehta15@example.com,Jaipur,Rajasthan,2019-05-28,Verified,Business,2699285,Low
CUST000016,Rohit,Bose,1991-02-06,Other,9482366299,rohit.bose16@example.com,Pune,Maharashtra,2018-10-01,Verified,Salaried,2729087,Low
CUST000017,Avni,Nair,1994-08-20,Female,9387214895,avni.nair17@example.com,Lucknow,Uttar Pradesh,2014-02-04,Verified,Retired,2783987,Low
CUST000018,Ayaan,Reddy,1959-02-23,Male,9791769367,ayaan.reddy18@example.com,Mumbai,Maharashtra,2020-12-17,Verified,Salaried,1074119,Medium
CUST000019,Krishna,Iyer,2001-06-20,Female,9083172788,krishna.iyer19@example.com,Bhopal,Madhya Pradesh,2025-05-09,Verified,Engineer,4414386,Low
CUST000020,Pooja,Rao,1969-04-12,Other,9774348734,pooja.rao20@example.com,Lucknow,Uttar Pradesh,2021-11-12,Verified,Self Employed,2147074,Low
CUST000021,Ananya,Rao,1967-06-01,Male,9362316658,ananya.rao21@example.com,Delhi,Delhi,2022-06-13,Verified,Retired,3704419,Low
CUST000022,Priya,Sharma,1989-02-15,Female,9054668893,priya.sharma22@example.com,Ahmedabad,Gujarat,2022-12-13,Verified,Teacher,4253860,Low
CUST000023,Ananya,Chopra,1969-10-22,Female,9298069901,ananya.chopra23@example.com,Bhopal,Madhya Pradesh,2021-08-12,Verified,Engineer,1704453,Low
CUST000024,Aadhya,Nair,1995-10-17,Female,9564641708,aadhya.nair24@example.com,Hyderabad,Telangana,2013-03-02,Rejected,Doctor,2060911,Medium
CUST000025,Priya,Verma,1977-03-08,Male,9092327193,priya.verma25@example.com,Mumbai,Maharashtra,2022-06-06,Verified,Doctor,1587517,Low
CUST000026,Neha,Mehta,1982-11-27,Male,9904966319,neha.mehta26@example.com,Bengaluru,Karnataka,2026-01-25,Verified,Self Employed,1195483,Medium
CUST000027,Kiara,Verma,2002-10-17,Female,9518506716,kiara.verma27@example.com,Pune,Maharashtra,2020-02-15,Verified,Engineer,1463382,Low
CUST000028,Neha,Jain,1979-03-26,Other,9877694531,neha.jain28@example.com,Chandigarh,Punjab,2018-04-03,Pending,Retired,4078257,Low
CUST000029,Rohit,Chopra,1957-07-29,Female,9527354549,rohit.chopra29@example.com,Pune,Maharashtra,2018-03-13,Verified,Consultant,1782697,Low
CUST000030,Neha,Bose,2004-10-22,Male,9777014363,neha.bose30@example.com,Lucknow,Uttar Pradesh,2018-11-13,Verified,Doctor,4149996,Low
CUST000031,Diya,Bose,2004-05-18,Female,9574443135,diya.bose31@example.com,Bhopal,Madhya Pradesh,2014-09-06,Verified,Student,1786762,Low
CUST000032,Ira,Kumar,2002-01-25,Other,9413435240,ira.kumar32@example.com,Bhopal,Madhya Pradesh,2023-12-24,Verified,Salaried,637397,Low
CUST000033,Amit,Reddy,1999-01-15,Male,9094777520,amit.reddy33@example.com,Chandigarh,Punjab,2017-08-30,Pending,Engineer,1137032,Medium
CUST000034,Aadhya,Mishra,1959-10-23,Male,9294131869,aadhya.mishra34@example.com,Delhi,Delhi,2025-05-15,Verified,Retired,3370842,Low
CUST000035,Myra,Joshi,1993-06-21,Female,9990913341,myra.joshi35@example.com,Ahmedabad,Gujarat,2015-07-10,Verified,Consultant,809689,Low
CUST000036,Avni,Yadav,1997-02-27,Female,9034471349,avni.yadav36@example.com,Bhopal,Madhya Pradesh,2016-06-08,Verified,Consultant,2065838,Low
CUST000037,Pooja,Kumar,1961-05-28,Male,9249947174,pooja.kumar37@example.com,Bengaluru,Karnataka,2021-01-10,Pending,Consultant,4322254,Low
CUST000038,Meera,Verma,1983-12-01,Other,9401399049,meera.verma38@example.com,Jaipur,Rajasthan,2012-11-25,Verified,Student,4126846,Low
CUST000039,Myra,Kumar,1994-02-08,Other,9717565512,myra.kumar39@example.com,Bengaluru,Karnataka,2019-05-25,Verified,Engineer,2597746,Medium
CUST000040,Aadhya,Rao,1995-10-21,Male,9545168087,aadhya.rao40@example.com,Mumbai,Maharashtra,2021-04-08,Verified,Consultant,3214825,Low
CUST000041,Ira,Yadav,1973-04-06,Female,9824771093,ira.yadav41@example.com,Mumbai,Maharashtra,2015-07-21,Verified,Salaried,3602473,Low
CUST000042,Vikas,Mehta,1965-07-16,Other,9274846773,vikas.mehta42@example.com,Lucknow,Uttar Pradesh,2022-03-30,Verified,Teacher,1778955,Medium
CUST000043,Anika,Reddy,1979-10-14,Female,9584044997,anika.reddy43@example.com,Delhi,Delhi,2015-05-02,Verified,Engineer,3075109,Low
CUST000044,Priya,Rao,1995-11-07,Female,9339636057,priya.rao44@example.com,Jaipur,Rajasthan,2020-07-20,Verified,Student,4335117,High
CUST000045,Sai,Jain,1984-10-13,Male,9718702621,sai.jain45@example.com,Ahmedabad,Gujarat,2022-07-13,Verified,Self Employed,3020057,Low
CUST000046,Aadhya,Gupta,2002-11-15,Female,9578091343,aadhya.gupta46@example.com,Pune,Maharashtra,2014-01-10,Verified,Business,1023115,Low
CUST000047,Amit,Joshi,1959-02-16,Female,9045562386,amit.joshi47@example.com,Mumbai,Maharashtra,2024-09-10,Verified,Student,1605926,Low
CUST000048,Meera,Chopra,1976-08-09,Female,9923747407,meera.chopra48@example.com,Ahmedabad,Gujarat,2018-06-14,Verified,Student,799598,Low
CUST000049,Diya,Joshi,1993-01-24,Other,9474367136,diya.joshi49@example.com,Chandigarh,Punjab,2024-10-29,Verified,Self Employed,2656575,Low
CUST000050,Vikas,Chopra,1955-09-23,Other,9097439533,vikas.chopra50@example.com,Chennai,Tamil Nadu,2025-12-04,Verified,Student,995070,Medium
CUST000051,Rahul,Verma,1994-07-19,Male,9952145623,rahul.verma51@example.com,Chennai,Tamil Nadu,2014-12-18,Verified,Doctor,4389359,Medium
CUST000052,Vikas,Iyer,1998-03-25,Female,9517123685,vikas.iyer52@example.com,Chennai,Tamil Nadu,2014-01-09,Verified,Salaried,2398439,Low
CUST000053,Myra,Das,1978-07-09,Other,9651370985,myra.das53@example.com,Chandigarh,Punjab,2025-09-06,Verified,Business,4074558,Medium
CUST000054,Shaurya,Bose,1967-07-17,Male,9047113826,shaurya.bose54@example.com,Delhi,Delhi,2022-03-05,Verified,Consultant,3695890,Low
CUST000055,Neha,Reddy,1963-11-19,Female,9964053773,neha.reddy55@example.com,Jaipur,Rajasthan,2020-02-19,Verified,Doctor,3188774,Low
CUST000056,Ishaan,Patel,1995-10-18,Male,9390053293,ishaan.patel56@example.com,Delhi,Delhi,2013-07-16,Verified,Consultant,1917761,Low
CUST000057,Vikas,Singh,1968-03-28,Other,9042284210,vikas.singh57@example.com,Pune,Maharashtra,2014-12-15,Verified,Retired,2895991,Low
CUST000058,Ishaan,Verma,1992-10-07,Other,9117758917,ishaan.verma58@example.com,Bengaluru,Karnataka,2023-04-20,Verified,Freelancer,543772,Medium
CUST000059,Pooja,Jain,1996-02-04,Other,9007661771,pooja.jain59@example.com,Chennai,Tamil Nadu,2013-10-23,Verified,Student,730982,Low
CUST000060,Meera,Rao,1984-03-04,Female,9984789611,meera.rao60@example.com,Bhopal,Madhya Pradesh,2024-05-13,Verified,Retired,3787688,Low
CUST000061,Krishna,Bose,1995-09-08,Female,9615654527,krishna.bose61@example.com,Pune,Maharashtra,2013-07-03,Verified,Business,962070,Low
CUST000062,Neha,Das,2004-11-30,Male,9988516560,neha.das62@example.com,Bengaluru,Karnataka,2018-06-14,Verified,Doctor,1049064,Low
CUST000063,Ayaan,Reddy,1998-04-05,Male,9158514936,ayaan.reddy63@example.com,Chandigarh,Punjab,2024-07-31,Rejected,Freelancer,400233,Low
CUST000064,Rohit,Kumar,1971-03-09,Female,9455022961,rohit.kumar64@example.com,Mumbai,Maharashtra,2015-03-08,Verified,Salaried,949719,Medium
CUST000065,Ayaan,Chopra,1995-09-13,Female,9254599102,ayaan.chopra65@example.com,Jaipur,Rajasthan,2015-07-13,Verified,Salaried,864355,Low
CUST000066,Rohit,Bose,1994-08-28,Female,9438156149,rohit.bose66@example.com,Lucknow,Uttar Pradesh,2022-11-30,Verified,Self Employed,560988,Low
CUST000067,Meera,Verma,1973-05-04,Female,9324451076,meera.verma67@example.com,Mumbai,Maharashtra,2015-12-10,Verified,Consultant,2110308,Low
CUST000068,Vikas,Das,1990-08-16,Other,9060715969,vikas.das68@example.com,Delhi,Delhi,2021-01-26,Verified,Teacher,2608629,Low
CUST000069,Aarav,Nair,1996-04-11,Other,9516136968,aarav.nair69@example.com,Bengaluru,Karnataka,2013-10-06,Verified,Self Employed,3028043,Low
CUST000070,Priya,Iyer,2000-10-18,Other,9188355231,priya.iyer70@example.com,Delhi,Delhi,2015-04-14,Verified,Student,1462364,Medium
CUST000071,Rahul,Gupta,1999-05-01,Female,9997995527,rahul.gupta71@example.com,Bengaluru,Karnataka,2013-07-13,Verified,Self Employed,2484129,Low
CUST000072,Diya,Jain,1982-11-06,Female,9700541199,diya.jain72@example.com,Delhi,Delhi,2023-05-16,Verified,Freelancer,524123,Low
CUST000073,Sunita,Patel,1997-09-02,Other,9207151820,sunita.patel73@example.com,Pune,Maharashtra,2017-07-22,Verified,Engineer,1511659,Low
CUST000074,Pooja,Joshi,1991-09-03,Female,9905151864,pooja.joshi74@example.com,Jaipur,Rajasthan,2017-08-26,Verified,Freelancer,1441422,Low
CUST000075,Kiara,Reddy,1982-10-31,Other,9629148652,kiara.reddy75@example.com,Pune,Maharashtra,2023-10-22,Verified,Teacher,4445510,Low
CUST000076,Diya,Joshi,1974-03-20,Female,9733221418,diya.joshi76@example.com,Bengaluru,Karnataka,2024-02-08,Verified,Consultant,496648,Medium
CUST000077,Kiran,Reddy,1988-10-18,Male,9229270653,kiran.reddy77@example.com,Ahmedabad,Gujarat,2021-12-17,Verified,Engineer,2142958,Low
CUST000078,Shaurya,Mishra,1988-01-01,Other,9977468862,shaurya.mishra78@example.com,Hyderabad,Telangana,2016-06-23,Verified,Student,2277178,Low
CUST000079,Ira,Das,1964-03-15,Other,9814124782,ira.das79@example.com,Kochi,Kerala,2021-10-23,Verified,Retired,3964335,Medium
CUST000080,Pooja,Sharma,1959-10-12,Female,9853615305,pooja.sharma80@example.com,Jaipur,Rajasthan,2014-03-22,Verified,Doctor,1405150,Low
CUST000081,Shaurya,Mishra,1967-06-14,Other,9779010432,shaurya.mishra81@example.com,Bhopal,Madhya Pradesh,2024-04-22,Pending,Freelancer,3730518,Low
CUST000082,Shaurya,Singh,1965-12-06,Male,9369711798,shaurya.singh82@example.com,Chennai,Tamil Nadu,2012-05-14,Verified,Freelancer,2209524,Medium
CUST000083,Shaurya,Bose,1986-08-27,Male,9962185188,shaurya.bose83@example.com,Mumbai,Maharashtra,2023-05-19,Verified,Consultant,350576,Low
CUST000084,Ira,Verma,1989-09-16,Female,9405153195,ira.verma84@example.com,Chandigarh,Punjab,2014-12-28,Verified,Consultant,3019940,Medium
CUST000085,Reyansh,Yadav,1997-12-06,Other,9221704303,reyansh.yadav85@example.com,Bhopal,Madhya Pradesh,2012-12-09,Verified,Self Employed,3520545,High
CUST000086,Sara,Mishra,1958-04-14,Other,9345054156,sara.mishra86@example.com,Chennai,Tamil Nadu,2020-12-20,Verified,Teacher,3024045,High
CUST000087,Ira,Mishra,2001-08-02,Female,9161692845,ira.mishra87@example.com,Pune,Maharashtra,2014-04-20,Verified,Self Employed,2751073,Low
CUST000088,Amit,Bose,1994-10-28,Female,9705964016,amit.bose88@example.com,Bengaluru,Karnataka,2020-02-24,Verified,Student,441226,Low
CUST000089,Meera,Yadav,1966-04-29,Male,9355690927,meera.yadav89@example.com,Mumbai,Maharashtra,2020-04-26,Verified,Business,1335070,Low
CUST000090,Aadhya,Nair,1980-01-02,Male,9102786814,aadhya.nair90@example.com,Chandigarh,Punjab,2017-11-02,Verified,Retired,2575592,Medium
CUST000091,Ira,Patel,1967-03-06,Male,9727155188,ira.patel91@example.com,Delhi,Delhi,2018-07-06,Pending,Student,1640381,Medium
CUST000092,Anika,Singh,1973-01-11,Male,9370589578,anika.singh92@example.com,Delhi,Delhi,2014-11-29,Verified,Business,731535,Low
CUST000093,Amit,Mishra,1991-11-08,Female,9912517785,amit.mishra93@example.com,Kochi,Kerala,2014-11-17,Pending,Consultant,1706417,Medium
CUST000094,Sai,Bose,1959-12-21,Male,9824225358,sai.bose94@example.com,Kochi,Kerala,2018-05-15,Pending,Self Employed,1826699,Low
CUST000095,Sara,Kumar,1982-03-02,Other,9818299229,sara.kumar95@example.com,Bengaluru,Karnataka,2025-07-28,Verified,Freelancer,525562,Medium
CUST000096,Aarav,Gupta,1978-09-29,Other,9396907844,aarav.gupta96@example.com,Mumbai,Maharashtra,2022-10-31,Verified,Teacher,2675056,Low
CUST000097,Amit,Verma,1994-06-09,Female,9773592555,amit.verma97@example.com,Bengaluru,Karnataka,2020-12-10,Verified,Doctor,4499966,Low
CUST000098,Ananya,Singh,1965-12-28,Female,9732104696,ananya.singh98@example.com,Lucknow,Uttar Pradesh,2017-07-26,Rejected,Student,2926730,High
CUST000099,Neha,Nair,1969-04-18,Female,9877470168,neha.nair99@example.com,Hyderabad,Telangana,2022-04-03,Rejected,Retired,3140298,Low
CUST000100,Shaurya,Mishra,1997-03-21,Female,9801624565,shaurya.mishra100@example.com,Ahmedabad,Gujarat,2013-01-05,Verified,Freelancer,1812887,Low
CUST000101,Shaurya,Gupta,2000-03-28,Female,9849912165,shaurya.gupta101@example.com,Jaipur,Rajasthan,2019-08-09,Verified,Doctor,1390202,Low
CUST000102,Anika,Chopra,1958-08-12,Male,9025787298,anika.chopra102@example.com,Kochi,Kerala,2015-02-19,Verified,Freelancer,2852023,Low
CUST000103,Meera,Joshi,1985-03-06,Other,9887947055,meera.joshi103@example.com,Ahmedabad,Gujarat,2014-06-16,Rejected,Freelancer,2760988,Medium
CUST000104,Neha,Sharma,1997-07-30,Female,9993097289,neha.sharma104@example.com,Ahmedabad,Gujarat,2020-07-11,Verified,Retired,444832,Low
CUST000105,Amit,Mehta,1956-09-12,Female,9562636897,amit.mehta105@example.com,Hyderabad,Telangana,2013-05-25,Verified,Consultant,1919308,Low
CUST000106,Rohit,Mishra,1988-10-21,Female,9278585497,rohit.mishra106@example.com,Kochi,Kerala,2016-04-24,Pending,Self Employed,2683992,Low
CUST000107,Shaurya,Joshi,1973-08-06,Other,9757584419,shaurya.joshi107@example.com,Bhopal,Madhya Pradesh,2024-03-07,Verified,Teacher,3075199,High
CUST000108,Sunita,Reddy,1958-10-10,Female,9157473384,sunita.reddy108@example.com,Chennai,Tamil Nadu,2024-08-09,Verified,Student,1096258,Low
CUST000109,Kiara,Singh,1959-07-22,Other,9833016571,kiara.singh109@example.com,Hyderabad,Telangana,2015-01-31,Verified,Consultant,1504905,Low
CUST000110,Pooja,Mishra,1972-11-22,Female,9540193802,pooja.mishra110@example.com,Lucknow,Uttar Pradesh,2021-05-16,Pending,Student,484840,High
CUST000111,Aadhya,Mishra,1980-12-20,Male,9049915478,aadhya.mishra111@example.com,Bengaluru,Karnataka,2023-10-05,Verified,Student,4409642,Low
CUST000112,Ayaan,Mehta,1969-07-30,Other,9742054932,ayaan.mehta112@example.com,Pune,Maharashtra,2025-09-13,Pending,Teacher,3767834,Low
CUST000113,Aditya,Chopra,1963-07-23,Male,9275304637,aditya.chopra113@example.com,Chandigarh,Punjab,2017-12-27,Pending,Self Employed,275929,Low
CUST000114,Diya,Singh,1965-08-09,Female,9426841459,diya.singh114@example.com,Mumbai,Maharashtra,2016-12-14,Verified,Student,4191280,Low
CUST000115,Neha,Das,2004-04-10,Female,9833918785,neha.das115@example.com,Jaipur,Rajasthan,2013-10-01,Pending,Business,698064,Medium
CUST000116,Kiran,Jain,2003-02-23,Male,9258713971,kiran.jain116@example.com,Hyderabad,Telangana,2023-06-12,Verified,Salaried,3983665,Low
CUST000117,Avni,Yadav,1960-03-06,Other,9740640391,avni.yadav117@example.com,Ahmedabad,Gujarat,2013-01-06,Verified,Business,685460,High
CUST000118,Aditya,Mishra,1980-10-03,Female,9226567661,aditya.mishra118@example.com,Mumbai,Maharashtra,2024-02-04,Verified,Doctor,1175167,Low
CUST000119,Sara,Chopra,1966-06-04,Other,9300478686,sara.chopra119@example.com,Kochi,Kerala,2017-02-24,Verified,Doctor,1481252,Low
CUST000120,Pooja,Mehta,1992-08-11,Other,9033119079,pooja.mehta120@example.com,Mumbai,Maharashtra,2013-02-02,Verified,Salaried,3554446,Low
CUST000121,Sara,Patel,1967-07-28,Other,9439599534,sara.patel121@example.com,Mumbai,Maharashtra,2015-03-19,Rejected,Consultant,2034240,Low
CUST000122,Ishaan,Verma,1970-09-17,Other,9687056856,ishaan.verma122@example.com,Kochi,Kerala,2021-02-26,Verified,Teacher,1722488,Medium
CUST000123,Ira,Singh,1981-12-24,Other,9270866882,ira.singh123@example.com,Hyderabad,Telangana,2020-09-16,Verified,Retired,2950446,Low
CUST000124,Pooja,Yadav,1963-04-18,Other,9304699013,pooja.yadav124@example.com,Pune,Maharashtra,2025-03-06,Verified,Consultant,2000466,Low
CUST000125,Nitin,Nair,1956-05-17,Male,9317393638,nitin.nair125@example.com,Chennai,Tamil Nadu,2019-03-19,Verified,Teacher,4091192,Low
CUST000126,Diya,Joshi,1987-04-07,Other,9771753556,diya.joshi126@example.com,Chennai,Tamil Nadu,2013-01-09,Verified,Retired,1404088,Low
CUST000127,Sara,Bose,1968-09-03,Male,9536937854,sara.bose127@example.com,Chennai,Tamil Nadu,2022-12-16,Rejected,Engineer,4045713,Low
CUST000128,Sunita,Das,1967-07-23,Other,9872808010,sunita.das128@example.com,Bengaluru,Karnataka,2012-02-22,Verified,Retired,750156,Medium
CUST000129,Aarav,Patel,1995-11-29,Female,9099770088,aarav.patel129@example.com,Kochi,Kerala,2021-03-23,Verified,Consultant,2484692,Low
CUST000130,Shaurya,Sharma,1993-08-18,Male,9118233984,shaurya.sharma130@example.com,Kochi,Kerala,2019-12-13,Verified,Teacher,842861,Low
CUST000131,Aadhya,Yadav,1976-10-26,Other,9341016668,aadhya.yadav131@example.com,Ahmedabad,Gujarat,2022-09-04,Verified,Salaried,1617669,Low
CUST000132,Nitin,Bose,1984-09-20,Other,9180339740,nitin.bose132@example.com,Chandigarh,Punjab,2013-09-01,Verified,Self Employed,456000,Low
CUST000133,Nitin,Nair,1973-08-02,Other,9261429396,nitin.nair133@example.com,Mumbai,Maharashtra,2024-02-15,Verified,Student,837899,Low
CUST000134,Diya,Verma,1994-03-19,Male,9159996504,diya.verma134@example.com,Delhi,Delhi,2022-02-07,Verified,Doctor,3329309,Low
CUST000135,Rohit,Chopra,1981-07-01,Male,9114262655,rohit.chopra135@example.com,Delhi,Delhi,2014-05-22,Verified,Self Employed,3910714,Low
CUST000136,Ishaan,Mehta,1962-10-31,Male,9678886101,ishaan.mehta136@example.com,Bengaluru,Karnataka,2019-12-09,Verified,Freelancer,2901518,Medium
CUST000137,Aarav,Joshi,1989-10-16,Male,9839826224,aarav.joshi137@example.com,Jaipur,Rajasthan,2018-10-02,Verified,Student,710723,Low
CUST000138,Ishaan,Bose,1998-06-11,Male,9543799371,ishaan.bose138@example.com,Chennai,Tamil Nadu,2015-01-14,Verified,Teacher,2966839,Medium
CUST000139,Aadhya,Nair,1985-01-11,Female,9924593752,aadhya.nair139@example.com,Lucknow,Uttar Pradesh,2020-12-06,Rejected,Self Employed,4298867,High
CUST000140,Sunita,Singh,1988-09-26,Female,9651939828,sunita.singh140@example.com,Pune,Maharashtra,2012-08-08,Pending,Engineer,1938658,Low
CUST000141,Shaurya,Gupta,1999-10-18,Male,9434266179,shaurya.gupta141@example.com,Jaipur,Rajasthan,2022-09-30,Verified,Consultant,4429774,Medium
CUST000142,Nitin,Bose,1958-04-19,Female,9891135290,nitin.bose142@example.com,Kochi,Kerala,2024-08-18,Rejected,Teacher,2961634,High
CUST000143,Avni,Mehta,1963-11-06,Female,9388899375,avni.mehta143@example.com,Mumbai,Maharashtra,2020-10-09,Verified,Freelancer,4378211,Low
CUST000144,Aarav,Mishra,1981-07-03,Female,9112545738,aarav.mishra144@example.com,Delhi,Delhi,2022-10-31,Verified,Business,3855602,Medium
CUST000145,Myra,Nair,1981-12-09,Male,9105123828,myra.nair145@example.com,Delhi,Delhi,2015-08-04,Verified,Teacher,4055991,Low
CUST000146,Aadhya,Iyer,1993-10-08,Female,9093796603,aadhya.iyer146@example.com,Bengaluru,Karnataka,2016-08-12,Verified,Business,1033558,Medium
CUST000147,Sara,Iyer,1984-03-30,Male,9714785969,sara.iyer147@example.com,Pune,Maharashtra,2020-10-20,Verified,Doctor,3132663,Medium
CUST000148,Meera,Iyer,1981-09-07,Other,9912513412,meera.iyer148@example.com,Chandigarh,Punjab,2020-05-16,Verified,Consultant,3438666,Low
CUST000149,Sai,Chopra,1971-08-31,Female,9828274225,sai.chopra149@example.com,Jaipur,Rajasthan,2022-02-11,Verified,Doctor,260391,Low
CUST000150,Ayaan,Chopra,2000-05-06,Other,9767677219,ayaan.chopra150@example.com,Kochi,Kerala,2012-09-09,Verified,Retired,2630227,Low
CUST000151,Krishna,Rao,1970-02-02,Female,9978819148,krishna.rao151@example.com,Chennai,Tamil Nadu,2020-03-24,Verified,Salaried,3882451,Low
CUST000152,Avni,Mehta,1977-03-17,Female,9074517133,avni.mehta152@example.com,Bhopal,Madhya Pradesh,2025-03-09,Verified,Freelancer,3771725,Low
CUST000153,Sai,Patel,1960-04-29,Other,9584982544,sai.patel153@example.com,Hyderabad,Telangana,2024-11-04,Verified,Consultant,978806,Low
CUST000154,Priya,Bose,1979-11-18,Other,9223253672,priya.bose154@example.com,Mumbai,Maharashtra,2024-12-13,Verified,Teacher,3327173,Low
CUST000155,Rahul,Gupta,2001-04-04,Other,9457759017,rahul.gupta155@example.com,Jaipur,Rajasthan,2026-03-28,Verified,Doctor,711256,Medium
CUST000156,Aadhya,Patel,1974-01-02,Female,9454589297,aadhya.patel156@example.com,Jaipur,Rajasthan,2019-09-16,Pending,Salaried,565397,Low
CUST000157,Sunita,Yadav,1966-02-23,Male,9770632424,sunita.yadav157@example.com,Mumbai,Maharashtra,2014-02-03,Verified,Self Employed,871393,Low
CUST000158,Kiran,Iyer,1990-07-23,Other,9436110371,kiran.iyer158@example.com,Mumbai,Maharashtra,2014-12-23,Verified,Consultant,3913491,Low
CUST000159,Amit,Nair,1992-11-20,Other,9271361115,amit.nair159@example.com,Delhi,Delhi,2020-03-30,Pending,Student,3390496,Medium
CUST000160,Priya,Reddy,1967-10-26,Male,9890927532,priya.reddy160@example.com,Chandigarh,Punjab,2021-03-26,Verified,Engineer,2002380,Low
CUST000161,Arjun,Reddy,1989-06-14,Female,9652341389,arjun.reddy161@example.com,Delhi,Delhi,2025-06-16,Verified,Self Employed,405019,Medium
CUST000162,Rohit,Joshi,2001-06-13,Other,9836403761,rohit.joshi162@example.com,Hyderabad,Telangana,2017-05-28,Verified,Freelancer,775691,Low
CUST000163,Aarav,Das,1966-11-03,Female,9965827109,aarav.das163@example.com,Pune,Maharashtra,2013-07-07,Verified,Retired,514091,Medium
CUST000164,Sunita,Chopra,1980-09-13,Other,9866618892,sunita.chopra164@example.com,Kochi,Kerala,2018-03-23,Verified,Business,4469134,Medium
CUST000165,Sunita,Reddy,1984-04-24,Female,9914630316,sunita.reddy165@example.com,Kochi,Kerala,2014-08-08,Verified,Freelancer,641613,Low
CUST000166,Neha,Iyer,1956-02-20,Other,9202758842,neha.iyer166@example.com,Delhi,Delhi,2020-05-04,Verified,Self Employed,1170331,Medium
CUST000167,Aarav,Nair,1979-05-27,Other,9149177850,aarav.nair167@example.com,Jaipur,Rajasthan,2023-03-16,Pending,Student,3264388,Low
CUST000168,Priya,Mehta,1965-05-07,Male,9800030756,priya.mehta168@example.com,Ahmedabad,Gujarat,2015-05-14,Verified,Salaried,3697924,Low
CUST000169,Krishna,Bose,1983-09-14,Female,9195180238,krishna.bose169@example.com,Bhopal,Madhya Pradesh,2013-01-11,Pending,Business,4081492,Medium
CUST000170,Priya,Joshi,1962-10-01,Other,9705349493,priya.joshi170@example.com,Pune,Maharashtra,2022-05-28,Verified,Engineer,1819322,Medium
CUST000171,Sara,Singh,1955-07-28,Female,9038505064,sara.singh171@example.com,Bengaluru,Karnataka,2014-05-01,Verified,Retired,3701670,Low
CUST000172,Vivaan,Reddy,1980-02-08,Male,9038657191,vivaan.reddy172@example.com,Bhopal,Madhya Pradesh,2023-05-03,Verified,Teacher,807723,Low
CUST000173,Vivaan,Bose,1966-09-23,Male,9445655743,vivaan.bose173@example.com,Chandigarh,Punjab,2013-09-03,Pending,Student,1094130,Low
CUST000174,Reyansh,Yadav,1983-03-05,Female,9185374741,reyansh.yadav174@example.com,Lucknow,Uttar Pradesh,2014-01-10,Verified,Self Employed,518310,Low
CUST000175,Nitin,Nair,1963-03-08,Other,9356804420,nitin.nair175@example.com,Bengaluru,Karnataka,2021-01-25,Pending,Consultant,2275915,Low
CUST000176,Arjun,Reddy,1956-01-27,Male,9323651994,arjun.reddy176@example.com,Delhi,Delhi,2013-09-06,Verified,Business,1838850,Medium
CUST000177,Myra,Reddy,1984-09-29,Male,9070296670,myra.reddy177@example.com,Delhi,Delhi,2020-08-01,Verified,Student,3149091,Low
CUST000178,Reyansh,Kumar,1995-01-05,Male,9099934768,reyansh.kumar178@example.com,Chennai,Tamil Nadu,2022-09-29,Verified,Self Employed,3392965,Low
CUST000179,Ayaan,Jain,2003-10-10,Male,9657875985,ayaan.jain179@example.com,Hyderabad,Telangana,2020-09-16,Verified,Salaried,2854938,Low
CUST000180,Aarav,Kumar,1997-04-26,Other,9593213348,aarav.kumar180@example.com,Mumbai,Maharashtra,2013-04-03,Verified,Retired,3438324,Low
CUST000181,Vikas,Iyer,1976-03-22,Other,9559059929,vikas.iyer181@example.com,Bengaluru,Karnataka,2016-03-22,Verified,Engineer,2772525,Low
CUST000182,Vivaan,Gupta,1975-11-14,Other,9308705932,vivaan.gupta182@example.com,Mumbai,Maharashtra,2019-08-23,Verified,Doctor,679591,Low
CUST000183,Kiara,Reddy,2002-03-20,Female,9156915452,kiara.reddy183@example.com,Delhi,Delhi,2015-07-14,Verified,Teacher,4266929,Low
CUST000184,Reyansh,Rao,1987-01-05,Male,9926442209,reyansh.rao184@example.com,Bhopal,Madhya Pradesh,2020-10-12,Pending,Freelancer,451646,Low
CUST000185,Ananya,Singh,2005-09-26,Male,9725135521,ananya.singh185@example.com,Chandigarh,Punjab,2019-07-13,Verified,Self Employed,1938959,Low
CUST000186,Aditya,Das,1964-09-10,Other,9006762676,aditya.das186@example.com,Chennai,Tamil Nadu,2019-11-17,Verified,Business,4202247,Medium
CUST000187,Kiara,Singh,1995-06-27,Male,9040541152,kiara.singh187@example.com,Bengaluru,Karnataka,2020-06-02,Verified,Business,961018,Low
CUST000188,Meera,Mishra,1957-10-12,Female,9296201533,meera.mishra188@example.com,Bhopal,Madhya Pradesh,2021-03-06,Verified,Consultant,2405202,Medium
CUST000189,Shaurya,Singh,1959-06-15,Female,9987205061,shaurya.singh189@example.com,Delhi,Delhi,2018-08-09,Verified,Freelancer,4209286,Low
CUST000190,Aarav,Patel,1981-03-07,Male,9714677418,aarav.patel190@example.com,Bengaluru,Karnataka,2020-09-09,Verified,Teacher,3278765,Low
CUST000191,Vivaan,Kumar,1996-09-21,Female,9349021158,vivaan.kumar191@example.com,Lucknow,Uttar Pradesh,2021-04-14,Rejected,Freelancer,2088515,Low
CUST000192,Vikas,Chopra,1992-07-22,Other,9793741608,vikas.chopra192@example.com,Kochi,Kerala,2024-10-23,Pending,Freelancer,1416880,Low
CUST000193,Priya,Yadav,1969-12-30,Male,9320616329,priya.yadav193@example.com,Bengaluru,Karnataka,2017-10-13,Verified,Business,910039,Low
CUST000194,Aadhya,Rao,1979-10-12,Other,9709986162,aadhya.rao194@example.com,Pune,Maharashtra,2015-04-29,Verified,Freelancer,1020572,Medium
CUST000195,Kiara,Mehta,2003-01-20,Female,9646799702,kiara.mehta195@example.com,Chennai,Tamil Nadu,2018-03-06,Verified,Freelancer,3549870,Low
CUST000196,Kiran,Nair,1976-04-24,Male,9745054447,kiran.nair196@example.com,Bhopal,Madhya Pradesh,2014-03-15,Rejected,Retired,1307307,Low
CUST000197,Neha,Yadav,1979-03-04,Other,9691373678,neha.yadav197@example.com,Pune,Maharashtra,2020-05-21,Verified,Consultant,1513557,Low
CUST000198,Amit,Jain,1967-03-03,Other,9902330307,amit.jain198@example.com,Jaipur,Rajasthan,2013-02-18,Pending,Retired,2478289,Low
CUST000199,Myra,Jain,1966-02-11,Other,9035797279,myra.jain199@example.com,Jaipur,Rajasthan,2024-05-13,Verified,Student,2349796,Medium
CUST000200,Amit,Gupta,1957-06-18,Female,9029333346,amit.gupta200@example.com,Chennai,Tamil Nadu,2023-07-06,Verified,Salaried,4157015,Medium
CUST000201,Rahul,Iyer,1955-10-05,Male,9494466574,rahul.iyer201@example.com,Ahmedabad,Gujarat,2016-11-22,Verified,Consultant,3511556,Low
CUST000202,Aarav,Jain,1988-07-28,Other,9994417154,aarav.jain202@example.com,Chandigarh,Punjab,2019-04-17,Pending,Self Employed,2686441,Low
CUST000203,Anika,Singh,1991-04-03,Other,9520744666,anika.singh203@example.com,Mumbai,Maharashtra,2012-10-16,Verified,Freelancer,1773123,Low
CUST000204,Amit,Singh,2002-12-18,Other,9758428241,amit.singh204@example.com,Chandigarh,Punjab,2022-07-23,Verified,Self Employed,1715688,High
CUST000205,Kiran,Nair,1963-01-05,Male,9534655494,kiran.nair205@example.com,Chandigarh,Punjab,2022-05-27,Pending,Engineer,630274,Medium
CUST000206,Kiara,Gupta,1972-06-14,Other,9168460223,kiara.gupta206@example.com,Lucknow,Uttar Pradesh,2019-09-08,Verified,Freelancer,4018387,Low
CUST000207,Nitin,Iyer,1998-09-29,Female,9250074329,nitin.iyer207@example.com,Delhi,Delhi,2015-07-21,Verified,Business,1265535,Low
CUST000208,Rahul,Bose,1993-06-28,Female,9600835058,rahul.bose208@example.com,Jaipur,Rajasthan,2016-04-10,Verified,Salaried,2267279,Low
CUST000209,Kiran,Das,1966-07-26,Male,9689421044,kiran.das209@example.com,Chennai,Tamil Nadu,2022-03-23,Verified,Freelancer,3013966,Low
CUST000210,Rohit,Reddy,1998-12-23,Female,9326033230,rohit.reddy210@example.com,Pune,Maharashtra,2025-03-23,Verified,Business,3255191,Medium
CUST000211,Sunita,Verma,1977-12-12,Other,9909010016,sunita.verma211@example.com,Jaipur,Rajasthan,2021-12-18,Verified,Consultant,2300122,Low
CUST000212,Sai,Patel,1955-11-01,Female,9618499261,sai.patel212@example.com,Bhopal,Madhya Pradesh,2023-06-22,Verified,Business,2551516,Low
CUST000213,Arjun,Mishra,1972-12-02,Female,9835642087,arjun.mishra213@example.com,Hyderabad,Telangana,2016-08-28,Verified,Engineer,2953304,Low
CUST000214,Aarav,Gupta,1999-04-30,Male,9181143744,aarav.gupta214@example.com,Delhi,Delhi,2022-05-31,Verified,Student,510884,Medium
CUST000215,Diya,Nair,1965-05-25,Male,9002255794,diya.nair215@example.com,Jaipur,Rajasthan,2014-01-31,Verified,Doctor,1714019,Low
CUST000216,Aadhya,Yadav,1989-08-09,Other,9762120216,aadhya.yadav216@example.com,Chennai,Tamil Nadu,2025-04-01,Verified,Freelancer,3855576,Low
CUST000217,Aadhya,Das,1957-08-02,Other,9277167014,aadhya.das217@example.com,Ahmedabad,Gujarat,2019-01-18,Verified,Consultant,2058921,High
CUST000218,Rohit,Nair,2001-12-06,Other,9916375628,rohit.nair218@example.com,Kochi,Kerala,2025-09-29,Verified,Student,4421008,Medium
CUST000219,Nitin,Mishra,1961-09-19,Female,9535408386,nitin.mishra219@example.com,Bengaluru,Karnataka,2021-01-16,Verified,Business,4031164,Low
CUST000220,Kiara,Yadav,1999-09-20,Female,9517016608,kiara.yadav220@example.com,Delhi,Delhi,2024-04-25,Verified,Business,2735152,Medium
CUST000221,Sara,Patel,1995-12-06,Female,9503758997,sara.patel221@example.com,Chandigarh,Punjab,2020-02-24,Verified,Business,997360,Medium
CUST000222,Krishna,Sharma,1986-11-11,Other,9488510272,krishna.sharma222@example.com,Pune,Maharashtra,2021-03-06,Verified,Freelancer,1823508,Low
CUST000223,Pooja,Chopra,1996-01-02,Male,9516091779,pooja.chopra223@example.com,Hyderabad,Telangana,2023-04-23,Verified,Engineer,216386,Low
CUST000224,Vivaan,Rao,1998-04-29,Other,9292216995,vivaan.rao224@example.com,Jaipur,Rajasthan,2023-04-22,Pending,Teacher,2262377,Low
CUST000225,Ananya,Joshi,1966-12-19,Male,9698485833,ananya.joshi225@example.com,Lucknow,Uttar Pradesh,2016-09-13,Verified,Self Employed,3076532,Medium
CUST000226,Sai,Iyer,2003-09-02,Other,9515879968,sai.iyer226@example.com,Kochi,Kerala,2018-05-31,Pending,Teacher,287126,Low
CUST000227,Aarav,Chopra,1959-10-05,Other,9034244204,aarav.chopra227@example.com,Bengaluru,Karnataka,2016-07-29,Verified,Salaried,3188846,Medium
CUST000228,Arjun,Rao,2005-05-09,Female,9384066658,arjun.rao228@example.com,Hyderabad,Telangana,2013-03-16,Verified,Self Employed,1883619,Low
CUST000229,Priya,Yadav,1987-12-29,Other,9893347212,priya.yadav229@example.com,Hyderabad,Telangana,2015-11-24,Verified,Business,3344168,Low
CUST000230,Ishaan,Rao,1966-09-02,Male,9940572025,ishaan.rao230@example.com,Chennai,Tamil Nadu,2025-05-21,Verified,Freelancer,2706269,Low
CUST000231,Kiara,Rao,1961-07-16,Other,9583281826,kiara.rao231@example.com,Pune,Maharashtra,2024-03-06,Verified,Business,3111004,Low
CUST000232,Ayaan,Nair,1987-05-15,Female,9398780157,ayaan.nair232@example.com,Pune,Maharashtra,2017-05-22,Pending,Freelancer,2225370,High
CUST000233,Rohit,Nair,1965-03-04,Female,9484085887,rohit.nair233@example.com,Jaipur,Rajasthan,2022-12-01,Verified,Retired,2866978,Low
CUST000234,Arjun,Iyer,2002-11-02,Male,9133613861,arjun.iyer234@example.com,Kochi,Kerala,2015-06-13,Verified,Doctor,497813,Low
CUST000235,Vivaan,Iyer,2005-01-25,Male,9934667665,vivaan.iyer235@example.com,Chennai,Tamil Nadu,2012-05-18,Verified,Business,229483,Low
CUST000236,Meera,Gupta,1959-01-31,Other,9158144914,meera.gupta236@example.com,Bhopal,Madhya Pradesh,2021-10-25,Verified,Salaried,4156096,Low
CUST000237,Krishna,Reddy,1990-01-29,Other,9424508821,krishna.reddy237@example.com,Bhopal,Madhya Pradesh,2012-12-08,Verified,Freelancer,3485796,Low
CUST000238,Aditya,Joshi,1985-11-06,Male,9682223943,aditya.joshi238@example.com,Hyderabad,Telangana,2014-07-27,Verified,Freelancer,636242,Medium
CUST000239,Pooja,Rao,2004-04-24,Male,9414139755,pooja.rao239@example.com,Lucknow,Uttar Pradesh,2014-11-16,Verified,Retired,1019238,Low
CUST000240,Aditya,Patel,1998-08-03,Female,9594929955,aditya.patel240@example.com,Pune,Maharashtra,2021-08-09,Verified,Doctor,2245066,Medium
CUST000241,Amit,Bose,1987-04-02,Male,9577754781,amit.bose241@example.com,Chennai,Tamil Nadu,2015-12-10,Verified,Business,2533977,Medium
CUST000242,Sai,Rao,1978-08-13,Other,9110809969,sai.rao242@example.com,Hyderabad,Telangana,2016-10-08,Pending,Consultant,2366208,Low
CUST000243,Sara,Mishra,1968-05-02,Female,9639427881,sara.mishra243@example.com,Chandigarh,Punjab,2020-11-24,Verified,Salaried,2183877,Medium
CUST000244,Sunita,Iyer,1967-08-05,Female,9229927503,sunita.iyer244@example.com,Kochi,Kerala,2022-12-08,Verified,Self Employed,3279046,Low
CUST000245,Rohit,Patel,1987-05-30,Female,9770051844,rohit.patel245@example.com,Kochi,Kerala,2024-12-23,Verified,Student,3339649,Medium
CUST000246,Diya,Gupta,1977-07-27,Female,9386557790,diya.gupta246@example.com,Kochi,Kerala,2023-04-04,Pending,Engineer,1569202,Low
CUST000247,Anika,Kumar,1968-06-24,Male,9259136517,anika.kumar247@example.com,Hyderabad,Telangana,2022-09-27,Verified,Freelancer,1532631,Low
CUST000248,Avni,Sharma,1958-11-14,Male,9992280920,avni.sharma248@example.com,Hyderabad,Telangana,2015-09-24,Verified,Student,3581214,Low
CUST000249,Kiara,Sharma,1980-06-06,Male,9379772369,kiara.sharma249@example.com,Bhopal,Madhya Pradesh,2015-03-15,Verified,Student,4464942,Low
CUST000250,Neha,Nair,1961-03-05,Male,9662103886,neha.nair250@example.com,Lucknow,Uttar Pradesh,2015-05-10,Verified,Student,4171880,Medium
CUST000251,Meera,Verma,2000-02-27,Male,9172980686,meera.verma251@example.com,Kochi,Kerala,2020-04-22,Pending,Consultant,3778345,Low
CUST000252,Sunita,Mishra,1986-06-12,Other,9916247314,sunita.mishra252@example.com,Jaipur,Rajasthan,2025-06-02,Pending,Teacher,2342624,Low
CUST000253,Amit,Sharma,2001-11-17,Male,9806356512,amit.sharma253@example.com,Ahmedabad,Gujarat,2021-07-22,Verified,Self Employed,2371967,Medium
CUST000254,Avni,Das,1979-09-21,Other,9636887258,avni.das254@example.com,Ahmedabad,Gujarat,2024-06-11,Verified,Self Employed,3068670,Medium
CUST000255,Aadhya,Reddy,1965-09-07,Other,9372138658,aadhya.reddy255@example.com,Chandigarh,Punjab,2025-10-09,Verified,Salaried,1528368,Low
CUST000256,Rahul,Sharma,1968-01-15,Female,9961143519,rahul.sharma256@example.com,Delhi,Delhi,2012-11-05,Verified,Teacher,2583078,Medium
CUST000257,Meera,Verma,1999-05-09,Female,9038430988,meera.verma257@example.com,Bengaluru,Karnataka,2017-03-12,Verified,Salaried,3197717,Low
CUST000258,Aarav,Iyer,1979-10-03,Female,9566938011,aarav.iyer258@example.com,Delhi,Delhi,2024-04-29,Verified,Consultant,3100034,Low
CUST000259,Vikas,Kumar,1972-06-14,Female,9690426818,vikas.kumar259@example.com,Hyderabad,Telangana,2013-08-15,Verified,Doctor,1161542,Medium
CUST000260,Ishaan,Rao,1977-06-10,Other,9769735779,ishaan.rao260@example.com,Ahmedabad,Gujarat,2012-08-12,Verified,Self Employed,746686,Low
CUST000261,Sunita,Singh,1975-08-18,Female,9658804341,sunita.singh261@example.com,Chandigarh,Punjab,2020-12-12,Verified,Doctor,817775,Low
CUST000262,Reyansh,Mishra,1986-09-19,Male,9942373334,reyansh.mishra262@example.com,Pune,Maharashtra,2016-08-20,Verified,Retired,3166574,Low
CUST000263,Arjun,Mehta,1999-03-14,Other,9080759579,arjun.mehta263@example.com,Delhi,Delhi,2018-02-28,Verified,Consultant,2531046,Low
CUST000264,Priya,Reddy,2002-03-02,Female,9780856271,priya.reddy264@example.com,Mumbai,Maharashtra,2023-08-16,Verified,Salaried,279153,Medium
CUST000265,Aadhya,Mehta,1987-06-10,Other,9428434795,aadhya.mehta265@example.com,Pune,Maharashtra,2020-03-16,Verified,Teacher,1946074,Low
CUST000266,Priya,Das,1990-12-09,Female,9729293143,priya.das266@example.com,Pune,Maharashtra,2024-06-15,Verified,Teacher,1824697,Low
CUST000267,Neha,Reddy,1955-11-16,Male,9672885744,neha.reddy267@example.com,Lucknow,Uttar Pradesh,2024-08-10,Pending,Salaried,3522037,Low
CUST000268,Reyansh,Verma,1977-10-24,Female,9175455884,reyansh.verma268@example.com,Hyderabad,Telangana,2019-09-20,Verified,Business,3125160,Medium
CUST000269,Meera,Patel,2003-04-22,Male,9455877169,meera.patel269@example.com,Ahmedabad,Gujarat,2018-06-05,Verified,Student,1585725,Low
CUST000270,Pooja,Nair,1991-04-25,Male,9125355449,pooja.nair270@example.com,Jaipur,Rajasthan,2020-11-13,Verified,Engineer,3226447,Medium
CUST000271,Anika,Yadav,1970-01-04,Male,9023413261,anika.yadav271@example.com,Jaipur,Rajasthan,2014-02-21,Verified,Engineer,631520,Low
CUST000272,Aadhya,Jain,1964-04-28,Female,9921643347,aadhya.jain272@example.com,Delhi,Delhi,2026-01-19,Verified,Consultant,1611163,Low
CUST000273,Rohit,Das,1997-09-19,Female,9848728299,rohit.das273@example.com,Pune,Maharashtra,2022-03-29,Verified,Freelancer,3828854,Low
CUST000274,Rahul,Rao,1986-02-23,Female,9831745642,rahul.rao274@example.com,Chennai,Tamil Nadu,2018-10-22,Verified,Consultant,1323371,Low
CUST000275,Ira,Rao,1999-02-18,Female,9406493085,ira.rao275@example.com,Mumbai,Maharashtra,2016-03-24,Verified,Consultant,3846713,Low
CUST000276,Reyansh,Chopra,1974-10-16,Female,9163894484,reyansh.chopra276@example.com,Jaipur,Rajasthan,2021-04-05,Verified,Business,1710142,Low
CUST000277,Arjun,Yadav,1995-08-15,Female,9973502080,arjun.yadav277@example.com,Ahmedabad,Gujarat,2016-03-03,Rejected,Self Employed,2438172,Low
CUST000278,Myra,Sharma,1963-02-03,Male,9073564757,myra.sharma278@example.com,Hyderabad,Telangana,2012-09-16,Verified,Student,650083,Low
CUST000279,Aadhya,Gupta,1997-03-06,Male,9346013673,aadhya.gupta279@example.com,Kochi,Kerala,2012-10-01,Verified,Business,1928581,Low
CUST000280,Rohit,Joshi,1969-03-25,Other,9088147435,rohit.joshi280@example.com,Pune,Maharashtra,2013-03-02,Pending,Retired,1127312,Low
CUST000281,Avni,Nair,1970-01-06,Female,9916300979,avni.nair281@example.com,Mumbai,Maharashtra,2015-06-23,Verified,Business,2266433,Low
CUST000282,Aditya,Nair,1960-05-21,Male,9528127358,aditya.nair282@example.com,Chandigarh,Punjab,2019-10-16,Verified,Engineer,1798710,Low
CUST000283,Aadhya,Das,1967-02-01,Female,9077848739,aadhya.das283@example.com,Bhopal,Madhya Pradesh,2016-03-08,Verified,Doctor,4109179,Low
CUST000284,Vikas,Rao,1961-03-06,Other,9274485708,vikas.rao284@example.com,Bengaluru,Karnataka,2020-07-02,Verified,Salaried,3234084,Medium
CUST000285,Krishna,Nair,1960-09-06,Other,9863878294,krishna.nair285@example.com,Bhopal,Madhya Pradesh,2019-03-27,Verified,Doctor,1106640,Low
CUST000286,Rohit,Gupta,1966-08-23,Male,9031731096,rohit.gupta286@example.com,Mumbai,Maharashtra,2022-12-27,Verified,Freelancer,2326968,Low
CUST000287,Krishna,Gupta,1973-09-22,Other,9717058650,krishna.gupta287@example.com,Mumbai,Maharashtra,2025-11-01,Verified,Salaried,770458,Medium
CUST000288,Aditya,Patel,1963-09-18,Male,9386338392,aditya.patel288@example.com,Kochi,Kerala,2024-07-10,Verified,Teacher,1065117,Medium
CUST000289,Kiara,Das,1996-02-26,Other,9612286852,kiara.das289@example.com,Chandigarh,Punjab,2023-12-22,Rejected,Engineer,3135508,Medium
CUST000290,Sara,Nair,1991-12-29,Other,9659398368,sara.nair290@example.com,Pune,Maharashtra,2017-09-12,Verified,Engineer,3933900,High
CUST000291,Aarav,Verma,1956-06-18,Other,9240433504,aarav.verma291@example.com,Chennai,Tamil Nadu,2024-06-01,Verified,Freelancer,1477841,Low
CUST000292,Myra,Das,1967-06-02,Female,9593344196,myra.das292@example.com,Bengaluru,Karnataka,2024-10-05,Pending,Business,2903714,Medium
CUST000293,Reyansh,Mishra,1963-07-22,Other,9409610556,reyansh.mishra293@example.com,Bhopal,Madhya Pradesh,2021-05-05,Pending,Business,2081845,Medium
CUST000294,Nitin,Sharma,1989-04-25,Male,9480589258,nitin.sharma294@example.com,Chandigarh,Punjab,2016-12-13,Verified,Teacher,3918099,Medium
CUST000295,Kiara,Jain,1974-12-04,Female,9462251790,kiara.jain295@example.com,Delhi,Delhi,2024-04-17,Verified,Business,3523087,Low
CUST000296,Priya,Reddy,1998-02-22,Other,9376938983,priya.reddy296@example.com,Bengaluru,Karnataka,2017-06-08,Verified,Teacher,2892973,Medium
CUST000297,Kiara,Gupta,1992-02-08,Female,9553559042,kiara.gupta297@example.com,Delhi,Delhi,2019-11-04,Verified,Engineer,1403214,Low
CUST000298,Pooja,Singh,1988-07-15,Male,9110392405,pooja.singh298@example.com,Hyderabad,Telangana,2014-06-30,Verified,Engineer,370825,Low
CUST000299,Neha,Rao,1973-04-14,Other,9848792069,neha.rao299@example.com,Hyderabad,Telangana,2023-10-25,Verified,Student,684239,Low
CUST000300,Sunita,Kumar,1996-09-17,Other,9016451046,sunita.kumar300@example.com,Mumbai,Maharashtra,2017-03-08,Rejected,Consultant,1015536,Medium
CUST000301,Ira,Rao,1971-09-22,Male,9878003845,ira.rao301@example.com,Delhi,Delhi,2022-12-27,Verified,Student,334117,Low
CUST000302,Diya,Das,1982-02-14,Male,9840460843,diya.das302@example.com,Chandigarh,Punjab,2015-05-27,Verified,Teacher,1331426,Low
CUST000303,Aadhya,Jain,1975-05-28,Female,9392649578,aadhya.jain303@example.com,Chandigarh,Punjab,2014-12-15,Verified,Student,1877101,Medium
CUST000304,Shaurya,Jain,1993-08-01,Male,9925188125,shaurya.jain304@example.com,Bengaluru,Karnataka,2015-04-07,Verified,Doctor,3653220,High
CUST000305,Shaurya,Yadav,1979-07-25,Male,9312209949,shaurya.yadav305@example.com,Bhopal,Madhya Pradesh,2024-09-19,Verified,Freelancer,2127688,Low
CUST000306,Aarav,Das,1997-10-04,Male,9897526772,aarav.das306@example.com,Delhi,Delhi,2015-09-03,Verified,Salaried,3607494,Medium
CUST000307,Aarav,Kumar,1974-12-19,Other,9331279757,aarav.kumar307@example.com,Jaipur,Rajasthan,2017-07-14,Verified,Salaried,3370809,Medium
CUST000308,Aadhya,Rao,1958-06-15,Other,9177038860,aadhya.rao308@example.com,Kochi,Kerala,2024-07-04,Verified,Salaried,1772580,Low
CUST000309,Aadhya,Joshi,1996-05-22,Male,9649082771,aadhya.joshi309@example.com,Chennai,Tamil Nadu,2023-03-25,Verified,Freelancer,1315034,Low
CUST000310,Ananya,Yadav,1971-01-18,Female,9937145211,ananya.yadav310@example.com,Mumbai,Maharashtra,2014-07-24,Verified,Doctor,895603,Low
CUST000311,Aadhya,Jain,1969-05-06,Female,9860259222,aadhya.jain311@example.com,Ahmedabad,Gujarat,2016-01-05,Verified,Salaried,3699706,Low
CUST000312,Neha,Yadav,1971-03-19,Male,9230940777,neha.yadav312@example.com,Chennai,Tamil Nadu,2024-03-10,Verified,Freelancer,4319499,Low
CUST000313,Kiara,Mishra,1991-10-18,Female,9199038498,kiara.mishra313@example.com,Lucknow,Uttar Pradesh,2016-08-27,Verified,Student,641909,Medium
CUST000314,Vivaan,Reddy,1981-10-10,Female,9101622499,vivaan.reddy314@example.com,Mumbai,Maharashtra,2024-11-01,Verified,Student,3999650,Medium
CUST000315,Diya,Verma,1981-11-07,Female,9561681472,diya.verma315@example.com,Delhi,Delhi,2014-09-26,Verified,Self Employed,2941601,Low
CUST000316,Anika,Patel,1973-10-03,Other,9019817946,anika.patel316@example.com,Bhopal,Madhya Pradesh,2025-08-27,Pending,Self Employed,3148336,Medium
CUST000317,Meera,Mishra,1999-08-27,Female,9293430107,meera.mishra317@example.com,Kochi,Kerala,2026-01-10,Verified,Retired,3658186,Low
CUST000318,Ananya,Das,1974-01-18,Male,9344144885,ananya.das318@example.com,Kochi,Kerala,2012-02-20,Verified,Doctor,3043548,Low
CUST000319,Kiara,Sharma,1972-05-28,Female,9577027278,kiara.sharma319@example.com,Bengaluru,Karnataka,2019-07-08,Verified,Teacher,649948,Medium
CUST000320,Shaurya,Nair,2003-01-28,Male,9395512405,shaurya.nair320@example.com,Kochi,Kerala,2020-05-31,Verified,Student,3447918,Low
CUST000321,Arjun,Joshi,1983-03-20,Other,9046173574,arjun.joshi321@example.com,Bhopal,Madhya Pradesh,2016-11-05,Verified,Student,1121464,Low
CUST000322,Vivaan,Patel,1994-10-24,Other,9078235784,vivaan.patel322@example.com,Delhi,Delhi,2019-05-05,Verified,Business,1293312,Low
CUST000323,Vivaan,Yadav,2001-11-11,Male,9040915701,vivaan.yadav323@example.com,Jaipur,Rajasthan,2023-09-04,Verified,Self Employed,368578,Low
CUST000324,Shaurya,Patel,1972-12-28,Male,9448571422,shaurya.patel324@example.com,Pune,Maharashtra,2018-02-19,Verified,Freelancer,4492253,Low
CUST000325,Sara,Das,1983-07-29,Female,9249321495,sara.das325@example.com,Kochi,Kerala,2024-02-15,Verified,Student,423208,Low
CUST000326,Rohit,Verma,1989-05-31,Male,9166299795,rohit.verma326@example.com,Delhi,Delhi,2019-01-03,Verified,Retired,838888,High
CUST000327,Priya,Yadav,1966-10-28,Male,9717477332,priya.yadav327@example.com,Ahmedabad,Gujarat,2025-11-01,Verified,Doctor,3468979,Low
CUST000328,Pooja,Nair,1995-09-01,Female,9017157724,pooja.nair328@example.com,Pune,Maharashtra,2019-10-26,Verified,Student,4440990,Low
CUST000329,Vikas,Mehta,2004-11-22,Other,9148769639,vikas.mehta329@example.com,Pune,Maharashtra,2017-06-19,Verified,Engineer,3399685,Low
CUST000330,Ayaan,Bose,2005-11-20,Female,9832197199,ayaan.bose330@example.com,Jaipur,Rajasthan,2022-05-20,Verified,Business,3914744,Low
CUST000331,Aadhya,Gupta,1964-10-03,Other,9965701329,aadhya.gupta331@example.com,Ahmedabad,Gujarat,2026-04-08,Verified,Student,1431718,Low
CUST000332,Shaurya,Chopra,1995-02-12,Male,9354946519,shaurya.chopra332@example.com,Ahmedabad,Gujarat,2012-03-07,Verified,Consultant,3570653,Medium
CUST000333,Nitin,Joshi,1988-02-15,Other,9008514036,nitin.joshi333@example.com,Mumbai,Maharashtra,2025-03-27,Verified,Doctor,3391072,Low
CUST000334,Avni,Rao,1970-07-23,Female,9238656242,avni.rao334@example.com,Hyderabad,Telangana,2015-01-05,Verified,Salaried,1387925,Medium
CUST000335,Ira,Bose,1962-08-06,Male,9679692786,ira.bose335@example.com,Bengaluru,Karnataka,2024-05-19,Verified,Teacher,3160533,Low
CUST000336,Avni,Sharma,1999-09-10,Other,9384689500,avni.sharma336@example.com,Ahmedabad,Gujarat,2024-09-28,Verified,Doctor,1129291,Low
CUST000337,Amit,Gupta,2002-03-24,Female,9781891371,amit.gupta337@example.com,Bengaluru,Karnataka,2026-03-19,Verified,Freelancer,2801437,Low
CUST000338,Kiran,Nair,1955-12-20,Female,9787956544,kiran.nair338@example.com,Kochi,Kerala,2015-10-04,Verified,Freelancer,2730731,Medium
CUST000339,Kiara,Kumar,1997-06-13,Other,9290490471,kiara.kumar339@example.com,Mumbai,Maharashtra,2014-11-04,Verified,Self Employed,2294356,Low
CUST000340,Ishaan,Kumar,1956-04-10,Other,9192927524,ishaan.kumar340@example.com,Chennai,Tamil Nadu,2017-04-18,Verified,Consultant,457583,Low
CUST000341,Aditya,Reddy,1968-10-30,Female,9663723950,aditya.reddy341@example.com,Ahmedabad,Gujarat,2017-12-05,Verified,Business,620596,Low
CUST000342,Aadhya,Mishra,1997-09-23,Other,9836674286,aadhya.mishra342@example.com,Chennai,Tamil Nadu,2012-04-07,Verified,Engineer,3384482,Medium
CUST000343,Anika,Verma,2002-08-31,Other,9569454414,anika.verma343@example.com,Delhi,Delhi,2025-02-06,Verified,Retired,1815155,Low
CUST000344,Rohit,Iyer,2004-02-17,Male,9010618175,rohit.iyer344@example.com,Pune,Maharashtra,2016-12-02,Verified,Self Employed,1799668,Low
CUST000345,Meera,Gupta,1974-06-14,Other,9111926921,meera.gupta345@example.com,Mumbai,Maharashtra,2016-02-18,Verified,Engineer,815136,Low
CUST000346,Pooja,Kumar,1984-01-06,Female,9214066504,pooja.kumar346@example.com,Jaipur,Rajasthan,2017-12-08,Verified,Business,4304861,High
CUST000347,Ayaan,Chopra,1999-02-22,Male,9286391741,ayaan.chopra347@example.com,Bengaluru,Karnataka,2012-10-12,Verified,Freelancer,2282154,Medium
CUST000348,Aarav,Mishra,1955-01-29,Male,9642569087,aarav.mishra348@example.com,Bengaluru,Karnataka,2022-09-21,Verified,Business,2074540,Low
CUST000349,Amit,Mishra,2005-11-21,Other,9554601585,amit.mishra349@example.com,Delhi,Delhi,2013-10-21,Pending,Self Employed,1883898,Low
CUST000350,Vivaan,Chopra,1972-02-19,Female,9615717320,vivaan.chopra350@example.com,Chandigarh,Punjab,2016-04-30,Verified,Freelancer,2180558,Low
CUST000351,Aditya,Rao,1982-08-10,Female,9870050506,aditya.rao351@example.com,Chandigarh,Punjab,2014-08-26,Verified,Consultant,4025089,High
CUST000352,Nitin,Rao,1975-11-26,Male,9027079032,nitin.rao352@example.com,Bengaluru,Karnataka,2012-04-27,Verified,Salaried,2758132,Medium
CUST000353,Arjun,Yadav,1970-04-25,Other,9111799313,arjun.yadav353@example.com,Ahmedabad,Gujarat,2021-07-23,Verified,Teacher,2899879,Low
CUST000354,Rohit,Rao,1983-11-07,Male,9092511426,rohit.rao354@example.com,Bengaluru,Karnataka,2015-10-08,Verified,Consultant,1564171,Low
CUST000355,Pooja,Verma,1963-12-20,Other,9962071002,pooja.verma355@example.com,Bengaluru,Karnataka,2013-12-31,Verified,Freelancer,2560112,Low
CUST000356,Sunita,Mishra,1966-05-21,Male,9248763290,sunita.mishra356@example.com,Bhopal,Madhya Pradesh,2025-05-16,Verified,Engineer,918375,Low
CUST000357,Sunita,Joshi,1992-07-27,Male,9833181958,sunita.joshi357@example.com,Pune,Maharashtra,2023-05-20,Verified,Retired,2498834,Low
CUST000358,Arjun,Reddy,1997-07-24,Female,9220054364,arjun.reddy358@example.com,Chandigarh,Punjab,2019-07-01,Verified,Engineer,543373,Low
CUST000359,Vivaan,Rao,1969-03-06,Male,9781137995,vivaan.rao359@example.com,Bengaluru,Karnataka,2021-05-25,Verified,Doctor,2109910,Medium
CUST000360,Ananya,Singh,1976-04-09,Other,9636317970,ananya.singh360@example.com,Delhi,Delhi,2021-10-10,Verified,Freelancer,3996740,Low
CUST000361,Diya,Reddy,1972-06-02,Other,9543520904,diya.reddy361@example.com,Lucknow,Uttar Pradesh,2015-01-23,Verified,Engineer,4026838,Low
CUST000362,Priya,Nair,1981-06-24,Other,9292983168,priya.nair362@example.com,Hyderabad,Telangana,2022-12-21,Pending,Retired,4151913,Medium
CUST000363,Ishaan,Sharma,1993-05-29,Other,9335693929,ishaan.sharma363@example.com,Bhopal,Madhya Pradesh,2012-02-11,Verified,Salaried,516036,High
CUST000364,Neha,Jain,1993-03-11,Other,9671773180,neha.jain364@example.com,Mumbai,Maharashtra,2021-02-13,Pending,Student,3186524,Low
CUST000365,Rahul,Gupta,1998-01-16,Other,9427990772,rahul.gupta365@example.com,Mumbai,Maharashtra,2021-02-02,Verified,Doctor,4074795,Medium
CUST000366,Aarav,Gupta,1984-11-12,Other,9046498931,aarav.gupta366@example.com,Jaipur,Rajasthan,2025-11-30,Pending,Salaried,4497922,High
CUST000367,Rohit,Das,1964-12-15,Female,9579055281,rohit.das367@example.com,Mumbai,Maharashtra,2024-07-29,Verified,Retired,1341032,High
CUST000368,Krishna,Rao,1997-12-05,Other,9933554864,krishna.rao368@example.com,Delhi,Delhi,2013-03-22,Verified,Doctor,3975095,Low
CUST000369,Anika,Mehta,2002-09-20,Other,9847951371,anika.mehta369@example.com,Lucknow,Uttar Pradesh,2013-10-18,Verified,Student,2599045,High
CUST000370,Aditya,Mehta,1979-10-04,Male,9272380468,aditya.mehta370@example.com,Bengaluru,Karnataka,2014-12-17,Verified,Teacher,3903367,Medium
CUST000371,Aarav,Joshi,1960-08-24,Male,9385695579,aarav.joshi371@example.com,Hyderabad,Telangana,2023-11-22,Pending,Engineer,4022041,Low
CUST000372,Sai,Joshi,1978-04-29,Male,9754025472,sai.joshi372@example.com,Bengaluru,Karnataka,2025-11-15,Pending,Consultant,2572821,Low
CUST000373,Reyansh,Reddy,1976-05-05,Male,9059274523,reyansh.reddy373@example.com,Bengaluru,Karnataka,2024-08-12,Verified,Doctor,3064397,Low
CUST000374,Myra,Rao,2002-11-16,Female,9106727520,myra.rao374@example.com,Bengaluru,Karnataka,2024-04-01,Rejected,Doctor,2659310,Low
CUST000375,Shaurya,Reddy,1994-08-30,Female,9170281406,shaurya.reddy375@example.com,Ahmedabad,Gujarat,2025-11-06,Pending,Engineer,3178034,Low
CUST000376,Vivaan,Patel,2002-03-25,Male,9430187186,vivaan.patel376@example.com,Ahmedabad,Gujarat,2016-05-11,Verified,Freelancer,4471241,High
CUST000377,Pooja,Das,1968-04-09,Other,9656504554,pooja.das377@example.com,Jaipur,Rajasthan,2021-12-29,Pending,Business,1989382,Medium
CUST000378,Myra,Bose,1980-11-22,Male,9662991234,myra.bose378@example.com,Lucknow,Uttar Pradesh,2022-08-24,Rejected,Consultant,2993679,Low
CUST000379,Kiara,Chopra,1955-08-05,Female,9462879232,kiara.chopra379@example.com,Delhi,Delhi,2020-07-24,Verified,Engineer,534275,Medium
CUST000380,Shaurya,Joshi,2005-03-05,Other,9730024471,shaurya.joshi380@example.com,Lucknow,Uttar Pradesh,2018-06-14,Verified,Engineer,2233114,Low
CUST000381,Priya,Kumar,1960-12-26,Other,9597964715,priya.kumar381@example.com,Lucknow,Uttar Pradesh,2023-06-30,Verified,Salaried,2357155,Low
CUST000382,Vivaan,Reddy,1996-05-12,Other,9252045650,vivaan.reddy382@example.com,Pune,Maharashtra,2018-07-02,Verified,Business,4490624,Low
CUST000383,Rahul,Iyer,1969-12-29,Other,9554451895,rahul.iyer383@example.com,Delhi,Delhi,2015-03-23,Verified,Consultant,2540703,Low
CUST000384,Ira,Bose,1969-08-17,Male,9328338988,ira.bose384@example.com,Pune,Maharashtra,2024-05-11,Verified,Business,3680954,Low
CUST000385,Aditya,Mehta,1956-07-23,Female,9545279852,aditya.mehta385@example.com,Bengaluru,Karnataka,2018-10-31,Verified,Business,2045272,Low
CUST000386,Amit,Reddy,1975-04-30,Female,9232161107,amit.reddy386@example.com,Bhopal,Madhya Pradesh,2021-09-02,Verified,Business,455085,Medium
CUST000387,Anika,Verma,1965-09-01,Female,9014011939,anika.verma387@example.com,Lucknow,Uttar Pradesh,2016-06-26,Verified,Doctor,425443,Low
CUST000388,Nitin,Kumar,1986-03-16,Female,9289389119,nitin.kumar388@example.com,Ahmedabad,Gujarat,2012-04-24,Verified,Retired,2544386,Low
CUST000389,Priya,Rao,1963-11-08,Male,9875927125,priya.rao389@example.com,Mumbai,Maharashtra,2020-07-06,Verified,Consultant,2088863,Low
CUST000390,Priya,Nair,1996-10-18,Male,9827548015,priya.nair390@example.com,Delhi,Delhi,2023-01-27,Verified,Self Employed,4013138,Low
CUST000391,Shaurya,Yadav,2004-09-10,Female,9463175207,shaurya.yadav391@example.com,Hyderabad,Telangana,2014-05-11,Verified,Consultant,893081,Low
CUST000392,Aadhya,Chopra,1964-02-16,Other,9215353961,aadhya.chopra392@example.com,Bhopal,Madhya Pradesh,2017-03-22,Verified,Engineer,2516381,Medium
CUST000393,Priya,Kumar,1990-11-27,Female,9796784271,priya.kumar393@example.com,Chandigarh,Punjab,2014-09-27,Verified,Engineer,2116273,Low
CUST000394,Sai,Sharma,1959-09-28,Male,9702695249,sai.sharma394@example.com,Delhi,Delhi,2025-12-23,Verified,Business,4308768,Medium
CUST000395,Ayaan,Joshi,1999-09-02,Female,9848588006,ayaan.joshi395@example.com,Chandigarh,Punjab,2014-09-02,Verified,Doctor,3336939,Low
CUST000396,Vivaan,Verma,2004-12-09,Other,9427624671,vivaan.verma396@example.com,Bengaluru,Karnataka,2024-10-04,Verified,Consultant,4121122,Low
CUST000397,Nitin,Iyer,1960-01-01,Female,9479695450,nitin.iyer397@example.com,Kochi,Kerala,2012-08-18,Verified,Student,3253670,Low
CUST000398,Neha,Sharma,1985-08-13,Female,9165565033,neha.sharma398@example.com,Chandigarh,Punjab,2017-04-06,Verified,Freelancer,892542,Medium
CUST000399,Aditya,Joshi,1985-04-15,Male,9085076986,aditya.joshi399@example.com,Delhi,Delhi,2017-12-24,Verified,Engineer,366532,High
CUST000400,Aadhya,Chopra,1963-10-08,Female,9135785294,aadhya.chopra400@example.com,Pune,Maharashtra,2020-02-24,Rejected,Retired,4348733,Low
CUST000401,Sunita,Gupta,1974-03-16,Female,9404963919,sunita.gupta401@example.com,Kochi,Kerala,2014-02-15,Verified,Self Employed,744299,Low
CUST000402,Anika,Mishra,1973-10-25,Female,9148468536,anika.mishra402@example.com,Jaipur,Rajasthan,2021-01-08,Verified,Consultant,3981957,Medium
CUST000403,Sara,Iyer,2001-04-24,Male,9973748969,sara.iyer403@example.com,Mumbai,Maharashtra,2026-01-21,Verified,Retired,3235757,Low
CUST000404,Krishna,Reddy,1981-12-09,Female,9651364424,krishna.reddy404@example.com,Bhopal,Madhya Pradesh,2025-06-26,Verified,Retired,1132598,Low
CUST000405,Aarav,Singh,1996-08-22,Female,9866032420,aarav.singh405@example.com,Chennai,Tamil Nadu,2017-10-17,Verified,Self Employed,1656271,Low
CUST000406,Vivaan,Mishra,1959-12-18,Male,9594165162,vivaan.mishra406@example.com,Mumbai,Maharashtra,2017-04-17,Verified,Consultant,1192023,Low
CUST000407,Vikas,Jain,1999-07-16,Male,9391559636,vikas.jain407@example.com,Chennai,Tamil Nadu,2016-11-20,Verified,Student,1976073,High
CUST000408,Myra,Bose,1960-01-07,Female,9851586734,myra.bose408@example.com,Chennai,Tamil Nadu,2015-04-02,Verified,Doctor,2765129,Low
CUST000409,Kiran,Verma,1959-11-27,Other,9348645183,kiran.verma409@example.com,Bhopal,Madhya Pradesh,2021-12-03,Verified,Teacher,2323571,Low
CUST000410,Pooja,Singh,1973-11-15,Male,9756041776,pooja.singh410@example.com,Chennai,Tamil Nadu,2019-06-18,Verified,Business,1525057,Medium
CUST000411,Anika,Gupta,1992-10-04,Other,9857002720,anika.gupta411@example.com,Pune,Maharashtra,2020-12-26,Verified,Self Employed,2811689,Low
CUST000412,Arjun,Iyer,2001-04-29,Other,9296577242,arjun.iyer412@example.com,Hyderabad,Telangana,2025-04-20,Verified,Self Employed,1846512,Low
CUST000413,Diya,Iyer,1988-11-07,Other,9300893173,diya.iyer413@example.com,Jaipur,Rajasthan,2017-11-14,Verified,Student,597609,Low
CUST000414,Avni,Kumar,1962-12-28,Female,9291086771,avni.kumar414@example.com,Bengaluru,Karnataka,2017-01-12,Verified,Retired,2413071,Low
CUST000415,Ira,Chopra,1993-09-11,Male,9934362620,ira.chopra415@example.com,Bengaluru,Karnataka,2018-07-05,Rejected,Retired,3963066,Medium
CUST000416,Diya,Yadav,1955-12-05,Female,9256366941,diya.yadav416@example.com,Delhi,Delhi,2014-02-19,Verified,Salaried,2972253,High
CUST000417,Ira,Das,1959-01-31,Male,9489646528,ira.das417@example.com,Ahmedabad,Gujarat,2012-12-02,Verified,Self Employed,1604943,Low
CUST000418,Pooja,Nair,1966-11-01,Male,9586241502,pooja.nair418@example.com,Lucknow,Uttar Pradesh,2023-03-13,Pending,Self Employed,3204866,Medium
CUST000419,Shaurya,Kumar,1978-08-30,Other,9562572870,shaurya.kumar419@example.com,Ahmedabad,Gujarat,2016-03-27,Verified,Retired,1716300,Low
CUST000420,Ishaan,Iyer,1996-11-28,Female,9170758777,ishaan.iyer420@example.com,Bhopal,Madhya Pradesh,2014-07-10,Pending,Student,1217286,Low
CUST000421,Ayaan,Joshi,1970-02-05,Other,9849939089,ayaan.joshi421@example.com,Bengaluru,Karnataka,2016-01-19,Verified,Business,2244918,Medium
CUST000422,Rohit,Mehta,1957-04-30,Female,9165915201,rohit.mehta422@example.com,Pune,Maharashtra,2022-04-28,Verified,Engineer,3988893,Low
CUST000423,Ishaan,Sharma,1958-12-07,Other,9975923045,ishaan.sharma423@example.com,Pune,Maharashtra,2013-03-30,Verified,Consultant,3379339,Low
CUST000424,Ishaan,Iyer,1990-10-15,Male,9032664214,ishaan.iyer424@example.com,Hyderabad,Telangana,2023-01-04,Verified,Self Employed,1281312,Low
CUST000425,Arjun,Das,1972-12-06,Female,9767499616,arjun.das425@example.com,Kochi,Kerala,2020-04-04,Verified,Teacher,3753690,Low
CUST000426,Anika,Nair,1975-02-12,Other,9278814761,anika.nair426@example.com,Lucknow,Uttar Pradesh,2022-09-17,Verified,Student,2700010,Medium
CUST000427,Anika,Bose,1959-04-13,Other,9108186617,anika.bose427@example.com,Chennai,Tamil Nadu,2024-09-30,Verified,Doctor,2317922,Low
CUST000428,Priya,Jain,1965-03-22,Other,9722601645,priya.jain428@example.com,Mumbai,Maharashtra,2025-03-03,Verified,Engineer,2403605,Low
CUST000429,Pooja,Iyer,1971-08-09,Male,9941680061,pooja.iyer429@example.com,Hyderabad,Telangana,2012-04-18,Verified,Engineer,4040127,Medium
CUST000430,Nitin,Mishra,1987-05-13,Other,9641220310,nitin.mishra430@example.com,Chennai,Tamil Nadu,2016-03-21,Pending,Retired,4215903,Low
CUST000431,Rahul,Singh,2003-04-27,Male,9147276012,rahul.singh431@example.com,Jaipur,Rajasthan,2015-06-02,Verified,Engineer,4248867,Low
CUST000432,Nitin,Yadav,1976-10-07,Male,9496050166,nitin.yadav432@example.com,Ahmedabad,Gujarat,2023-02-12,Verified,Freelancer,2619193,Low
CUST000433,Aadhya,Mishra,1998-10-09,Male,9080695814,aadhya.mishra433@example.com,Kochi,Kerala,2021-05-10,Pending,Business,4330589,Low
CUST000434,Rahul,Das,1994-02-19,Male,9243757383,rahul.das434@example.com,Lucknow,Uttar Pradesh,2025-03-07,Pending,Doctor,4109788,Low
CUST000435,Shaurya,Chopra,1987-04-27,Female,9293417223,shaurya.chopra435@example.com,Jaipur,Rajasthan,2015-07-04,Verified,Business,3669529,High
CUST000436,Ira,Joshi,1973-10-15,Other,9005452280,ira.joshi436@example.com,Hyderabad,Telangana,2013-06-05,Verified,Business,2081615,Low
CUST000437,Krishna,Mishra,1985-07-13,Female,9084289107,krishna.mishra437@example.com,Chennai,Tamil Nadu,2022-04-02,Rejected,Business,1068285,Medium
CUST000438,Meera,Mehta,1958-10-07,Other,9121352478,meera.mehta438@example.com,Kochi,Kerala,2023-03-06,Verified,Business,1474326,Low
CUST000439,Ananya,Reddy,1973-02-10,Female,9603754821,ananya.reddy439@example.com,Delhi,Delhi,2017-12-19,Verified,Teacher,3205296,Low
CUST000440,Krishna,Reddy,1992-10-31,Male,9266678507,krishna.reddy440@example.com,Kochi,Kerala,2015-04-07,Verified,Consultant,763689,Low
CUST000441,Ananya,Chopra,1993-12-10,Male,9602908466,ananya.chopra441@example.com,Bengaluru,Karnataka,2024-06-01,Pending,Doctor,3067001,Low
CUST000442,Ishaan,Jain,1968-03-05,Other,9673899756,ishaan.jain442@example.com,Ahmedabad,Gujarat,2016-06-04,Pending,Business,490128,Low
CUST000443,Aadhya,Reddy,2003-07-08,Female,9318848520,aadhya.reddy443@example.com,Kochi,Kerala,2012-08-16,Pending,Consultant,2350050,Low
CUST000444,Priya,Joshi,1992-12-04,Other,9105485101,priya.joshi444@example.com,Bhopal,Madhya Pradesh,2022-01-24,Verified,Salaried,3981273,Low
CUST000445,Krishna,Rao,1975-12-24,Female,9449268315,krishna.rao445@example.com,Ahmedabad,Gujarat,2023-08-01,Verified,Doctor,3991025,Low
CUST000446,Amit,Bose,1962-05-09,Male,9062737158,amit.bose446@example.com,Jaipur,Rajasthan,2021-01-12,Verified,Consultant,3491675,Medium
CUST000447,Kiara,Mishra,1992-12-26,Female,9762282772,kiara.mishra447@example.com,Chandigarh,Punjab,2023-07-06,Pending,Business,1963774,Low
CUST000448,Vivaan,Iyer,1988-02-19,Male,9961159408,vivaan.iyer448@example.com,Kochi,Kerala,2015-06-09,Verified,Self Employed,3321196,Low
CUST000449,Ira,Sharma,1967-10-02,Other,9604432701,ira.sharma449@example.com,Bengaluru,Karnataka,2024-04-12,Verified,Salaried,3682874,Low
CUST000450,Shaurya,Yadav,1988-11-06,Female,9922877725,shaurya.yadav450@example.com,Pune,Maharashtra,2014-01-01,Verified,Freelancer,3616211,Low
CUST000451,Kiran,Chopra,2003-07-15,Male,9741209481,kiran.chopra451@example.com,Pune,Maharashtra,2024-07-18,Verified,Freelancer,623542,High
CUST000452,Anika,Patel,2000-02-04,Male,9182043397,anika.patel452@example.com,Lucknow,Uttar Pradesh,2013-11-24,Verified,Freelancer,2867971,Low
CUST000453,Vivaan,Mishra,1985-07-01,Female,9260856411,vivaan.mishra453@example.com,Mumbai,Maharashtra,2014-03-24,Verified,Self Employed,1388246,Low
CUST000454,Priya,Gupta,1982-07-11,Female,9209520046,priya.gupta454@example.com,Bengaluru,Karnataka,2014-03-19,Verified,Teacher,2899735,Low
CUST000455,Vikas,Mehta,1973-03-04,Male,9993788614,vikas.mehta455@example.com,Mumbai,Maharashtra,2013-05-11,Verified,Consultant,3594804,Low
CUST000456,Aarav,Bose,1975-12-21,Male,9489138249,aarav.bose456@example.com,Chandigarh,Punjab,2021-02-14,Verified,Consultant,1886720,Medium
CUST000457,Sai,Das,1970-02-02,Male,9868700794,sai.das457@example.com,Kochi,Kerala,2015-10-03,Verified,Engineer,2472631,Low
CUST000458,Vikas,Chopra,1974-02-01,Other,9840289141,vikas.chopra458@example.com,Pune,Maharashtra,2020-11-12,Verified,Student,2524266,Medium
CUST000459,Ayaan,Jain,1985-09-27,Other,9474355379,ayaan.jain459@example.com,Pune,Maharashtra,2019-05-14,Verified,Student,197175,Low
CUST000460,Aarav,Sharma,1970-07-27,Female,9876811807,aarav.sharma460@example.com,Chandigarh,Punjab,2014-10-08,Verified,Teacher,3182834,Low
CUST000461,Vikas,Sharma,1996-07-05,Female,9370304531,vikas.sharma461@example.com,Delhi,Delhi,2025-10-04,Verified,Retired,2145098,High
CUST000462,Diya,Verma,1999-03-20,Other,9930361498,diya.verma462@example.com,Chennai,Tamil Nadu,2023-01-29,Verified,Retired,1652442,Low
CUST000463,Sai,Gupta,1978-04-17,Other,9384308948,sai.gupta463@example.com,Bengaluru,Karnataka,2022-03-07,Verified,Teacher,615056,Medium
CUST000464,Ananya,Bose,1979-08-02,Male,9877580304,ananya.bose464@example.com,Jaipur,Rajasthan,2021-06-03,Verified,Doctor,223279,Low
CUST000465,Ananya,Gupta,1957-04-11,Other,9361332541,ananya.gupta465@example.com,Ahmedabad,Gujarat,2026-01-15,Verified,Salaried,4206250,Low
CUST000466,Aarav,Nair,1977-03-04,Male,9735058319,aarav.nair466@example.com,Chennai,Tamil Nadu,2025-11-23,Verified,Business,3925145,Low
CUST000467,Aditya,Verma,1988-11-09,Female,9120704961,aditya.verma467@example.com,Mumbai,Maharashtra,2014-04-14,Verified,Consultant,617911,Low
CUST000468,Aadhya,Chopra,1991-11-19,Male,9990767699,aadhya.chopra468@example.com,Delhi,Delhi,2014-04-09,Verified,Salaried,3989071,Low
CUST000469,Kiara,Patel,1964-03-18,Male,9919392845,kiara.patel469@example.com,Delhi,Delhi,2021-06-10,Verified,Freelancer,3909779,Low
CUST000470,Sai,Verma,1966-06-15,Female,9968549822,sai.verma470@example.com,Mumbai,Maharashtra,2022-07-13,Verified,Doctor,2621621,Low
CUST000471,Aarav,Jain,1967-12-22,Male,9388065333,aarav.jain471@example.com,Ahmedabad,Gujarat,2013-07-14,Verified,Engineer,4100855,Low
CUST000472,Ananya,Nair,1981-11-18,Female,9521707303,ananya.nair472@example.com,Ahmedabad,Gujarat,2017-03-01,Verified,Retired,2185037,Low
CUST000473,Priya,Nair,1988-09-21,Male,9620501508,priya.nair473@example.com,Bhopal,Madhya Pradesh,2014-08-01,Verified,Engineer,1810774,Low
CUST000474,Pooja,Das,1957-08-30,Male,9342342583,pooja.das474@example.com,Mumbai,Maharashtra,2016-01-02,Verified,Student,2376041,Medium
CUST000475,Aarav,Reddy,1964-12-15,Female,9347355289,aarav.reddy475@example.com,Jaipur,Rajasthan,2021-09-23,Pending,Business,1173994,Low
CUST000476,Pooja,Reddy,1972-03-13,Other,9655963099,pooja.reddy476@example.com,Hyderabad,Telangana,2016-03-29,Pending,Self Employed,1426269,Low
CUST000477,Vivaan,Kumar,2000-08-06,Other,9731791286,vivaan.kumar477@example.com,Bengaluru,Karnataka,2023-06-03,Verified,Consultant,4074556,Low
CUST000478,Amit,Das,1998-05-11,Other,9774969033,amit.das478@example.com,Kochi,Kerala,2016-07-20,Verified,Retired,3501049,Low
CUST000479,Avni,Chopra,1969-02-07,Female,9481214785,avni.chopra479@example.com,Ahmedabad,Gujarat,2017-02-28,Verified,Engineer,4477165,Low
CUST000480,Avni,Yadav,1993-10-20,Female,9575460273,avni.yadav480@example.com,Lucknow,Uttar Pradesh,2017-12-15,Verified,Doctor,871376,Low
CUST000481,Anika,Jain,1962-01-05,Female,9311150835,anika.jain481@example.com,Kochi,Kerala,2016-05-29,Verified,Self Employed,2719362,Medium
CUST000482,Priya,Kumar,1967-05-15,Other,9840445669,priya.kumar482@example.com,Hyderabad,Telangana,2012-04-07,Verified,Consultant,1432260,Medium
CUST000483,Krishna,Singh,1973-10-30,Female,9389877515,krishna.singh483@example.com,Bhopal,Madhya Pradesh,2016-03-18,Verified,Teacher,1938124,Low
CUST000484,Nitin,Rao,1988-08-13,Male,9924075536,nitin.rao484@example.com,Mumbai,Maharashtra,2021-07-19,Verified,Teacher,2693539,Low
CUST000485,Aarav,Verma,1968-10-15,Female,9999966361,aarav.verma485@example.com,Bengaluru,Karnataka,2023-12-27,Verified,Engineer,1091324,Low
CUST000486,Myra,Joshi,1970-05-19,Male,9820970231,myra.joshi486@example.com,Delhi,Delhi,2020-08-27,Verified,Retired,2621970,Medium
CUST000487,Aditya,Yadav,1988-01-27,Other,9025662128,aditya.yadav487@example.com,Mumbai,Maharashtra,2021-05-20,Verified,Business,3443108,High
CUST000488,Nitin,Patel,1973-06-14,Female,9672994938,nitin.patel488@example.com,Bengaluru,Karnataka,2022-04-17,Verified,Salaried,1376987,Low
CUST000489,Vikas,Chopra,1977-02-22,Other,9597779014,vikas.chopra489@example.com,Ahmedabad,Gujarat,2022-03-27,Verified,Self Employed,3460703,Low
CUST000490,Sunita,Iyer,1977-05-08,Male,9967629160,sunita.iyer490@example.com,Jaipur,Rajasthan,2017-05-17,Pending,Student,2476601,Medium
CUST000491,Sara,Joshi,1960-12-27,Other,9376815118,sara.joshi491@example.com,Chandigarh,Punjab,2019-04-24,Verified,Student,2300360,Low
CUST000492,Vivaan,Yadav,1961-07-26,Other,9765636004,vivaan.yadav492@example.com,Mumbai,Maharashtra,2014-07-28,Verified,Student,2924000,Medium
CUST000493,Myra,Mishra,1961-02-13,Male,9837274220,myra.mishra493@example.com,Lucknow,Uttar Pradesh,2025-08-12,Verified,Self Employed,1221457,Low
CUST000494,Aadhya,Iyer,1956-01-03,Other,9427523083,aadhya.iyer494@example.com,Delhi,Delhi,2021-11-30,Verified,Consultant,1042292,Low
CUST000495,Shaurya,Yadav,1955-06-02,Male,9633533106,shaurya.yadav495@example.com,Mumbai,Maharashtra,2012-08-16,Rejected,Doctor,1791886,Medium
CUST000496,Aditya,Singh,1970-01-23,Other,9206815583,aditya.singh496@example.com,Delhi,Delhi,2026-01-04,Verified,Consultant,3494036,High
CUST000497,Arjun,Singh,1964-07-01,Female,9520650637,arjun.singh497@example.com,Hyderabad,Telangana,2016-12-08,Verified,Self Employed,3275228,Low
CUST000498,Kiran,Patel,1982-01-19,Other,9718924195,kiran.patel498@example.com,Jaipur,Rajasthan,2026-02-24,Verified,Student,2965408,Low
CUST000499,Priya,Nair,1998-04-03,Male,9509976838,priya.nair499@example.com,Chandigarh,Punjab,2025-03-05,Verified,Salaried,2131239,Low
CUST000500,Priya,Mehta,1976-03-17,Other,9639102574,priya.mehta500@example.com,Chennai,Tamil Nadu,2016-07-12,Verified,Retired,497984,Low
CUST000501,Neha,Yadav,1984-06-27,Male,9450864035,neha.yadav501@example.com,Bhopal,Madhya Pradesh,2019-09-08,Verified,Consultant,633605,Medium
CUST000502,Rohit,Singh,1974-12-16,Other,9685270171,rohit.singh502@example.com,Chandigarh,Punjab,2016-04-25,Verified,Student,1893121,Low
CUST000503,Reyansh,Rao,1976-03-14,Other,9167423362,reyansh.rao503@example.com,Hyderabad,Telangana,2025-08-03,Verified,Self Employed,3940371,High
CUST000504,Ayaan,Kumar,1962-03-06,Female,9662776896,ayaan.kumar504@example.com,Lucknow,Uttar Pradesh,2015-06-30,Verified,Engineer,346187,Medium
CUST000505,Avni,Gupta,2003-03-12,Male,9824674746,avni.gupta505@example.com,Chennai,Tamil Nadu,2024-08-10,Verified,Business,2975370,Low
CUST000506,Ira,Patel,1972-01-05,Male,9085766656,ira.patel506@example.com,Bengaluru,Karnataka,2022-12-24,Verified,Freelancer,777557,Low
CUST000507,Vivaan,Mehta,2005-09-28,Male,9364587506,vivaan.mehta507@example.com,Jaipur,Rajasthan,2021-07-05,Verified,Retired,4187452,Low
CUST000508,Vikas,Das,1957-07-14,Other,9249724399,vikas.das508@example.com,Chandigarh,Punjab,2015-08-15,Verified,Business,3404142,Low
CUST000509,Kiara,Gupta,1971-12-10,Female,9264488694,kiara.gupta509@example.com,Kochi,Kerala,2021-03-25,Verified,Business,1096657,Low
CUST000510,Priya,Das,1979-02-19,Other,9364027011,priya.das510@example.com,Bengaluru,Karnataka,2021-05-15,Verified,Self Employed,3795067,Low
CUST000511,Diya,Iyer,1967-01-19,Male,9728179323,diya.iyer511@example.com,Bhopal,Madhya Pradesh,2013-04-28,Verified,Retired,2355601,High
CUST000512,Nitin,Bose,1964-10-18,Other,9214161415,nitin.bose512@example.com,Lucknow,Uttar Pradesh,2012-08-31,Verified,Engineer,4250105,Medium
CUST000513,Arjun,Sharma,1978-11-14,Male,9901380698,arjun.sharma513@example.com,Mumbai,Maharashtra,2017-12-17,Pending,Engineer,3007212,Low
CUST000514,Ananya,Das,1985-10-11,Female,9356690551,ananya.das514@example.com,Chandigarh,Punjab,2012-01-26,Verified,Teacher,1344867,Low
CUST000515,Arjun,Jain,1977-04-19,Female,9797863050,arjun.jain515@example.com,Chennai,Tamil Nadu,2026-03-19,Verified,Salaried,2910703,Medium
CUST000516,Krishna,Mishra,1962-04-20,Female,9671649328,krishna.mishra516@example.com,Jaipur,Rajasthan,2024-10-28,Verified,Consultant,446302,Low
CUST000517,Sunita,Gupta,2004-03-25,Female,9271783332,sunita.gupta517@example.com,Chennai,Tamil Nadu,2014-01-02,Verified,Salaried,1524150,Medium
CUST000518,Ananya,Chopra,1974-10-09,Other,9471287153,ananya.chopra518@example.com,Chennai,Tamil Nadu,2024-12-01,Verified,Freelancer,722466,Low
CUST000519,Aadhya,Chopra,2005-05-30,Female,9334141115,aadhya.chopra519@example.com,Chandigarh,Punjab,2025-04-13,Pending,Business,3264801,Low
CUST000520,Ananya,Chopra,1955-02-25,Female,9098366552,ananya.chopra520@example.com,Ahmedabad,Gujarat,2023-08-28,Verified,Freelancer,2043458,Low
CUST000521,Aarav,Rao,1983-05-06,Male,9437729420,aarav.rao521@example.com,Lucknow,Uttar Pradesh,2025-06-07,Verified,Consultant,1215691,Low
CUST000522,Nitin,Mishra,1974-05-09,Female,9460523302,nitin.mishra522@example.com,Chandigarh,Punjab,2022-12-07,Verified,Self Employed,1515409,High
CUST000523,Sara,Chopra,1992-11-24,Other,9756618443,sara.chopra523@example.com,Pune,Maharashtra,2024-04-16,Verified,Student,2893031,Medium
CUST000524,Kiara,Verma,1982-04-12,Female,9292774233,kiara.verma524@example.com,Bhopal,Madhya Pradesh,2016-05-21,Verified,Salaried,3218570,Medium
CUST000525,Kiara,Mehta,1968-03-29,Female,9620157201,kiara.mehta525@example.com,Chandigarh,Punjab,2023-07-24,Verified,Freelancer,3819157,High
CUST000526,Rahul,Chopra,1958-01-18,Male,9367492617,rahul.chopra526@example.com,Hyderabad,Telangana,2020-07-27,Verified,Engineer,3261329,Low
CUST000527,Arjun,Gupta,1998-11-21,Other,9830999741,arjun.gupta527@example.com,Delhi,Delhi,2025-04-18,Verified,Engineer,3817774,Low
CUST000528,Sai,Mehta,1960-09-11,Other,9826068887,sai.mehta528@example.com,Pune,Maharashtra,2013-06-07,Verified,Freelancer,1220936,Medium
CUST000529,Ayaan,Mehta,1971-02-22,Male,9875102932,ayaan.mehta529@example.com,Bengaluru,Karnataka,2013-12-20,Verified,Salaried,889762,High
CUST000530,Anika,Joshi,2003-11-04,Male,9603408487,anika.joshi530@example.com,Pune,Maharashtra,2015-02-19,Verified,Doctor,3133772,Low
CUST000531,Anika,Patel,1963-11-19,Other,9030324329,anika.patel531@example.com,Bhopal,Madhya Pradesh,2024-05-19,Verified,Doctor,2506963,Low
CUST000532,Meera,Bose,2004-04-30,Female,9462671462,meera.bose532@example.com,Delhi,Delhi,2024-01-08,Verified,Self Employed,1795875,Medium
CUST000533,Kiara,Jain,1969-09-19,Female,9256609314,kiara.jain533@example.com,Ahmedabad,Gujarat,2014-10-17,Verified,Consultant,3592328,Low
CUST000534,Rahul,Gupta,1984-12-02,Female,9234016361,rahul.gupta534@example.com,Pune,Maharashtra,2014-10-08,Verified,Self Employed,4287218,Low
CUST000535,Diya,Joshi,1979-04-26,Other,9102562588,diya.joshi535@example.com,Kochi,Kerala,2025-05-03,Pending,Teacher,4180207,Low
CUST000536,Ishaan,Sharma,2001-01-27,Other,9222694053,ishaan.sharma536@example.com,Chandigarh,Punjab,2025-08-26,Verified,Engineer,1715992,Low
CUST000537,Diya,Yadav,1980-09-24,Female,9683414651,diya.yadav537@example.com,Kochi,Kerala,2026-03-27,Verified,Retired,965455,Low
CUST000538,Vivaan,Gupta,1980-08-23,Other,9706827788,vivaan.gupta538@example.com,Bhopal,Madhya Pradesh,2014-10-18,Verified,Freelancer,1775379,Medium
CUST000539,Neha,Sharma,1993-02-15,Other,9853890972,neha.sharma539@example.com,Bhopal,Madhya Pradesh,2023-09-28,Pending,Student,810172,Low
CUST000540,Sai,Jain,1959-07-27,Female,9762515381,sai.jain540@example.com,Pune,Maharashtra,2018-07-04,Verified,Self Employed,2400890,Low
CUST000541,Neha,Chopra,1982-05-07,Other,9807970509,neha.chopra541@example.com,Hyderabad,Telangana,2022-04-29,Verified,Doctor,1078957,Low
CUST000542,Kiran,Iyer,1986-10-22,Male,9167318826,kiran.iyer542@example.com,Jaipur,Rajasthan,2014-10-11,Pending,Salaried,1485522,Medium
CUST000543,Ishaan,Singh,1990-06-21,Female,9456284177,ishaan.singh543@example.com,Lucknow,Uttar Pradesh,2015-08-18,Verified,Teacher,228739,Low
CUST000544,Nitin,Patel,1972-01-03,Female,9026650237,nitin.patel544@example.com,Delhi,Delhi,2017-12-17,Verified,Engineer,4337122,Medium
CUST000545,Amit,Reddy,1990-11-16,Other,9621102258,amit.reddy545@example.com,Pune,Maharashtra,2012-04-21,Verified,Retired,616541,Medium
CUST000546,Ananya,Bose,1955-09-21,Female,9744716392,ananya.bose546@example.com,Ahmedabad,Gujarat,2023-06-20,Verified,Self Employed,1144857,Medium
CUST000547,Amit,Singh,1993-07-02,Male,9718923923,amit.singh547@example.com,Chandigarh,Punjab,2014-09-13,Verified,Salaried,2477317,High
CUST000548,Pooja,Reddy,1956-08-01,Other,9310668433,pooja.reddy548@example.com,Jaipur,Rajasthan,2019-07-16,Verified,Salaried,4457046,Low
CUST000549,Vivaan,Joshi,1979-02-26,Female,9456350200,vivaan.joshi549@example.com,Delhi,Delhi,2013-03-03,Verified,Doctor,1958196,Low
CUST000550,Ishaan,Mehta,1971-08-01,Female,9755411082,ishaan.mehta550@example.com,Jaipur,Rajasthan,2019-06-06,Verified,Doctor,3297142,Low
CUST000551,Ishaan,Patel,1989-06-15,Male,9129109337,ishaan.patel551@example.com,Ahmedabad,Gujarat,2014-03-19,Verified,Consultant,3056436,Low
CUST000552,Ira,Patel,1968-10-14,Male,9236848557,ira.patel552@example.com,Kochi,Kerala,2026-02-15,Verified,Teacher,747980,Low
CUST000553,Anika,Jain,1969-12-23,Other,9424090367,anika.jain553@example.com,Mumbai,Maharashtra,2023-12-10,Pending,Business,1568467,Low
CUST000554,Anika,Chopra,1990-01-04,Female,9943202939,anika.chopra554@example.com,Kochi,Kerala,2012-03-13,Pending,Consultant,4000515,Low
CUST000555,Neha,Jain,1982-03-22,Male,9448123083,neha.jain555@example.com,Chennai,Tamil Nadu,2018-07-18,Verified,Student,2509990,Medium
CUST000556,Ishaan,Verma,1977-05-04,Male,9810595518,ishaan.verma556@example.com,Chandigarh,Punjab,2017-12-03,Verified,Teacher,2653761,Low
CUST000557,Vivaan,Sharma,1974-09-03,Other,9424089164,vivaan.sharma557@example.com,Pune,Maharashtra,2026-01-17,Verified,Consultant,1909387,Medium
CUST000558,Krishna,Nair,1973-04-18,Other,9627365271,krishna.nair558@example.com,Chennai,Tamil Nadu,2023-02-14,Verified,Student,1657322,Low
CUST000559,Ira,Iyer,1980-04-21,Male,9422693121,ira.iyer559@example.com,Chandigarh,Punjab,2021-07-25,Verified,Teacher,1020822,Medium
CUST000560,Sai,Sharma,1963-12-12,Female,9601002314,sai.sharma560@example.com,Ahmedabad,Gujarat,2015-03-14,Pending,Freelancer,293220,Medium
CUST000561,Aarav,Mehta,1985-05-11,Other,9132797245,aarav.mehta561@example.com,Kochi,Kerala,2022-09-28,Verified,Salaried,2423588,Low
CUST000562,Arjun,Sharma,1964-03-23,Other,9418620303,arjun.sharma562@example.com,Mumbai,Maharashtra,2021-07-31,Verified,Doctor,2586240,Low
CUST000563,Kiran,Chopra,1965-01-31,Female,9213145195,kiran.chopra563@example.com,Chandigarh,Punjab,2014-08-27,Verified,Business,543619,Low
CUST000564,Reyansh,Bose,1985-01-15,Other,9262494514,reyansh.bose564@example.com,Kochi,Kerala,2023-03-13,Verified,Self Employed,820633,Medium
CUST000565,Nitin,Reddy,1968-02-25,Female,9267711964,nitin.reddy565@example.com,Chandigarh,Punjab,2015-03-31,Verified,Student,1705655,Medium
CUST000566,Diya,Nair,1993-01-09,Female,9695236687,diya.nair566@example.com,Lucknow,Uttar Pradesh,2024-01-31,Verified,Consultant,2110340,Low
CUST000567,Kiara,Bose,1974-09-05,Other,9135030587,kiara.bose567@example.com,Kochi,Kerala,2014-12-30,Pending,Salaried,3110539,Low
CUST000568,Nitin,Reddy,1996-04-21,Male,9863330212,nitin.reddy568@example.com,Chennai,Tamil Nadu,2020-06-19,Verified,Teacher,3297913,Low
CUST000569,Arjun,Gupta,1969-03-11,Male,9252131096,arjun.gupta569@example.com,Lucknow,Uttar Pradesh,2015-05-11,Verified,Engineer,1355347,Medium
CUST000570,Amit,Joshi,1991-12-02,Other,9570412009,amit.joshi570@example.com,Lucknow,Uttar Pradesh,2015-11-22,Verified,Salaried,3505166,Medium
CUST000571,Rohit,Yadav,1978-02-24,Other,9843624186,rohit.yadav571@example.com,Kochi,Kerala,2014-10-22,Verified,Teacher,649735,Low
CUST000572,Reyansh,Rao,1961-12-04,Other,9775662056,reyansh.rao572@example.com,Ahmedabad,Gujarat,2016-05-14,Verified,Business,832705,Low
CUST000573,Priya,Nair,1976-06-27,Female,9281139043,priya.nair573@example.com,Mumbai,Maharashtra,2024-05-16,Verified,Salaried,2196077,Low
CUST000574,Kiara,Verma,1998-05-28,Male,9051405468,kiara.verma574@example.com,Ahmedabad,Gujarat,2016-05-15,Verified,Teacher,3164979,High
CUST000575,Amit,Mehta,1991-07-16,Other,9818209679,amit.mehta575@example.com,Pune,Maharashtra,2012-11-02,Verified,Student,4064816,Low
CUST000576,Rahul,Gupta,1975-10-11,Male,9228898572,rahul.gupta576@example.com,Bhopal,Madhya Pradesh,2019-08-09,Verified,Freelancer,3794663,Low
CUST000577,Amit,Chopra,1973-09-25,Other,9912971024,amit.chopra577@example.com,Hyderabad,Telangana,2024-04-09,Pending,Business,4365179,Low
CUST000578,Ananya,Iyer,1969-06-27,Male,9495511274,ananya.iyer578@example.com,Chennai,Tamil Nadu,2022-08-12,Rejected,Engineer,1358156,High
CUST000579,Kiara,Mishra,1987-08-11,Female,9669275895,kiara.mishra579@example.com,Mumbai,Maharashtra,2020-05-19,Verified,Teacher,4424152,Low
CUST000580,Kiran,Verma,1960-02-13,Other,9380214629,kiran.verma580@example.com,Ahmedabad,Gujarat,2020-12-14,Pending,Retired,3436650,Medium
CUST000581,Rohit,Gupta,1996-10-17,Female,9871121663,rohit.gupta581@example.com,Pune,Maharashtra,2021-01-02,Verified,Doctor,3052456,High
CUST000582,Ira,Patel,1997-09-21,Male,9470827235,ira.patel582@example.com,Bhopal,Madhya Pradesh,2024-09-28,Verified,Freelancer,3370060,Low
CUST000583,Sunita,Das,1997-06-21,Male,9030644212,sunita.das583@example.com,Jaipur,Rajasthan,2013-07-21,Verified,Business,2682630,Medium
CUST000584,Myra,Bose,1974-03-17,Other,9420165423,myra.bose584@example.com,Kochi,Kerala,2019-11-01,Pending,Engineer,4168778,Low
CUST000585,Sunita,Iyer,1994-03-09,Female,9960893199,sunita.iyer585@example.com,Bhopal,Madhya Pradesh,2015-03-30,Verified,Doctor,299007,Low
CUST000586,Myra,Reddy,1983-05-22,Male,9648072791,myra.reddy586@example.com,Lucknow,Uttar Pradesh,2012-10-25,Verified,Retired,3704692,Medium
CUST000587,Priya,Iyer,1988-11-14,Male,9533905504,priya.iyer587@example.com,Ahmedabad,Gujarat,2018-11-19,Verified,Business,4367011,Low
CUST000588,Myra,Bose,1986-07-22,Female,9868512765,myra.bose588@example.com,Jaipur,Rajasthan,2015-12-20,Verified,Student,3836394,Low
CUST000589,Nitin,Bose,1980-05-30,Other,9911110961,nitin.bose589@example.com,Chandigarh,Punjab,2023-02-18,Verified,Freelancer,1016361,Low
CUST000590,Anika,Verma,1981-01-03,Female,9337861371,anika.verma590@example.com,Chandigarh,Punjab,2019-11-12,Rejected,Engineer,3643947,Medium
CUST000591,Rahul,Chopra,1988-08-11,Male,9844446306,rahul.chopra591@example.com,Mumbai,Maharashtra,2012-09-24,Verified,Student,3320742,Medium
CUST000592,Anika,Nair,1970-04-16,Other,9638639609,anika.nair592@example.com,Pune,Maharashtra,2021-08-16,Verified,Teacher,1637246,Low
CUST000593,Ananya,Jain,1994-03-29,Male,9128196482,ananya.jain593@example.com,Bengaluru,Karnataka,2019-03-26,Verified,Business,395085,Low
CUST000594,Rahul,Reddy,2003-10-11,Male,9960275233,rahul.reddy594@example.com,Mumbai,Maharashtra,2018-08-29,Verified,Retired,3351791,Medium
CUST000595,Rohit,Verma,1962-06-11,Male,9091179112,rohit.verma595@example.com,Chennai,Tamil Nadu,2018-05-02,Verified,Student,958271,Low
CUST000596,Nitin,Das,1990-01-22,Male,9706171366,nitin.das596@example.com,Hyderabad,Telangana,2019-01-12,Verified,Engineer,1531435,Low
CUST000597,Aarav,Iyer,2005-11-23,Other,9901557998,aarav.iyer597@example.com,Chandigarh,Punjab,2012-02-11,Verified,Self Employed,1200001,Low
CUST000598,Aarav,Rao,2001-06-21,Other,9235130523,aarav.rao598@example.com,Mumbai,Maharashtra,2013-11-14,Verified,Student,2424712,Low
CUST000599,Ayaan,Gupta,2004-06-23,Other,9477686342,ayaan.gupta599@example.com,Pune,Maharashtra,2016-06-09,Verified,Self Employed,3475262,Low
CUST000600,Sunita,Joshi,1973-06-19,Other,9767694591,sunita.joshi600@example.com,Bengaluru,Karnataka,2025-08-14,Verified,Retired,3140469,Low
CUST000601,Rahul,Gupta,1970-01-02,Male,9849649856,rahul.gupta601@example.com,Lucknow,Uttar Pradesh,2012-09-02,Verified,Doctor,3781957,Medium
CUST000602,Diya,Singh,1974-04-22,Other,9552510505,diya.singh602@example.com,Delhi,Delhi,2016-10-17,Verified,Doctor,2131599,Low
CUST000603,Aadhya,Joshi,1974-01-13,Other,9318491966,aadhya.joshi603@example.com,Ahmedabad,Gujarat,2019-02-16,Verified,Retired,1833589,Low
CUST000604,Ira,Mishra,1979-08-15,Female,9117295963,ira.mishra604@example.com,Mumbai,Maharashtra,2024-12-04,Verified,Salaried,218981,Medium
CUST000605,Shaurya,Reddy,1958-04-27,Other,9805017164,shaurya.reddy605@example.com,Jaipur,Rajasthan,2018-02-28,Verified,Doctor,3538331,Low
CUST000606,Priya,Nair,1959-03-23,Female,9477159103,priya.nair606@example.com,Lucknow,Uttar Pradesh,2013-01-26,Verified,Student,1061942,High
CUST000607,Nitin,Bose,1970-04-08,Male,9358004010,nitin.bose607@example.com,Hyderabad,Telangana,2018-10-28,Verified,Doctor,3363950,Low
CUST000608,Reyansh,Reddy,1996-05-01,Male,9252967188,reyansh.reddy608@example.com,Ahmedabad,Gujarat,2017-05-24,Verified,Engineer,2533353,Low
CUST000609,Neha,Mishra,1963-03-28,Female,9415833117,neha.mishra609@example.com,Hyderabad,Telangana,2013-05-08,Verified,Retired,4107130,Medium
CUST000610,Ayaan,Mishra,1985-07-17,Male,9988547281,ayaan.mishra610@example.com,Delhi,Delhi,2014-12-01,Verified,Doctor,3414443,High
CUST000611,Nitin,Jain,1990-11-26,Male,9146249127,nitin.jain611@example.com,Hyderabad,Telangana,2014-05-27,Verified,Retired,319149,Medium
CUST000612,Reyansh,Kumar,1997-09-22,Other,9875418156,reyansh.kumar612@example.com,Mumbai,Maharashtra,2016-10-03,Verified,Consultant,3794218,Low
CUST000613,Vivaan,Yadav,1988-03-04,Male,9066343629,vivaan.yadav613@example.com,Chennai,Tamil Nadu,2018-03-10,Verified,Engineer,3817009,Low
CUST000614,Vivaan,Singh,1974-09-13,Male,9009431814,vivaan.singh614@example.com,Delhi,Delhi,2017-01-29,Pending,Teacher,3467563,Low
CUST000615,Krishna,Kumar,1973-06-15,Male,9354940128,krishna.kumar615@example.com,Lucknow,Uttar Pradesh,2025-12-14,Verified,Self Employed,2181685,Low
CUST000616,Rohit,Gupta,1971-10-22,Female,9720765024,rohit.gupta616@example.com,Bengaluru,Karnataka,2013-09-22,Verified,Salaried,3133994,High
CUST000617,Kiara,Sharma,1977-03-16,Female,9100943882,kiara.sharma617@example.com,Lucknow,Uttar Pradesh,2015-04-15,Verified,Business,2735189,Medium
CUST000618,Ananya,Yadav,1986-06-21,Other,9474570545,ananya.yadav618@example.com,Lucknow,Uttar Pradesh,2023-08-13,Verified,Freelancer,4243062,Low
CUST000619,Rohit,Jain,1956-11-10,Male,9632570396,rohit.jain619@example.com,Bhopal,Madhya Pradesh,2020-01-23,Verified,Business,1806065,Medium
CUST000620,Aadhya,Mehta,2003-11-20,Female,9824556964,aadhya.mehta620@example.com,Chennai,Tamil Nadu,2018-12-08,Verified,Freelancer,3059594,Medium
CUST000621,Arjun,Bose,2005-11-02,Female,9410727284,arjun.bose621@example.com,Lucknow,Uttar Pradesh,2025-12-28,Verified,Student,2727163,Low
CUST000622,Aditya,Joshi,1995-09-20,Male,9349107406,aditya.joshi622@example.com,Mumbai,Maharashtra,2019-11-25,Verified,Salaried,598608,Low
CUST000623,Diya,Joshi,2005-04-22,Male,9142369143,diya.joshi623@example.com,Kochi,Kerala,2012-09-20,Verified,Doctor,2266485,Medium
CUST000624,Rahul,Chopra,1990-10-22,Male,9449429659,rahul.chopra624@example.com,Jaipur,Rajasthan,2015-02-14,Verified,Retired,2277323,Low
CUST000625,Sara,Patel,1982-05-13,Male,9497826612,sara.patel625@example.com,Chennai,Tamil Nadu,2023-10-23,Verified,Doctor,4406307,High
CUST000626,Amit,Das,1986-10-11,Female,9766708061,amit.das626@example.com,Lucknow,Uttar Pradesh,2015-02-25,Verified,Self Employed,2215459,Low
CUST000627,Diya,Reddy,2003-09-27,Other,9406260787,diya.reddy627@example.com,Ahmedabad,Gujarat,2013-03-21,Verified,Self Employed,1077991,Low
CUST000628,Arjun,Joshi,1998-03-12,Other,9501980382,arjun.joshi628@example.com,Ahmedabad,Gujarat,2024-08-09,Verified,Engineer,1324229,Low
CUST000629,Rohit,Reddy,1982-11-22,Other,9079311029,rohit.reddy629@example.com,Chennai,Tamil Nadu,2014-09-18,Verified,Retired,1893739,Low
CUST000630,Aarav,Jain,1990-01-19,Male,9146723849,aarav.jain630@example.com,Lucknow,Uttar Pradesh,2021-11-06,Pending,Freelancer,1213447,Low
CUST000631,Rahul,Sharma,1967-09-17,Other,9328837744,rahul.sharma631@example.com,Bengaluru,Karnataka,2014-03-30,Pending,Engineer,3261466,Medium
CUST000632,Aadhya,Chopra,1964-08-18,Female,9662047196,aadhya.chopra632@example.com,Bhopal,Madhya Pradesh,2012-03-31,Verified,Salaried,3908563,Low
CUST000633,Pooja,Das,1996-12-23,Other,9740258835,pooja.das633@example.com,Bengaluru,Karnataka,2023-10-11,Verified,Business,1643785,Medium
CUST000634,Diya,Nair,1967-07-25,Female,9461767929,diya.nair634@example.com,Lucknow,Uttar Pradesh,2023-05-16,Verified,Consultant,2354545,Low
CUST000635,Ananya,Das,1991-03-23,Male,9002311775,ananya.das635@example.com,Ahmedabad,Gujarat,2017-03-11,Rejected,Retired,1064426,Medium
CUST000636,Reyansh,Chopra,1960-10-10,Male,9941017590,reyansh.chopra636@example.com,Jaipur,Rajasthan,2015-11-26,Verified,Engineer,3347781,Low
CUST000637,Rahul,Rao,1972-07-23,Female,9774332683,rahul.rao637@example.com,Hyderabad,Telangana,2013-12-05,Verified,Business,1887414,Low
CUST000638,Sai,Sharma,1991-08-10,Other,9815287339,sai.sharma638@example.com,Pune,Maharashtra,2022-08-16,Verified,Doctor,1336567,Medium
CUST000639,Myra,Bose,1988-09-28,Male,9912841173,myra.bose639@example.com,Chandigarh,Punjab,2013-02-25,Verified,Doctor,369100,Low
CUST000640,Shaurya,Kumar,1987-02-09,Male,9241893898,shaurya.kumar640@example.com,Jaipur,Rajasthan,2019-01-01,Verified,Salaried,1110082,Low
CUST000641,Pooja,Kumar,1957-09-09,Male,9564350238,pooja.kumar641@example.com,Chandigarh,Punjab,2019-05-24,Pending,Salaried,2156500,Low
CUST000642,Sunita,Verma,1961-05-07,Female,9991872401,sunita.verma642@example.com,Pune,Maharashtra,2012-10-18,Verified,Retired,3118174,Low
CUST000643,Shaurya,Singh,1959-12-19,Male,9389608706,shaurya.singh643@example.com,Mumbai,Maharashtra,2020-06-17,Verified,Teacher,3760539,Low
CUST000644,Arjun,Yadav,1987-12-28,Female,9356033190,arjun.yadav644@example.com,Delhi,Delhi,2017-02-03,Verified,Consultant,564028,High
CUST000645,Aarav,Singh,1961-11-15,Male,9272405593,aarav.singh645@example.com,Mumbai,Maharashtra,2018-07-23,Verified,Teacher,4195638,Medium
CUST000646,Rohit,Gupta,1977-06-12,Other,9375374584,rohit.gupta646@example.com,Delhi,Delhi,2017-06-23,Verified,Self Employed,2854782,Medium
CUST000647,Anika,Mehta,1986-02-05,Female,9974132834,anika.mehta647@example.com,Mumbai,Maharashtra,2024-05-26,Verified,Doctor,1370857,Low
CUST000648,Krishna,Yadav,1995-09-16,Male,9070449641,krishna.yadav648@example.com,Chandigarh,Punjab,2013-05-04,Verified,Freelancer,3400690,Low
CUST000649,Nitin,Chopra,1994-11-01,Male,9336268040,nitin.chopra649@example.com,Jaipur,Rajasthan,2024-02-23,Verified,Salaried,3000403,Medium
CUST000650,Pooja,Kumar,1974-06-05,Male,9596601864,pooja.kumar650@example.com,Ahmedabad,Gujarat,2023-12-29,Verified,Freelancer,2361882,Low
CUST000651,Aadhya,Yadav,1976-05-16,Male,9044138459,aadhya.yadav651@example.com,Bhopal,Madhya Pradesh,2020-11-06,Verified,Self Employed,3214116,Low
CUST000652,Ishaan,Sharma,1982-07-14,Other,9542770707,ishaan.sharma652@example.com,Delhi,Delhi,2012-10-30,Rejected,Engineer,2007395,Low
CUST000653,Kiara,Gupta,2004-06-21,Female,9172444723,kiara.gupta653@example.com,Chennai,Tamil Nadu,2026-02-19,Verified,Freelancer,595904,Low
CUST000654,Rahul,Verma,2000-06-17,Female,9950830440,rahul.verma654@example.com,Bengaluru,Karnataka,2019-12-04,Verified,Salaried,2148779,Low
CUST000655,Aditya,Jain,1965-02-25,Other,9133595616,aditya.jain655@example.com,Lucknow,Uttar Pradesh,2018-05-08,Verified,Doctor,3202305,Low
CUST000656,Avni,Das,1981-05-19,Other,9025042901,avni.das656@example.com,Lucknow,Uttar Pradesh,2025-08-29,Verified,Doctor,4464868,Medium
CUST000657,Neha,Jain,1985-11-12,Male,9690261139,neha.jain657@example.com,Ahmedabad,Gujarat,2023-04-17,Rejected,Consultant,3687110,Low
CUST000658,Arjun,Jain,1997-05-17,Other,9887543943,arjun.jain658@example.com,Mumbai,Maharashtra,2019-05-16,Verified,Doctor,2116851,Low
CUST000659,Neha,Mehta,1976-08-16,Female,9651588157,neha.mehta659@example.com,Bhopal,Madhya Pradesh,2025-07-28,Verified,Teacher,2107394,Low
CUST000660,Vikas,Reddy,1976-12-22,Female,9929445511,vikas.reddy660@example.com,Kochi,Kerala,2021-02-28,Verified,Student,4325652,Low
CUST000661,Priya,Patel,1995-09-26,Male,9216487120,priya.patel661@example.com,Bengaluru,Karnataka,2021-09-04,Verified,Student,792491,Low
CUST000662,Nitin,Jain,1992-11-21,Female,9268341559,nitin.jain662@example.com,Jaipur,Rajasthan,2025-08-26,Verified,Salaried,798681,Medium
CUST000663,Diya,Yadav,1995-05-08,Other,9647229812,diya.yadav663@example.com,Jaipur,Rajasthan,2012-03-04,Verified,Doctor,3984461,Low
CUST000664,Myra,Iyer,1980-01-22,Male,9347509889,myra.iyer664@example.com,Kochi,Kerala,2023-05-26,Pending,Teacher,2572910,Low
CUST000665,Ananya,Iyer,1958-10-06,Other,9368499515,ananya.iyer665@example.com,Bengaluru,Karnataka,2018-05-22,Verified,Self Employed,2477207,Low
CUST000666,Krishna,Iyer,1978-04-10,Other,9134213882,krishna.iyer666@example.com,Chennai,Tamil Nadu,2012-08-12,Verified,Salaried,1816891,Low
CUST000667,Vikas,Sharma,1973-03-23,Female,9967827411,vikas.sharma667@example.com,Pune,Maharashtra,2021-12-19,Pending,Engineer,2386678,Low
CUST000668,Sai,Kumar,1965-06-13,Female,9131528547,sai.kumar668@example.com,Bhopal,Madhya Pradesh,2026-02-22,Verified,Business,2820817,Medium
CUST000669,Vivaan,Bose,2001-10-07,Female,9380032963,vivaan.bose669@example.com,Delhi,Delhi,2016-05-21,Verified,Student,4244340,Medium
CUST000670,Neha,Mishra,1966-10-28,Male,9183061789,neha.mishra670@example.com,Chennai,Tamil Nadu,2016-09-04,Verified,Salaried,3687774,Medium
CUST000671,Meera,Chopra,1976-01-22,Other,9578243477,meera.chopra671@example.com,Chandigarh,Punjab,2026-02-17,Verified,Doctor,4214576,Low
CUST000672,Krishna,Mehta,1992-08-23,Female,9536127515,krishna.mehta672@example.com,Chennai,Tamil Nadu,2020-12-05,Verified,Engineer,4283492,Low
CUST000673,Rohit,Singh,1981-02-06,Female,9836085456,rohit.singh673@example.com,Mumbai,Maharashtra,2020-10-11,Verified,Teacher,3524366,Low
CUST000674,Vivaan,Kumar,1974-08-23,Female,9047639283,vivaan.kumar674@example.com,Lucknow,Uttar Pradesh,2026-01-09,Verified,Freelancer,2945591,Low
CUST000675,Sara,Sharma,1956-11-22,Female,9155810835,sara.sharma675@example.com,Bhopal,Madhya Pradesh,2024-01-04,Verified,Student,3497914,Medium
CUST000676,Krishna,Joshi,1988-07-17,Female,9638300081,krishna.joshi676@example.com,Bengaluru,Karnataka,2023-04-01,Verified,Engineer,534713,Low
CUST000677,Shaurya,Sharma,1977-03-09,Male,9416624111,shaurya.sharma677@example.com,Hyderabad,Telangana,2023-04-25,Verified,Teacher,349065,Low
CUST000678,Vikas,Rao,1968-08-15,Male,9963945680,vikas.rao678@example.com,Ahmedabad,Gujarat,2018-10-11,Verified,Retired,1016169,Low
CUST000679,Rahul,Mishra,1981-02-16,Female,9136847488,rahul.mishra679@example.com,Jaipur,Rajasthan,2017-06-26,Verified,Engineer,3482135,High
CUST000680,Priya,Rao,1964-09-18,Female,9390637579,priya.rao680@example.com,Bhopal,Madhya Pradesh,2014-06-11,Verified,Doctor,1386040,Medium
CUST000681,Aditya,Mehta,1970-03-09,Male,9793126978,aditya.mehta681@example.com,Kochi,Kerala,2024-09-15,Verified,Salaried,4319088,Low
CUST000682,Shaurya,Nair,1958-04-11,Female,9996043878,shaurya.nair682@example.com,Bengaluru,Karnataka,2023-03-18,Verified,Retired,2879772,Low
CUST000683,Ira,Jain,1962-04-22,Male,9616202812,ira.jain683@example.com,Kochi,Kerala,2016-06-04,Verified,Business,507675,Medium
CUST000684,Ira,Iyer,2002-01-23,Female,9286604164,ira.iyer684@example.com,Chandigarh,Punjab,2018-01-29,Verified,Freelancer,3297473,Low
CUST000685,Reyansh,Reddy,2001-12-10,Other,9395894773,reyansh.reddy685@example.com,Chennai,Tamil Nadu,2019-05-28,Pending,Student,1557729,Low
CUST000686,Vikas,Mishra,1983-07-03,Female,9227104331,vikas.mishra686@example.com,Mumbai,Maharashtra,2024-01-23,Verified,Business,692609,Low
CUST000687,Meera,Iyer,1986-06-10,Other,9835034469,meera.iyer687@example.com,Delhi,Delhi,2018-11-09,Verified,Teacher,2316992,Low
CUST000688,Rahul,Patel,1968-09-03,Male,9342491289,rahul.patel688@example.com,Delhi,Delhi,2020-08-03,Verified,Freelancer,2505636,High
CUST000689,Neha,Mishra,1970-01-30,Male,9331922270,neha.mishra689@example.com,Hyderabad,Telangana,2019-04-02,Verified,Salaried,1329028,Low
CUST000690,Myra,Bose,1997-04-26,Female,9481386667,myra.bose690@example.com,Chandigarh,Punjab,2019-12-18,Verified,Consultant,2838953,Low
CUST000691,Kiran,Patel,1979-12-01,Other,9268774186,kiran.patel691@example.com,Bengaluru,Karnataka,2019-10-23,Verified,Doctor,4089727,Medium
CUST000692,Diya,Bose,2005-03-22,Male,9652037583,diya.bose692@example.com,Hyderabad,Telangana,2012-02-15,Verified,Doctor,969439,Medium
CUST000693,Pooja,Kumar,1956-03-01,Other,9404760440,pooja.kumar693@example.com,Kochi,Kerala,2024-10-31,Verified,Engineer,3992460,Low
CUST000694,Ira,Rao,1958-06-05,Female,9092221610,ira.rao694@example.com,Delhi,Delhi,2021-12-11,Verified,Salaried,2816007,Low
CUST000695,Sara,Kumar,1956-06-30,Female,9529580660,sara.kumar695@example.com,Hyderabad,Telangana,2013-06-16,Verified,Consultant,1417436,Medium
CUST000696,Aditya,Iyer,1958-12-29,Female,9938620448,aditya.iyer696@example.com,Lucknow,Uttar Pradesh,2019-11-12,Verified,Engineer,902219,Low
CUST000697,Myra,Gupta,1963-02-15,Male,9125902035,myra.gupta697@example.com,Delhi,Delhi,2022-04-29,Verified,Retired,2761865,Medium
CUST000698,Rahul,Patel,1966-11-28,Female,9064242956,rahul.patel698@example.com,Bhopal,Madhya Pradesh,2017-01-25,Verified,Self Employed,1851217,Low
CUST000699,Shaurya,Kumar,1994-06-09,Female,9175955872,shaurya.kumar699@example.com,Bhopal,Madhya Pradesh,2012-10-27,Pending,Freelancer,3415324,Low
CUST000700,Kiara,Patel,1993-12-03,Female,9435884183,kiara.patel700@example.com,Bhopal,Madhya Pradesh,2017-10-16,Verified,Self Employed,443805,Medium
CUST000701,Anika,Iyer,1967-07-18,Female,9955969051,anika.iyer701@example.com,Lucknow,Uttar Pradesh,2026-02-12,Verified,Salaried,1511695,Low
CUST000702,Ananya,Nair,1963-12-28,Male,9542782079,ananya.nair702@example.com,Chandigarh,Punjab,2022-03-28,Verified,Teacher,3529852,Low
CUST000703,Krishna,Kumar,1988-06-25,Other,9576403816,krishna.kumar703@example.com,Bhopal,Madhya Pradesh,2021-07-20,Verified,Freelancer,3541735,Low
CUST000704,Reyansh,Jain,1981-12-19,Other,9839225014,reyansh.jain704@example.com,Bengaluru,Karnataka,2015-03-04,Verified,Engineer,3501837,Low
CUST000705,Aarav,Reddy,1970-06-09,Female,9412336132,aarav.reddy705@example.com,Hyderabad,Telangana,2024-06-15,Pending,Doctor,221479,Low
CUST000706,Diya,Mehta,2004-04-29,Other,9637673162,diya.mehta706@example.com,Lucknow,Uttar Pradesh,2019-02-20,Verified,Student,3534466,Medium
CUST000707,Kiran,Joshi,1993-02-03,Other,9681579039,kiran.joshi707@example.com,Chandigarh,Punjab,2015-12-30,Verified,Doctor,3219028,Low
CUST000708,Vikas,Sharma,1990-09-21,Male,9327303461,vikas.sharma708@example.com,Ahmedabad,Gujarat,2019-08-13,Verified,Student,3751125,Low
CUST000709,Shaurya,Chopra,1998-02-14,Male,9462268171,shaurya.chopra709@example.com,Chandigarh,Punjab,2019-10-07,Verified,Business,3572970,Medium
CUST000710,Aarav,Iyer,1966-07-20,Other,9867076604,aarav.iyer710@example.com,Pune,Maharashtra,2021-07-13,Verified,Business,3957138,Low
CUST000711,Priya,Mishra,1985-01-22,Other,9512686120,priya.mishra711@example.com,Bhopal,Madhya Pradesh,2019-07-24,Pending,Freelancer,2342889,Low
CUST000712,Vikas,Yadav,1959-05-10,Female,9401775095,vikas.yadav712@example.com,Jaipur,Rajasthan,2017-08-29,Verified,Self Employed,377386,Low
CUST000713,Reyansh,Joshi,1992-06-01,Male,9754091508,reyansh.joshi713@example.com,Pune,Maharashtra,2020-11-19,Verified,Business,973332,Low
CUST000714,Sai,Mishra,1979-08-24,Female,9793897015,sai.mishra714@example.com,Jaipur,Rajasthan,2020-05-11,Verified,Freelancer,1028278,Low
CUST000715,Neha,Gupta,1982-02-03,Female,9602416139,neha.gupta715@example.com,Pune,Maharashtra,2017-11-07,Rejected,Freelancer,4492076,Low
CUST000716,Sunita,Singh,1959-05-20,Female,9973642480,sunita.singh716@example.com,Bhopal,Madhya Pradesh,2025-07-24,Verified,Student,2570019,Low
CUST000717,Avni,Patel,1992-03-03,Other,9244795133,avni.patel717@example.com,Mumbai,Maharashtra,2012-05-28,Verified,Retired,714542,Low
CUST000718,Neha,Yadav,1992-09-30,Other,9958678055,neha.yadav718@example.com,Ahmedabad,Gujarat,2019-03-03,Verified,Engineer,1453211,Low
CUST000719,Neha,Mishra,2002-10-01,Other,9264609178,neha.mishra719@example.com,Hyderabad,Telangana,2019-09-29,Verified,Consultant,3277002,Low
CUST000720,Priya,Nair,1996-12-06,Male,9299295966,priya.nair720@example.com,Lucknow,Uttar Pradesh,2012-07-10,Verified,Self Employed,4296767,High
CUST000721,Aadhya,Rao,1988-12-13,Other,9116331942,aadhya.rao721@example.com,Bengaluru,Karnataka,2015-07-27,Verified,Teacher,3606882,Low
CUST000722,Ayaan,Bose,1980-01-08,Female,9515888636,ayaan.bose722@example.com,Ahmedabad,Gujarat,2023-02-05,Verified,Self Employed,3950309,Low
CUST000723,Nitin,Iyer,1980-11-15,Male,9857216966,nitin.iyer723@example.com,Jaipur,Rajasthan,2021-03-15,Verified,Salaried,2060663,Low
CUST000724,Meera,Jain,1991-09-03,Male,9593297150,meera.jain724@example.com,Delhi,Delhi,2025-06-27,Pending,Teacher,4469392,Medium
CUST000725,Nitin,Iyer,1988-02-10,Other,9327352410,nitin.iyer725@example.com,Lucknow,Uttar Pradesh,2016-08-22,Verified,Engineer,2235602,Medium
CUST000726,Myra,Singh,1996-05-24,Other,9195237100,myra.singh726@example.com,Bengaluru,Karnataka,2021-02-10,Pending,Engineer,3412261,Low
CUST000727,Avni,Kumar,2003-03-17,Male,9980770460,avni.kumar727@example.com,Bhopal,Madhya Pradesh,2020-02-24,Verified,Consultant,3871371,Low
CUST000728,Arjun,Mehta,1978-07-20,Other,9125652373,arjun.mehta728@example.com,Bengaluru,Karnataka,2017-12-06,Verified,Business,4024012,Medium
CUST000729,Ira,Singh,1985-09-21,Female,9757494902,ira.singh729@example.com,Chennai,Tamil Nadu,2015-04-27,Verified,Salaried,2034063,Medium
CUST000730,Kiara,Das,1981-02-15,Female,9294774222,kiara.das730@example.com,Bhopal,Madhya Pradesh,2025-08-16,Verified,Teacher,2338437,Low
CUST000731,Aarav,Patel,1982-03-07,Male,9904588679,aarav.patel731@example.com,Ahmedabad,Gujarat,2015-10-27,Rejected,Student,4383491,Low
CUST000732,Diya,Chopra,1970-03-04,Other,9727601534,diya.chopra732@example.com,Lucknow,Uttar Pradesh,2016-08-18,Verified,Self Employed,1183205,Low
CUST000733,Diya,Mishra,1956-02-04,Other,9833506158,diya.mishra733@example.com,Lucknow,Uttar Pradesh,2013-07-04,Verified,Consultant,846452,High
CUST000734,Vivaan,Yadav,2001-11-30,Male,9342337209,vivaan.yadav734@example.com,Ahmedabad,Gujarat,2017-12-17,Verified,Business,1773954,Medium
CUST000735,Pooja,Gupta,2001-11-18,Female,9033399771,pooja.gupta735@example.com,Bengaluru,Karnataka,2024-01-16,Pending,Salaried,2854777,Medium
CUST000736,Aditya,Patel,1965-06-11,Female,9173189397,aditya.patel736@example.com,Lucknow,Uttar Pradesh,2018-09-23,Verified,Freelancer,3785051,Medium
CUST000737,Arjun,Yadav,1972-06-23,Other,9970469472,arjun.yadav737@example.com,Chandigarh,Punjab,2019-05-16,Verified,Consultant,2560315,High
CUST000738,Shaurya,Kumar,1977-05-04,Female,9488471270,shaurya.kumar738@example.com,Kochi,Kerala,2019-02-27,Pending,Consultant,4126893,Low
CUST000739,Reyansh,Gupta,1982-05-01,Male,9758231334,reyansh.gupta739@example.com,Jaipur,Rajasthan,2023-04-03,Verified,Consultant,4138379,Low
CUST000740,Shaurya,Patel,1968-11-13,Female,9236229258,shaurya.patel740@example.com,Ahmedabad,Gujarat,2022-08-17,Verified,Teacher,2439749,Low
CUST000741,Ishaan,Mishra,1988-04-07,Male,9455574696,ishaan.mishra741@example.com,Chennai,Tamil Nadu,2021-05-10,Verified,Teacher,643952,High
CUST000742,Diya,Reddy,1979-08-08,Male,9334450566,diya.reddy742@example.com,Lucknow,Uttar Pradesh,2019-04-22,Verified,Retired,1983381,Low
CUST000743,Myra,Kumar,1961-09-04,Male,9257970673,myra.kumar743@example.com,Delhi,Delhi,2018-04-13,Rejected,Freelancer,3325887,Low
CUST000744,Vivaan,Nair,2003-04-04,Female,9741721562,vivaan.nair744@example.com,Chennai,Tamil Nadu,2015-05-17,Verified,Freelancer,1857673,Low
CUST000745,Myra,Singh,2004-01-14,Other,9488402155,myra.singh745@example.com,Pune,Maharashtra,2021-12-31,Verified,Retired,1724678,Low
CUST000746,Krishna,Yadav,1984-11-16,Male,9449021666,krishna.yadav746@example.com,Pune,Maharashtra,2022-11-28,Verified,Consultant,685718,Medium
CUST000747,Anika,Das,2005-10-02,Female,9085874951,anika.das747@example.com,Mumbai,Maharashtra,2013-09-10,Verified,Consultant,1122333,Low
CUST000748,Sunita,Jain,1997-01-10,Other,9316477251,sunita.jain748@example.com,Delhi,Delhi,2016-01-28,Verified,Doctor,3988822,Low
CUST000749,Amit,Bose,1991-01-07,Other,9409600356,amit.bose749@example.com,Mumbai,Maharashtra,2015-05-17,Verified,Retired,2919881,Low
CUST000750,Rahul,Patel,1986-10-26,Other,9923234210,rahul.patel750@example.com,Ahmedabad,Gujarat,2023-12-18,Verified,Salaried,1248067,Low
CUST000751,Aditya,Nair,1975-08-24,Other,9334264335,aditya.nair751@example.com,Pune,Maharashtra,2012-08-11,Verified,Engineer,1212722,Medium
CUST000752,Aadhya,Sharma,1973-09-17,Female,9077633691,aadhya.sharma752@example.com,Lucknow,Uttar Pradesh,2014-01-30,Rejected,Consultant,1200925,Low
CUST000753,Ayaan,Mehta,1987-02-25,Other,9563318574,ayaan.mehta753@example.com,Lucknow,Uttar Pradesh,2023-05-30,Verified,Engineer,315437,Low
CUST000754,Sunita,Bose,1963-12-23,Female,9541643167,sunita.bose754@example.com,Jaipur,Rajasthan,2012-05-09,Pending,Self Employed,2891793,Low
CUST000755,Nitin,Singh,2005-08-26,Male,9282270093,nitin.singh755@example.com,Bengaluru,Karnataka,2018-07-28,Verified,Teacher,1501060,Low
CUST000756,Reyansh,Jain,1971-04-18,Female,9120734654,reyansh.jain756@example.com,Bengaluru,Karnataka,2025-12-12,Verified,Salaried,2961511,Low
CUST000757,Ira,Verma,1967-12-13,Female,9086982210,ira.verma757@example.com,Bhopal,Madhya Pradesh,2019-10-27,Pending,Business,3702232,High
CUST000758,Arjun,Mishra,1992-03-28,Other,9729047742,arjun.mishra758@example.com,Lucknow,Uttar Pradesh,2019-03-30,Verified,Doctor,988647,Low
CUST000759,Neha,Patel,1974-09-04,Other,9223116491,neha.patel759@example.com,Bengaluru,Karnataka,2017-08-08,Verified,Student,2705878,Low
CUST000760,Myra,Jain,1978-12-06,Male,9565290603,myra.jain760@example.com,Kochi,Kerala,2016-02-01,Verified,Salaried,2175057,Low
CUST000761,Ananya,Sharma,1998-02-18,Female,9539673794,ananya.sharma761@example.com,Ahmedabad,Gujarat,2024-03-29,Verified,Self Employed,4495862,Medium
CUST000762,Ananya,Iyer,1985-08-04,Female,9871584156,ananya.iyer762@example.com,Chennai,Tamil Nadu,2012-07-27,Rejected,Student,973424,Low
CUST000763,Myra,Mehta,2004-05-20,Other,9425476818,myra.mehta763@example.com,Delhi,Delhi,2016-02-04,Verified,Consultant,1814755,Low
CUST000764,Rohit,Singh,1972-10-28,Other,9589298808,rohit.singh764@example.com,Mumbai,Maharashtra,2020-02-18,Verified,Consultant,1578829,Low
CUST000765,Arjun,Iyer,1975-04-20,Other,9289634064,arjun.iyer765@example.com,Chandigarh,Punjab,2020-09-28,Pending,Teacher,4177556,Low
CUST000766,Sai,Joshi,1961-09-19,Female,9843991062,sai.joshi766@example.com,Mumbai,Maharashtra,2015-03-23,Verified,Student,2213927,Low
CUST000767,Reyansh,Bose,1972-05-07,Male,9513426192,reyansh.bose767@example.com,Jaipur,Rajasthan,2016-08-13,Verified,Self Employed,2927012,Low
CUST000768,Arjun,Jain,2002-01-12,Male,9973741897,arjun.jain768@example.com,Chennai,Tamil Nadu,2015-06-12,Verified,Doctor,2462563,High
CUST000769,Vivaan,Chopra,1965-02-14,Other,9769274381,vivaan.chopra769@example.com,Chennai,Tamil Nadu,2013-12-26,Rejected,Freelancer,3221284,Low
CUST000770,Nitin,Mishra,1993-10-19,Female,9014448564,nitin.mishra770@example.com,Bhopal,Madhya Pradesh,2019-12-31,Verified,Business,4253078,Low
CUST000771,Ira,Singh,1993-11-30,Other,9417899698,ira.singh771@example.com,Ahmedabad,Gujarat,2020-07-31,Verified,Business,1006921,Low
CUST000772,Arjun,Singh,1992-11-04,Female,9057798066,arjun.singh772@example.com,Pune,Maharashtra,2012-07-29,Verified,Student,382538,Low
CUST000773,Ananya,Mehta,1991-12-23,Male,9745553470,ananya.mehta773@example.com,Chennai,Tamil Nadu,2019-04-12,Verified,Self Employed,1527144,Low
CUST000774,Priya,Rao,1983-11-17,Other,9652715598,priya.rao774@example.com,Chandigarh,Punjab,2017-02-07,Verified,Self Employed,1029750,Medium
CUST000775,Aditya,Chopra,1999-08-10,Other,9263475575,aditya.chopra775@example.com,Pune,Maharashtra,2015-07-28,Pending,Doctor,313608,Low
CUST000776,Kiara,Joshi,2005-04-13,Female,9882691311,kiara.joshi776@example.com,Kochi,Kerala,2025-05-30,Pending,Teacher,2389308,Low
CUST000777,Ananya,Rao,1990-08-05,Male,9614991537,ananya.rao777@example.com,Pune,Maharashtra,2012-11-30,Verified,Student,2476702,Low
CUST000778,Krishna,Singh,1975-04-06,Female,9320430977,krishna.singh778@example.com,Hyderabad,Telangana,2021-04-18,Verified,Freelancer,1792618,Low
CUST000779,Nitin,Jain,1990-11-07,Other,9964546553,nitin.jain779@example.com,Ahmedabad,Gujarat,2019-03-07,Verified,Business,1308207,Low
CUST000780,Vikas,Singh,1966-07-21,Male,9878519358,vikas.singh780@example.com,Kochi,Kerala,2017-01-08,Verified,Freelancer,626286,Low
CUST000781,Myra,Mishra,1994-02-17,Male,9208780572,myra.mishra781@example.com,Ahmedabad,Gujarat,2013-06-06,Verified,Business,2496013,Low
CUST000782,Kiran,Sharma,1999-01-12,Female,9263748453,kiran.sharma782@example.com,Bhopal,Madhya Pradesh,2024-10-12,Verified,Consultant,3595354,Low
CUST000783,Sara,Nair,1959-10-02,Other,9591191862,sara.nair783@example.com,Mumbai,Maharashtra,2016-05-13,Verified,Freelancer,1684419,Medium
CUST000784,Aarav,Mishra,1965-09-20,Female,9116966672,aarav.mishra784@example.com,Bhopal,Madhya Pradesh,2019-09-13,Verified,Self Employed,3159272,Low
CUST000785,Avni,Kumar,1963-02-21,Male,9463351571,avni.kumar785@example.com,Lucknow,Uttar Pradesh,2023-10-01,Verified,Freelancer,690873,High
CUST000786,Vivaan,Das,1970-02-12,Male,9800564099,vivaan.das786@example.com,Delhi,Delhi,2020-05-28,Pending,Student,1761102,Low
CUST000787,Ira,Iyer,1974-08-04,Female,9129592728,ira.iyer787@example.com,Kochi,Kerala,2015-05-04,Verified,Engineer,434524,Low
CUST000788,Pooja,Rao,1982-12-17,Female,9152982173,pooja.rao788@example.com,Delhi,Delhi,2025-07-14,Verified,Freelancer,3010288,High
CUST000789,Pooja,Rao,1995-03-09,Male,9815352373,pooja.rao789@example.com,Jaipur,Rajasthan,2021-01-24,Verified,Salaried,4210083,Medium
CUST000790,Pooja,Mehta,1963-02-28,Other,9589988683,pooja.mehta790@example.com,Kochi,Kerala,2018-05-03,Verified,Engineer,1841292,Low
CUST000791,Rahul,Bose,1994-01-14,Female,9170715879,rahul.bose791@example.com,Jaipur,Rajasthan,2020-09-20,Verified,Self Employed,642342,Low
CUST000792,Vivaan,Patel,1982-07-21,Other,9982508004,vivaan.patel792@example.com,Delhi,Delhi,2020-08-19,Verified,Consultant,619858,Medium
CUST000793,Rohit,Bose,2000-08-10,Other,9285031723,rohit.bose793@example.com,Bhopal,Madhya Pradesh,2019-03-08,Verified,Retired,4334669,Low
CUST000794,Rahul,Sharma,1989-03-23,Male,9140352635,rahul.sharma794@example.com,Mumbai,Maharashtra,2021-01-05,Verified,Student,2245050,Low
CUST000795,Ishaan,Bose,1982-10-15,Male,9460666437,ishaan.bose795@example.com,Chandigarh,Punjab,2017-09-07,Verified,Teacher,530638,Medium
CUST000796,Myra,Reddy,1975-01-02,Male,9112712852,myra.reddy796@example.com,Chandigarh,Punjab,2017-10-02,Pending,Teacher,2569132,Low
CUST000797,Shaurya,Kumar,1965-09-17,Female,9318732807,shaurya.kumar797@example.com,Delhi,Delhi,2022-09-27,Verified,Retired,499029,Medium
CUST000798,Reyansh,Gupta,1961-01-17,Male,9695727908,reyansh.gupta798@example.com,Bhopal,Madhya Pradesh,2016-03-28,Verified,Doctor,547067,Low
CUST000799,Sai,Nair,1970-09-30,Female,9730662481,sai.nair799@example.com,Chennai,Tamil Nadu,2017-01-19,Verified,Retired,2997638,Medium
CUST000800,Myra,Sharma,1961-03-23,Male,9984822850,myra.sharma800@example.com,Lucknow,Uttar Pradesh,2014-07-01,Verified,Teacher,326480,Low
CUST000801,Reyansh,Nair,1958-06-13,Male,9130609069,reyansh.nair801@example.com,Pune,Maharashtra,2014-09-07,Pending,Salaried,800119,Low
CUST000802,Vikas,Mishra,1989-08-20,Female,9967379457,vikas.mishra802@example.com,Ahmedabad,Gujarat,2022-09-30,Pending,Student,3990300,Low
CUST000803,Diya,Singh,1980-09-25,Other,9264250642,diya.singh803@example.com,Bengaluru,Karnataka,2012-12-14,Verified,Consultant,2084093,High
CUST000804,Sai,Das,1991-05-29,Female,9677767555,sai.das804@example.com,Hyderabad,Telangana,2020-12-11,Verified,Consultant,1907340,Low
CUST000805,Amit,Patel,1972-06-16,Other,9957865436,amit.patel805@example.com,Ahmedabad,Gujarat,2015-03-03,Verified,Consultant,3974333,Low
CUST000806,Vikas,Bose,1972-11-21,Male,9582686270,vikas.bose806@example.com,Mumbai,Maharashtra,2016-08-18,Verified,Student,2472774,High
CUST000807,Rohit,Reddy,1991-01-20,Other,9326573275,rohit.reddy807@example.com,Chandigarh,Punjab,2025-09-09,Pending,Freelancer,476131,Medium
CUST000808,Sunita,Gupta,1956-12-04,Male,9051553234,sunita.gupta808@example.com,Delhi,Delhi,2013-06-24,Verified,Doctor,3926495,Low
CUST000809,Amit,Iyer,1982-03-16,Male,9822261896,amit.iyer809@example.com,Chennai,Tamil Nadu,2015-07-20,Verified,Engineer,2539166,Medium
CUST000810,Kiran,Singh,1968-02-27,Female,9102676720,kiran.singh810@example.com,Delhi,Delhi,2025-02-22,Verified,Doctor,3878843,Low
CUST000811,Reyansh,Yadav,1999-02-13,Other,9955151229,reyansh.yadav811@example.com,Mumbai,Maharashtra,2018-09-24,Verified,Student,1110899,High
CUST000812,Sunita,Patel,1983-10-09,Female,9159709962,sunita.patel812@example.com,Chandigarh,Punjab,2020-03-10,Pending,Retired,4486902,Low
CUST000813,Anika,Sharma,1983-07-31,Male,9034476504,anika.sharma813@example.com,Lucknow,Uttar Pradesh,2022-04-10,Verified,Doctor,443182,Low
CUST000814,Pooja,Sharma,1956-09-21,Female,9637660465,pooja.sharma814@example.com,Bhopal,Madhya Pradesh,2020-03-23,Verified,Teacher,3595799,Medium
CUST000815,Sai,Das,1978-06-20,Other,9374417158,sai.das815@example.com,Bhopal,Madhya Pradesh,2014-07-18,Verified,Student,1077997,Low
CUST000816,Reyansh,Das,1968-10-25,Other,9311005912,reyansh.das816@example.com,Delhi,Delhi,2025-01-25,Verified,Engineer,2955795,Medium
CUST000817,Arjun,Mehta,1967-06-12,Male,9121106330,arjun.mehta817@example.com,Mumbai,Maharashtra,2013-10-12,Verified,Consultant,1795969,Low
CUST000818,Ayaan,Mishra,1971-09-10,Female,9490728012,ayaan.mishra818@example.com,Ahmedabad,Gujarat,2016-06-07,Verified,Consultant,1768345,Medium
CUST000819,Amit,Gupta,1971-10-13,Female,9326949684,amit.gupta819@example.com,Hyderabad,Telangana,2016-11-22,Verified,Doctor,2199730,Low
CUST000820,Rahul,Kumar,1969-06-20,Male,9017509617,rahul.kumar820@example.com,Chennai,Tamil Nadu,2012-04-08,Rejected,Business,2850916,Low
CUST000821,Pooja,Das,1960-11-28,Other,9457575747,pooja.das821@example.com,Bhopal,Madhya Pradesh,2019-01-11,Verified,Retired,2093539,Low
CUST000822,Vivaan,Das,1996-09-17,Female,9567772266,vivaan.das822@example.com,Jaipur,Rajasthan,2012-07-19,Pending,Doctor,3379896,High
CUST000823,Rahul,Reddy,1987-10-23,Male,9622923106,rahul.reddy823@example.com,Jaipur,Rajasthan,2022-08-04,Verified,Doctor,1838901,Low
CUST000824,Aadhya,Iyer,2004-04-13,Female,9337976627,aadhya.iyer824@example.com,Chennai,Tamil Nadu,2013-05-04,Verified,Business,741248,High
CUST000825,Amit,Mishra,1980-12-15,Male,9387367042,amit.mishra825@example.com,Ahmedabad,Gujarat,2019-08-05,Verified,Freelancer,3778691,Low
CUST000826,Meera,Reddy,1980-04-16,Female,9525971075,meera.reddy826@example.com,Kochi,Kerala,2021-05-09,Verified,Doctor,2138222,Medium
CUST000827,Kiran,Nair,1997-09-20,Female,9859532593,kiran.nair827@example.com,Chandigarh,Punjab,2025-04-18,Verified,Retired,4278572,Low
CUST000828,Kiran,Sharma,2000-11-03,Male,9629518779,kiran.sharma828@example.com,Pune,Maharashtra,2017-12-19,Verified,Teacher,1800525,Medium
CUST000829,Ishaan,Reddy,1960-04-18,Female,9330559782,ishaan.reddy829@example.com,Pune,Maharashtra,2018-02-12,Pending,Engineer,2815434,Low
CUST000830,Sara,Patel,1971-11-19,Other,9914038843,sara.patel830@example.com,Chandigarh,Punjab,2020-06-07,Verified,Salaried,2681290,Low
CUST000831,Sai,Joshi,1957-08-02,Other,9615727682,sai.joshi831@example.com,Mumbai,Maharashtra,2025-04-26,Verified,Doctor,1083829,High
CUST000832,Myra,Kumar,1995-09-02,Female,9292501058,myra.kumar832@example.com,Hyderabad,Telangana,2022-09-13,Verified,Doctor,3325971,Low
CUST000833,Rahul,Bose,1984-01-22,Female,9259045990,rahul.bose833@example.com,Chandigarh,Punjab,2023-06-23,Verified,Student,4346425,Low
CUST000834,Aditya,Reddy,1964-03-04,Other,9231555165,aditya.reddy834@example.com,Bengaluru,Karnataka,2013-07-23,Verified,Consultant,701355,Low
CUST000835,Rahul,Chopra,1968-11-26,Other,9137214330,rahul.chopra835@example.com,Bhopal,Madhya Pradesh,2024-07-04,Verified,Retired,4195569,Low
CUST000836,Krishna,Singh,1967-05-09,Other,9556608470,krishna.singh836@example.com,Bengaluru,Karnataka,2021-04-22,Verified,Salaried,1858765,Low
CUST000837,Ayaan,Singh,1999-02-03,Male,9519582632,ayaan.singh837@example.com,Ahmedabad,Gujarat,2024-01-10,Verified,Freelancer,2540698,Low
CUST000838,Diya,Jain,1969-05-05,Male,9945354614,diya.jain838@example.com,Jaipur,Rajasthan,2022-02-16,Verified,Freelancer,4473332,Medium
CUST000839,Ayaan,Iyer,1958-09-27,Female,9133943945,ayaan.iyer839@example.com,Delhi,Delhi,2022-05-27,Verified,Retired,2296719,Low
CUST000840,Aarav,Joshi,1974-06-01,Male,9537657692,aarav.joshi840@example.com,Mumbai,Maharashtra,2023-01-10,Verified,Freelancer,2573626,Medium
CUST000841,Rohit,Singh,1964-08-15,Male,9090040476,rohit.singh841@example.com,Delhi,Delhi,2024-09-27,Rejected,Business,629107,Low
CUST000842,Rahul,Patel,1988-06-12,Male,9460401424,rahul.patel842@example.com,Jaipur,Rajasthan,2022-04-01,Pending,Retired,1189359,Medium
CUST000843,Neha,Sharma,1970-08-30,Male,9113798440,neha.sharma843@example.com,Lucknow,Uttar Pradesh,2024-08-18,Verified,Student,1987540,Low
CUST000844,Rohit,Chopra,1958-05-02,Female,9676209014,rohit.chopra844@example.com,Mumbai,Maharashtra,2018-04-25,Verified,Retired,2422144,Low
CUST000845,Ishaan,Patel,1995-03-11,Male,9096873045,ishaan.patel845@example.com,Hyderabad,Telangana,2013-12-25,Verified,Engineer,4143409,Low
CUST000846,Diya,Das,2004-06-07,Other,9255629657,diya.das846@example.com,Bhopal,Madhya Pradesh,2019-10-17,Verified,Student,4328256,Medium
CUST000847,Avni,Das,1962-10-03,Other,9425577820,avni.das847@example.com,Jaipur,Rajasthan,2019-09-14,Verified,Student,3045966,Low
CUST000848,Vikas,Iyer,1967-07-08,Male,9616188081,vikas.iyer848@example.com,Ahmedabad,Gujarat,2024-11-27,Verified,Consultant,1561619,Medium
CUST000849,Rohit,Nair,1965-06-28,Female,9586863956,rohit.nair849@example.com,Lucknow,Uttar Pradesh,2014-05-21,Verified,Engineer,1486116,Medium
CUST000850,Kiran,Patel,1955-01-20,Other,9172143643,kiran.patel850@example.com,Bhopal,Madhya Pradesh,2024-02-26,Verified,Retired,377179,Low
CUST000851,Shaurya,Mehta,1971-08-30,Other,9114716560,shaurya.mehta851@example.com,Hyderabad,Telangana,2025-05-27,Verified,Teacher,3325022,Low
CUST000852,Avni,Mishra,1958-10-04,Other,9707550476,avni.mishra852@example.com,Chandigarh,Punjab,2024-02-02,Verified,Teacher,3124862,High
CUST000853,Rohit,Mishra,1989-02-01,Male,9717481131,rohit.mishra853@example.com,Mumbai,Maharashtra,2022-03-13,Verified,Doctor,2204830,Low
CUST000854,Ira,Verma,1982-10-17,Other,9739610290,ira.verma854@example.com,Pune,Maharashtra,2023-05-10,Verified,Consultant,1700294,Low
CUST000855,Amit,Chopra,1959-05-16,Female,9918727420,amit.chopra855@example.com,Kochi,Kerala,2018-07-06,Verified,Teacher,1100016,Medium
CUST000856,Vikas,Gupta,1998-04-03,Female,9306260423,vikas.gupta856@example.com,Hyderabad,Telangana,2019-08-17,Pending,Freelancer,4318528,Low
CUST000857,Myra,Mehta,1969-10-02,Male,9299077560,myra.mehta857@example.com,Delhi,Delhi,2023-10-12,Pending,Doctor,1071944,Low
CUST000858,Vivaan,Kumar,2004-12-30,Other,9611145768,vivaan.kumar858@example.com,Jaipur,Rajasthan,2017-06-15,Pending,Student,1195112,Low
CUST000859,Aditya,Iyer,1972-08-18,Female,9858471296,aditya.iyer859@example.com,Chandigarh,Punjab,2014-08-07,Verified,Retired,1878250,Low
CUST000860,Sai,Chopra,1988-05-12,Male,9801849804,sai.chopra860@example.com,Mumbai,Maharashtra,2015-01-27,Verified,Retired,4209796,Medium
CUST000861,Ayaan,Mishra,1997-12-13,Male,9126881228,ayaan.mishra861@example.com,Lucknow,Uttar Pradesh,2015-04-06,Pending,Business,4187140,Low
CUST000862,Aditya,Iyer,1992-02-05,Other,9534606056,aditya.iyer862@example.com,Hyderabad,Telangana,2012-08-14,Verified,Doctor,3458068,Low
CUST000863,Vikas,Singh,1966-06-04,Female,9986239847,vikas.singh863@example.com,Bhopal,Madhya Pradesh,2013-09-06,Verified,Salaried,3680704,Low
CUST000864,Aditya,Reddy,1958-08-02,Female,9464754895,aditya.reddy864@example.com,Chandigarh,Punjab,2018-11-29,Pending,Engineer,4470269,Low
CUST000865,Priya,Rao,1967-04-25,Female,9517588914,priya.rao865@example.com,Chandigarh,Punjab,2026-02-09,Verified,Self Employed,2603862,Low
CUST000866,Krishna,Nair,1976-06-24,Other,9354358644,krishna.nair866@example.com,Pune,Maharashtra,2025-05-28,Verified,Retired,1348345,Medium
CUST000867,Amit,Joshi,1987-06-07,Other,9885379821,amit.joshi867@example.com,Hyderabad,Telangana,2018-07-15,Verified,Retired,3010082,Low
CUST000868,Rahul,Mishra,1977-01-13,Female,9749785249,rahul.mishra868@example.com,Pune,Maharashtra,2013-08-13,Verified,Teacher,3477402,Low
CUST000869,Ayaan,Kumar,1995-10-19,Other,9948963406,ayaan.kumar869@example.com,Lucknow,Uttar Pradesh,2026-02-01,Rejected,Freelancer,1086633,Low
CUST000870,Aadhya,Nair,1967-07-15,Male,9150014188,aadhya.nair870@example.com,Delhi,Delhi,2018-01-07,Verified,Business,3730594,Low
CUST000871,Kiran,Verma,1964-12-30,Female,9944633399,kiran.verma871@example.com,Mumbai,Maharashtra,2024-10-18,Verified,Consultant,3145804,Medium
CUST000872,Sai,Sharma,1983-06-01,Male,9263890219,sai.sharma872@example.com,Kochi,Kerala,2025-10-09,Rejected,Self Employed,4259020,Low
CUST000873,Krishna,Bose,1976-09-17,Female,9922341034,krishna.bose873@example.com,Hyderabad,Telangana,2021-10-05,Verified,Freelancer,3423902,Low
CUST000874,Krishna,Mehta,1991-08-26,Other,9772696084,krishna.mehta874@example.com,Delhi,Delhi,2016-08-07,Pending,Engineer,3842888,Medium
CUST000875,Anika,Nair,1956-11-09,Female,9896793521,anika.nair875@example.com,Pune,Maharashtra,2025-06-24,Verified,Teacher,1592487,Medium
CUST000876,Ayaan,Patel,1986-09-10,Female,9434369709,ayaan.patel876@example.com,Pune,Maharashtra,2017-06-22,Verified,Business,3973712,Medium
CUST000877,Aarav,Chopra,1985-12-19,Female,9607676164,aarav.chopra877@example.com,Ahmedabad,Gujarat,2019-10-23,Verified,Doctor,2359856,Low
CUST000878,Reyansh,Singh,2001-05-25,Other,9830650312,reyansh.singh878@example.com,Ahmedabad,Gujarat,2014-01-26,Verified,Consultant,599976,Low
CUST000879,Anika,Kumar,1968-05-15,Female,9264236428,anika.kumar879@example.com,Lucknow,Uttar Pradesh,2013-07-01,Verified,Business,617436,Low
CUST000880,Sunita,Iyer,2004-02-27,Female,9623039111,sunita.iyer880@example.com,Chennai,Tamil Nadu,2018-01-13,Verified,Student,1221338,Medium
CUST000881,Sara,Das,1971-01-19,Male,9823052480,sara.das881@example.com,Bhopal,Madhya Pradesh,2023-03-27,Verified,Salaried,3483481,Low
CUST000882,Vivaan,Mishra,1966-11-13,Male,9959473721,vivaan.mishra882@example.com,Bengaluru,Karnataka,2017-07-26,Verified,Freelancer,534616,Low
CUST000883,Aadhya,Reddy,1980-10-07,Female,9876886878,aadhya.reddy883@example.com,Mumbai,Maharashtra,2019-12-09,Verified,Freelancer,3579052,Medium
CUST000884,Anika,Bose,2000-02-21,Female,9203195419,anika.bose884@example.com,Bengaluru,Karnataka,2021-04-01,Verified,Self Employed,3314180,Low
CUST000885,Ira,Patel,1974-05-04,Female,9279246320,ira.patel885@example.com,Mumbai,Maharashtra,2017-02-03,Pending,Self Employed,4263371,Low
CUST000886,Amit,Yadav,1973-05-13,Female,9260321450,amit.yadav886@example.com,Pune,Maharashtra,2019-11-11,Verified,Teacher,3815474,Low
CUST000887,Shaurya,Das,2004-06-27,Female,9071553482,shaurya.das887@example.com,Kochi,Kerala,2012-03-31,Rejected,Student,2441640,Low
CUST000888,Anika,Patel,2001-10-01,Female,9076597595,anika.patel888@example.com,Chandigarh,Punjab,2018-05-23,Verified,Consultant,1214296,Medium
CUST000889,Priya,Mishra,2001-02-09,Male,9898126574,priya.mishra889@example.com,Jaipur,Rajasthan,2015-03-25,Verified,Retired,961731,Low
CUST000890,Ishaan,Chopra,1958-10-04,Male,9402369362,ishaan.chopra890@example.com,Hyderabad,Telangana,2021-07-29,Verified,Self Employed,1946774,Low
CUST000891,Aditya,Iyer,1978-10-27,Other,9713727117,aditya.iyer891@example.com,Mumbai,Maharashtra,2019-09-08,Verified,Doctor,4113638,High
CUST000892,Ishaan,Rao,1984-08-29,Other,9582984933,ishaan.rao892@example.com,Kochi,Kerala,2012-07-01,Verified,Self Employed,2932752,High
CUST000893,Shaurya,Mishra,1991-04-23,Male,9944128333,shaurya.mishra893@example.com,Bhopal,Madhya Pradesh,2022-05-31,Pending,Business,4423324,Low
CUST000894,Neha,Chopra,2005-10-30,Female,9413297150,neha.chopra894@example.com,Jaipur,Rajasthan,2021-10-08,Verified,Teacher,1472231,Low
CUST000895,Aarav,Nair,1965-08-10,Female,9377693663,aarav.nair895@example.com,Pune,Maharashtra,2018-06-04,Verified,Student,2999505,Low
CUST000896,Ananya,Chopra,1964-01-12,Male,9102867120,ananya.chopra896@example.com,Delhi,Delhi,2012-01-18,Verified,Salaried,1299739,Low
CUST000897,Vikas,Das,1987-01-19,Other,9910245109,vikas.das897@example.com,Chandigarh,Punjab,2013-11-05,Rejected,Freelancer,181787,Medium
CUST000898,Ayaan,Iyer,1998-12-29,Male,9494981942,ayaan.iyer898@example.com,Jaipur,Rajasthan,2013-06-16,Verified,Self Employed,1500316,Low
CUST000899,Amit,Jain,1999-07-15,Other,9340652775,amit.jain899@example.com,Delhi,Delhi,2023-05-31,Verified,Teacher,3686183,Medium
CUST000900,Krishna,Joshi,1984-04-20,Male,9372201091,krishna.joshi900@example.com,Chandigarh,Punjab,2015-04-24,Verified,Engineer,1237885,Low
CUST000901,Aditya,Joshi,1983-09-15,Other,9376618943,aditya.joshi901@example.com,Pune,Maharashtra,2022-08-12,Verified,Doctor,1493076,Low
CUST000902,Diya,Gupta,1957-10-25,Female,9627765725,diya.gupta902@example.com,Mumbai,Maharashtra,2021-06-21,Verified,Freelancer,1723184,Low
CUST000903,Sunita,Iyer,1992-04-20,Male,9752023897,sunita.iyer903@example.com,Chennai,Tamil Nadu,2018-03-26,Pending,Student,3685349,Low
CUST000904,Aarav,Das,1985-10-08,Other,9550178332,aarav.das904@example.com,Bhopal,Madhya Pradesh,2019-06-16,Verified,Consultant,2473831,Low
CUST000905,Kiran,Jain,1972-08-23,Female,9079848704,kiran.jain905@example.com,Ahmedabad,Gujarat,2019-06-17,Verified,Freelancer,706791,Low
CUST000906,Kiran,Bose,1975-09-20,Female,9937440394,kiran.bose906@example.com,Lucknow,Uttar Pradesh,2020-11-08,Verified,Consultant,2102843,Low
CUST000907,Vikas,Yadav,1990-08-13,Male,9601488608,vikas.yadav907@example.com,Hyderabad,Telangana,2018-11-13,Verified,Salaried,4346081,High
CUST000908,Ayaan,Rao,2004-07-21,Female,9136852830,ayaan.rao908@example.com,Chandigarh,Punjab,2021-08-19,Verified,Retired,4205395,Low
CUST000909,Sai,Kumar,1981-03-23,Other,9462632514,sai.kumar909@example.com,Bengaluru,Karnataka,2018-12-10,Rejected,Consultant,755372,Low
CUST000910,Sai,Mehta,1976-06-28,Male,9421751887,sai.mehta910@example.com,Mumbai,Maharashtra,2023-06-16,Verified,Freelancer,2514554,Medium
CUST000911,Diya,Gupta,1970-10-29,Female,9384091122,diya.gupta911@example.com,Pune,Maharashtra,2019-09-03,Verified,Consultant,1808819,Low
CUST000912,Pooja,Das,1985-07-09,Female,9618632397,pooja.das912@example.com,Mumbai,Maharashtra,2025-02-24,Verified,Business,2082126,Medium
CUST000913,Pooja,Mishra,1996-01-28,Female,9553007309,pooja.mishra913@example.com,Kochi,Kerala,2019-12-21,Verified,Doctor,3021436,Low
CUST000914,Vikas,Sharma,1996-07-31,Male,9219881927,vikas.sharma914@example.com,Pune,Maharashtra,2023-02-01,Verified,Consultant,3038026,Low
CUST000915,Sunita,Verma,1983-06-12,Male,9486401042,sunita.verma915@example.com,Chandigarh,Punjab,2017-10-16,Verified,Student,2534414,Low
CUST000916,Avni,Gupta,1987-08-21,Male,9744600452,avni.gupta916@example.com,Kochi,Kerala,2014-02-01,Pending,Consultant,1019889,Low
CUST000917,Arjun,Kumar,1983-07-23,Male,9293913044,arjun.kumar917@example.com,Pune,Maharashtra,2024-05-04,Verified,Business,2673147,Medium
CUST000918,Rohit,Joshi,1991-03-19,Male,9461540211,rohit.joshi918@example.com,Delhi,Delhi,2025-03-12,Verified,Engineer,536724,Low
CUST000919,Diya,Chopra,1964-08-03,Female,9298315229,diya.chopra919@example.com,Kochi,Kerala,2014-04-30,Verified,Salaried,4125293,Low
CUST000920,Amit,Reddy,2000-09-22,Male,9608493783,amit.reddy920@example.com,Bengaluru,Karnataka,2013-05-01,Verified,Freelancer,3438480,Low
CUST000921,Anika,Joshi,1967-03-22,Female,9969443916,anika.joshi921@example.com,Pune,Maharashtra,2017-09-19,Verified,Engineer,192185,High
CUST000922,Aadhya,Patel,1977-09-10,Other,9292913203,aadhya.patel922@example.com,Bhopal,Madhya Pradesh,2017-08-09,Verified,Business,3491141,Low
CUST000923,Ayaan,Kumar,1955-04-03,Other,9310615372,ayaan.kumar923@example.com,Delhi,Delhi,2015-04-19,Verified,Business,3273356,Low
CUST000924,Avni,Chopra,2001-07-20,Other,9473236533,avni.chopra924@example.com,Chandigarh,Punjab,2022-12-27,Verified,Self Employed,3849603,Low
CUST000925,Aarav,Bose,1969-03-25,Male,9078436142,aarav.bose925@example.com,Lucknow,Uttar Pradesh,2018-05-10,Verified,Teacher,295491,Low
CUST000926,Priya,Jain,1995-10-08,Female,9437347642,priya.jain926@example.com,Delhi,Delhi,2022-10-10,Verified,Student,323829,Medium
CUST000927,Rahul,Mishra,1974-08-21,Other,9821458414,rahul.mishra927@example.com,Jaipur,Rajasthan,2023-08-02,Verified,Teacher,350285,Low
CUST000928,Kiran,Mehta,1980-05-16,Female,9389982780,kiran.mehta928@example.com,Hyderabad,Telangana,2015-05-06,Pending,Doctor,3700918,Low
CUST000929,Aarav,Mishra,1971-10-23,Male,9464493699,aarav.mishra929@example.com,Hyderabad,Telangana,2024-08-25,Verified,Teacher,4138202,Low
CUST000930,Kiran,Singh,1959-02-09,Female,9573857368,kiran.singh930@example.com,Pune,Maharashtra,2012-05-14,Verified,Business,1329203,Low
CUST000931,Nitin,Verma,1996-11-26,Female,9811872333,nitin.verma931@example.com,Hyderabad,Telangana,2020-04-26,Verified,Self Employed,278128,Medium
CUST000932,Avni,Mehta,1995-05-11,Male,9153911498,avni.mehta932@example.com,Chennai,Tamil Nadu,2026-02-09,Pending,Retired,550529,Low
CUST000933,Ishaan,Rao,1955-07-28,Female,9365118939,ishaan.rao933@example.com,Bengaluru,Karnataka,2018-03-24,Verified,Doctor,3173891,Medium
CUST000934,Sara,Iyer,1963-10-01,Other,9904322302,sara.iyer934@example.com,Mumbai,Maharashtra,2016-05-23,Verified,Retired,1292565,Low
CUST000935,Vivaan,Yadav,1967-01-25,Male,9135462127,vivaan.yadav935@example.com,Hyderabad,Telangana,2020-06-24,Verified,Doctor,474687,Low
CUST000936,Rohit,Bose,1962-08-11,Male,9312616324,rohit.bose936@example.com,Delhi,Delhi,2023-09-01,Verified,Consultant,2948654,Medium
CUST000937,Reyansh,Rao,2005-11-23,Male,9762974549,reyansh.rao937@example.com,Chandigarh,Punjab,2016-10-20,Pending,Salaried,1826429,Low
CUST000938,Aadhya,Rao,1963-03-02,Other,9120381876,aadhya.rao938@example.com,Lucknow,Uttar Pradesh,2025-01-08,Verified,Student,623184,Low
CUST000939,Sara,Singh,1976-07-29,Male,9898138815,sara.singh939@example.com,Bengaluru,Karnataka,2023-10-11,Verified,Self Employed,2370602,Low
CUST000940,Sai,Iyer,1993-05-16,Female,9323182971,sai.iyer940@example.com,Mumbai,Maharashtra,2021-06-20,Verified,Consultant,852404,Medium
CUST000941,Ananya,Yadav,1979-10-16,Female,9000000152,ananya.yadav941@example.com,Bengaluru,Karnataka,2026-04-15,Verified,Business,1777375,Low
CUST000942,Sunita,Mehta,2003-05-11,Other,9509025561,sunita.mehta942@example.com,Lucknow,Uttar Pradesh,2023-04-21,Verified,Self Employed,2367783,Low
CUST000943,Sara,Reddy,2003-06-13,Female,9478122489,sara.reddy943@example.com,Ahmedabad,Gujarat,2012-12-13,Verified,Engineer,518758,Low
CUST000944,Myra,Sharma,1959-05-20,Male,9436551584,myra.sharma944@example.com,Mumbai,Maharashtra,2023-11-21,Verified,Teacher,1211315,Low
CUST000945,Sai,Kumar,1975-06-11,Female,9505429608,sai.kumar945@example.com,Kochi,Kerala,2012-11-18,Verified,Salaried,3591914,Low
CUST000946,Avni,Rao,1986-11-09,Male,9982210401,avni.rao946@example.com,Lucknow,Uttar Pradesh,2020-10-13,Verified,Consultant,1222405,Medium
CUST000947,Pooja,Jain,1955-06-12,Female,9428773836,pooja.jain947@example.com,Bhopal,Madhya Pradesh,2016-03-17,Verified,Business,3532999,Low
CUST000948,Sai,Gupta,1990-11-22,Other,9428946420,sai.gupta948@example.com,Bengaluru,Karnataka,2017-06-11,Pending,Student,3269159,Medium
CUST000949,Nitin,Jain,1974-03-10,Male,9441706462,nitin.jain949@example.com,Jaipur,Rajasthan,2019-12-15,Pending,Doctor,2617829,Medium
CUST000950,Vivaan,Iyer,1975-07-21,Other,9558243017,vivaan.iyer950@example.com,Jaipur,Rajasthan,2020-06-17,Verified,Self Employed,2617735,Low
CUST000951,Vikas,Jain,1957-01-07,Male,9153888245,vikas.jain951@example.com,Kochi,Kerala,2015-01-04,Verified,Salaried,3031531,Low
CUST000952,Rohit,Verma,1976-06-04,Male,9335384951,rohit.verma952@example.com,Chennai,Tamil Nadu,2020-11-07,Verified,Student,1037111,Low
CUST000953,Amit,Yadav,1996-11-05,Other,9180933913,amit.yadav953@example.com,Kochi,Kerala,2023-01-18,Verified,Teacher,2889689,High
CUST000954,Vivaan,Bose,1961-11-22,Male,9987561786,vivaan.bose954@example.com,Mumbai,Maharashtra,2024-05-23,Verified,Consultant,250312,Low
CUST000955,Reyansh,Patel,1957-08-21,Other,9156182980,reyansh.patel955@example.com,Mumbai,Maharashtra,2017-06-25,Verified,Doctor,4141713,Low
CUST000956,Ira,Kumar,1980-06-12,Other,9160936595,ira.kumar956@example.com,Bhopal,Madhya Pradesh,2015-01-02,Pending,Business,2790768,Low
CUST000957,Sunita,Mehta,1980-09-25,Male,9843368750,sunita.mehta957@example.com,Kochi,Kerala,2025-02-26,Verified,Teacher,1813311,Low
CUST000958,Neha,Iyer,2000-05-19,Male,9137455611,neha.iyer958@example.com,Hyderabad,Telangana,2017-09-21,Pending,Self Employed,1270959,Low
CUST000959,Avni,Verma,1956-11-27,Female,9376660811,avni.verma959@example.com,Pune,Maharashtra,2014-11-21,Verified,Salaried,533651,High
CUST000960,Nitin,Verma,1973-03-24,Female,9669106271,nitin.verma960@example.com,Kochi,Kerala,2019-03-09,Pending,Retired,1018405,High
CUST000961,Priya,Patel,1985-07-20,Female,9068826917,priya.patel961@example.com,Chennai,Tamil Nadu,2026-01-18,Pending,Teacher,1376180,Low
CUST000962,Anika,Kumar,1958-08-14,Male,9348087354,anika.kumar962@example.com,Chennai,Tamil Nadu,2017-04-28,Verified,Consultant,1325005,Low
CUST000963,Ayaan,Singh,1988-07-31,Other,9101570908,ayaan.singh963@example.com,Chandigarh,Punjab,2020-04-04,Rejected,Freelancer,723916,Medium
CUST000964,Shaurya,Iyer,1995-08-26,Female,9926999699,shaurya.iyer964@example.com,Mumbai,Maharashtra,2020-06-06,Pending,Self Employed,4006901,Low
CUST000965,Anika,Joshi,2003-01-08,Female,9969325914,anika.joshi965@example.com,Bengaluru,Karnataka,2012-06-23,Verified,Self Employed,1811173,High
CUST000966,Kiran,Patel,1971-08-05,Male,9426698069,kiran.patel966@example.com,Delhi,Delhi,2012-07-07,Rejected,Engineer,1480241,Low
CUST000967,Arjun,Yadav,1957-09-27,Other,9723483893,arjun.yadav967@example.com,Jaipur,Rajasthan,2019-04-22,Verified,Freelancer,3215012,Medium
CUST000968,Kiran,Jain,2005-05-05,Male,9405612996,kiran.jain968@example.com,Bengaluru,Karnataka,2019-08-28,Verified,Student,3587712,Low
CUST000969,Diya,Rao,1968-02-26,Female,9418696561,diya.rao969@example.com,Chandigarh,Punjab,2016-11-09,Verified,Engineer,3753159,Low
CUST000970,Vikas,Reddy,2002-06-01,Female,9951434682,vikas.reddy970@example.com,Hyderabad,Telangana,2017-05-25,Verified,Self Employed,4450063,Low
CUST000971,Kiran,Verma,1969-09-25,Female,9300869661,kiran.verma971@example.com,Mumbai,Maharashtra,2013-03-27,Verified,Teacher,4407013,Low
CUST000972,Aditya,Patel,1985-01-15,Male,9016809414,aditya.patel972@example.com,Ahmedabad,Gujarat,2026-02-15,Verified,Doctor,635698,Low
CUST000973,Priya,Iyer,2001-10-24,Male,9976205344,priya.iyer973@example.com,Chandigarh,Punjab,2012-05-17,Pending,Engineer,3893594,Low
CUST000974,Aadhya,Iyer,1995-04-14,Male,9662925081,aadhya.iyer974@example.com,Mumbai,Maharashtra,2023-01-14,Verified,Engineer,3405194,Medium
CUST000975,Reyansh,Gupta,1957-01-14,Female,9884133373,reyansh.gupta975@example.com,Chennai,Tamil Nadu,2013-12-31,Pending,Doctor,3182106,Medium
CUST000976,Reyansh,Patel,1991-01-02,Male,9781703211,reyansh.patel976@example.com,Pune,Maharashtra,2025-07-10,Verified,Teacher,1124725,Low
CUST000977,Avni,Singh,1983-07-05,Male,9778956133,avni.singh977@example.com,Kochi,Kerala,2022-01-13,Verified,Consultant,2669136,Low
CUST000978,Kiara,Verma,1970-02-18,Other,9502648016,kiara.verma978@example.com,Bhopal,Madhya Pradesh,2018-03-06,Verified,Salaried,2163968,Low
CUST000979,Rohit,Kumar,1990-09-27,Female,9812778221,rohit.kumar979@example.com,Delhi,Delhi,2012-04-24,Verified,Business,4303632,Medium
CUST000980,Kiara,Rao,1964-03-07,Other,9348629857,kiara.rao980@example.com,Bengaluru,Karnataka,2025-08-08,Verified,Teacher,2123043,Medium
CUST000981,Sara,Singh,2001-03-25,Male,9856053970,sara.singh981@example.com,Delhi,Delhi,2023-01-20,Verified,Freelancer,3776105,Low
CUST000982,Pooja,Mehta,1997-11-29,Other,9067368205,pooja.mehta982@example.com,Lucknow,Uttar Pradesh,2012-01-19,Verified,Student,887600,Medium
CUST000983,Reyansh,Iyer,1986-05-03,Female,9216505871,reyansh.iyer983@example.com,Hyderabad,Telangana,2017-12-10,Verified,Student,791212,Low
CUST000984,Priya,Iyer,1967-06-13,Female,9967908984,priya.iyer984@example.com,Delhi,Delhi,2017-04-10,Verified,Freelancer,2602664,Medium
CUST000985,Nitin,Sharma,1966-05-20,Male,9509386948,nitin.sharma985@example.com,Bengaluru,Karnataka,2018-07-18,Verified,Self Employed,3013008,Medium
CUST000986,Meera,Jain,1960-12-03,Other,9145788707,meera.jain986@example.com,Kochi,Kerala,2014-01-20,Verified,Student,2153679,Medium
CUST000987,Aadhya,Yadav,1997-11-06,Male,9820974619,aadhya.yadav987@example.com,Jaipur,Rajasthan,2013-06-04,Verified,Engineer,4331507,Low
CUST000988,Ira,Chopra,1968-06-13,Other,9968722589,ira.chopra988@example.com,Kochi,Kerala,2016-05-25,Verified,Salaried,2849706,Medium
CUST000989,Aarav,Chopra,1971-09-16,Other,9350405669,aarav.chopra989@example.com,Chandigarh,Punjab,2019-06-11,Verified,Freelancer,501416,Low
CUST000990,Arjun,Iyer,2003-08-09,Male,9554428679,arjun.iyer990@example.com,Chennai,Tamil Nadu,2020-11-02,Verified,Doctor,2647625,Low
CUST000991,Krishna,Reddy,2002-10-16,Other,9946338915,krishna.reddy991@example.com,Chandigarh,Punjab,2021-01-29,Verified,Business,2930462,Low
CUST000992,Priya,Nair,1998-05-11,Male,9562926933,priya.nair992@example.com,Bhopal,Madhya Pradesh,2019-09-13,Verified,Doctor,1037489,Low
CUST000993,Anika,Mehta,1990-02-05,Female,9507846850,anika.mehta993@example.com,Kochi,Kerala,2025-09-05,Verified,Engineer,2590086,Medium
CUST000994,Krishna,Sharma,1982-07-05,Other,9918911797,krishna.sharma994@example.com,Hyderabad,Telangana,2015-09-12,Verified,Consultant,2978566,Low
CUST000995,Ishaan,Verma,1987-09-04,Male,9641547155,ishaan.verma995@example.com,Delhi,Delhi,2016-07-15,Verified,Student,3251154,Low
CUST000996,Ayaan,Bose,2002-01-21,Male,9367500942,ayaan.bose996@example.com,Lucknow,Uttar Pradesh,2014-06-12,Verified,Business,475213,Medium
CUST000997,Reyansh,Yadav,2002-06-24,Male,9987809270,reyansh.yadav997@example.com,Jaipur,Rajasthan,2018-02-03,Verified,Retired,4493890,Low
CUST000998,Nitin,Das,1969-08-09,Male,9586605986,nitin.das998@example.com,Jaipur,Rajasthan,2022-02-01,Verified,Self Employed,2685259,Medium
CUST000999,Sai,Mishra,1985-04-24,Other,9548596559,sai.mishra999@example.com,Bhopal,Madhya Pradesh,2018-06-17,Verified,Student,2734681,High
CUST001000,Pooja,Mehta,1993-05-29,Female,9020002453,pooja.mehta1000@example.com,Delhi,Delhi,2025-02-24,Verified,Retired,790255,High
