transaction_id,account_id,transaction_date,transaction_type,amount,merchant_name,payment_mode,status,city,channel
TXN000000001,ACC0000666,2025-10-18,Credit,82567.03,School Fees,UPI,Success,Ahmedabad,POS
TXN000000002,ACC0000496,2024-04-18,Debit,84861.81,Zomato,POS,Success,Lucknow,ATM
TXN000000003,ACC0000953,2025-09-09,Credit,48441.27,Insurance Premium,NetBanking,Success,Kochi,Web
TXN000000004,ACC0001141,2024-01-26,Credit,111320.71,Netflix,UPI,Failed,Bhopal,Branch
TXN000000005,ACC0000256,2026-03-10,Debit,16448.6,Jio,POS,Success,Ahmedabad,Web
TXN000000006,ACC0001171,2025-08-27,Credit,123453.58,Airtel,NetBanking,Success,Delhi,POS
TXN000000007,ACC0001092,2026-05-11,Debit,97260.66,Ola,NetBanking,Success,Chandigarh,Branch
TXN000000008,ACC0000090,2024-09-25,Credit,90540.19,Uber,IMPS,Success,Lucknow,POS
TXN000000009,ACC0001007,2024-02-20,Credit,69485.18,DMart,UPI,Success,Ahmedabad,Web
TXN000000010,ACC0000037,2024-06-02,Credit,109676.41,Netflix,UPI,Success,Kochi,ATM
TXN000000011,ACC0001282,2025-08-08,Credit,41321.8,Amazon,NetBanking,Success,Ahmedabad,Branch
TXN000000012,ACC0000306,2024-07-12,Debit,24349.54,Myntra,RTGS,Success,Chandigarh,POS
TXN000000013,ACC0000033,2024-01-14,Credit,132971.0,Insurance Premium,RTGS,Success,Bengaluru,Branch
TXN000000014,ACC0000354,2025-03-09,Debit,97698.68,Zomato,ATM,Success,Ahmedabad,ATM
TXN000000015,ACC0000745,2026-01-22,Credit,141781.35,Ola,UPI,Success,Pune,ATM
TXN000000016,ACC0000189,2024-11-08,Debit,114407.89,Jio,POS,Failed,Chandigarh,ATM
TXN000000017,ACC0000524,2025-05-19,Credit,57095.39,Reliance Digital,POS,Success,Chennai,Branch
TXN000000018,ACC0000449,2024-10-14,Credit,108696.81,Jio,NetBanking,Failed,Kochi,ATM
TXN000000019,ACC0000725,2025-11-13,Debit,77141.3,Uber,RTGS,Success,Kochi,Web
TXN000000020,ACC0001355,2025-07-14,Debit,53008.4,Myntra,IMPS,Success,Lucknow,Web
TXN000000021,ACC0000890,2025-06-14,Debit,124489.07,Netflix,RTGS,Success,Chandigarh,ATM
TXN000000022,ACC0000969,2025-06-04,Credit,70676.38,Ola,RTGS,Success,Chandigarh,ATM
TXN000000023,ACC0001250,2025-10-26,Debit,98550.24,Uber,ATM,Success,Bhopal,ATM
TXN000000024,ACC0001223,2024-02-02,Debit,129984.76,Airtel,UPI,Success,Chennai,Branch
TXN000000025,ACC0000123,2025-09-02,Credit,108123.61,IRCTC,ATM,Success,Bengaluru,Mobile
TXN000000026,ACC0000105,2026-02-15,Debit,42090.59,Reliance Digital,UPI,Success,Lucknow,Web
TXN000000027,ACC0001004,2025-08-27,Debit,126688.22,Netflix,ATM,Success,Pune,Mobile
TXN000000028,ACC0000495,2025-03-07,Debit,4335.17,Zomato,POS,Success,Pune,Mobile
TXN000000029,ACC0000726,2025-12-14,Credit,19941.66,Amazon,ATM,Reversed,Mumbai,Web
TXN000000030,ACC0001152,2024-08-20,Credit,31497.17,BigBasket,IMPS,Failed,Ahmedabad,Branch
TXN000000031,ACC0001377,2026-02-07,Debit,123663.41,Insurance Premium,POS,Success,Bhopal,Mobile
TXN000000032,ACC0000229,2025-08-12,Credit,98540.21,Amazon,ATM,Reversed,Bengaluru,ATM
TXN000000033,ACC0000734,2024-09-27,Credit,69134.83,Zomato,NetBanking,Success,Jaipur,Web
TXN000000034,ACC0001368,2025-06-20,Credit,103800.51,Airtel,Cheque,Success,Hyderabad,POS
TXN000000035,ACC0001387,2024-03-23,Credit,43918.71,Uber,NetBanking,Pending,Ahmedabad,Mobile
TXN000000036,ACC0001198,2025-05-03,Credit,14110.36,Ola,POS,Success,Pune,Web
TXN000000037,ACC0000930,2025-03-03,Debit,138574.75,Zomato,Cheque,Success,Delhi,ATM
TXN000000038,ACC0000934,2025-01-29,Credit,66367.17,Swiggy,IMPS,Success,Chandigarh,Branch
TXN000000039,ACC0000975,2026-01-09,Credit,63505.6,IRCTC,NetBanking,Success,Delhi,Web
TXN000000040,ACC0000869,2024-05-01,Credit,38667.91,Electricity Board,Cheque,Success,Mumbai,POS
TXN000000041,ACC0001273,2024-08-27,Debit,63613.27,BigBasket,NetBanking,Success,Hyderabad,POS
TXN000000042,ACC0001225,2026-02-01,Credit,11109.36,Insurance Premium,UPI,Success,Mumbai,Branch
TXN000000043,ACC0001261,2026-04-20,Debit,81000.94,Zomato,NetBanking,Success,Chandigarh,Mobile
TXN000000044,ACC0000355,2026-03-11,Debit,32336.19,DMart,UPI,Success,Pune,Mobile
TXN000000045,ACC0001347,2024-05-28,Credit,22880.43,Airtel,RTGS,Success,Pune,Mobile
TXN000000046,ACC0001392,2026-01-09,Credit,26396.85,DMart,NEFT,Success,Bengaluru,ATM
TXN000000047,ACC0000741,2025-04-22,Debit,66262.43,IRCTC,NEFT,Success,Pune,Branch
TXN000000048,ACC0001210,2024-09-21,Credit,42821.37,Reliance Digital,NEFT,Success,Bhopal,Web
TXN000000049,ACC0001325,2025-09-21,Credit,65410.0,Airtel,RTGS,Failed,Delhi,Mobile
TXN000000050,ACC0001338,2025-08-22,Debit,99687.64,Insurance Premium,Cheque,Success,Chandigarh,Mobile
TXN000000051,ACC0000657,2025-08-21,Credit,22104.25,Swiggy,Cheque,Success,Jaipur,Branch
TXN000000052,ACC0000132,2024-06-14,Debit,32083.74,Electricity Board,NEFT,Success,Bengaluru,POS
TXN000000053,ACC0000171,2025-05-15,Debit,109686.58,DMart,IMPS,Success,Ahmedabad,POS
TXN000000054,ACC0000505,2026-03-16,Credit,134988.89,Netflix,Cheque,Success,Lucknow,ATM
TXN000000055,ACC0000992,2024-05-20,Credit,4084.41,Electricity Board,Cheque,Success,Lucknow,Branch
TXN000000056,ACC0000710,2026-05-10,Debit,111085.74,BigBasket,POS,Success,Mumbai,Branch
TXN000000057,ACC0000562,2024-06-30,Credit,1602.32,Amazon,IMPS,Success,Jaipur,POS
TXN000000058,ACC0000500,2024-02-05,Debit,83264.99,Reliance Digital,ATM,Success,Mumbai,Web
TXN000000059,ACC0001218,2026-02-18,Credit,59994.77,Jio,UPI,Success,Mumbai,Branch
TXN000000060,ACC0000018,2024-07-29,Debit,107838.05,Uber,NetBanking,Success,Lucknow,Branch
TXN000000061,ACC0000610,2026-01-10,Debit,80493.6,Zomato,RTGS,Success,Kochi,POS
TXN000000062,ACC0000198,2026-04-30,Credit,133305.44,School Fees,IMPS,Success,Delhi,Mobile
TXN000000063,ACC0000643,2025-01-19,Credit,36722.85,Flipkart,NEFT,Success,Bengaluru,Web
TXN000000064,ACC0000006,2025-07-14,Credit,80335.81,IRCTC,POS,Success,Bengaluru,Mobile
TXN000000065,ACC0001127,2024-03-19,Debit,102786.94,Jio,NEFT,Success,Chandigarh,ATM
TXN000000066,ACC0000456,2025-07-04,Credit,1405.19,BigBasket,Cheque,Reversed,Bhopal,ATM
TXN000000067,ACC0001230,2025-08-29,Credit,112375.47,Ola,Cheque,Success,Bengaluru,Mobile
TXN000000068,ACC0000088,2024-09-20,Credit,19453.76,Swiggy,UPI,Pending,Mumbai,ATM
TXN000000069,ACC0000234,2025-01-08,Debit,40385.69,Amazon,POS,Success,Hyderabad,ATM
TXN000000070,ACC0000014,2024-04-22,Debit,12185.0,BigBasket,ATM,Success,Chennai,Branch
TXN000000071,ACC0000532,2025-04-28,Debit,63076.34,Zomato,NetBanking,Success,Jaipur,Mobile
TXN000000072,ACC0001229,2024-03-21,Credit,64196.53,DMart,Cheque,Success,Chandigarh,Mobile
TXN000000073,ACC0001384,2024-05-24,Debit,62320.29,Myntra,RTGS,Success,Jaipur,Mobile
TXN000000074,ACC0000276,2025-01-25,Debit,114748.61,Fuel Station,RTGS,Failed,Pune,Branch
TXN000000075,ACC0001013,2025-07-11,Credit,14811.91,Electricity Board,Cheque,Success,Mumbai,Web
TXN000000076,ACC0000287,2026-01-04,Credit,98308.75,Ola,NetBanking,Pending,Chennai,Branch
TXN000000077,ACC0000801,2025-03-10,Debit,26427.52,Reliance Digital,RTGS,Success,Chandigarh,Mobile
TXN000000078,ACC0000147,2024-04-09,Debit,62443.59,Ola,IMPS,Success,Delhi,Branch
TXN000000079,ACC0000381,2025-09-07,Credit,34053.29,Jio,NetBanking,Success,Jaipur,Branch
TXN000000080,ACC0000982,2024-11-16,Credit,37575.28,Jio,NetBanking,Success,Lucknow,Mobile
TXN000000081,ACC0000444,2024-08-24,Credit,83831.97,Amazon,UPI,Success,Hyderabad,ATM
TXN000000082,ACC0001399,2025-02-15,Debit,96122.43,DMart,NEFT,Success,Ahmedabad,Web
TXN000000083,ACC0000297,2025-08-31,Debit,106056.68,Swiggy,IMPS,Success,Mumbai,ATM
TXN000000084,ACC0000676,2024-02-14,Debit,42059.92,Uber,UPI,Success,Chandigarh,Web
TXN000000085,ACC0001186,2024-06-23,Credit,81505.25,Zomato,IMPS,Success,Delhi,POS
TXN000000086,ACC0000395,2025-04-02,Credit,80494.21,Jio,UPI,Success,Lucknow,Branch
TXN000000087,ACC0001387,2026-03-20,Debit,91942.66,Electricity Board,ATM,Success,Lucknow,Branch
TXN000000088,ACC0001192,2024-02-28,Debit,93661.1,Netflix,IMPS,Failed,Bengaluru,Mobile
TXN000000089,ACC0001005,2025-02-23,Credit,41909.94,Netflix,NetBanking,Success,Bhopal,Mobile
TXN000000090,ACC0001133,2024-01-10,Debit,99453.29,Myntra,NEFT,Success,Chandigarh,Branch
TXN000000091,ACC0000833,2025-02-21,Debit,14252.2,Reliance Digital,NEFT,Success,Lucknow,Branch
TXN000000092,ACC0000722,2026-02-10,Debit,26742.37,Myntra,NEFT,Success,Chennai,POS
TXN000000093,ACC0000841,2025-06-03,Credit,137082.7,BigBasket,NEFT,Success,Hyderabad,POS
TXN000000094,ACC0001209,2024-02-24,Debit,133064.57,Jio,IMPS,Success,Delhi,Web
TXN000000095,ACC0001317,2025-03-12,Debit,74963.68,Insurance Premium,POS,Success,Chandigarh,Web
TXN000000096,ACC0000236,2025-12-08,Credit,120381.24,Reliance Digital,NetBanking,Failed,Hyderabad,Mobile
TXN000000097,ACC0000963,2024-10-01,Debit,79056.17,Flipkart,UPI,Success,Ahmedabad,Mobile
TXN000000098,ACC0000497,2024-12-31,Debit,24543.16,Ola,POS,Success,Pune,POS
TXN000000099,ACC0000461,2026-04-20,Credit,63193.64,DMart,NEFT,Success,Chennai,Web
TXN000000100,ACC0001237,2024-11-25,Debit,21867.71,Netflix,NEFT,Success,Chennai,Mobile
TXN000000101,ACC0001230,2025-07-25,Debit,27679.2,BigBasket,ATM,Success,Jaipur,Web
TXN000000102,ACC0000218,2025-12-24,Debit,148719.08,Reliance Digital,NetBanking,Success,Delhi,POS
TXN000000103,ACC0000810,2025-01-01,Credit,89755.21,Uber,NEFT,Success,Bhopal,POS
TXN000000104,ACC0000516,2025-02-02,Credit,14117.71,Reliance Digital,UPI,Success,Mumbai,ATM
TXN000000105,ACC0001225,2024-12-11,Credit,99238.56,Flipkart,NetBanking,Success,Chennai,Branch
TXN000000106,ACC0001187,2024-10-11,Debit,20384.92,Flipkart,IMPS,Success,Lucknow,ATM
TXN000000107,ACC0001303,2025-10-28,Debit,28267.96,BigBasket,NetBanking,Success,Delhi,Mobile
TXN000000108,ACC0000423,2024-07-15,Credit,93273.92,Myntra,Cheque,Success,Bhopal,Web
TXN000000109,ACC0000248,2024-10-27,Debit,33993.12,Amazon,IMPS,Success,Chandigarh,Web
TXN000000110,ACC0001324,2024-10-03,Credit,127655.05,Swiggy,RTGS,Success,Mumbai,ATM
TXN000000111,ACC0001380,2024-08-28,Debit,27764.88,Myntra,POS,Success,Mumbai,Mobile
TXN000000112,ACC0001115,2024-10-24,Credit,118645.86,Uber,IMPS,Success,Kochi,Branch
TXN000000113,ACC0000319,2024-06-10,Debit,100239.57,Uber,RTGS,Success,Pune,Mobile
TXN000000114,ACC0001231,2025-12-19,Credit,61732.34,BigBasket,NEFT,Success,Kochi,ATM
TXN000000115,ACC0001347,2024-10-07,Credit,50487.64,Amazon,ATM,Success,Lucknow,Branch
TXN000000116,ACC0000395,2024-03-07,Debit,93025.18,Reliance Digital,Cheque,Success,Chennai,Web
TXN000000117,ACC0000615,2025-12-01,Debit,148518.24,Flipkart,IMPS,Success,Delhi,Mobile
TXN000000118,ACC0000056,2024-11-23,Debit,47779.99,Uber,IMPS,Success,Ahmedabad,Web
TXN000000119,ACC0000073,2025-05-06,Debit,26216.2,Jio,NetBanking,Success,Chandigarh,ATM
TXN000000120,ACC0001229,2024-12-21,Credit,25223.75,DMart,RTGS,Success,Delhi,POS
TXN000000121,ACC0000513,2026-04-22,Credit,9860.48,School Fees,RTGS,Success,Mumbai,POS
TXN000000122,ACC0000473,2024-10-14,Debit,45866.29,Zomato,ATM,Success,Jaipur,Web
TXN000000123,ACC0001050,2024-07-14,Debit,40560.33,Reliance Digital,ATM,Success,Kochi,POS
TXN000000124,ACC0000472,2025-04-28,Debit,38640.27,Airtel,NEFT,Failed,Bhopal,POS
TXN000000125,ACC0000781,2026-01-19,Debit,91863.49,Flipkart,NetBanking,Success,Pune,Branch
TXN000000126,ACC0000360,2024-06-29,Credit,109132.39,Jio,IMPS,Success,Pune,Mobile
TXN000000127,ACC0000922,2026-05-02,Credit,51036.87,Amazon,POS,Success,Kochi,POS
TXN000000128,ACC0001273,2025-05-06,Debit,91336.35,Amazon,RTGS,Success,Ahmedabad,ATM
TXN000000129,ACC0000581,2024-04-08,Credit,48441.25,Insurance Premium,NetBanking,Success,Chennai,ATM
TXN000000130,ACC0000256,2024-01-05,Debit,78478.9,Flipkart,POS,Success,Kochi,POS
TXN000000131,ACC0000933,2024-10-18,Credit,41252.01,Jio,NetBanking,Success,Jaipur,ATM
TXN000000132,ACC0000922,2024-09-21,Debit,91713.02,Fuel Station,UPI,Success,Delhi,ATM
TXN000000133,ACC0001316,2025-03-19,Credit,129500.39,Flipkart,NEFT,Success,Ahmedabad,ATM
TXN000000134,ACC0000169,2024-08-08,Credit,144507.92,Electricity Board,ATM,Success,Bhopal,ATM
TXN000000135,ACC0000211,2025-01-02,Credit,72091.15,Myntra,NetBanking,Success,Mumbai,Branch
TXN000000136,ACC0000157,2024-01-21,Debit,75802.22,Swiggy,NetBanking,Success,Chennai,Branch
TXN000000137,ACC0001153,2024-07-28,Debit,102479.44,Ola,RTGS,Pending,Pune,POS
TXN000000138,ACC0001311,2024-12-01,Debit,86343.78,Amazon,ATM,Success,Mumbai,Branch
TXN000000139,ACC0000838,2026-03-20,Credit,106126.05,DMart,Cheque,Success,Mumbai,Web
TXN000000140,ACC0000542,2025-03-21,Debit,119320.95,BigBasket,Cheque,Success,Kochi,POS
TXN000000141,ACC0000344,2024-05-07,Debit,120240.52,Ola,UPI,Success,Pune,Mobile
TXN000000142,ACC0001398,2025-12-23,Debit,80860.65,Insurance Premium,NetBanking,Success,Jaipur,Branch
TXN000000143,ACC0001054,2025-02-25,Debit,10748.16,DMart,ATM,Success,Bhopal,ATM
TXN000000144,ACC0001146,2024-07-19,Debit,100692.42,Netflix,POS,Success,Bhopal,Mobile
TXN000000145,ACC0000045,2024-05-24,Debit,127530.57,Fuel Station,NetBanking,Success,Delhi,POS
TXN000000146,ACC0001329,2025-10-20,Credit,113875.85,Electricity Board,POS,Success,Bhopal,ATM
TXN000000147,ACC0000942,2025-05-01,Credit,56438.37,Flipkart,RTGS,Success,Jaipur,Web
TXN000000148,ACC0000106,2024-08-08,Debit,112116.32,Uber,ATM,Success,Hyderabad,POS
TXN000000149,ACC0000529,2025-01-21,Credit,117143.41,DMart,RTGS,Success,Delhi,Web
TXN000000150,ACC0000402,2025-03-07,Credit,65989.68,BigBasket,Cheque,Success,Bhopal,Mobile
TXN000000151,ACC0000919,2025-04-02,Debit,125737.86,Ola,ATM,Success,Lucknow,ATM
TXN000000152,ACC0000877,2024-05-19,Credit,62050.79,Jio,RTGS,Pending,Lucknow,POS
TXN000000153,ACC0000642,2025-07-21,Debit,76440.57,Insurance Premium,Cheque,Success,Lucknow,Branch
TXN000000154,ACC0001256,2024-09-02,Credit,43063.81,Ola,POS,Success,Pune,Web
TXN000000155,ACC0000914,2026-04-25,Debit,118092.36,Amazon,RTGS,Success,Lucknow,ATM
TXN000000156,ACC0001142,2024-06-02,Debit,3802.08,Amazon,Cheque,Success,Pune,Mobile
TXN000000157,ACC0000632,2024-11-01,Debit,52642.3,BigBasket,NEFT,Success,Lucknow,Web
TXN000000158,ACC0001335,2025-08-25,Debit,8956.28,Flipkart,UPI,Success,Mumbai,POS
TXN000000159,ACC0000569,2025-01-16,Debit,119456.5,Jio,POS,Success,Bengaluru,Web
TXN000000160,ACC0000595,2025-06-21,Debit,51543.62,Netflix,NetBanking,Success,Pune,Web
TXN000000161,ACC0000411,2025-02-25,Debit,19563.55,Myntra,UPI,Success,Chandigarh,Mobile
TXN000000162,ACC0000076,2025-08-07,Credit,4384.03,BigBasket,NEFT,Success,Hyderabad,Branch
TXN000000163,ACC0001198,2026-04-24,Debit,99867.94,Myntra,NEFT,Success,Bhopal,POS
TXN000000164,ACC0001028,2026-05-03,Debit,110352.96,Netflix,NEFT,Success,Delhi,Branch
TXN000000165,ACC0001029,2026-03-17,Credit,144251.16,Uber,NetBanking,Success,Chennai,Branch
TXN000000166,ACC0000964,2025-06-06,Debit,138501.36,Myntra,Cheque,Success,Chennai,ATM
TXN000000167,ACC0001196,2026-03-11,Credit,100698.64,Jio,IMPS,Success,Mumbai,Branch
TXN000000168,ACC0000273,2025-09-06,Credit,51496.86,Airtel,UPI,Success,Ahmedabad,Mobile
TXN000000169,ACC0000566,2025-12-09,Debit,105222.48,DMart,UPI,Success,Ahmedabad,Web
TXN000000170,ACC0001017,2024-01-18,Debit,42901.61,Netflix,ATM,Success,Chandigarh,Web
TXN000000171,ACC0001277,2024-06-08,Debit,26251.54,BigBasket,ATM,Success,Delhi,Web
TXN000000172,ACC0000181,2024-11-11,Debit,56445.66,Insurance Premium,ATM,Success,Hyderabad,Web
TXN000000173,ACC0001131,2025-04-09,Debit,13588.79,Electricity Board,POS,Success,Lucknow,Branch
TXN000000174,ACC0000620,2024-12-01,Debit,449.28,Uber,ATM,Success,Bhopal,Web
TXN000000175,ACC0000463,2024-08-19,Debit,72153.58,Airtel,NEFT,Success,Bhopal,ATM
TXN000000176,ACC0000848,2025-05-23,Credit,130066.26,Insurance Premium,ATM,Success,Delhi,Web
TXN000000177,ACC0000751,2024-01-09,Credit,101163.68,Zomato,POS,Success,Hyderabad,Branch
TXN000000178,ACC0000857,2024-03-21,Debit,80200.03,Airtel,RTGS,Pending,Kochi,POS
TXN000000179,ACC0000747,2025-05-15,Debit,104080.28,School Fees,POS,Success,Ahmedabad,POS
TXN000000180,ACC0000119,2025-12-23,Debit,78401.05,BigBasket,IMPS,Pending,Kochi,ATM
TXN000000181,ACC0000677,2024-04-23,Credit,77848.44,Jio,Cheque,Success,Ahmedabad,Web
TXN000000182,ACC0000441,2024-04-09,Debit,141372.48,DMart,ATM,Success,Ahmedabad,Mobile
TXN000000183,ACC0001122,2026-01-19,Debit,114826.13,Flipkart,RTGS,Pending,Delhi,Branch
TXN000000184,ACC0000789,2025-09-13,Credit,19113.93,IRCTC,ATM,Failed,Delhi,POS
TXN000000185,ACC0000758,2024-09-04,Debit,111697.19,Flipkart,NEFT,Success,Kochi,Branch
TXN000000186,ACC0000317,2024-04-02,Debit,29019.13,BigBasket,ATM,Success,Delhi,Web
TXN000000187,ACC0000511,2024-12-30,Credit,132403.94,Airtel,RTGS,Success,Delhi,Branch
TXN000000188,ACC0000458,2024-11-10,Credit,8879.96,Ola,UPI,Success,Kochi,Mobile
TXN000000189,ACC0001376,2025-09-23,Debit,134060.81,Myntra,POS,Success,Chennai,Branch
TXN000000190,ACC0000655,2025-12-25,Debit,111226.28,Myntra,RTGS,Success,Chennai,Branch
TXN000000191,ACC0000622,2024-07-07,Credit,83776.35,Swiggy,IMPS,Success,Ahmedabad,POS
TXN000000192,ACC0000547,2024-11-10,Credit,8308.71,BigBasket,NEFT,Success,Delhi,ATM
TXN000000193,ACC0001313,2024-01-18,Credit,92398.13,Flipkart,IMPS,Success,Chennai,Web
TXN000000194,ACC0000253,2026-04-24,Credit,21252.23,Electricity Board,IMPS,Success,Delhi,ATM
TXN000000195,ACC0000729,2025-10-27,Debit,60346.16,Jio,NetBanking,Pending,Mumbai,POS
TXN000000196,ACC0000397,2026-03-29,Debit,74510.57,BigBasket,UPI,Success,Ahmedabad,Web
TXN000000197,ACC0000285,2025-10-10,Debit,95140.02,Airtel,Cheque,Success,Bengaluru,POS
TXN000000198,ACC0001285,2024-06-10,Debit,105533.71,Zomato,UPI,Success,Chandigarh,ATM
TXN000000199,ACC0000548,2026-01-22,Debit,92371.91,Zomato,ATM,Success,Kochi,ATM
TXN000000200,ACC0000251,2024-10-29,Credit,52479.74,Netflix,IMPS,Failed,Mumbai,Branch
TXN000000201,ACC0001387,2026-04-02,Debit,132693.37,Amazon,IMPS,Failed,Kochi,ATM
TXN000000202,ACC0000033,2025-07-19,Debit,6635.48,Amazon,IMPS,Success,Bengaluru,Branch
TXN000000203,ACC0000027,2024-11-03,Credit,53823.9,Insurance Premium,ATM,Success,Jaipur,POS
TXN000000204,ACC0000699,2024-09-20,Credit,86956.79,BigBasket,POS,Success,Bhopal,Branch
TXN000000205,ACC0000419,2024-12-03,Credit,135091.98,Airtel,NetBanking,Success,Hyderabad,POS
TXN000000206,ACC0001145,2025-06-06,Debit,76323.43,Fuel Station,NetBanking,Success,Bhopal,POS
TXN000000207,ACC0001277,2025-02-02,Debit,11156.63,Flipkart,NetBanking,Success,Bengaluru,POS
TXN000000208,ACC0000048,2026-03-29,Debit,148843.91,Reliance Digital,NetBanking,Success,Chennai,ATM
TXN000000209,ACC0001207,2024-03-22,Credit,112997.77,Amazon,RTGS,Success,Hyderabad,Branch
TXN000000210,ACC0000249,2025-06-17,Debit,109554.93,Netflix,RTGS,Success,Bhopal,POS
TXN000000211,ACC0000594,2026-02-10,Credit,88388.74,Swiggy,ATM,Success,Ahmedabad,Mobile
TXN000000212,ACC0000741,2025-07-28,Credit,66102.94,DMart,POS,Failed,Bhopal,ATM
TXN000000213,ACC0000972,2025-07-31,Credit,8491.5,Netflix,RTGS,Success,Bhopal,ATM
TXN000000214,ACC0001011,2025-06-06,Credit,83511.15,Electricity Board,NetBanking,Success,Kochi,ATM
TXN000000215,ACC0000680,2025-08-30,Credit,99141.39,IRCTC,POS,Success,Chandigarh,POS
TXN000000216,ACC0001359,2025-06-22,Credit,132891.61,IRCTC,UPI,Success,Delhi,POS
TXN000000217,ACC0000448,2024-02-12,Credit,56058.82,Myntra,POS,Success,Bhopal,Branch
TXN000000218,ACC0001396,2025-02-23,Debit,63389.68,Insurance Premium,UPI,Success,Jaipur,Branch
TXN000000219,ACC0000664,2024-10-02,Debit,32860.69,Uber,POS,Success,Lucknow,Branch
TXN000000220,ACC0000301,2024-07-24,Credit,53644.26,BigBasket,Cheque,Success,Pune,Branch
TXN000000221,ACC0001229,2025-12-17,Debit,138568.68,Insurance Premium,ATM,Success,Lucknow,Branch
TXN000000222,ACC0000179,2025-10-13,Debit,9702.28,Ola,NetBanking,Success,Bengaluru,ATM
TXN000000223,ACC0000909,2026-02-05,Credit,18089.04,Swiggy,Cheque,Success,Pune,Web
TXN000000224,ACC0000550,2024-11-21,Debit,53371.13,BigBasket,POS,Success,Jaipur,Branch
TXN000000225,ACC0000229,2025-09-05,Debit,66117.93,Myntra,RTGS,Failed,Mumbai,Mobile
TXN000000226,ACC0001159,2025-05-31,Debit,52676.81,IRCTC,UPI,Success,Jaipur,Web
TXN000000227,ACC0000078,2025-08-12,Credit,110474.4,Insurance Premium,IMPS,Success,Chennai,Web
TXN000000228,ACC0000259,2026-03-21,Debit,113910.72,Reliance Digital,ATM,Success,Ahmedabad,Web
TXN000000229,ACC0000983,2025-08-04,Credit,83016.92,Electricity Board,ATM,Success,Bhopal,Mobile
TXN000000230,ACC0000170,2024-02-04,Debit,131142.99,Uber,UPI,Success,Hyderabad,Branch
TXN000000231,ACC0001134,2024-12-07,Credit,125783.88,DMart,Cheque,Success,Pune,POS
TXN000000232,ACC0000818,2024-04-16,Credit,112043.28,Airtel,POS,Success,Jaipur,Mobile
TXN000000233,ACC0000707,2025-02-06,Credit,23178.45,Flipkart,NetBanking,Success,Chennai,ATM
TXN000000234,ACC0001297,2024-02-19,Debit,74391.1,Netflix,RTGS,Success,Bhopal,Branch
TXN000000235,ACC0001279,2025-12-08,Debit,16107.48,Zomato,POS,Success,Bhopal,Web
TXN000000236,ACC0001027,2024-03-28,Credit,6433.93,Airtel,POS,Success,Chandigarh,Web
TXN000000237,ACC0001141,2025-05-24,Credit,2990.55,Fuel Station,POS,Success,Kochi,Web
TXN000000238,ACC0000183,2025-03-02,Debit,57972.29,Uber,RTGS,Pending,Pune,ATM
TXN000000239,ACC0000979,2026-02-05,Debit,40085.89,Jio,UPI,Success,Ahmedabad,Mobile
TXN000000240,ACC0000985,2026-03-11,Debit,12373.8,Swiggy,NEFT,Success,Pune,Branch
TXN000000241,ACC0000141,2024-10-10,Credit,101654.05,Ola,NEFT,Success,Ahmedabad,Web
TXN000000242,ACC0000695,2024-10-09,Credit,15091.52,School Fees,IMPS,Success,Chandigarh,Web
TXN000000243,ACC0001060,2025-08-07,Debit,50484.8,Insurance Premium,ATM,Success,Jaipur,Branch
TXN000000244,ACC0000777,2024-02-07,Debit,87373.22,Insurance Premium,UPI,Success,Chennai,POS
TXN000000245,ACC0000540,2025-10-15,Debit,106269.06,Ola,RTGS,Reversed,Jaipur,POS
TXN000000246,ACC0000965,2025-02-24,Debit,15322.2,IRCTC,IMPS,Success,Ahmedabad,Branch
TXN000000247,ACC0001255,2025-02-18,Debit,8112.54,DMart,ATM,Success,Pune,Web
TXN000000248,ACC0000738,2024-02-22,Debit,70019.85,Flipkart,NEFT,Success,Pune,Branch
TXN000000249,ACC0000947,2024-10-21,Debit,34345.99,Uber,RTGS,Success,Chandigarh,Branch
TXN000000250,ACC0001099,2025-01-09,Debit,25983.67,Fuel Station,POS,Success,Delhi,Web
TXN000000251,ACC0000702,2025-10-11,Credit,144962.25,Insurance Premium,ATM,Success,Kochi,Branch
TXN000000252,ACC0001329,2025-11-12,Credit,32138.8,Netflix,IMPS,Success,Bengaluru,POS
TXN000000253,ACC0000752,2024-01-19,Debit,52460.24,Airtel,Cheque,Success,Chennai,ATM
TXN000000254,ACC0000742,2025-02-22,Debit,14703.27,Jio,UPI,Success,Kochi,Branch
TXN000000255,ACC0001287,2025-02-24,Debit,116515.36,IRCTC,RTGS,Success,Bhopal,Branch
TXN000000256,ACC0000910,2024-04-14,Credit,2785.52,Uber,NetBanking,Success,Lucknow,Mobile
TXN000000257,ACC0000522,2025-08-27,Debit,73930.37,Insurance Premium,RTGS,Pending,Delhi,POS
TXN000000258,ACC0000716,2024-02-12,Debit,85807.25,Electricity Board,RTGS,Success,Chennai,Branch
TXN000000259,ACC0000825,2024-07-14,Credit,69248.85,Jio,NEFT,Success,Lucknow,Branch
TXN000000260,ACC0001262,2024-02-10,Debit,98875.07,Swiggy,Cheque,Success,Jaipur,ATM
TXN000000261,ACC0001174,2024-02-04,Debit,40493.06,Insurance Premium,NetBanking,Success,Bengaluru,POS
TXN000000262,ACC0000641,2025-12-21,Credit,14725.13,Zomato,NEFT,Success,Pune,POS
TXN000000263,ACC0000485,2025-08-22,Debit,115609.03,Myntra,Cheque,Success,Hyderabad,Branch
TXN000000264,ACC0000406,2024-09-02,Debit,73046.72,Airtel,POS,Success,Ahmedabad,ATM
TXN000000265,ACC0000094,2024-05-16,Debit,68195.46,School Fees,RTGS,Success,Delhi,Web
TXN000000266,ACC0000473,2026-02-10,Debit,123049.91,Reliance Digital,UPI,Success,Hyderabad,Mobile
TXN000000267,ACC0001237,2024-06-17,Debit,128597.69,Insurance Premium,ATM,Pending,Hyderabad,ATM
TXN000000268,ACC0000830,2024-11-17,Debit,138436.47,Insurance Premium,NetBanking,Success,Delhi,Branch
TXN000000269,ACC0001066,2026-02-25,Debit,29442.78,Amazon,UPI,Failed,Chandigarh,Web
TXN000000270,ACC0000746,2025-01-08,Debit,65571.09,School Fees,IMPS,Success,Mumbai,POS
TXN000000271,ACC0000357,2025-11-16,Debit,51438.63,Myntra,RTGS,Failed,Lucknow,POS
TXN000000272,ACC0000542,2024-05-24,Debit,119997.9,Electricity Board,NetBanking,Success,Ahmedabad,Mobile
TXN000000273,ACC0000182,2024-07-19,Debit,100849.26,IRCTC,NEFT,Success,Chandigarh,Web
TXN000000274,ACC0000661,2024-03-25,Debit,120775.35,Swiggy,Cheque,Success,Kochi,POS
TXN000000275,ACC0000301,2024-11-09,Debit,121511.3,Jio,POS,Success,Chennai,Branch
TXN000000276,ACC0000774,2024-07-04,Debit,105024.97,Airtel,POS,Success,Delhi,Mobile
TXN000000277,ACC0001067,2025-06-29,Credit,115881.19,Netflix,NEFT,Success,Lucknow,Web
TXN000000278,ACC0001047,2024-05-27,Debit,103088.06,Flipkart,RTGS,Success,Chandigarh,POS
TXN000000279,ACC0000206,2026-05-07,Debit,32497.35,Myntra,ATM,Success,Kochi,Branch
TXN000000280,ACC0001018,2025-11-17,Debit,39062.61,Zomato,IMPS,Success,Delhi,Branch
TXN000000281,ACC0001356,2024-11-27,Debit,29789.02,Uber,UPI,Failed,Delhi,Web
TXN000000282,ACC0000908,2025-02-02,Credit,31098.47,Amazon,RTGS,Success,Lucknow,ATM
TXN000000283,ACC0000597,2026-01-19,Debit,72461.54,Amazon,NetBanking,Success,Lucknow,ATM
TXN000000284,ACC0000223,2025-04-21,Debit,35623.89,Jio,IMPS,Success,Pune,Mobile
TXN000000285,ACC0000990,2026-05-08,Debit,72442.91,BigBasket,NetBanking,Success,Delhi,ATM
TXN000000286,ACC0000302,2026-05-15,Credit,81862.74,Electricity Board,NetBanking,Success,Chandigarh,Branch
TXN000000287,ACC0000211,2024-08-15,Debit,122097.67,Flipkart,RTGS,Failed,Chandigarh,Web
TXN000000288,ACC0000793,2026-03-25,Debit,98168.48,Jio,ATM,Success,Lucknow,Branch
TXN000000289,ACC0000224,2024-02-07,Debit,12543.02,Netflix,RTGS,Success,Mumbai,ATM
TXN000000290,ACC0000513,2025-08-01,Debit,85390.72,Insurance Premium,UPI,Success,Bengaluru,Branch
TXN000000291,ACC0001356,2025-09-02,Debit,105789.87,Fuel Station,UPI,Success,Delhi,Branch
TXN000000292,ACC0001145,2025-07-11,Debit,28214.84,Zomato,NetBanking,Success,Mumbai,ATM
TXN000000293,ACC0000568,2024-09-09,Credit,144110.79,BigBasket,RTGS,Success,Jaipur,Web
TXN000000294,ACC0000699,2024-01-04,Debit,60259.29,Zomato,IMPS,Success,Ahmedabad,Mobile
TXN000000295,ACC0001128,2026-03-22,Debit,68351.56,Uber,UPI,Success,Ahmedabad,Web
TXN000000296,ACC0000408,2024-08-24,Debit,55240.18,Electricity Board,ATM,Success,Ahmedabad,Mobile
TXN000000297,ACC0000009,2026-04-02,Credit,67322.75,Netflix,NEFT,Success,Pune,Branch
TXN000000298,ACC0000773,2025-12-23,Debit,115734.67,Airtel,NEFT,Success,Bengaluru,Mobile
TXN000000299,ACC0000624,2024-03-31,Credit,121180.69,Zomato,RTGS,Success,Ahmedabad,Branch
TXN000000300,ACC0000753,2025-12-24,Debit,95236.16,Insurance Premium,UPI,Failed,Pune,POS
TXN000000301,ACC0000930,2024-03-24,Credit,139345.61,Insurance Premium,UPI,Success,Pune,ATM
TXN000000302,ACC0001025,2025-08-09,Debit,8594.74,Ola,NEFT,Success,Bhopal,ATM
TXN000000303,ACC0000010,2024-09-16,Credit,144478.29,School Fees,RTGS,Success,Chandigarh,POS
TXN000000304,ACC0001210,2025-01-29,Credit,35898.22,School Fees,ATM,Success,Kochi,ATM
TXN000000305,ACC0000827,2025-03-22,Debit,129857.13,Flipkart,UPI,Success,Hyderabad,Branch
TXN000000306,ACC0000665,2026-01-01,Debit,98425.46,Fuel Station,RTGS,Success,Chandigarh,ATM
TXN000000307,ACC0000485,2024-09-27,Credit,33908.45,Myntra,Cheque,Success,Lucknow,Branch
TXN000000308,ACC0000697,2025-07-09,Credit,98.33,Uber,UPI,Success,Bhopal,ATM
TXN000000309,ACC0000445,2024-12-18,Debit,81233.12,Jio,UPI,Success,Chennai,Web
TXN000000310,ACC0000991,2026-05-19,Credit,89173.01,Airtel,ATM,Success,Jaipur,Mobile
TXN000000311,ACC0000216,2025-08-12,Credit,72643.32,Insurance Premium,NetBanking,Success,Lucknow,Branch
TXN000000312,ACC0000594,2024-12-15,Debit,52696.44,Fuel Station,IMPS,Success,Lucknow,Web
TXN000000313,ACC0000341,2024-10-30,Credit,86513.45,Electricity Board,POS,Success,Chandigarh,Mobile
TXN000000314,ACC0000417,2024-09-21,Debit,91347.82,Jio,POS,Success,Mumbai,ATM
TXN000000315,ACC0000777,2024-07-05,Debit,109350.64,Myntra,NEFT,Success,Bengaluru,ATM
TXN000000316,ACC0001123,2025-03-29,Debit,93738.12,Fuel Station,Cheque,Success,Pune,ATM
TXN000000317,ACC0000084,2025-08-01,Debit,30807.83,Myntra,IMPS,Success,Lucknow,ATM
TXN000000318,ACC0001207,2026-02-16,Credit,111827.11,Fuel Station,NEFT,Success,Delhi,Mobile
TXN000000319,ACC0000897,2024-05-06,Debit,148253.98,Zomato,NetBanking,Success,Chandigarh,Mobile
TXN000000320,ACC0000834,2024-06-20,Debit,135155.88,Ola,RTGS,Success,Hyderabad,Web
TXN000000321,ACC0000107,2025-08-26,Debit,32390.49,DMart,ATM,Success,Mumbai,ATM
TXN000000322,ACC0000057,2025-01-21,Debit,142792.32,Uber,RTGS,Success,Mumbai,ATM
TXN000000323,ACC0001254,2024-12-15,Credit,19620.69,Fuel Station,NetBanking,Success,Bengaluru,POS
TXN000000324,ACC0000626,2024-09-05,Credit,75901.95,Insurance Premium,UPI,Success,Jaipur,Branch
TXN000000325,ACC0000520,2024-12-10,Debit,124212.8,Ola,Cheque,Success,Pune,Web
TXN000000326,ACC0000219,2026-02-10,Credit,86819.66,Electricity Board,UPI,Success,Pune,Branch
TXN000000327,ACC0000637,2024-01-07,Debit,79434.62,Netflix,RTGS,Pending,Jaipur,Branch
TXN000000328,ACC0000271,2025-05-06,Credit,120117.12,School Fees,NetBanking,Success,Chandigarh,ATM
TXN000000329,ACC0001115,2024-02-13,Credit,101826.4,DMart,IMPS,Success,Hyderabad,Mobile
TXN000000330,ACC0000985,2025-09-28,Credit,134905.06,Netflix,NetBanking,Pending,Hyderabad,POS
TXN000000331,ACC0001182,2025-04-28,Debit,81014.84,Electricity Board,Cheque,Success,Kochi,ATM
TXN000000332,ACC0000416,2024-09-14,Debit,104965.19,IRCTC,ATM,Success,Jaipur,Web
TXN000000333,ACC0001181,2025-11-13,Debit,71109.72,Jio,ATM,Success,Jaipur,Mobile
TXN000000334,ACC0000481,2025-07-24,Credit,27453.56,Electricity Board,UPI,Success,Mumbai,Branch
TXN000000335,ACC0000161,2025-05-14,Debit,26860.68,Ola,POS,Success,Bengaluru,Mobile
TXN000000336,ACC0000302,2025-11-02,Debit,109606.85,Amazon,NEFT,Success,Lucknow,Branch
TXN000000337,ACC0000610,2025-02-11,Credit,40775.07,Uber,Cheque,Success,Chandigarh,Mobile
TXN000000338,ACC0000114,2025-03-01,Debit,40395.57,Zomato,Cheque,Success,Bhopal,Mobile
TXN000000339,ACC0000201,2025-11-27,Credit,60892.78,Fuel Station,ATM,Success,Mumbai,Web
TXN000000340,ACC0000816,2026-02-24,Credit,80206.34,Netflix,ATM,Success,Hyderabad,Web
TXN000000341,ACC0000028,2025-05-20,Debit,55900.84,Zomato,RTGS,Success,Hyderabad,ATM
TXN000000342,ACC0001096,2024-02-20,Debit,1619.33,BigBasket,ATM,Success,Ahmedabad,Web
TXN000000343,ACC0000470,2024-10-01,Credit,72839.71,School Fees,POS,Success,Delhi,POS
TXN000000344,ACC0001299,2024-02-15,Debit,14393.28,Swiggy,NetBanking,Success,Lucknow,Web
TXN000000345,ACC0000057,2025-08-08,Debit,52592.11,Zomato,UPI,Success,Kochi,Web
TXN000000346,ACC0001126,2024-08-31,Debit,52957.1,DMart,IMPS,Pending,Lucknow,Mobile
TXN000000347,ACC0000551,2026-02-11,Debit,127656.95,Insurance Premium,POS,Success,Ahmedabad,Mobile
TXN000000348,ACC0000704,2025-01-15,Debit,140689.39,Netflix,NEFT,Success,Hyderabad,POS
TXN000000349,ACC0001323,2024-06-17,Debit,42399.24,Amazon,Cheque,Success,Lucknow,Branch
TXN000000350,ACC0000227,2024-07-06,Debit,144477.67,Ola,Cheque,Success,Ahmedabad,ATM
TXN000000351,ACC0000325,2024-03-22,Credit,51906.76,Electricity Board,RTGS,Success,Bengaluru,Branch
TXN000000352,ACC0001338,2026-03-21,Debit,146510.9,Insurance Premium,Cheque,Success,Chandigarh,ATM
TXN000000353,ACC0000945,2024-09-21,Debit,132286.18,Ola,RTGS,Success,Hyderabad,Branch
TXN000000354,ACC0000624,2025-05-22,Debit,69392.85,IRCTC,NetBanking,Success,Delhi,Branch
TXN000000355,ACC0000832,2024-08-16,Debit,127718.87,Electricity Board,UPI,Success,Ahmedabad,POS
TXN000000356,ACC0000097,2025-06-30,Debit,33997.84,Amazon,ATM,Success,Lucknow,POS
TXN000000357,ACC0000858,2026-01-08,Debit,93991.31,Flipkart,ATM,Success,Delhi,ATM
TXN000000358,ACC0000726,2024-05-10,Debit,71708.44,Ola,IMPS,Success,Bhopal,Web
TXN000000359,ACC0000258,2024-02-03,Credit,89105.21,DMart,NetBanking,Success,Hyderabad,Mobile
TXN000000360,ACC0001220,2024-10-01,Debit,107688.97,Flipkart,NEFT,Success,Bengaluru,ATM
TXN000000361,ACC0000496,2026-02-09,Credit,106626.13,Fuel Station,IMPS,Success,Jaipur,Branch
TXN000000362,ACC0000135,2024-12-02,Credit,144002.24,Myntra,UPI,Success,Chandigarh,Mobile
TXN000000363,ACC0001069,2026-03-27,Credit,137765.03,DMart,RTGS,Pending,Ahmedabad,POS
TXN000000364,ACC0000559,2024-06-10,Debit,45960.92,School Fees,RTGS,Success,Chandigarh,Branch
TXN000000365,ACC0001263,2025-12-11,Credit,62345.0,Insurance Premium,Cheque,Success,Delhi,Branch
TXN000000366,ACC0000511,2024-06-21,Debit,3030.87,IRCTC,NetBanking,Success,Bengaluru,Branch
TXN000000367,ACC0000953,2024-11-28,Debit,35479.83,Amazon,UPI,Success,Bengaluru,POS
TXN000000368,ACC0001153,2025-10-13,Credit,5738.44,Flipkart,NetBanking,Success,Lucknow,ATM
TXN000000369,ACC0000139,2024-11-04,Debit,96755.94,Zomato,Cheque,Success,Hyderabad,Branch
TXN000000370,ACC0000652,2026-01-01,Credit,140754.14,Ola,IMPS,Success,Delhi,ATM
TXN000000371,ACC0001269,2025-12-23,Debit,21584.06,Flipkart,NetBanking,Success,Pune,Branch
TXN000000372,ACC0001170,2024-08-24,Credit,29508.11,Jio,UPI,Success,Hyderabad,POS
TXN000000373,ACC0000376,2024-06-27,Debit,103349.0,Electricity Board,Cheque,Success,Hyderabad,Branch
TXN000000374,ACC0000936,2026-04-25,Credit,124093.96,Electricity Board,NEFT,Failed,Hyderabad,Mobile
TXN000000375,ACC0000986,2025-10-06,Credit,51091.02,Reliance Digital,UPI,Success,Hyderabad,ATM
TXN000000376,ACC0000636,2024-10-27,Credit,26848.07,Insurance Premium,ATM,Success,Ahmedabad,POS
TXN000000377,ACC0000767,2024-06-10,Credit,122848.82,Flipkart,RTGS,Success,Mumbai,Branch
TXN000000378,ACC0000149,2026-04-21,Credit,18870.75,Zomato,POS,Success,Mumbai,ATM
TXN000000379,ACC0000184,2025-07-01,Credit,53506.39,Insurance Premium,UPI,Success,Chennai,Mobile
TXN000000380,ACC0000560,2026-04-17,Credit,134309.38,Ola,POS,Success,Delhi,Mobile
TXN000000381,ACC0001216,2025-01-16,Debit,55731.79,BigBasket,IMPS,Success,Kochi,Mobile
TXN000000382,ACC0000996,2024-04-03,Debit,11351.39,DMart,POS,Failed,Pune,Web
TXN000000383,ACC0000636,2026-02-19,Debit,38126.56,BigBasket,Cheque,Success,Bhopal,ATM
TXN000000384,ACC0000644,2025-02-05,Credit,142411.61,Myntra,RTGS,Success,Kochi,Web
TXN000000385,ACC0000569,2026-03-13,Credit,2666.54,Myntra,NEFT,Success,Bengaluru,Mobile
TXN000000386,ACC0001375,2025-01-08,Debit,80490.19,Myntra,RTGS,Success,Mumbai,Mobile
TXN000000387,ACC0000939,2024-02-12,Debit,11019.97,Ola,IMPS,Success,Ahmedabad,POS
TXN000000388,ACC0001351,2025-11-14,Credit,121310.92,Myntra,Cheque,Success,Delhi,Branch
TXN000000389,ACC0000389,2025-03-08,Debit,103924.92,Amazon,UPI,Success,Ahmedabad,Mobile
TXN000000390,ACC0000224,2026-02-22,Credit,137473.27,Myntra,NEFT,Success,Bhopal,Web
TXN000000391,ACC0001229,2025-06-21,Credit,124667.15,Electricity Board,NEFT,Success,Hyderabad,Mobile
TXN000000392,ACC0000576,2025-11-03,Debit,134379.89,Swiggy,NetBanking,Failed,Kochi,POS
TXN000000393,ACC0000234,2025-12-25,Credit,76263.01,School Fees,POS,Success,Chandigarh,Branch
TXN000000394,ACC0000862,2024-12-24,Debit,6909.6,Flipkart,NetBanking,Success,Jaipur,POS
TXN000000395,ACC0001099,2024-06-29,Debit,57060.02,Electricity Board,UPI,Success,Bengaluru,ATM
TXN000000396,ACC0000321,2025-07-21,Debit,108614.17,Swiggy,ATM,Success,Chandigarh,Web
TXN000000397,ACC0000939,2024-01-19,Credit,63025.25,Fuel Station,RTGS,Success,Bhopal,Mobile
TXN000000398,ACC0001093,2025-09-10,Credit,115308.55,Fuel Station,POS,Success,Chennai,Branch
TXN000000399,ACC0000582,2025-04-17,Debit,30702.71,BigBasket,ATM,Success,Chennai,POS
TXN000000400,ACC0000073,2025-06-11,Debit,56868.78,Myntra,Cheque,Success,Kochi,Branch
TXN000000401,ACC0001007,2024-11-07,Debit,12645.96,Airtel,NetBanking,Success,Chandigarh,POS
TXN000000402,ACC0000749,2024-11-06,Debit,31123.87,DMart,NEFT,Success,Chandigarh,ATM
TXN000000403,ACC0000430,2026-01-07,Debit,22025.12,Flipkart,IMPS,Success,Pune,ATM
TXN000000404,ACC0000679,2026-02-28,Debit,32128.51,Insurance Premium,Cheque,Success,Hyderabad,Mobile
TXN000000405,ACC0001387,2025-12-05,Credit,56810.29,School Fees,Cheque,Success,Bengaluru,ATM
TXN000000406,ACC0000221,2025-11-20,Credit,82148.51,Zomato,UPI,Success,Bengaluru,Branch
TXN000000407,ACC0001362,2026-04-17,Credit,143092.76,Ola,POS,Success,Chandigarh,Mobile
TXN000000408,ACC0000701,2025-06-03,Credit,148883.22,Flipkart,RTGS,Success,Lucknow,ATM
TXN000000409,ACC0001293,2025-05-04,Debit,78088.24,Zomato,ATM,Success,Jaipur,Web
TXN000000410,ACC0000028,2024-10-15,Credit,119043.48,DMart,RTGS,Success,Mumbai,Mobile
TXN000000411,ACC0000062,2024-11-16,Debit,43692.9,IRCTC,ATM,Success,Hyderabad,Mobile
TXN000000412,ACC0001008,2024-04-18,Debit,107094.73,Fuel Station,NetBanking,Success,Chennai,ATM
TXN000000413,ACC0000794,2025-12-10,Credit,92898.63,Reliance Digital,POS,Success,Ahmedabad,ATM
TXN000000414,ACC0000322,2026-03-07,Credit,23322.67,Netflix,NetBanking,Success,Bengaluru,Web
TXN000000415,ACC0000512,2024-10-20,Credit,33706.99,Flipkart,POS,Success,Lucknow,ATM
TXN000000416,ACC0000210,2025-01-12,Credit,11867.94,Electricity Board,UPI,Success,Delhi,POS
TXN000000417,ACC0001289,2024-01-13,Credit,129315.5,Netflix,NEFT,Success,Jaipur,Mobile
TXN000000418,ACC0001111,2024-08-10,Debit,127477.62,Zomato,Cheque,Success,Chennai,Branch
TXN000000419,ACC0000996,2025-07-24,Debit,5095.14,Jio,RTGS,Success,Pune,Web
TXN000000420,ACC0000971,2025-07-18,Credit,48477.71,Ola,ATM,Success,Mumbai,Web
TXN000000421,ACC0000328,2025-07-22,Debit,38965.27,Zomato,ATM,Success,Jaipur,Web
TXN000000422,ACC0000145,2025-04-18,Credit,69250.34,BigBasket,ATM,Success,Hyderabad,Mobile
TXN000000423,ACC0000226,2024-06-05,Debit,4783.35,Jio,NetBanking,Success,Delhi,Branch
TXN000000424,ACC0000249,2025-08-10,Debit,37318.03,Myntra,UPI,Success,Mumbai,Branch
TXN000000425,ACC0000931,2025-05-28,Debit,118204.02,Swiggy,NEFT,Success,Ahmedabad,Web
TXN000000426,ACC0000646,2025-11-04,Debit,56785.84,Zomato,ATM,Success,Jaipur,POS
TXN000000427,ACC0001131,2024-03-05,Debit,31752.19,Flipkart,RTGS,Success,Chennai,Mobile
TXN000000428,ACC0000406,2024-04-23,Debit,77374.52,School Fees,NEFT,Success,Pune,Mobile
TXN000000429,ACC0000475,2025-03-31,Credit,95445.32,Amazon,ATM,Success,Mumbai,POS
TXN000000430,ACC0000740,2024-10-08,Credit,85900.07,Flipkart,NetBanking,Success,Chennai,POS
TXN000000431,ACC0000940,2024-07-21,Debit,10427.88,Swiggy,ATM,Success,Pune,ATM
TXN000000432,ACC0000557,2026-02-21,Credit,18815.23,Zomato,Cheque,Success,Lucknow,POS
TXN000000433,ACC0000551,2024-10-01,Debit,68276.34,Amazon,RTGS,Success,Lucknow,Branch
TXN000000434,ACC0000529,2025-06-21,Debit,87114.64,Fuel Station,UPI,Success,Hyderabad,Web
TXN000000435,ACC0001247,2026-02-04,Credit,34352.47,Ola,NEFT,Success,Chandigarh,ATM
TXN000000436,ACC0000616,2024-01-18,Credit,125026.68,DMart,IMPS,Success,Lucknow,Branch
TXN000000437,ACC0000479,2025-07-23,Debit,105438.32,Flipkart,POS,Success,Jaipur,Web
TXN000000438,ACC0000180,2024-01-28,Debit,5479.05,School Fees,NetBanking,Success,Chennai,ATM
TXN000000439,ACC0000194,2024-02-08,Credit,33917.62,Jio,ATM,Success,Chennai,ATM
TXN000000440,ACC0000596,2025-09-05,Debit,60030.86,Ola,NetBanking,Success,Chandigarh,POS
TXN000000441,ACC0001063,2025-06-13,Debit,76339.4,BigBasket,Cheque,Success,Chandigarh,Web
TXN000000442,ACC0000831,2024-02-24,Debit,3851.71,Fuel Station,Cheque,Success,Delhi,ATM
TXN000000443,ACC0000996,2024-08-15,Debit,114794.59,Insurance Premium,POS,Success,Chennai,POS
TXN000000444,ACC0000405,2024-02-07,Debit,122390.2,Fuel Station,NEFT,Success,Delhi,ATM
TXN000000445,ACC0000219,2026-05-02,Debit,113845.5,Flipkart,UPI,Success,Mumbai,Web
TXN000000446,ACC0000191,2026-04-09,Credit,44094.01,Airtel,POS,Success,Jaipur,ATM
TXN000000447,ACC0000573,2025-11-08,Credit,35032.36,Electricity Board,ATM,Success,Bhopal,ATM
TXN000000448,ACC0000702,2025-08-04,Credit,24305.7,Swiggy,Cheque,Success,Mumbai,Web
TXN000000449,ACC0000480,2026-02-14,Credit,136035.38,Flipkart,ATM,Success,Ahmedabad,POS
TXN000000450,ACC0000369,2024-12-22,Credit,60662.56,Reliance Digital,NetBanking,Success,Bhopal,POS
TXN000000451,ACC0000979,2024-04-16,Debit,68481.48,Fuel Station,RTGS,Pending,Chennai,ATM
TXN000000452,ACC0000317,2026-01-10,Credit,74321.72,Zomato,RTGS,Success,Kochi,Branch
TXN000000453,ACC0001078,2025-11-08,Credit,49468.94,DMart,IMPS,Success,Chandigarh,ATM
TXN000000454,ACC0001134,2025-12-19,Debit,13918.69,BigBasket,RTGS,Success,Hyderabad,Mobile
TXN000000455,ACC0000987,2024-02-04,Debit,58608.01,Myntra,UPI,Success,Kochi,Mobile
TXN000000456,ACC0000979,2025-04-18,Debit,123722.24,Zomato,NEFT,Failed,Delhi,ATM
TXN000000457,ACC0000280,2026-04-10,Credit,59010.56,School Fees,RTGS,Failed,Pune,Branch
TXN000000458,ACC0000806,2025-08-29,Credit,31333.46,School Fees,Cheque,Success,Chennai,Branch
TXN000000459,ACC0000739,2024-08-24,Debit,127050.91,DMart,ATM,Success,Lucknow,Mobile
TXN000000460,ACC0001108,2026-02-04,Debit,59660.04,Zomato,POS,Success,Ahmedabad,Mobile
TXN000000461,ACC0000675,2025-02-02,Credit,138591.29,Flipkart,UPI,Success,Delhi,Mobile
TXN000000462,ACC0001367,2026-04-17,Debit,8354.65,Netflix,NetBanking,Success,Delhi,POS
TXN000000463,ACC0000942,2024-09-15,Credit,38725.56,Electricity Board,NEFT,Success,Delhi,Web
TXN000000464,ACC0000003,2025-06-08,Credit,110993.05,Zomato,RTGS,Success,Chennai,ATM
TXN000000465,ACC0001174,2025-12-04,Debit,114636.1,School Fees,NetBanking,Success,Hyderabad,Web
TXN000000466,ACC0000151,2025-06-25,Credit,99813.31,Swiggy,Cheque,Success,Lucknow,Web
TXN000000467,ACC0001287,2025-01-06,Debit,128418.94,Netflix,NetBanking,Success,Bengaluru,Web
TXN000000468,ACC0000148,2024-05-19,Debit,79569.43,Zomato,UPI,Success,Delhi,POS
TXN000000469,ACC0000815,2025-01-28,Debit,18278.56,BigBasket,RTGS,Success,Bengaluru,Web
TXN000000470,ACC0000847,2025-10-04,Credit,17499.45,Myntra,RTGS,Success,Hyderabad,Branch
TXN000000471,ACC0001282,2026-05-17,Debit,9964.34,Fuel Station,NetBanking,Success,Hyderabad,Web
TXN000000472,ACC0000462,2025-12-31,Debit,99980.45,DMart,IMPS,Pending,Bengaluru,POS
TXN000000473,ACC0000306,2025-02-15,Debit,95277.94,Fuel Station,NEFT,Success,Ahmedabad,Web
TXN000000474,ACC0000945,2025-10-01,Debit,90771.76,Netflix,IMPS,Failed,Pune,Web
TXN000000475,ACC0001260,2024-11-04,Credit,38626.59,Electricity Board,ATM,Success,Hyderabad,ATM
TXN000000476,ACC0001111,2024-04-28,Debit,16989.19,BigBasket,ATM,Success,Hyderabad,Web
TXN000000477,ACC0000095,2025-12-25,Debit,3695.01,Electricity Board,UPI,Success,Lucknow,ATM
TXN000000478,ACC0000175,2024-12-22,Debit,47623.74,Flipkart,NetBanking,Success,Bengaluru,ATM
TXN000000479,ACC0001087,2024-06-24,Debit,91481.99,Airtel,NEFT,Success,Mumbai,Branch
TXN000000480,ACC0000800,2024-04-29,Debit,70220.91,Myntra,IMPS,Failed,Jaipur,ATM
TXN000000481,ACC0000047,2025-06-04,Credit,28579.76,Ola,NEFT,Success,Mumbai,Web
TXN000000482,ACC0001275,2025-08-26,Credit,98701.2,Insurance Premium,Cheque,Success,Bhopal,ATM
TXN000000483,ACC0001170,2025-05-15,Credit,124595.22,Netflix,POS,Success,Chandigarh,Web
TXN000000484,ACC0000522,2024-03-28,Debit,40451.38,BigBasket,NEFT,Success,Hyderabad,ATM
TXN000000485,ACC0000934,2025-03-11,Credit,106587.08,Zomato,POS,Success,Chandigarh,ATM
TXN000000486,ACC0000883,2025-07-22,Credit,24088.89,Ola,IMPS,Success,Mumbai,Mobile
TXN000000487,ACC0001113,2024-09-12,Credit,59718.52,Flipkart,IMPS,Success,Bengaluru,Branch
TXN000000488,ACC0001306,2024-08-16,Debit,76715.89,IRCTC,NEFT,Success,Lucknow,POS
TXN000000489,ACC0001075,2025-03-27,Credit,25806.14,DMart,NetBanking,Reversed,Chennai,POS
TXN000000490,ACC0000715,2024-05-16,Credit,450.27,Amazon,NEFT,Success,Mumbai,POS
TXN000000491,ACC0000605,2026-04-29,Credit,70520.55,BigBasket,NetBanking,Success,Bengaluru,ATM
TXN000000492,ACC0001256,2024-08-02,Debit,114316.77,Jio,POS,Success,Ahmedabad,Branch
TXN000000493,ACC0000724,2024-01-20,Credit,102680.46,Amazon,POS,Failed,Mumbai,POS
TXN000000494,ACC0000236,2026-02-26,Debit,103310.91,Uber,IMPS,Success,Bengaluru,Web
TXN000000495,ACC0000098,2025-04-07,Credit,62780.32,Zomato,IMPS,Success,Mumbai,Web
TXN000000496,ACC0001340,2024-07-13,Debit,472.94,Uber,IMPS,Success,Chandigarh,Branch
TXN000000497,ACC0000405,2024-07-28,Debit,49667.56,Swiggy,NetBanking,Success,Bengaluru,POS
TXN000000498,ACC0000062,2025-03-01,Debit,16822.99,Jio,RTGS,Success,Jaipur,POS
TXN000000499,ACC0000790,2025-11-23,Debit,70713.25,Ola,UPI,Success,Mumbai,Branch
TXN000000500,ACC0000766,2024-01-20,Credit,37945.51,Jio,NEFT,Success,Chennai,POS
TXN000000501,ACC0000951,2024-10-21,Credit,102881.85,Ola,POS,Success,Delhi,Branch
TXN000000502,ACC0001344,2024-05-26,Credit,61112.16,Myntra,IMPS,Success,Ahmedabad,Web
TXN000000503,ACC0000606,2024-11-21,Credit,53831.79,Amazon,NetBanking,Success,Bhopal,ATM
TXN000000504,ACC0000203,2024-05-05,Debit,115936.81,Netflix,IMPS,Success,Pune,Web
TXN000000505,ACC0000501,2026-03-23,Debit,20017.21,School Fees,UPI,Success,Kochi,Web
TXN000000506,ACC0000934,2024-08-28,Debit,95412.36,Airtel,ATM,Success,Bhopal,Branch
TXN000000507,ACC0001018,2024-12-14,Debit,26194.8,Reliance Digital,POS,Success,Delhi,Mobile
TXN000000508,ACC0000238,2026-04-16,Debit,116455.21,Netflix,POS,Success,Jaipur,Web
TXN000000509,ACC0000949,2025-07-05,Debit,81517.52,IRCTC,NetBanking,Success,Delhi,ATM
TXN000000510,ACC0000566,2024-08-31,Debit,2851.22,Amazon,ATM,Failed,Pune,POS
TXN000000511,ACC0001040,2025-04-27,Credit,113896.88,Swiggy,NetBanking,Success,Chennai,Web
TXN000000512,ACC0000365,2025-01-11,Debit,133936.39,Netflix,ATM,Success,Pune,POS
TXN000000513,ACC0000371,2024-12-27,Credit,110481.01,Myntra,Cheque,Success,Lucknow,POS
TXN000000514,ACC0001244,2025-11-27,Debit,13285.08,Reliance Digital,Cheque,Reversed,Kochi,Web
TXN000000515,ACC0000038,2025-04-23,Debit,113801.49,Myntra,IMPS,Success,Chennai,Branch
TXN000000516,ACC0001399,2024-01-01,Credit,149598.19,School Fees,POS,Pending,Ahmedabad,ATM
TXN000000517,ACC0000080,2024-12-22,Debit,16399.01,IRCTC,IMPS,Success,Hyderabad,Web
TXN000000518,ACC0000777,2025-01-19,Debit,89287.15,Flipkart,UPI,Failed,Hyderabad,Branch
TXN000000519,ACC0000940,2024-05-13,Debit,112262.58,Electricity Board,RTGS,Success,Lucknow,Branch
TXN000000520,ACC0000800,2026-02-04,Debit,111084.01,DMart,Cheque,Success,Ahmedabad,Web
TXN000000521,ACC0000956,2024-12-02,Credit,135959.13,Jio,UPI,Failed,Hyderabad,Web
TXN000000522,ACC0001067,2025-06-15,Debit,112237.83,Airtel,IMPS,Success,Bhopal,POS
TXN000000523,ACC0001260,2024-04-17,Debit,76903.8,School Fees,ATM,Success,Ahmedabad,ATM
TXN000000524,ACC0000811,2025-08-05,Debit,7719.88,Amazon,UPI,Success,Lucknow,POS
TXN000000525,ACC0000583,2026-05-20,Debit,147033.68,Ola,ATM,Success,Chandigarh,Branch
TXN000000526,ACC0000635,2024-02-14,Credit,127507.35,Fuel Station,NetBanking,Success,Bengaluru,ATM
TXN000000527,ACC0000278,2024-12-17,Credit,115689.19,Ola,RTGS,Success,Lucknow,Branch
TXN000000528,ACC0001164,2026-03-30,Credit,58680.33,Uber,RTGS,Success,Chandigarh,POS
TXN000000529,ACC0000429,2025-10-03,Debit,77382.92,Flipkart,Cheque,Success,Bhopal,POS
TXN000000530,ACC0000879,2025-04-06,Credit,128268.05,Electricity Board,RTGS,Failed,Lucknow,Branch
TXN000000531,ACC0000854,2024-03-14,Debit,119615.36,Jio,Cheque,Success,Hyderabad,Branch
TXN000000532,ACC0001387,2025-12-11,Credit,126159.19,Reliance Digital,UPI,Reversed,Chandigarh,Mobile
TXN000000533,ACC0000955,2025-12-03,Debit,58220.02,Reliance Digital,POS,Success,Chandigarh,Mobile
TXN000000534,ACC0001008,2025-08-20,Debit,32725.91,IRCTC,IMPS,Success,Bhopal,POS
TXN000000535,ACC0000659,2024-07-12,Credit,35482.63,Myntra,POS,Success,Kochi,Branch
TXN000000536,ACC0001397,2024-08-17,Debit,109220.41,BigBasket,IMPS,Failed,Chandigarh,ATM
TXN000000537,ACC0000646,2024-11-17,Credit,68817.18,Netflix,NEFT,Success,Lucknow,Web
TXN000000538,ACC0000538,2024-05-23,Debit,8091.83,Zomato,RTGS,Success,Lucknow,Mobile
TXN000000539,ACC0000599,2024-02-04,Debit,91875.51,DMart,POS,Success,Pune,ATM
TXN000000540,ACC0000086,2024-02-11,Debit,22362.04,Myntra,NEFT,Success,Delhi,Web
TXN000000541,ACC0000857,2026-03-22,Debit,39857.07,Airtel,ATM,Success,Jaipur,Mobile
TXN000000542,ACC0000328,2025-11-09,Credit,84579.58,BigBasket,IMPS,Success,Bhopal,Mobile
TXN000000543,ACC0000858,2025-02-18,Credit,65668.04,Swiggy,IMPS,Success,Bengaluru,POS
TXN000000544,ACC0001330,2024-01-28,Credit,106527.2,Airtel,NetBanking,Success,Jaipur,POS
TXN000000545,ACC0000723,2024-09-19,Credit,705.43,Airtel,POS,Success,Pune,POS
TXN000000546,ACC0000682,2024-08-05,Credit,145430.31,Netflix,NetBanking,Success,Lucknow,ATM
TXN000000547,ACC0001104,2026-03-23,Debit,100841.02,Reliance Digital,RTGS,Success,Lucknow,ATM
TXN000000548,ACC0000393,2024-09-26,Debit,90110.87,Myntra,UPI,Success,Bengaluru,Web
TXN000000549,ACC0000820,2026-04-19,Debit,108144.86,Zomato,NetBanking,Failed,Ahmedabad,Mobile
TXN000000550,ACC0000377,2024-03-04,Debit,27605.05,Fuel Station,POS,Pending,Chandigarh,Mobile
TXN000000551,ACC0000821,2024-02-08,Credit,116000.18,Myntra,Cheque,Success,Bhopal,Mobile
TXN000000552,ACC0000698,2024-02-27,Debit,25937.89,Reliance Digital,RTGS,Success,Ahmedabad,Mobile
TXN000000553,ACC0000937,2024-06-16,Debit,71369.71,Swiggy,NetBanking,Success,Delhi,POS
TXN000000554,ACC0001330,2025-12-03,Credit,35688.72,DMart,NEFT,Success,Bengaluru,POS
TXN000000555,ACC0000774,2024-04-25,Debit,91429.57,Amazon,POS,Success,Lucknow,Mobile
TXN000000556,ACC0000327,2024-02-26,Credit,62714.56,School Fees,IMPS,Failed,Kochi,Web
TXN000000557,ACC0001337,2024-07-05,Debit,112302.22,Fuel Station,UPI,Success,Ahmedabad,POS
TXN000000558,ACC0000664,2025-03-31,Debit,81243.98,IRCTC,IMPS,Success,Hyderabad,Web
TXN000000559,ACC0000326,2025-12-11,Debit,77807.04,Amazon,NEFT,Reversed,Bengaluru,ATM
TXN000000560,ACC0001182,2024-09-21,Debit,135235.44,Myntra,NetBanking,Success,Ahmedabad,Branch
TXN000000561,ACC0000282,2025-02-22,Debit,40649.22,Amazon,NetBanking,Success,Mumbai,ATM
TXN000000562,ACC0000544,2024-09-20,Debit,104231.43,Netflix,IMPS,Success,Hyderabad,ATM
TXN000000563,ACC0001127,2025-05-21,Debit,37628.73,School Fees,ATM,Success,Mumbai,POS
TXN000000564,ACC0000559,2025-04-14,Credit,71808.76,Flipkart,NetBanking,Success,Ahmedabad,POS
TXN000000565,ACC0001025,2024-06-05,Debit,143026.69,School Fees,ATM,Success,Kochi,Mobile
TXN000000566,ACC0001227,2024-05-30,Credit,119507.5,Jio,NEFT,Success,Jaipur,Branch
TXN000000567,ACC0000245,2024-07-19,Debit,246.41,Insurance Premium,NEFT,Success,Jaipur,Mobile
TXN000000568,ACC0000686,2025-07-09,Credit,107599.44,Electricity Board,UPI,Success,Delhi,ATM
TXN000000569,ACC0000775,2025-08-14,Credit,70818.91,Airtel,NEFT,Success,Ahmedabad,POS
TXN000000570,ACC0000391,2026-02-18,Debit,132023.59,Uber,IMPS,Success,Pune,Web
TXN000000571,ACC0000765,2026-05-08,Debit,40545.04,Jio,UPI,Success,Ahmedabad,Mobile
TXN000000572,ACC0001264,2024-01-21,Debit,39290.6,Electricity Board,Cheque,Success,Bhopal,Mobile
TXN000000573,ACC0000966,2026-01-11,Credit,77189.74,Jio,Cheque,Success,Delhi,Branch
TXN000000574,ACC0000350,2024-04-15,Credit,70127.53,Flipkart,Cheque,Success,Mumbai,Branch
TXN000000575,ACC0000464,2025-08-15,Credit,146257.53,Airtel,Cheque,Success,Lucknow,Web
TXN000000576,ACC0001328,2025-11-16,Debit,61871.97,Flipkart,POS,Pending,Delhi,Mobile
TXN000000577,ACC0001169,2025-04-25,Debit,7733.69,Flipkart,NEFT,Success,Bhopal,Branch
TXN000000578,ACC0000058,2024-02-19,Debit,1822.51,Zomato,POS,Success,Ahmedabad,ATM
TXN000000579,ACC0000335,2024-08-23,Debit,139547.02,IRCTC,UPI,Success,Chandigarh,Web
TXN000000580,ACC0001270,2025-10-01,Debit,70626.66,Insurance Premium,ATM,Success,Chandigarh,Branch
TXN000000581,ACC0001311,2024-11-25,Credit,89891.96,Fuel Station,ATM,Success,Bengaluru,Branch
TXN000000582,ACC0000310,2025-09-22,Credit,101746.29,Uber,IMPS,Success,Delhi,ATM
TXN000000583,ACC0000583,2024-08-04,Credit,116795.12,Fuel Station,ATM,Success,Chandigarh,Branch
TXN000000584,ACC0000191,2024-09-01,Debit,149305.05,Fuel Station,RTGS,Success,Jaipur,ATM
TXN000000585,ACC0001175,2025-04-03,Debit,103024.72,Jio,NEFT,Success,Jaipur,Mobile
TXN000000586,ACC0001086,2024-03-31,Credit,74485.86,Fuel Station,ATM,Success,Mumbai,Branch
TXN000000587,ACC0001067,2025-06-12,Credit,108551.92,Electricity Board,NEFT,Success,Ahmedabad,POS
TXN000000588,ACC0000072,2026-04-19,Debit,31755.26,Netflix,NetBanking,Success,Bhopal,Mobile
TXN000000589,ACC0001381,2024-12-04,Credit,38360.99,Amazon,NetBanking,Success,Chennai,Branch
TXN000000590,ACC0000499,2026-01-24,Credit,146103.44,Swiggy,NEFT,Failed,Delhi,Mobile
TXN000000591,ACC0001062,2024-03-13,Credit,103962.58,School Fees,ATM,Success,Jaipur,POS
TXN000000592,ACC0001249,2024-11-25,Debit,149320.07,DMart,IMPS,Success,Pune,POS
TXN000000593,ACC0000844,2024-02-23,Credit,99917.97,Fuel Station,RTGS,Success,Bhopal,POS
TXN000000594,ACC0000018,2024-06-08,Debit,6030.49,Zomato,NetBanking,Success,Pune,POS
TXN000000595,ACC0001015,2024-12-08,Debit,20181.64,Netflix,ATM,Success,Bengaluru,POS
TXN000000596,ACC0001059,2026-03-21,Debit,139088.18,School Fees,NEFT,Success,Bengaluru,Mobile
TXN000000597,ACC0000578,2025-09-15,Debit,102479.19,School Fees,ATM,Success,Jaipur,Mobile
TXN000000598,ACC0000604,2025-04-11,Credit,37223.6,Swiggy,Cheque,Success,Chennai,ATM
TXN000000599,ACC0000370,2025-04-14,Credit,64495.52,IRCTC,Cheque,Success,Mumbai,Branch
TXN000000600,ACC0000705,2024-07-04,Debit,93243.14,Myntra,Cheque,Success,Jaipur,POS
TXN000000601,ACC0001032,2025-08-26,Debit,92817.97,School Fees,Cheque,Pending,Pune,Branch
TXN000000602,ACC0000571,2025-04-07,Credit,38734.47,Ola,NEFT,Success,Mumbai,Mobile
TXN000000603,ACC0001251,2025-08-18,Debit,20472.08,Reliance Digital,NetBanking,Reversed,Mumbai,Branch
TXN000000604,ACC0001234,2024-12-06,Debit,104322.15,BigBasket,RTGS,Success,Hyderabad,POS
TXN000000605,ACC0001235,2024-10-12,Credit,23021.02,Electricity Board,ATM,Success,Lucknow,POS
TXN000000606,ACC0000497,2024-12-23,Debit,118259.15,Myntra,NEFT,Failed,Delhi,Branch
TXN000000607,ACC0000839,2025-12-23,Debit,60339.33,Zomato,RTGS,Success,Mumbai,ATM
TXN000000608,ACC0000058,2024-09-15,Debit,50326.42,Electricity Board,UPI,Success,Hyderabad,Mobile
TXN000000609,ACC0000776,2025-04-05,Credit,105997.62,Ola,RTGS,Success,Hyderabad,ATM
TXN000000610,ACC0001383,2025-10-28,Credit,132748.54,Insurance Premium,NEFT,Success,Chandigarh,Web
TXN000000611,ACC0000583,2024-12-26,Credit,130837.12,Myntra,RTGS,Success,Delhi,Web
TXN000000612,ACC0001282,2024-01-15,Credit,81563.77,Insurance Premium,IMPS,Success,Lucknow,POS
TXN000000613,ACC0000098,2024-11-22,Debit,62458.65,Ola,POS,Success,Kochi,Branch
TXN000000614,ACC0001052,2025-03-19,Credit,34785.44,Netflix,ATM,Success,Mumbai,Web
TXN000000615,ACC0001288,2024-06-29,Debit,102115.27,Netflix,IMPS,Success,Bengaluru,POS
TXN000000616,ACC0001107,2024-11-19,Credit,87620.75,Uber,NetBanking,Success,Bhopal,POS
TXN000000617,ACC0001078,2025-05-28,Debit,26381.69,IRCTC,ATM,Success,Mumbai,Branch
TXN000000618,ACC0000316,2024-08-13,Credit,11932.41,IRCTC,Cheque,Success,Bhopal,Web
TXN000000619,ACC0000430,2024-07-31,Debit,137698.73,Myntra,NetBanking,Success,Chennai,Web
TXN000000620,ACC0000907,2025-07-12,Debit,112358.36,Jio,IMPS,Success,Kochi,Branch
TXN000000621,ACC0000382,2026-01-26,Debit,79401.18,Jio,UPI,Success,Bengaluru,Mobile
TXN000000622,ACC0001036,2025-07-28,Debit,72493.41,DMart,ATM,Success,Delhi,Mobile
TXN000000623,ACC0000833,2026-04-23,Credit,80564.75,DMart,ATM,Success,Pune,Branch
TXN000000624,ACC0000984,2024-06-26,Credit,133611.58,Reliance Digital,IMPS,Success,Lucknow,ATM
TXN000000625,ACC0001320,2024-09-17,Debit,5530.77,Netflix,RTGS,Success,Pune,POS
TXN000000626,ACC0000963,2026-03-05,Credit,141230.67,Fuel Station,RTGS,Success,Chandigarh,Web
TXN000000627,ACC0000349,2026-04-09,Debit,122381.42,Fuel Station,UPI,Success,Bengaluru,Branch
TXN000000628,ACC0000086,2024-12-05,Debit,145645.25,Netflix,POS,Success,Jaipur,POS
TXN000000629,ACC0001237,2024-08-16,Debit,105068.67,Fuel Station,Cheque,Success,Chennai,Mobile
TXN000000630,ACC0000213,2025-07-04,Credit,145661.34,BigBasket,POS,Success,Jaipur,Branch
TXN000000631,ACC0000819,2025-06-24,Debit,69062.2,Jio,POS,Success,Mumbai,Branch
TXN000000632,ACC0000571,2024-09-27,Debit,139118.45,Myntra,Cheque,Success,Hyderabad,Web
TXN000000633,ACC0000366,2025-12-07,Debit,10629.44,IRCTC,ATM,Success,Pune,Branch
TXN000000634,ACC0001095,2024-01-30,Debit,103436.29,Amazon,NetBanking,Failed,Hyderabad,POS
TXN000000635,ACC0000537,2025-08-30,Debit,87423.43,Uber,IMPS,Success,Mumbai,ATM
TXN000000636,ACC0000845,2024-11-26,Credit,83296.03,Reliance Digital,UPI,Success,Bhopal,Mobile
TXN000000637,ACC0000462,2025-06-07,Debit,36778.61,Amazon,NEFT,Success,Kochi,ATM
TXN000000638,ACC0000187,2025-07-11,Debit,56419.38,DMart,RTGS,Success,Kochi,POS
TXN000000639,ACC0000110,2026-03-04,Credit,133147.93,BigBasket,UPI,Success,Mumbai,Mobile
TXN000000640,ACC0000750,2024-10-13,Debit,31045.57,Reliance Digital,POS,Success,Mumbai,Web
TXN000000641,ACC0001303,2025-06-07,Debit,73675.77,Fuel Station,NEFT,Reversed,Jaipur,Branch
TXN000000642,ACC0001246,2025-04-18,Debit,93168.19,Ola,POS,Pending,Pune,POS
TXN000000643,ACC0000703,2025-01-11,Debit,55659.49,Amazon,POS,Success,Chandigarh,Web
TXN000000644,ACC0001289,2025-10-08,Credit,84493.6,BigBasket,Cheque,Success,Kochi,Branch
TXN000000645,ACC0000587,2025-10-01,Debit,83894.66,Airtel,IMPS,Success,Bengaluru,Branch
TXN000000646,ACC0000294,2025-04-09,Debit,9302.36,Electricity Board,IMPS,Success,Delhi,ATM
TXN000000647,ACC0001332,2025-09-16,Credit,131056.25,IRCTC,NEFT,Success,Pune,ATM
TXN000000648,ACC0000605,2024-03-02,Debit,47984.43,Reliance Digital,UPI,Success,Chandigarh,Web
TXN000000649,ACC0000970,2024-09-25,Debit,114766.88,Fuel Station,RTGS,Success,Bhopal,POS
TXN000000650,ACC0000290,2026-04-22,Credit,8549.69,Airtel,RTGS,Success,Delhi,Web
TXN000000651,ACC0000583,2026-01-24,Debit,42895.35,IRCTC,RTGS,Reversed,Jaipur,Web
TXN000000652,ACC0000594,2024-01-23,Debit,119155.12,Uber,NEFT,Success,Bhopal,Mobile
TXN000000653,ACC0001130,2026-04-30,Debit,54286.53,IRCTC,POS,Success,Pune,POS
TXN000000654,ACC0001164,2026-04-16,Credit,4085.1,Insurance Premium,ATM,Success,Chandigarh,Web
TXN000000655,ACC0000316,2024-03-29,Credit,61025.11,School Fees,NEFT,Pending,Delhi,Web
TXN000000656,ACC0000620,2024-08-26,Debit,109492.64,Uber,POS,Success,Hyderabad,Web
TXN000000657,ACC0001231,2025-12-09,Debit,93530.74,IRCTC,Cheque,Success,Jaipur,Mobile
TXN000000658,ACC0000381,2024-05-11,Debit,43588.6,Swiggy,NEFT,Success,Bengaluru,POS
TXN000000659,ACC0000177,2025-05-29,Debit,106177.03,BigBasket,RTGS,Success,Chennai,POS
TXN000000660,ACC0000626,2025-06-22,Debit,24456.04,Flipkart,NEFT,Success,Chandigarh,ATM
TXN000000661,ACC0000619,2024-04-29,Debit,23709.6,Swiggy,UPI,Success,Delhi,Web
TXN000000662,ACC0000394,2026-01-14,Credit,144635.63,Reliance Digital,NEFT,Success,Bengaluru,Web
TXN000000663,ACC0000883,2025-05-15,Debit,93923.99,Flipkart,ATM,Pending,Bhopal,Mobile
TXN000000664,ACC0000992,2024-08-10,Credit,128745.72,School Fees,NEFT,Success,Kochi,ATM
TXN000000665,ACC0000596,2024-01-31,Credit,121980.41,Swiggy,RTGS,Success,Bengaluru,Mobile
TXN000000666,ACC0000510,2025-08-29,Credit,119862.0,Airtel,NetBanking,Success,Lucknow,Mobile
TXN000000667,ACC0000525,2025-02-04,Debit,71238.65,Airtel,UPI,Success,Lucknow,ATM
TXN000000668,ACC0000711,2025-12-25,Debit,23066.74,Fuel Station,IMPS,Success,Jaipur,Web
TXN000000669,ACC0000241,2025-11-09,Credit,125295.45,Insurance Premium,NEFT,Success,Chandigarh,Mobile
TXN000000670,ACC0000647,2025-03-26,Debit,103519.48,Amazon,RTGS,Success,Ahmedabad,POS
TXN000000671,ACC0000777,2025-03-10,Debit,30905.85,Jio,Cheque,Success,Pune,POS
TXN000000672,ACC0001245,2026-05-07,Credit,137103.91,Jio,NetBanking,Success,Hyderabad,Web
TXN000000673,ACC0000508,2024-01-30,Credit,69208.82,Insurance Premium,NEFT,Success,Pune,POS
TXN000000674,ACC0000019,2024-03-08,Debit,87020.67,Uber,UPI,Success,Hyderabad,Web
TXN000000675,ACC0000374,2024-02-01,Credit,32363.11,Jio,POS,Failed,Lucknow,Branch
TXN000000676,ACC0000585,2025-06-22,Debit,81279.62,School Fees,RTGS,Success,Chandigarh,Web
TXN000000677,ACC0000499,2024-01-06,Debit,89986.81,Insurance Premium,IMPS,Success,Pune,POS
TXN000000678,ACC0000290,2024-12-11,Debit,82583.92,Uber,POS,Success,Delhi,Web
TXN000000679,ACC0001271,2025-03-06,Debit,134130.1,Amazon,RTGS,Failed,Kochi,Web
TXN000000680,ACC0000482,2024-07-30,Debit,81422.01,School Fees,Cheque,Success,Ahmedabad,Web
TXN000000681,ACC0000298,2024-02-03,Debit,79806.77,Uber,RTGS,Success,Lucknow,Branch
TXN000000682,ACC0001063,2026-03-29,Credit,63192.69,Uber,NetBanking,Success,Bhopal,Branch
TXN000000683,ACC0000202,2024-03-31,Credit,73689.51,Zomato,UPI,Success,Delhi,ATM
TXN000000684,ACC0000682,2025-03-28,Credit,25340.11,Insurance Premium,NetBanking,Success,Chennai,Branch
TXN000000685,ACC0001052,2024-04-23,Credit,76955.01,Uber,ATM,Success,Pune,ATM
TXN000000686,ACC0000366,2025-12-29,Debit,106024.71,Reliance Digital,NetBanking,Failed,Delhi,ATM
TXN000000687,ACC0001104,2025-01-30,Credit,15341.52,Amazon,RTGS,Success,Delhi,Mobile
TXN000000688,ACC0001058,2026-02-05,Debit,59980.31,Amazon,POS,Success,Bhopal,Branch
TXN000000689,ACC0000777,2024-06-28,Debit,136469.55,Jio,RTGS,Success,Chennai,Web
TXN000000690,ACC0001024,2026-04-06,Debit,148296.36,Amazon,RTGS,Success,Chandigarh,Branch
TXN000000691,ACC0001295,2024-12-12,Debit,42157.43,Airtel,NetBanking,Success,Mumbai,Mobile
TXN000000692,ACC0000473,2024-04-04,Debit,127691.46,Myntra,IMPS,Success,Bengaluru,Web
TXN000000693,ACC0001071,2024-09-30,Credit,88077.39,Zomato,NEFT,Success,Bhopal,ATM
TXN000000694,ACC0000426,2025-07-01,Credit,79580.03,Airtel,UPI,Pending,Pune,ATM
TXN000000695,ACC0000044,2024-09-21,Debit,87842.27,Amazon,NEFT,Success,Pune,Mobile
TXN000000696,ACC0001114,2026-04-02,Credit,28386.94,Uber,UPI,Success,Kochi,Branch
TXN000000697,ACC0001151,2025-04-30,Credit,130747.18,Fuel Station,UPI,Success,Jaipur,Web
TXN000000698,ACC0000998,2025-11-07,Debit,49641.4,Netflix,NEFT,Success,Bengaluru,POS
TXN000000699,ACC0000728,2025-01-31,Credit,91977.85,Myntra,POS,Success,Delhi,ATM
TXN000000700,ACC0000725,2024-12-17,Debit,19608.07,IRCTC,UPI,Pending,Delhi,ATM
TXN000000701,ACC0000137,2024-10-04,Debit,67052.02,Ola,Cheque,Success,Chennai,Branch
TXN000000702,ACC0001199,2024-04-30,Credit,46991.02,Myntra,RTGS,Success,Bengaluru,ATM
TXN000000703,ACC0000571,2025-05-13,Debit,77182.33,BigBasket,UPI,Success,Lucknow,Mobile
TXN000000704,ACC0000953,2024-05-08,Debit,141894.17,Ola,POS,Success,Delhi,Web
TXN000000705,ACC0000084,2026-03-07,Debit,131099.82,Ola,ATM,Success,Chennai,Web
TXN000000706,ACC0001282,2026-03-30,Debit,95583.12,DMart,POS,Success,Bengaluru,POS
TXN000000707,ACC0000414,2025-11-21,Debit,72534.82,School Fees,Cheque,Success,Jaipur,ATM
TXN000000708,ACC0001176,2024-08-01,Debit,18747.92,Flipkart,IMPS,Success,Pune,ATM
TXN000000709,ACC0000561,2025-04-28,Debit,142590.3,Swiggy,NEFT,Success,Kochi,Web
TXN000000710,ACC0000133,2025-04-24,Debit,129802.43,Flipkart,ATM,Success,Bhopal,Mobile
TXN000000711,ACC0000999,2025-03-02,Debit,18167.14,Swiggy,NEFT,Success,Jaipur,Branch
TXN000000712,ACC0000522,2024-04-15,Credit,97462.89,Electricity Board,RTGS,Success,Ahmedabad,ATM
TXN000000713,ACC0000744,2026-02-24,Debit,25910.66,Ola,Cheque,Success,Bhopal,POS
TXN000000714,ACC0001120,2025-12-28,Debit,114820.88,IRCTC,RTGS,Success,Bhopal,ATM
TXN000000715,ACC0000599,2026-01-15,Debit,125825.42,Insurance Premium,Cheque,Success,Lucknow,POS
TXN000000716,ACC0001148,2024-12-14,Debit,94896.83,DMart,IMPS,Success,Delhi,Web
TXN000000717,ACC0000178,2025-07-22,Debit,109074.71,Amazon,IMPS,Success,Jaipur,ATM
TXN000000718,ACC0001171,2025-02-22,Debit,9107.4,Jio,NetBanking,Success,Bengaluru,POS
TXN000000719,ACC0000882,2024-07-27,Credit,107852.72,School Fees,RTGS,Success,Chandigarh,Branch
TXN000000720,ACC0000941,2026-02-15,Credit,46150.46,Electricity Board,IMPS,Pending,Bhopal,Mobile
TXN000000721,ACC0000029,2025-04-28,Credit,148953.97,Amazon,UPI,Success,Hyderabad,ATM
TXN000000722,ACC0001066,2025-06-08,Debit,79183.08,Myntra,NetBanking,Success,Ahmedabad,Web
TXN000000723,ACC0000337,2026-03-24,Credit,120092.24,Flipkart,RTGS,Success,Chennai,POS
TXN000000724,ACC0000317,2025-05-18,Debit,103750.1,Ola,Cheque,Success,Chandigarh,Web
TXN000000725,ACC0001261,2025-05-01,Credit,8936.81,Ola,ATM,Success,Jaipur,Branch
TXN000000726,ACC0000905,2025-01-04,Credit,70660.12,Uber,NEFT,Success,Kochi,Web
TXN000000727,ACC0001029,2024-10-04,Credit,149690.45,Insurance Premium,Cheque,Success,Mumbai,Mobile
TXN000000728,ACC0000397,2026-02-11,Credit,114718.89,Zomato,UPI,Success,Bengaluru,ATM
TXN000000729,ACC0001253,2024-08-09,Debit,33903.93,Zomato,NetBanking,Success,Chennai,Branch
TXN000000730,ACC0000352,2025-03-29,Debit,55713.99,DMart,RTGS,Success,Bhopal,Mobile
TXN000000731,ACC0000946,2026-03-05,Debit,123011.63,Flipkart,NetBanking,Success,Delhi,ATM
TXN000000732,ACC0001055,2024-10-05,Credit,97112.05,Fuel Station,NetBanking,Success,Pune,Mobile
TXN000000733,ACC0000257,2025-05-08,Credit,83719.1,Amazon,UPI,Success,Pune,Web
TXN000000734,ACC0000819,2025-09-06,Debit,115072.02,Reliance Digital,RTGS,Success,Jaipur,Web
TXN000000735,ACC0000445,2025-06-29,Debit,19471.29,Airtel,NetBanking,Success,Kochi,Web
TXN000000736,ACC0000954,2026-04-13,Credit,117989.14,DMart,Cheque,Success,Bengaluru,Branch
TXN000000737,ACC0001188,2026-04-09,Credit,5349.99,DMart,Cheque,Success,Bhopal,Mobile
TXN000000738,ACC0000015,2024-05-25,Debit,87630.9,Reliance Digital,ATM,Failed,Mumbai,Web
TXN000000739,ACC0000913,2024-08-26,Credit,29667.18,Reliance Digital,NEFT,Success,Kochi,POS
TXN000000740,ACC0000432,2025-10-11,Debit,55101.79,BigBasket,IMPS,Success,Lucknow,POS
TXN000000741,ACC0001282,2024-08-12,Debit,40443.86,Fuel Station,NEFT,Success,Bhopal,Branch
TXN000000742,ACC0001388,2025-08-08,Credit,142424.16,Jio,UPI,Failed,Chandigarh,ATM
TXN000000743,ACC0000606,2024-11-10,Credit,105917.78,Ola,IMPS,Success,Lucknow,POS
TXN000000744,ACC0000456,2025-03-21,Debit,100324.15,Ola,UPI,Success,Bhopal,Web
TXN000000745,ACC0001289,2025-09-08,Debit,29772.94,Myntra,POS,Success,Chennai,Web
TXN000000746,ACC0001078,2026-04-02,Debit,32047.03,Flipkart,RTGS,Success,Ahmedabad,POS
TXN000000747,ACC0000960,2025-06-14,Debit,101556.93,Reliance Digital,RTGS,Success,Pune,Mobile
TXN000000748,ACC0000488,2025-01-18,Credit,89099.74,Myntra,POS,Success,Delhi,Mobile
TXN000000749,ACC0000262,2025-03-20,Credit,59448.58,Electricity Board,NetBanking,Success,Mumbai,ATM
TXN000000750,ACC0001324,2025-05-21,Debit,148570.53,Myntra,Cheque,Success,Chennai,POS
TXN000000751,ACC0001182,2024-05-25,Debit,64312.89,School Fees,POS,Success,Delhi,Mobile
TXN000000752,ACC0000474,2024-05-30,Debit,27820.51,Insurance Premium,NetBanking,Success,Delhi,Branch
TXN000000753,ACC0000722,2025-11-24,Debit,60096.13,Fuel Station,ATM,Success,Chandigarh,ATM
TXN000000754,ACC0000467,2024-12-10,Debit,38612.8,Ola,UPI,Success,Ahmedabad,Branch
TXN000000755,ACC0000657,2025-01-05,Debit,42935.19,Myntra,POS,Success,Lucknow,Mobile
TXN000000756,ACC0001052,2024-06-02,Debit,4745.14,BigBasket,UPI,Success,Bhopal,ATM
TXN000000757,ACC0000418,2025-11-30,Credit,56437.67,IRCTC,POS,Success,Chandigarh,ATM
TXN000000758,ACC0000420,2024-06-23,Debit,124033.11,Reliance Digital,ATM,Failed,Lucknow,Branch
TXN000000759,ACC0001156,2025-03-12,Credit,146954.29,Jio,UPI,Success,Ahmedabad,Mobile
TXN000000760,ACC0000069,2025-06-15,Debit,45389.44,Myntra,NetBanking,Success,Bhopal,Mobile
TXN000000761,ACC0000906,2024-06-06,Credit,128835.71,Myntra,ATM,Success,Lucknow,POS
TXN000000762,ACC0001170,2025-04-25,Debit,29695.46,Electricity Board,POS,Success,Chandigarh,Branch
TXN000000763,ACC0000188,2024-02-29,Debit,64640.29,Amazon,RTGS,Success,Jaipur,Branch
TXN000000764,ACC0001346,2025-07-26,Debit,95793.17,Swiggy,UPI,Success,Lucknow,Web
TXN000000765,ACC0000557,2026-05-05,Credit,144206.84,Ola,ATM,Failed,Hyderabad,Web
TXN000000766,ACC0001106,2024-02-28,Debit,82387.89,Netflix,IMPS,Success,Ahmedabad,Mobile
TXN000000767,ACC0001351,2024-03-30,Credit,65539.64,School Fees,RTGS,Success,Chennai,ATM
TXN000000768,ACC0000907,2026-02-10,Credit,79323.34,School Fees,RTGS,Pending,Chennai,Web
TXN000000769,ACC0000541,2025-02-16,Credit,90954.21,Electricity Board,POS,Success,Kochi,Mobile
TXN000000770,ACC0000810,2024-06-02,Credit,48539.35,DMart,UPI,Success,Ahmedabad,POS
TXN000000771,ACC0001379,2025-09-14,Credit,59022.53,IRCTC,ATM,Failed,Chennai,Web
TXN000000772,ACC0000734,2024-12-03,Credit,60884.77,IRCTC,NEFT,Success,Delhi,Branch
TXN000000773,ACC0000797,2025-04-07,Credit,35308.42,BigBasket,UPI,Success,Mumbai,Web
TXN000000774,ACC0000677,2024-10-24,Debit,62970.15,Jio,NetBanking,Success,Chennai,POS
TXN000000775,ACC0000121,2025-03-27,Credit,60384.06,Uber,Cheque,Success,Ahmedabad,Mobile
TXN000000776,ACC0001346,2024-03-24,Debit,12333.69,IRCTC,IMPS,Success,Pune,Mobile
TXN000000777,ACC0000487,2025-02-18,Debit,122431.38,Netflix,POS,Success,Jaipur,POS
TXN000000778,ACC0000144,2024-02-15,Debit,135445.98,Flipkart,ATM,Success,Kochi,POS
TXN000000779,ACC0000454,2026-05-15,Credit,55952.39,School Fees,NetBanking,Success,Chandigarh,ATM
TXN000000780,ACC0000003,2024-11-17,Credit,33552.51,Netflix,UPI,Success,Mumbai,Web
TXN000000781,ACC0001201,2024-07-16,Credit,128194.81,Electricity Board,UPI,Success,Mumbai,Mobile
TXN000000782,ACC0000378,2025-04-21,Debit,121606.48,Swiggy,NEFT,Failed,Kochi,Mobile
TXN000000783,ACC0000789,2024-04-02,Debit,98128.64,Ola,NEFT,Success,Jaipur,Branch
TXN000000784,ACC0000075,2025-08-12,Debit,50439.64,Swiggy,RTGS,Success,Ahmedabad,ATM
TXN000000785,ACC0001091,2026-03-25,Debit,75274.87,Insurance Premium,NEFT,Success,Kochi,Mobile
TXN000000786,ACC0001315,2025-09-03,Credit,142190.69,Reliance Digital,IMPS,Success,Kochi,Branch
TXN000000787,ACC0000036,2024-04-13,Debit,136771.17,Myntra,NEFT,Success,Ahmedabad,Web
TXN000000788,ACC0000426,2024-07-18,Debit,11180.15,Uber,POS,Success,Bengaluru,Mobile
TXN000000789,ACC0001153,2026-04-07,Debit,128947.75,Uber,UPI,Success,Hyderabad,ATM
TXN000000790,ACC0001385,2025-05-22,Credit,139340.99,Airtel,POS,Success,Bhopal,ATM
TXN000000791,ACC0000523,2024-04-18,Debit,58329.54,BigBasket,IMPS,Failed,Bhopal,Web
TXN000000792,ACC0000068,2025-02-01,Debit,137531.66,Airtel,NEFT,Success,Lucknow,Mobile
TXN000000793,ACC0000345,2024-02-19,Credit,83177.38,BigBasket,NEFT,Failed,Chandigarh,Web
TXN000000794,ACC0001369,2025-11-26,Debit,116998.03,DMart,RTGS,Success,Pune,Branch
TXN000000795,ACC0001196,2025-05-22,Debit,76219.87,Zomato,UPI,Success,Bengaluru,Web
TXN000000796,ACC0000236,2024-12-15,Debit,122408.32,Myntra,NEFT,Success,Ahmedabad,ATM
TXN000000797,ACC0001297,2025-07-14,Credit,114433.36,Flipkart,ATM,Success,Pune,Web
TXN000000798,ACC0000183,2026-05-12,Credit,113192.43,Reliance Digital,NetBanking,Success,Delhi,ATM
TXN000000799,ACC0000562,2025-07-24,Debit,141216.64,Amazon,ATM,Success,Jaipur,Mobile
TXN000000800,ACC0001109,2025-05-26,Debit,103784.2,Swiggy,ATM,Success,Kochi,Web
TXN000000801,ACC0000560,2024-10-14,Debit,48886.21,Airtel,UPI,Success,Mumbai,POS
TXN000000802,ACC0001393,2026-04-28,Debit,111043.35,Electricity Board,UPI,Success,Bengaluru,ATM
TXN000000803,ACC0000538,2025-07-24,Credit,64858.15,DMart,POS,Success,Mumbai,ATM
TXN000000804,ACC0000529,2024-03-21,Credit,147421.16,Ola,IMPS,Success,Chandigarh,Mobile
TXN000000805,ACC0000595,2025-10-28,Debit,68172.42,Fuel Station,NetBanking,Success,Hyderabad,POS
TXN000000806,ACC0000590,2025-09-11,Debit,112924.76,BigBasket,POS,Success,Delhi,ATM
TXN000000807,ACC0000586,2025-10-07,Debit,78689.24,Jio,NEFT,Success,Chennai,ATM
TXN000000808,ACC0001063,2024-05-17,Credit,136000.16,Jio,IMPS,Success,Lucknow,ATM
TXN000000809,ACC0000174,2024-05-20,Credit,58564.94,School Fees,NetBanking,Success,Hyderabad,Branch
TXN000000810,ACC0001223,2025-02-13,Debit,40546.74,School Fees,NetBanking,Success,Mumbai,Mobile
TXN000000811,ACC0000811,2025-05-24,Credit,23652.33,Insurance Premium,ATM,Success,Delhi,Branch
TXN000000812,ACC0001019,2026-01-04,Debit,30981.95,Zomato,POS,Success,Bengaluru,Web
TXN000000813,ACC0000697,2025-02-03,Credit,124179.17,Flipkart,UPI,Success,Bhopal,POS
TXN000000814,ACC0001269,2024-03-05,Credit,58602.32,Fuel Station,IMPS,Success,Mumbai,Branch
TXN000000815,ACC0000308,2026-01-19,Credit,54029.08,DMart,POS,Success,Delhi,Web
TXN000000816,ACC0000244,2025-02-27,Debit,55751.46,Amazon,POS,Success,Ahmedabad,Web
TXN000000817,ACC0000591,2024-05-09,Debit,36367.95,Swiggy,UPI,Success,Bengaluru,POS
TXN000000818,ACC0000555,2024-08-19,Debit,133371.43,Swiggy,ATM,Failed,Chandigarh,Mobile
TXN000000819,ACC0000576,2025-07-05,Debit,121126.46,Insurance Premium,RTGS,Success,Hyderabad,ATM
TXN000000820,ACC0000987,2025-12-06,Debit,81621.53,Ola,UPI,Success,Delhi,Mobile
TXN000000821,ACC0000875,2024-04-04,Debit,22133.5,Reliance Digital,Cheque,Success,Ahmedabad,POS
TXN000000822,ACC0000166,2024-02-13,Debit,97988.88,Jio,IMPS,Success,Bengaluru,ATM
TXN000000823,ACC0000705,2025-09-23,Debit,77921.78,Myntra,RTGS,Success,Pune,POS
TXN000000824,ACC0000970,2024-12-21,Debit,42372.0,Zomato,NetBanking,Success,Bhopal,Branch
TXN000000825,ACC0001029,2024-07-19,Debit,80001.31,Insurance Premium,IMPS,Success,Chennai,Web
TXN000000826,ACC0000263,2024-04-29,Debit,30429.74,BigBasket,Cheque,Pending,Chandigarh,POS
TXN000000827,ACC0000383,2024-09-12,Debit,49701.25,Uber,POS,Success,Kochi,POS
TXN000000828,ACC0000383,2024-01-08,Debit,70785.47,Uber,Cheque,Success,Jaipur,ATM
TXN000000829,ACC0000776,2025-07-07,Debit,79864.92,School Fees,Cheque,Success,Bhopal,POS
TXN000000830,ACC0000915,2024-02-26,Credit,99785.72,Insurance Premium,POS,Success,Chandigarh,Web
TXN000000831,ACC0000799,2024-04-15,Debit,90646.38,Airtel,IMPS,Success,Delhi,Mobile
TXN000000832,ACC0000985,2024-03-25,Debit,106795.26,Uber,ATM,Success,Chandigarh,Mobile
TXN000000833,ACC0000032,2024-10-20,Debit,12288.85,Airtel,IMPS,Success,Ahmedabad,ATM
TXN000000834,ACC0000627,2024-10-04,Credit,69231.05,Reliance Digital,RTGS,Success,Ahmedabad,ATM
TXN000000835,ACC0000199,2025-01-06,Debit,102544.6,DMart,RTGS,Success,Chennai,POS
TXN000000836,ACC0000924,2025-09-22,Credit,64848.8,Fuel Station,UPI,Success,Mumbai,Web
TXN000000837,ACC0001297,2025-09-06,Credit,44209.2,Insurance Premium,POS,Success,Kochi,Branch
TXN000000838,ACC0001130,2026-01-21,Debit,94053.49,Electricity Board,NEFT,Success,Lucknow,POS
TXN000000839,ACC0000827,2026-04-08,Credit,106597.68,Zomato,NEFT,Success,Ahmedabad,Web
TXN000000840,ACC0001023,2025-03-23,Debit,32641.69,DMart,IMPS,Success,Chennai,POS
TXN000000841,ACC0000093,2024-04-30,Debit,31637.88,IRCTC,IMPS,Success,Ahmedabad,Branch
TXN000000842,ACC0000541,2025-03-25,Debit,139410.37,Amazon,ATM,Success,Chandigarh,Mobile
TXN000000843,ACC0000640,2025-06-21,Debit,131762.87,Reliance Digital,NetBanking,Success,Chennai,ATM
TXN000000844,ACC0000966,2024-01-07,Debit,74480.61,Fuel Station,UPI,Success,Jaipur,ATM
TXN000000845,ACC0000724,2025-04-05,Credit,609.59,Jio,IMPS,Success,Kochi,Web
TXN000000846,ACC0000247,2025-12-04,Debit,27188.76,School Fees,IMPS,Success,Hyderabad,POS
TXN000000847,ACC0000851,2025-05-07,Debit,80600.89,School Fees,ATM,Success,Bengaluru,ATM
TXN000000848,ACC0000536,2024-07-29,Debit,32363.28,Reliance Digital,UPI,Failed,Bhopal,Branch
TXN000000849,ACC0001319,2025-08-06,Debit,125787.16,IRCTC,UPI,Failed,Jaipur,ATM
TXN000000850,ACC0000067,2024-08-25,Debit,81484.93,Swiggy,IMPS,Success,Chandigarh,Branch
TXN000000851,ACC0000422,2026-01-14,Debit,78181.62,Uber,NEFT,Success,Kochi,Branch
TXN000000852,ACC0000887,2024-09-24,Credit,23145.34,IRCTC,NEFT,Success,Jaipur,Web
TXN000000853,ACC0000958,2026-02-14,Debit,13297.82,Amazon,ATM,Success,Bhopal,Web
TXN000000854,ACC0000771,2024-04-07,Credit,142456.09,BigBasket,NetBanking,Success,Ahmedabad,Branch
TXN000000855,ACC0000741,2026-04-05,Debit,123049.15,Airtel,ATM,Success,Ahmedabad,Web
TXN000000856,ACC0001024,2024-04-16,Debit,29640.17,Reliance Digital,NetBanking,Success,Bhopal,ATM
TXN000000857,ACC0000690,2025-02-13,Debit,26631.05,Fuel Station,NetBanking,Success,Lucknow,ATM
TXN000000858,ACC0000750,2025-07-26,Debit,54163.96,Myntra,NEFT,Success,Chennai,Mobile
TXN000000859,ACC0000995,2025-08-21,Credit,89362.51,Airtel,RTGS,Success,Kochi,Mobile
TXN000000860,ACC0001122,2024-07-02,Debit,119927.13,Myntra,Cheque,Success,Hyderabad,Web
TXN000000861,ACC0001245,2025-05-16,Debit,101952.55,Jio,NEFT,Success,Mumbai,Mobile
TXN000000862,ACC0000193,2024-04-18,Credit,33630.38,Netflix,ATM,Success,Mumbai,Branch
TXN000000863,ACC0000580,2024-09-14,Credit,29861.51,Insurance Premium,IMPS,Success,Chennai,POS
TXN000000864,ACC0001237,2026-01-13,Credit,430.24,Electricity Board,NetBanking,Success,Jaipur,Branch
TXN000000865,ACC0000943,2026-05-09,Debit,2831.3,BigBasket,POS,Reversed,Lucknow,Web
TXN000000866,ACC0001087,2025-04-10,Debit,4062.85,Jio,Cheque,Success,Jaipur,ATM
TXN000000867,ACC0000372,2025-02-07,Debit,87625.8,Swiggy,UPI,Success,Hyderabad,ATM
TXN000000868,ACC0000372,2024-06-26,Debit,33596.96,Flipkart,POS,Success,Jaipur,POS
TXN000000869,ACC0001159,2024-09-30,Debit,23776.82,Airtel,Cheque,Success,Chandigarh,Branch
TXN000000870,ACC0000742,2024-07-19,Debit,66617.51,IRCTC,Cheque,Success,Delhi,Mobile
TXN000000871,ACC0001396,2024-04-08,Credit,101690.45,Fuel Station,Cheque,Success,Bengaluru,ATM
TXN000000872,ACC0000010,2025-06-04,Debit,87956.48,Netflix,NetBanking,Success,Bhopal,POS
TXN000000873,ACC0001313,2024-03-05,Debit,63044.14,Flipkart,POS,Success,Lucknow,Web
TXN000000874,ACC0000711,2025-05-05,Debit,147947.2,Ola,RTGS,Pending,Hyderabad,ATM
TXN000000875,ACC0000561,2024-06-21,Credit,74452.82,Jio,RTGS,Success,Jaipur,ATM
TXN000000876,ACC0001348,2024-12-25,Debit,120298.31,Jio,ATM,Success,Kochi,ATM
TXN000000877,ACC0001344,2024-09-22,Debit,57782.38,Uber,Cheque,Success,Pune,Branch
TXN000000878,ACC0001287,2025-03-29,Debit,35830.08,Uber,POS,Success,Bhopal,Web
TXN000000879,ACC0000519,2025-03-29,Credit,54713.5,Insurance Premium,IMPS,Success,Mumbai,POS
TXN000000880,ACC0000559,2025-09-17,Debit,112218.17,Jio,POS,Success,Chandigarh,POS
TXN000000881,ACC0000530,2025-03-27,Credit,4096.48,Airtel,ATM,Success,Mumbai,ATM
TXN000000882,ACC0001076,2024-08-09,Credit,34474.33,Reliance Digital,POS,Failed,Ahmedabad,Web
TXN000000883,ACC0000383,2025-02-20,Debit,18173.8,Jio,ATM,Pending,Kochi,Mobile
TXN000000884,ACC0000567,2024-08-14,Debit,4424.87,Fuel Station,RTGS,Success,Chennai,Mobile
TXN000000885,ACC0000721,2024-08-11,Credit,131992.69,IRCTC,ATM,Success,Pune,Mobile
TXN000000886,ACC0000094,2025-02-21,Debit,131930.95,Airtel,RTGS,Success,Lucknow,POS
TXN000000887,ACC0000885,2025-02-08,Credit,133633.36,Fuel Station,ATM,Success,Chennai,ATM
TXN000000888,ACC0000885,2024-05-19,Debit,37183.62,Insurance Premium,RTGS,Success,Ahmedabad,POS
TXN000000889,ACC0000972,2024-05-30,Credit,50384.37,Flipkart,ATM,Success,Delhi,Mobile
TXN000000890,ACC0000182,2025-03-22,Credit,94261.38,Flipkart,Cheque,Success,Delhi,POS
TXN000000891,ACC0000672,2025-06-14,Credit,44889.5,Uber,Cheque,Success,Chandigarh,ATM
TXN000000892,ACC0000415,2026-05-04,Debit,149376.95,Amazon,NetBanking,Success,Chennai,Web
TXN000000893,ACC0000659,2024-10-03,Debit,98312.35,Insurance Premium,RTGS,Success,Mumbai,Branch
TXN000000894,ACC0001370,2024-07-06,Debit,96216.99,Myntra,UPI,Success,Lucknow,Mobile
TXN000000895,ACC0000827,2025-03-19,Debit,70582.16,Insurance Premium,UPI,Success,Chandigarh,POS
TXN000000896,ACC0001394,2025-09-06,Debit,141218.88,IRCTC,RTGS,Failed,Jaipur,Mobile
TXN000000897,ACC0000448,2025-05-18,Debit,19150.03,Fuel Station,ATM,Success,Chandigarh,POS
TXN000000898,ACC0001067,2024-04-14,Debit,143995.02,Reliance Digital,RTGS,Success,Kochi,ATM
TXN000000899,ACC0000019,2026-03-08,Credit,104028.87,Amazon,Cheque,Success,Mumbai,ATM
TXN000000900,ACC0001314,2026-04-18,Credit,132972.83,Myntra,ATM,Success,Mumbai,ATM
TXN000000901,ACC0001081,2025-10-22,Credit,80699.4,Ola,Cheque,Success,Chennai,POS
TXN000000902,ACC0000402,2025-06-13,Debit,34238.3,Airtel,Cheque,Success,Pune,Branch
TXN000000903,ACC0001390,2024-09-25,Credit,43693.55,Zomato,Cheque,Success,Mumbai,POS
TXN000000904,ACC0000021,2025-07-21,Credit,130037.36,Electricity Board,RTGS,Success,Jaipur,Branch
TXN000000905,ACC0000504,2025-05-19,Debit,12451.93,Electricity Board,POS,Success,Kochi,Branch
TXN000000906,ACC0000535,2025-07-18,Debit,133319.18,School Fees,POS,Reversed,Ahmedabad,Web
TXN000000907,ACC0000050,2025-10-02,Credit,27969.24,Flipkart,Cheque,Success,Pune,ATM
TXN000000908,ACC0000011,2024-06-07,Debit,123736.08,Myntra,UPI,Success,Pune,Web
TXN000000909,ACC0000424,2024-05-13,Debit,97363.59,Jio,NetBanking,Success,Mumbai,POS
TXN000000910,ACC0000339,2025-02-13,Debit,53764.56,Airtel,ATM,Pending,Hyderabad,Mobile
TXN000000911,ACC0000902,2026-04-02,Debit,88995.63,Airtel,ATM,Success,Mumbai,Web
TXN000000912,ACC0001399,2024-01-27,Debit,138662.5,Swiggy,IMPS,Success,Chandigarh,POS
TXN000000913,ACC0000732,2024-11-30,Credit,83786.01,Amazon,UPI,Success,Hyderabad,Mobile
TXN000000914,ACC0001361,2024-02-09,Debit,21047.72,Jio,IMPS,Success,Mumbai,Branch
TXN000000915,ACC0001083,2024-02-03,Debit,117275.24,DMart,UPI,Failed,Pune,Branch
TXN000000916,ACC0001087,2025-06-12,Credit,67270.7,Airtel,Cheque,Success,Lucknow,POS
TXN000000917,ACC0000916,2025-06-22,Debit,88057.57,Zomato,ATM,Success,Pune,Branch
TXN000000918,ACC0000485,2024-03-27,Debit,15791.45,School Fees,IMPS,Success,Chandigarh,Web
TXN000000919,ACC0001056,2024-10-08,Debit,65516.79,Zomato,POS,Success,Delhi,POS
TXN000000920,ACC0000704,2025-10-24,Credit,54382.36,Fuel Station,NetBanking,Success,Kochi,Mobile
TXN000000921,ACC0000690,2024-09-06,Debit,88782.71,Flipkart,NEFT,Success,Bhopal,POS
TXN000000922,ACC0000673,2025-05-28,Debit,39307.18,Fuel Station,NetBanking,Success,Pune,Mobile
TXN000000923,ACC0000603,2026-01-27,Debit,42294.65,Swiggy,POS,Success,Kochi,POS
TXN000000924,ACC0000279,2025-12-29,Debit,43251.62,Ola,UPI,Success,Pune,Mobile
TXN000000925,ACC0000909,2025-01-04,Debit,61975.35,Airtel,POS,Success,Hyderabad,Branch
TXN000000926,ACC0000682,2024-03-04,Debit,11716.56,Electricity Board,IMPS,Success,Lucknow,ATM
TXN000000927,ACC0000676,2025-04-07,Credit,115157.49,Insurance Premium,Cheque,Success,Ahmedabad,Web
TXN000000928,ACC0000758,2024-05-09,Credit,106220.51,Reliance Digital,Cheque,Success,Chennai,POS
TXN000000929,ACC0000509,2024-02-09,Debit,70517.08,Amazon,Cheque,Success,Chennai,Branch
TXN000000930,ACC0000746,2026-05-02,Debit,42667.06,Ola,NetBanking,Success,Chennai,Mobile
TXN000000931,ACC0000894,2025-07-31,Debit,29661.82,Netflix,NetBanking,Success,Lucknow,Mobile
TXN000000932,ACC0000316,2024-12-17,Credit,87939.2,Amazon,IMPS,Success,Jaipur,ATM
TXN000000933,ACC0000540,2025-01-19,Debit,118695.66,Ola,NEFT,Success,Bengaluru,ATM
TXN000000934,ACC0000303,2024-07-21,Debit,59625.25,BigBasket,ATM,Success,Delhi,Web
TXN000000935,ACC0000566,2025-10-14,Credit,135964.99,Flipkart,UPI,Success,Pune,Branch
TXN000000936,ACC0001139,2024-12-30,Credit,43504.02,Netflix,POS,Failed,Bengaluru,Mobile
TXN000000937,ACC0000869,2025-11-10,Debit,143448.9,Reliance Digital,RTGS,Success,Chandigarh,ATM
TXN000000938,ACC0000850,2026-04-20,Credit,8142.58,Airtel,UPI,Success,Bhopal,POS
TXN000000939,ACC0000188,2026-01-04,Credit,62635.41,Flipkart,ATM,Success,Lucknow,Mobile
TXN000000940,ACC0000759,2025-07-26,Debit,102089.86,Netflix,IMPS,Success,Bhopal,POS
TXN000000941,ACC0000936,2025-07-23,Debit,33498.98,Jio,UPI,Success,Ahmedabad,Web
TXN000000942,ACC0000141,2025-06-20,Debit,63064.08,Electricity Board,POS,Success,Mumbai,Mobile
TXN000000943,ACC0000069,2025-07-19,Credit,118518.79,Reliance Digital,NEFT,Success,Pune,Web
TXN000000944,ACC0000355,2024-02-19,Credit,60914.29,Flipkart,RTGS,Success,Bhopal,Web
TXN000000945,ACC0000445,2025-05-26,Debit,65042.69,Flipkart,IMPS,Failed,Chandigarh,Web
TXN000000946,ACC0001113,2024-06-22,Debit,67159.56,BigBasket,RTGS,Success,Chennai,ATM
TXN000000947,ACC0001065,2026-03-02,Credit,113400.36,Fuel Station,NetBanking,Success,Bhopal,Branch
TXN000000948,ACC0000277,2024-11-02,Debit,81574.46,Electricity Board,NEFT,Success,Bengaluru,ATM
TXN000000949,ACC0000891,2026-01-15,Credit,41750.21,Myntra,ATM,Success,Mumbai,Branch
TXN000000950,ACC0000949,2025-12-01,Debit,29158.95,IRCTC,Cheque,Success,Jaipur,ATM
TXN000000951,ACC0000491,2024-12-01,Debit,117745.09,Electricity Board,NEFT,Success,Kochi,ATM
TXN000000952,ACC0000909,2025-09-16,Debit,45387.79,IRCTC,ATM,Success,Lucknow,Mobile
TXN000000953,ACC0000627,2026-04-15,Debit,38623.72,Reliance Digital,POS,Success,Pune,Branch
TXN000000954,ACC0000896,2024-07-19,Credit,98056.49,Uber,UPI,Pending,Chandigarh,ATM
TXN000000955,ACC0001195,2025-08-01,Debit,127041.24,Jio,ATM,Success,Ahmedabad,ATM
TXN000000956,ACC0000800,2025-06-15,Credit,149400.15,BigBasket,NEFT,Success,Kochi,Web
TXN000000957,ACC0000285,2024-09-05,Debit,118611.07,Zomato,ATM,Success,Lucknow,Web
TXN000000958,ACC0000381,2024-07-31,Debit,34022.13,DMart,Cheque,Success,Chennai,Mobile
TXN000000959,ACC0000793,2025-06-11,Debit,9695.06,Myntra,Cheque,Failed,Bhopal,POS
TXN000000960,ACC0000670,2024-09-28,Debit,36728.9,Netflix,POS,Success,Chandigarh,Branch
TXN000000961,ACC0001384,2025-10-29,Debit,99405.72,Airtel,Cheque,Success,Kochi,Mobile
TXN000000962,ACC0000111,2026-05-20,Debit,50631.76,Zomato,NetBanking,Success,Lucknow,ATM
TXN000000963,ACC0000535,2024-09-27,Debit,141098.84,Reliance Digital,NetBanking,Failed,Bengaluru,ATM
TXN000000964,ACC0000075,2025-03-20,Credit,16150.27,Airtel,RTGS,Failed,Chennai,Web
TXN000000965,ACC0000087,2025-12-02,Credit,22681.28,Electricity Board,NetBanking,Success,Lucknow,Mobile
TXN000000966,ACC0000756,2024-03-25,Credit,37471.57,BigBasket,POS,Success,Chandigarh,Mobile
TXN000000967,ACC0000697,2024-08-29,Credit,94121.06,DMart,POS,Success,Kochi,Branch
TXN000000968,ACC0000102,2024-07-11,Debit,93904.9,IRCTC,IMPS,Success,Kochi,ATM
TXN000000969,ACC0000867,2024-07-09,Credit,149265.73,Insurance Premium,UPI,Success,Bengaluru,Web
TXN000000970,ACC0000419,2024-02-11,Debit,284.5,Electricity Board,NEFT,Success,Lucknow,Mobile
TXN000000971,ACC0000079,2024-03-24,Credit,19080.1,Electricity Board,ATM,Success,Chandigarh,Branch
TXN000000972,ACC0001189,2025-09-24,Debit,60994.06,Amazon,POS,Success,Lucknow,Mobile
TXN000000973,ACC0000370,2024-04-07,Credit,93084.47,Swiggy,ATM,Success,Kochi,Web
TXN000000974,ACC0000092,2025-10-04,Credit,130108.64,Insurance Premium,Cheque,Success,Bhopal,Branch
TXN000000975,ACC0000253,2024-01-12,Credit,64244.6,Zomato,IMPS,Success,Kochi,POS
TXN000000976,ACC0000934,2024-07-24,Credit,120546.26,Fuel Station,NEFT,Success,Lucknow,Web
TXN000000977,ACC0000318,2025-09-16,Credit,36912.08,Zomato,Cheque,Success,Delhi,Web
TXN000000978,ACC0000848,2024-02-14,Debit,52740.93,IRCTC,RTGS,Success,Delhi,ATM
TXN000000979,ACC0000729,2026-02-20,Credit,3374.49,Zomato,ATM,Success,Pune,Branch
TXN000000980,ACC0000307,2024-02-25,Debit,141029.47,DMart,NetBanking,Success,Lucknow,Mobile
TXN000000981,ACC0000295,2024-01-08,Debit,47147.12,Amazon,POS,Failed,Chandigarh,ATM
TXN000000982,ACC0001127,2024-01-03,Debit,63968.58,Netflix,Cheque,Pending,Delhi,Web
TXN000000983,ACC0000171,2025-01-27,Debit,13741.87,Fuel Station,RTGS,Success,Hyderabad,Branch
TXN000000984,ACC0000385,2025-12-13,Debit,34483.95,DMart,UPI,Success,Pune,Branch
TXN000000985,ACC0001085,2024-11-23,Credit,87435.11,BigBasket,NetBanking,Success,Mumbai,ATM
TXN000000986,ACC0001192,2024-04-20,Credit,21834.77,Electricity Board,RTGS,Success,Chennai,Web
TXN000000987,ACC0000811,2025-06-25,Debit,61869.11,Netflix,POS,Success,Ahmedabad,Mobile
TXN000000988,ACC0000293,2026-03-04,Debit,45722.85,BigBasket,POS,Success,Kochi,POS
TXN000000989,ACC0000068,2025-09-13,Debit,14824.01,DMart,RTGS,Success,Pune,Web
TXN000000990,ACC0000460,2024-08-31,Debit,30502.25,Amazon,POS,Success,Pune,Branch
TXN000000991,ACC0000397,2024-01-03,Debit,130583.02,School Fees,ATM,Success,Chennai,Web
TXN000000992,ACC0000924,2025-10-24,Debit,4999.08,Zomato,NEFT,Success,Mumbai,Branch
TXN000000993,ACC0000903,2024-12-15,Credit,122846.32,IRCTC,RTGS,Success,Chandigarh,POS
TXN000000994,ACC0000964,2026-05-17,Credit,96309.47,School Fees,POS,Success,Delhi,ATM
TXN000000995,ACC0000776,2024-12-29,Debit,56277.61,Swiggy,Cheque,Pending,Hyderabad,POS
TXN000000996,ACC0000490,2024-02-28,Credit,105231.66,Airtel,POS,Failed,Ahmedabad,Mobile
TXN000000997,ACC0000776,2024-09-10,Debit,82252.02,BigBasket,Cheque,Success,Jaipur,Branch
TXN000000998,ACC0001319,2025-12-31,Debit,77893.87,Uber,ATM,Success,Pune,Branch
TXN000000999,ACC0000727,2024-12-08,Debit,146868.58,Reliance Digital,POS,Success,Chandigarh,ATM
TXN000001000,ACC0000783,2024-09-24,Debit,1055.64,Jio,IMPS,Success,Lucknow,POS
TXN000001001,ACC0001328,2026-01-08,Credit,22123.38,IRCTC,Cheque,Success,Chandigarh,Web
TXN000001002,ACC0000842,2026-04-30,Credit,19344.13,Jio,NEFT,Success,Jaipur,POS
TXN000001003,ACC0000041,2025-09-12,Debit,4007.11,DMart,NetBanking,Success,Ahmedabad,Mobile
TXN000001004,ACC0001208,2026-04-14,Credit,85787.11,School Fees,NEFT,Success,Mumbai,Mobile
TXN000001005,ACC0000403,2025-02-19,Debit,74964.14,IRCTC,UPI,Success,Chandigarh,POS
TXN000001006,ACC0000946,2025-05-22,Debit,73667.58,Flipkart,NEFT,Success,Ahmedabad,ATM
TXN000001007,ACC0000275,2024-04-12,Debit,76002.74,Swiggy,POS,Success,Chandigarh,POS
TXN000001008,ACC0000822,2025-05-17,Credit,4274.3,Fuel Station,RTGS,Success,Ahmedabad,Branch
TXN000001009,ACC0000800,2024-04-24,Debit,84461.47,IRCTC,IMPS,Success,Delhi,Web
TXN000001010,ACC0000755,2026-01-16,Credit,128329.65,Fuel Station,ATM,Success,Chandigarh,POS
TXN000001011,ACC0000358,2024-12-31,Credit,7353.75,Swiggy,NetBanking,Success,Chennai,POS
TXN000001012,ACC0000853,2025-07-08,Debit,28411.05,Swiggy,IMPS,Success,Lucknow,ATM
TXN000001013,ACC0000537,2024-10-15,Debit,141583.65,Insurance Premium,Cheque,Success,Pune,POS
TXN000001014,ACC0001276,2025-11-01,Debit,141771.25,School Fees,ATM,Success,Hyderabad,Branch
TXN000001015,ACC0000792,2026-02-08,Debit,88558.69,Swiggy,IMPS,Success,Mumbai,Mobile
TXN000001016,ACC0001253,2024-09-17,Credit,104569.39,Myntra,NEFT,Success,Lucknow,Mobile
TXN000001017,ACC0001183,2025-08-22,Credit,63063.29,Reliance Digital,RTGS,Success,Chandigarh,Mobile
TXN000001018,ACC0000436,2025-07-22,Debit,36835.09,Insurance Premium,RTGS,Success,Chandigarh,ATM
TXN000001019,ACC0001087,2026-01-11,Credit,119686.46,Insurance Premium,POS,Success,Pune,Branch
TXN000001020,ACC0000365,2024-05-19,Debit,25791.1,Uber,Cheque,Success,Kochi,Mobile
TXN000001021,ACC0000233,2025-08-28,Credit,23688.66,Reliance Digital,ATM,Success,Delhi,ATM
TXN000001022,ACC0000473,2024-05-10,Debit,24822.09,Zomato,RTGS,Success,Chandigarh,ATM
TXN000001023,ACC0001046,2024-01-09,Debit,135854.53,DMart,ATM,Success,Lucknow,Branch
TXN000001024,ACC0001320,2025-05-08,Debit,47474.06,Insurance Premium,Cheque,Success,Ahmedabad,Mobile
TXN000001025,ACC0000940,2024-05-08,Credit,11170.91,Ola,RTGS,Success,Pune,Web
TXN000001026,ACC0000717,2024-03-19,Credit,138752.62,BigBasket,POS,Success,Mumbai,POS
TXN000001027,ACC0000289,2024-02-21,Debit,68941.12,Uber,UPI,Success,Hyderabad,ATM
TXN000001028,ACC0001212,2025-10-21,Debit,56005.32,Airtel,NetBanking,Success,Ahmedabad,Branch
TXN000001029,ACC0000404,2025-07-02,Credit,15107.97,Jio,Cheque,Pending,Kochi,POS
TXN000001030,ACC0000646,2026-02-16,Credit,59990.37,Uber,RTGS,Success,Ahmedabad,Branch
TXN000001031,ACC0000545,2026-01-04,Debit,9113.48,BigBasket,UPI,Success,Lucknow,POS
TXN000001032,ACC0000971,2024-10-12,Credit,28983.06,Zomato,NEFT,Failed,Mumbai,Mobile
TXN000001033,ACC0001075,2025-10-17,Debit,75764.25,Myntra,NEFT,Success,Bengaluru,POS
TXN000001034,ACC0000503,2024-11-24,Credit,145671.03,Reliance Digital,ATM,Success,Chandigarh,Mobile
TXN000001035,ACC0000207,2024-02-08,Credit,107510.1,Reliance Digital,ATM,Success,Jaipur,Mobile
TXN000001036,ACC0001317,2025-02-25,Credit,146653.1,Ola,IMPS,Success,Chennai,Branch
TXN000001037,ACC0000663,2024-01-04,Credit,148371.95,IRCTC,NEFT,Success,Pune,Branch
TXN000001038,ACC0000798,2024-05-27,Debit,104380.19,DMart,ATM,Success,Delhi,ATM
TXN000001039,ACC0000505,2025-01-29,Debit,34399.63,Jio,UPI,Failed,Ahmedabad,Branch
TXN000001040,ACC0000531,2025-11-08,Debit,7485.63,Flipkart,NetBanking,Success,Hyderabad,POS
TXN000001041,ACC0001077,2025-03-28,Debit,11594.91,Airtel,NEFT,Success,Pune,Web
TXN000001042,ACC0000153,2024-03-28,Credit,114393.61,IRCTC,UPI,Failed,Bengaluru,Branch
TXN000001043,ACC0001297,2024-03-09,Credit,50726.19,Jio,UPI,Failed,Pune,ATM
TXN000001044,ACC0000519,2026-01-19,Debit,12929.81,Netflix,ATM,Success,Hyderabad,Web
TXN000001045,ACC0000891,2024-01-13,Credit,109636.35,Zomato,POS,Reversed,Ahmedabad,Mobile
TXN000001046,ACC0000674,2024-11-23,Debit,104511.53,School Fees,NEFT,Success,Ahmedabad,Mobile
TXN000001047,ACC0001366,2024-06-23,Credit,71042.92,Flipkart,POS,Success,Chennai,POS
TXN000001048,ACC0000366,2024-04-28,Credit,122175.27,Swiggy,ATM,Success,Ahmedabad,POS
TXN000001049,ACC0000554,2024-10-18,Debit,43564.47,Amazon,NEFT,Success,Kochi,Branch
TXN000001050,ACC0000813,2025-08-17,Debit,87183.08,Swiggy,ATM,Success,Jaipur,Branch
TXN000001051,ACC0000316,2024-06-15,Credit,18149.91,Amazon,NEFT,Success,Mumbai,Web
TXN000001052,ACC0000106,2024-11-05,Debit,75938.01,Ola,NetBanking,Success,Kochi,POS
TXN000001053,ACC0001067,2024-10-31,Credit,54629.87,School Fees,NEFT,Success,Bengaluru,ATM
TXN000001054,ACC0000383,2024-09-10,Debit,89998.69,Jio,Cheque,Failed,Pune,POS
TXN000001055,ACC0000209,2024-10-06,Debit,46860.07,Swiggy,POS,Success,Bengaluru,Mobile
TXN000001056,ACC0001147,2024-04-10,Debit,133869.93,Reliance Digital,UPI,Success,Bengaluru,Web
TXN000001057,ACC0000210,2025-06-30,Credit,124331.76,IRCTC,RTGS,Success,Kochi,Branch
TXN000001058,ACC0000026,2026-01-13,Debit,22175.34,Uber,NetBanking,Success,Jaipur,ATM
TXN000001059,ACC0000168,2024-06-10,Debit,149860.85,Amazon,IMPS,Success,Chennai,Web
TXN000001060,ACC0000496,2024-02-10,Debit,66179.66,Fuel Station,Cheque,Success,Chennai,Web
TXN000001061,ACC0001268,2025-10-11,Debit,29725.56,School Fees,Cheque,Success,Jaipur,ATM
TXN000001062,ACC0000963,2025-12-18,Credit,145702.6,Insurance Premium,Cheque,Success,Delhi,Mobile
TXN000001063,ACC0000920,2024-10-26,Debit,26812.8,Flipkart,UPI,Success,Hyderabad,Mobile
TXN000001064,ACC0000759,2025-11-20,Debit,2849.57,Insurance Premium,IMPS,Success,Lucknow,Web
TXN000001065,ACC0000706,2024-10-23,Credit,64867.47,BigBasket,NetBanking,Success,Chandigarh,POS
TXN000001066,ACC0001214,2025-05-12,Debit,89049.5,Myntra,RTGS,Success,Pune,Web
TXN000001067,ACC0000450,2025-07-18,Debit,15554.54,IRCTC,RTGS,Failed,Chandigarh,Web
TXN000001068,ACC0001374,2025-04-15,Debit,116571.09,School Fees,NetBanking,Success,Lucknow,Mobile
TXN000001069,ACC0000562,2024-12-26,Credit,131466.73,Fuel Station,RTGS,Success,Ahmedabad,POS
TXN000001070,ACC0000753,2024-03-23,Debit,10662.94,Myntra,IMPS,Success,Chandigarh,Web
TXN000001071,ACC0000653,2026-01-07,Credit,106080.98,Flipkart,POS,Success,Lucknow,Mobile
TXN000001072,ACC0001016,2025-07-25,Debit,969.19,School Fees,ATM,Success,Chandigarh,POS
TXN000001073,ACC0001249,2024-07-21,Debit,136945.86,Airtel,Cheque,Success,Jaipur,ATM
TXN000001074,ACC0000257,2024-01-12,Debit,35690.14,Netflix,POS,Success,Chennai,POS
TXN000001075,ACC0000573,2024-06-24,Debit,41721.7,IRCTC,POS,Success,Pune,Mobile
TXN000001076,ACC0000402,2025-12-25,Debit,123678.94,Flipkart,POS,Success,Pune,Branch
TXN000001077,ACC0000198,2025-12-06,Debit,31264.96,Airtel,NEFT,Failed,Bhopal,Mobile
TXN000001078,ACC0000054,2024-12-16,Debit,74707.74,Swiggy,RTGS,Pending,Jaipur,Web
TXN000001079,ACC0000824,2024-01-11,Debit,110133.49,Netflix,UPI,Success,Lucknow,Web
TXN000001080,ACC0001018,2024-05-24,Debit,135846.19,DMart,ATM,Success,Bhopal,ATM
TXN000001081,ACC0001029,2024-02-10,Debit,69944.97,Reliance Digital,IMPS,Success,Kochi,Mobile
TXN000001082,ACC0000287,2026-03-22,Debit,66230.18,Electricity Board,RTGS,Success,Chennai,ATM
TXN000001083,ACC0001397,2024-05-22,Debit,48057.59,Swiggy,NEFT,Failed,Lucknow,Branch
TXN000001084,ACC0001191,2025-05-24,Debit,113625.13,Reliance Digital,NEFT,Success,Ahmedabad,Web
TXN000001085,ACC0000489,2024-01-17,Debit,15818.02,School Fees,NetBanking,Success,Hyderabad,Mobile
TXN000001086,ACC0000885,2025-08-18,Debit,50182.67,Uber,UPI,Success,Kochi,Mobile
TXN000001087,ACC0001044,2025-03-03,Debit,36555.96,Ola,POS,Success,Chandigarh,Mobile
TXN000001088,ACC0000092,2024-11-07,Credit,75144.93,BigBasket,ATM,Success,Delhi,ATM
TXN000001089,ACC0000094,2025-03-08,Credit,39305.51,BigBasket,NetBanking,Success,Lucknow,POS
TXN000001090,ACC0000913,2024-07-07,Debit,94868.76,BigBasket,ATM,Success,Ahmedabad,ATM
TXN000001091,ACC0000023,2024-01-22,Credit,19297.46,Uber,RTGS,Success,Chandigarh,ATM
TXN000001092,ACC0000524,2024-11-08,Credit,30779.37,Zomato,NEFT,Success,Pune,Mobile
TXN000001093,ACC0000093,2025-02-08,Debit,44169.61,Amazon,NEFT,Success,Chennai,Mobile
TXN000001094,ACC0000409,2024-12-07,Credit,50467.41,Fuel Station,ATM,Success,Bhopal,ATM
TXN000001095,ACC0000301,2024-08-25,Debit,19229.09,Airtel,NetBanking,Success,Bhopal,ATM
TXN000001096,ACC0000268,2026-03-24,Debit,73393.74,BigBasket,Cheque,Success,Lucknow,ATM
TXN000001097,ACC0000868,2025-01-14,Debit,65721.26,BigBasket,RTGS,Success,Lucknow,Mobile
TXN000001098,ACC0000264,2024-03-27,Debit,90990.4,School Fees,RTGS,Success,Chandigarh,Web
TXN000001099,ACC0000086,2024-02-09,Credit,71508.9,Uber,POS,Success,Chennai,Branch
TXN000001100,ACC0000700,2025-06-06,Debit,61512.89,BigBasket,Cheque,Success,Hyderabad,Branch
TXN000001101,ACC0000233,2024-02-01,Debit,134829.31,Insurance Premium,NetBanking,Success,Bhopal,Mobile
TXN000001102,ACC0000508,2024-12-22,Debit,119314.11,Insurance Premium,POS,Success,Ahmedabad,Web
TXN000001103,ACC0001165,2025-10-14,Credit,147669.69,Netflix,RTGS,Success,Bhopal,Web
TXN000001104,ACC0000068,2024-11-09,Credit,41875.2,Reliance Digital,RTGS,Success,Lucknow,Mobile
TXN000001105,ACC0001381,2025-02-24,Debit,37786.8,DMart,POS,Success,Lucknow,Mobile
TXN000001106,ACC0000288,2025-10-12,Debit,110845.29,BigBasket,POS,Success,Kochi,Branch
TXN000001107,ACC0000381,2025-01-02,Credit,134304.3,Airtel,POS,Success,Chandigarh,Branch
TXN000001108,ACC0000547,2024-02-06,Credit,113910.2,Fuel Station,NetBanking,Success,Bhopal,POS
TXN000001109,ACC0001077,2024-06-17,Debit,120383.92,Zomato,NEFT,Success,Mumbai,Mobile
TXN000001110,ACC0000933,2024-01-10,Debit,101886.49,Uber,UPI,Success,Ahmedabad,Branch
TXN000001111,ACC0001013,2024-05-07,Debit,10254.24,IRCTC,ATM,Success,Bhopal,ATM
TXN000001112,ACC0000752,2024-01-16,Debit,80635.36,Uber,NEFT,Pending,Mumbai,Branch
TXN000001113,ACC0001131,2025-06-18,Debit,72547.13,Myntra,ATM,Pending,Bengaluru,ATM
TXN000001114,ACC0000259,2025-05-24,Debit,45127.82,Flipkart,ATM,Success,Jaipur,ATM
TXN000001115,ACC0000169,2024-04-30,Credit,2399.96,Electricity Board,Cheque,Success,Mumbai,Web
TXN000001116,ACC0000497,2024-02-18,Credit,69513.43,Ola,ATM,Success,Mumbai,ATM
TXN000001117,ACC0000501,2025-11-06,Credit,126024.11,Myntra,Cheque,Success,Chennai,POS
TXN000001118,ACC0001392,2026-03-05,Credit,32107.75,Flipkart,ATM,Success,Hyderabad,POS
TXN000001119,ACC0000208,2025-09-01,Debit,66374.46,Electricity Board,IMPS,Success,Ahmedabad,Web
TXN000001120,ACC0000581,2025-06-24,Debit,42412.36,Swiggy,NEFT,Failed,Chandigarh,Web
TXN000001121,ACC0000122,2024-10-22,Credit,63929.45,DMart,IMPS,Success,Chennai,Branch
TXN000001122,ACC0000777,2026-03-17,Debit,14579.76,Swiggy,IMPS,Success,Ahmedabad,Mobile
TXN000001123,ACC0000973,2024-09-04,Credit,36897.29,Fuel Station,ATM,Success,Bengaluru,Branch
TXN000001124,ACC0000781,2024-01-30,Debit,70375.97,Netflix,RTGS,Success,Pune,Mobile
TXN000001125,ACC0001330,2024-03-15,Debit,30865.45,Netflix,ATM,Success,Delhi,Mobile
TXN000001126,ACC0001213,2025-10-17,Debit,135151.88,Zomato,UPI,Success,Lucknow,Mobile
TXN000001127,ACC0000508,2024-07-27,Debit,97459.8,Flipkart,UPI,Success,Bengaluru,Web
TXN000001128,ACC0000155,2024-06-16,Debit,46428.33,Myntra,Cheque,Success,Hyderabad,Branch
TXN000001129,ACC0000410,2024-11-19,Debit,100482.72,Myntra,NEFT,Success,Jaipur,Mobile
TXN000001130,ACC0000641,2026-01-02,Debit,93195.02,Ola,ATM,Success,Jaipur,Mobile
TXN000001131,ACC0001094,2024-11-18,Credit,124063.31,Reliance Digital,Cheque,Success,Pune,POS
TXN000001132,ACC0000316,2025-10-18,Credit,19131.5,Airtel,UPI,Success,Chennai,POS
TXN000001133,ACC0001189,2024-02-02,Debit,98553.45,IRCTC,RTGS,Success,Pune,POS
TXN000001134,ACC0000759,2025-06-07,Debit,123830.3,Flipkart,RTGS,Pending,Bhopal,Branch
TXN000001135,ACC0001321,2024-12-10,Credit,77704.84,Amazon,Cheque,Success,Lucknow,POS
TXN000001136,ACC0000181,2025-10-07,Debit,132383.82,Fuel Station,RTGS,Success,Chennai,Web
TXN000001137,ACC0000734,2025-04-29,Credit,105576.44,Insurance Premium,Cheque,Success,Chennai,Branch
TXN000001138,ACC0001159,2024-09-08,Credit,119158.84,Flipkart,ATM,Success,Mumbai,Mobile
TXN000001139,ACC0000891,2025-06-07,Credit,85266.59,Zomato,NetBanking,Success,Jaipur,Web
TXN000001140,ACC0001376,2026-04-01,Debit,120943.8,Reliance Digital,Cheque,Success,Hyderabad,POS
TXN000001141,ACC0000721,2025-10-30,Debit,129808.29,Jio,UPI,Success,Bengaluru,Mobile
TXN000001142,ACC0000046,2025-04-24,Debit,38161.85,IRCTC,POS,Success,Pune,Web
TXN000001143,ACC0001236,2025-03-20,Debit,13932.35,Flipkart,RTGS,Success,Chandigarh,Branch
TXN000001144,ACC0000960,2025-02-10,Credit,84571.76,Zomato,POS,Success,Delhi,ATM
TXN000001145,ACC0000608,2026-03-03,Credit,102861.37,Flipkart,RTGS,Success,Mumbai,Web
TXN000001146,ACC0001394,2024-10-31,Debit,116559.13,DMart,ATM,Pending,Bengaluru,ATM
TXN000001147,ACC0001141,2024-09-05,Debit,23336.35,Myntra,NEFT,Success,Lucknow,POS
TXN000001148,ACC0000542,2024-12-10,Debit,108900.01,Ola,POS,Success,Pune,ATM
TXN000001149,ACC0001039,2026-01-12,Debit,26036.44,Reliance Digital,NEFT,Success,Chennai,Web
TXN000001150,ACC0000900,2024-05-15,Debit,79386.09,Zomato,ATM,Failed,Bengaluru,Web
TXN000001151,ACC0001229,2025-11-12,Debit,59151.04,Zomato,Cheque,Success,Lucknow,ATM
TXN000001152,ACC0000555,2024-10-10,Debit,114978.51,Flipkart,ATM,Success,Jaipur,Branch
TXN000001153,ACC0001360,2025-07-19,Credit,12161.29,Jio,RTGS,Success,Delhi,Mobile
TXN000001154,ACC0000718,2026-04-03,Credit,20421.8,Zomato,IMPS,Success,Chandigarh,Branch
TXN000001155,ACC0001391,2024-06-22,Debit,88170.0,Electricity Board,IMPS,Success,Jaipur,ATM
TXN000001156,ACC0000987,2025-10-01,Debit,27424.93,Reliance Digital,POS,Success,Hyderabad,Web
TXN000001157,ACC0001309,2026-01-18,Debit,68548.15,Zomato,Cheque,Success,Hyderabad,POS
TXN000001158,ACC0000857,2024-03-22,Debit,86791.26,Airtel,NEFT,Success,Bengaluru,ATM
TXN000001159,ACC0000003,2024-03-10,Debit,113500.72,Uber,RTGS,Failed,Chandigarh,Branch
TXN000001160,ACC0001069,2025-11-13,Credit,131587.41,Jio,POS,Success,Lucknow,Mobile
TXN000001161,ACC0000740,2024-04-24,Debit,71486.58,Amazon,POS,Success,Kochi,POS
TXN000001162,ACC0001146,2024-08-15,Credit,83439.26,Amazon,POS,Success,Ahmedabad,Web
TXN000001163,ACC0000478,2024-08-21,Debit,127506.15,Swiggy,IMPS,Success,Hyderabad,Branch
TXN000001164,ACC0000176,2024-02-22,Debit,77603.28,IRCTC,Cheque,Success,Pune,POS
TXN000001165,ACC0001309,2025-06-22,Debit,104523.44,Zomato,NetBanking,Success,Mumbai,Mobile
TXN000001166,ACC0001245,2024-01-29,Credit,22653.96,School Fees,Cheque,Success,Bengaluru,Mobile
TXN000001167,ACC0001070,2024-10-12,Debit,112900.05,Airtel,IMPS,Success,Chandigarh,Branch
TXN000001168,ACC0001168,2024-08-28,Credit,5718.51,Reliance Digital,NEFT,Success,Ahmedabad,POS
TXN000001169,ACC0001057,2024-04-27,Debit,141914.13,Fuel Station,POS,Success,Ahmedabad,Mobile
TXN000001170,ACC0000405,2025-07-18,Credit,2113.4,Electricity Board,UPI,Success,Mumbai,POS
TXN000001171,ACC0000580,2024-01-13,Debit,69755.3,IRCTC,ATM,Success,Hyderabad,Mobile
TXN000001172,ACC0000097,2025-03-09,Debit,93809.75,Insurance Premium,POS,Success,Lucknow,Branch
TXN000001173,ACC0000698,2024-01-06,Debit,50745.76,Netflix,NEFT,Success,Mumbai,Branch
TXN000001174,ACC0001267,2024-09-11,Debit,65688.83,Jio,NetBanking,Success,Chandigarh,ATM
TXN000001175,ACC0000263,2024-12-13,Debit,75280.67,Swiggy,NEFT,Success,Bhopal,Web
TXN000001176,ACC0000081,2024-08-19,Credit,145148.56,School Fees,ATM,Success,Pune,Mobile
TXN000001177,ACC0001397,2025-02-14,Debit,38924.59,Zomato,NEFT,Success,Jaipur,Branch
TXN000001178,ACC0001357,2024-07-25,Credit,44419.32,Ola,NEFT,Success,Bhopal,ATM
TXN000001179,ACC0000920,2025-07-23,Credit,5075.16,School Fees,NetBanking,Success,Bhopal,Branch
TXN000001180,ACC0001092,2024-03-18,Credit,40646.43,BigBasket,UPI,Success,Jaipur,ATM
TXN000001181,ACC0001313,2024-04-03,Credit,64347.28,Electricity Board,Cheque,Success,Chandigarh,POS
TXN000001182,ACC0000922,2024-08-09,Debit,133920.5,Fuel Station,Cheque,Success,Bengaluru,Branch
TXN000001183,ACC0001178,2025-03-17,Credit,126534.37,Uber,POS,Success,Ahmedabad,POS
TXN000001184,ACC0000302,2024-09-09,Debit,38839.1,Fuel Station,UPI,Success,Mumbai,Branch
TXN000001185,ACC0000081,2025-02-02,Debit,88397.62,Airtel,NEFT,Success,Lucknow,Branch
TXN000001186,ACC0000807,2025-03-18,Debit,26806.21,Zomato,UPI,Success,Hyderabad,Web
TXN000001187,ACC0000962,2026-03-05,Debit,144586.8,Insurance Premium,NEFT,Success,Jaipur,ATM
TXN000001188,ACC0000379,2024-09-12,Debit,23187.17,Amazon,UPI,Success,Pune,ATM
TXN000001189,ACC0001352,2026-03-17,Debit,86437.28,Swiggy,POS,Success,Bhopal,Branch
TXN000001190,ACC0000372,2024-01-21,Credit,58284.58,Amazon,UPI,Success,Pune,ATM
TXN000001191,ACC0001102,2024-02-17,Credit,98021.85,Reliance Digital,UPI,Success,Chennai,Mobile
TXN000001192,ACC0000504,2025-10-31,Debit,60879.06,Reliance Digital,IMPS,Success,Pune,ATM
TXN000001193,ACC0001098,2025-09-08,Credit,133509.27,Fuel Station,Cheque,Success,Mumbai,ATM
TXN000001194,ACC0000090,2024-10-05,Debit,3782.85,Jio,NEFT,Success,Hyderabad,Web
TXN000001195,ACC0000912,2024-10-11,Credit,7679.71,BigBasket,Cheque,Reversed,Chennai,Web
TXN000001196,ACC0000794,2026-01-15,Debit,12413.1,Jio,RTGS,Success,Bhopal,ATM
TXN000001197,ACC0000895,2025-01-01,Credit,11946.4,Insurance Premium,Cheque,Success,Mumbai,Branch
TXN000001198,ACC0000523,2025-03-23,Debit,125009.34,Myntra,NEFT,Success,Chennai,POS
TXN000001199,ACC0001023,2025-05-15,Credit,41144.36,Electricity Board,POS,Failed,Chandigarh,Mobile
TXN000001200,ACC0000514,2025-05-30,Credit,110115.27,Electricity Board,Cheque,Success,Hyderabad,Branch
TXN000001201,ACC0001172,2024-05-19,Credit,94967.28,Reliance Digital,RTGS,Success,Ahmedabad,POS
TXN000001202,ACC0000327,2024-01-25,Credit,84499.88,Amazon,Cheque,Success,Delhi,Web
TXN000001203,ACC0000284,2026-01-05,Debit,1057.81,Uber,ATM,Failed,Pune,ATM
TXN000001204,ACC0000929,2025-01-07,Debit,72472.49,Uber,NEFT,Success,Lucknow,ATM
TXN000001205,ACC0000800,2025-07-15,Credit,47381.83,DMart,NEFT,Failed,Jaipur,Branch
TXN000001206,ACC0000759,2026-03-16,Debit,60130.71,Fuel Station,NetBanking,Failed,Lucknow,ATM
TXN000001207,ACC0000789,2025-02-07,Credit,37793.6,Flipkart,POS,Success,Kochi,Branch
TXN000001208,ACC0001313,2024-12-03,Credit,65396.76,Netflix,IMPS,Success,Pune,Mobile
TXN000001209,ACC0000589,2025-05-21,Debit,80616.09,Electricity Board,IMPS,Success,Kochi,ATM
TXN000001210,ACC0000295,2024-10-09,Debit,44897.98,Zomato,IMPS,Success,Delhi,POS
TXN000001211,ACC0000741,2025-09-13,Debit,62152.4,IRCTC,Cheque,Success,Hyderabad,POS
TXN000001212,ACC0000885,2024-03-04,Debit,41380.61,Jio,Cheque,Success,Jaipur,ATM
TXN000001213,ACC0000415,2026-03-30,Debit,36900.81,BigBasket,ATM,Success,Hyderabad,Mobile
TXN000001214,ACC0001115,2026-04-20,Debit,149973.7,DMart,RTGS,Success,Delhi,Mobile
TXN000001215,ACC0000230,2025-11-15,Debit,76271.12,Amazon,NetBanking,Success,Kochi,POS
TXN000001216,ACC0000663,2025-01-15,Credit,74747.99,Zomato,ATM,Success,Ahmedabad,ATM
TXN000001217,ACC0000214,2025-02-25,Credit,41508.19,Fuel Station,ATM,Success,Bhopal,POS
TXN000001218,ACC0000433,2025-08-08,Credit,140622.03,School Fees,RTGS,Success,Lucknow,Mobile
TXN000001219,ACC0001345,2025-02-10,Credit,52397.17,Myntra,NetBanking,Pending,Hyderabad,Web
TXN000001220,ACC0001112,2025-12-28,Debit,86296.41,School Fees,NetBanking,Success,Delhi,ATM
TXN000001221,ACC0001339,2025-11-29,Debit,21172.93,Jio,UPI,Success,Ahmedabad,POS
TXN000001222,ACC0001195,2026-01-22,Debit,116248.28,Myntra,IMPS,Success,Jaipur,POS
TXN000001223,ACC0000628,2024-06-21,Debit,63164.72,Reliance Digital,NetBanking,Success,Chandigarh,POS
TXN000001224,ACC0000582,2025-01-05,Credit,78805.34,Swiggy,Cheque,Pending,Lucknow,Web
TXN000001225,ACC0000890,2025-09-12,Debit,109046.53,Flipkart,NEFT,Success,Mumbai,Web
TXN000001226,ACC0001342,2025-05-21,Debit,122520.86,BigBasket,UPI,Success,Ahmedabad,Branch
TXN000001227,ACC0001385,2024-07-11,Debit,125510.82,School Fees,Cheque,Success,Bengaluru,Mobile
TXN000001228,ACC0000749,2025-10-11,Debit,85841.07,Uber,POS,Success,Jaipur,Web
TXN000001229,ACC0000625,2025-03-03,Debit,108482.79,IRCTC,IMPS,Success,Jaipur,Branch
TXN000001230,ACC0000871,2024-08-29,Credit,94843.84,Reliance Digital,POS,Success,Bengaluru,Branch
TXN000001231,ACC0000387,2024-11-26,Debit,57519.97,DMart,NEFT,Pending,Mumbai,Web
TXN000001232,ACC0000110,2025-09-01,Debit,47116.12,Electricity Board,ATM,Success,Chennai,Web
TXN000001233,ACC0000126,2024-10-31,Credit,42498.21,Reliance Digital,POS,Success,Chennai,Branch
TXN000001234,ACC0000030,2024-08-05,Debit,111857.19,DMart,IMPS,Success,Ahmedabad,POS
TXN000001235,ACC0001246,2024-09-28,Debit,3715.3,Uber,UPI,Success,Hyderabad,Mobile
TXN000001236,ACC0000050,2025-05-10,Debit,1853.09,Swiggy,IMPS,Success,Pune,Web
TXN000001237,ACC0000265,2025-10-06,Debit,73370.03,DMart,Cheque,Success,Pune,Branch
TXN000001238,ACC0000903,2025-03-30,Credit,65663.78,Airtel,Cheque,Pending,Pune,Branch
TXN000001239,ACC0000635,2025-04-24,Debit,16055.56,Swiggy,IMPS,Failed,Jaipur,ATM
TXN000001240,ACC0000217,2025-08-17,Credit,102517.03,Reliance Digital,IMPS,Success,Bengaluru,ATM
TXN000001241,ACC0000105,2024-12-20,Debit,144259.85,Flipkart,NEFT,Success,Chennai,Web
TXN000001242,ACC0001304,2024-06-10,Credit,7628.35,Insurance Premium,POS,Success,Chennai,ATM
TXN000001243,ACC0000970,2026-05-02,Credit,105743.14,BigBasket,IMPS,Success,Ahmedabad,Mobile
TXN000001244,ACC0000453,2025-09-06,Debit,16832.72,Swiggy,IMPS,Reversed,Pune,POS
TXN000001245,ACC0000497,2024-11-18,Debit,118137.48,Fuel Station,NEFT,Pending,Bengaluru,Mobile
TXN000001246,ACC0000184,2024-06-30,Debit,101017.41,Flipkart,NetBanking,Success,Bhopal,Branch
TXN000001247,ACC0001225,2024-10-09,Credit,628.1,Uber,RTGS,Success,Hyderabad,ATM
TXN000001248,ACC0000547,2024-06-13,Credit,31579.28,Myntra,NEFT,Success,Bengaluru,Mobile
TXN000001249,ACC0001294,2024-06-18,Credit,94406.24,Fuel Station,NetBanking,Success,Hyderabad,Branch
TXN000001250,ACC0000322,2025-10-04,Debit,7091.25,Electricity Board,Cheque,Failed,Pune,ATM
TXN000001251,ACC0000218,2024-07-11,Credit,137404.47,School Fees,POS,Success,Mumbai,Mobile
TXN000001252,ACC0001205,2025-03-09,Credit,9046.56,Reliance Digital,IMPS,Success,Bhopal,ATM
TXN000001253,ACC0001322,2024-12-04,Debit,139777.49,Ola,NetBanking,Success,Jaipur,Mobile
TXN000001254,ACC0000982,2025-04-18,Credit,98727.61,Amazon,RTGS,Success,Jaipur,Web
TXN000001255,ACC0000452,2025-01-22,Credit,43091.96,Airtel,NetBanking,Success,Kochi,Branch
TXN000001256,ACC0000134,2026-01-22,Credit,112297.24,Reliance Digital,POS,Success,Pune,ATM
TXN000001257,ACC0000418,2024-03-10,Credit,148217.29,Electricity Board,POS,Success,Bhopal,ATM
TXN000001258,ACC0000811,2025-12-21,Debit,58021.39,Airtel,NetBanking,Success,Jaipur,Mobile
TXN000001259,ACC0000086,2026-02-26,Debit,96102.82,DMart,RTGS,Success,Pune,Web
TXN000001260,ACC0000374,2024-10-05,Debit,59304.47,Electricity Board,ATM,Success,Delhi,Mobile
TXN000001261,ACC0001155,2024-05-10,Credit,145615.75,Netflix,NEFT,Success,Pune,Branch
TXN000001262,ACC0000983,2026-05-09,Debit,95102.94,Reliance Digital,Cheque,Success,Hyderabad,ATM
TXN000001263,ACC0000813,2024-10-18,Credit,40988.72,Zomato,NetBanking,Success,Mumbai,Web
TXN000001264,ACC0001268,2024-03-20,Debit,6983.46,DMart,Cheque,Success,Ahmedabad,POS
TXN000001265,ACC0000293,2024-07-24,Credit,93009.05,Airtel,IMPS,Success,Chandigarh,Web
TXN000001266,ACC0001242,2025-01-13,Credit,91122.96,Flipkart,NEFT,Success,Chandigarh,Branch
TXN000001267,ACC0001163,2024-09-23,Credit,20006.34,Amazon,Cheque,Success,Chandigarh,POS
TXN000001268,ACC0000673,2025-07-12,Credit,8212.56,Fuel Station,RTGS,Success,Chandigarh,Branch
TXN000001269,ACC0001022,2024-01-25,Credit,103071.36,Flipkart,Cheque,Success,Chennai,Branch
TXN000001270,ACC0000818,2025-09-14,Debit,58850.19,Ola,RTGS,Success,Chandigarh,Mobile
TXN000001271,ACC0001393,2024-08-03,Debit,95085.7,Electricity Board,NetBanking,Success,Chandigarh,Branch
TXN000001272,ACC0000034,2024-07-04,Debit,50341.77,Netflix,NetBanking,Success,Lucknow,Web
TXN000001273,ACC0000773,2024-05-29,Credit,112629.64,Reliance Digital,IMPS,Success,Bhopal,Web
TXN000001274,ACC0001000,2026-01-05,Credit,141824.61,Myntra,IMPS,Success,Mumbai,Branch
TXN000001275,ACC0000958,2025-11-27,Credit,117154.56,DMart,ATM,Success,Jaipur,ATM
TXN000001276,ACC0000815,2024-11-01,Credit,53048.03,Jio,NEFT,Success,Jaipur,POS
TXN000001277,ACC0000811,2025-01-30,Credit,122072.64,Electricity Board,Cheque,Pending,Ahmedabad,Web
TXN000001278,ACC0000557,2024-09-17,Debit,90630.43,Amazon,RTGS,Success,Chandigarh,POS
TXN000001279,ACC0000738,2025-09-28,Credit,143563.6,Netflix,NetBanking,Success,Hyderabad,Branch
TXN000001280,ACC0000560,2025-07-07,Credit,84238.86,DMart,RTGS,Success,Kochi,Web
TXN000001281,ACC0001116,2026-01-28,Credit,59286.55,Reliance Digital,ATM,Success,Ahmedabad,Mobile
TXN000001282,ACC0000277,2024-07-27,Debit,118508.35,Insurance Premium,Cheque,Success,Hyderabad,POS
TXN000001283,ACC0001129,2025-11-20,Debit,13704.29,IRCTC,IMPS,Failed,Mumbai,Mobile
TXN000001284,ACC0000790,2025-01-10,Credit,75201.07,IRCTC,UPI,Success,Bengaluru,Web
TXN000001285,ACC0001188,2024-03-15,Credit,22827.78,Reliance Digital,RTGS,Success,Jaipur,Web
TXN000001286,ACC0001391,2025-08-30,Credit,115215.1,School Fees,IMPS,Success,Lucknow,Mobile
TXN000001287,ACC0000376,2025-03-12,Credit,82412.16,Insurance Premium,IMPS,Success,Delhi,Web
TXN000001288,ACC0001275,2026-05-18,Credit,2774.27,DMart,NEFT,Success,Lucknow,ATM
TXN000001289,ACC0001302,2025-12-15,Credit,135612.1,Amazon,UPI,Success,Bhopal,Mobile
TXN000001290,ACC0001344,2026-02-05,Debit,149652.82,BigBasket,Cheque,Success,Pune,Web
TXN000001291,ACC0000357,2025-06-26,Debit,127497.9,DMart,ATM,Reversed,Kochi,ATM
TXN000001292,ACC0000233,2024-10-18,Credit,10955.94,Insurance Premium,ATM,Success,Delhi,Mobile
TXN000001293,ACC0000953,2026-01-02,Debit,8834.43,School Fees,Cheque,Success,Lucknow,Web
TXN000001294,ACC0001092,2026-05-14,Debit,135921.73,Uber,UPI,Success,Hyderabad,POS
TXN000001295,ACC0000020,2026-01-14,Debit,81820.13,Reliance Digital,ATM,Success,Ahmedabad,Mobile
TXN000001296,ACC0000367,2025-01-24,Debit,25201.3,Amazon,UPI,Success,Ahmedabad,Web
TXN000001297,ACC0000365,2024-08-27,Credit,11458.17,Zomato,POS,Success,Lucknow,ATM
TXN000001298,ACC0000329,2024-02-13,Credit,98348.31,IRCTC,NEFT,Success,Delhi,ATM
TXN000001299,ACC0000958,2024-06-18,Debit,108845.72,Electricity Board,RTGS,Success,Jaipur,ATM
TXN000001300,ACC0001392,2024-03-26,Credit,112407.53,Jio,Cheque,Success,Delhi,ATM
TXN000001301,ACC0000960,2025-02-25,Debit,111308.45,Zomato,UPI,Success,Delhi,Branch
TXN000001302,ACC0000387,2026-02-11,Debit,131207.2,IRCTC,NetBanking,Success,Mumbai,Web
TXN000001303,ACC0000351,2024-03-26,Credit,86027.18,Insurance Premium,POS,Success,Mumbai,Branch
TXN000001304,ACC0001380,2024-03-20,Credit,118801.53,Electricity Board,ATM,Success,Mumbai,Branch
TXN000001305,ACC0000057,2024-01-03,Debit,119315.06,Electricity Board,ATM,Success,Bengaluru,POS
TXN000001306,ACC0000597,2024-03-04,Credit,73433.78,DMart,Cheque,Success,Jaipur,ATM
TXN000001307,ACC0001250,2025-07-26,Debit,110088.79,DMart,UPI,Success,Jaipur,Branch
TXN000001308,ACC0001352,2025-06-06,Credit,6098.61,DMart,POS,Success,Mumbai,Mobile
TXN000001309,ACC0001019,2025-04-10,Debit,66307.8,Fuel Station,RTGS,Failed,Bengaluru,POS
TXN000001310,ACC0000384,2025-12-07,Debit,17714.84,School Fees,RTGS,Success,Pune,Mobile
TXN000001311,ACC0000185,2024-07-16,Debit,9528.48,Uber,UPI,Success,Hyderabad,ATM
TXN000001312,ACC0001094,2025-09-02,Credit,132874.95,Flipkart,POS,Success,Chennai,Mobile
TXN000001313,ACC0000822,2025-04-25,Credit,9968.18,Uber,Cheque,Success,Bhopal,Mobile
TXN000001314,ACC0000944,2025-07-07,Credit,58961.91,Airtel,Cheque,Success,Kochi,POS
TXN000001315,ACC0000831,2024-04-01,Debit,94631.75,IRCTC,ATM,Success,Lucknow,POS
TXN000001316,ACC0000052,2025-12-02,Credit,44699.5,BigBasket,RTGS,Success,Chandigarh,POS
TXN000001317,ACC0000247,2024-04-12,Debit,137091.4,Uber,POS,Success,Lucknow,ATM
TXN000001318,ACC0000952,2025-08-21,Debit,135322.77,Netflix,IMPS,Success,Jaipur,Mobile
TXN000001319,ACC0000198,2026-03-20,Debit,85258.23,Swiggy,Cheque,Success,Pune,Mobile
TXN000001320,ACC0000990,2026-03-28,Debit,70031.85,Flipkart,IMPS,Failed,Chandigarh,Web
TXN000001321,ACC0001137,2024-12-24,Credit,105610.09,DMart,ATM,Success,Bengaluru,ATM
TXN000001322,ACC0000943,2024-07-13,Debit,48423.17,Zomato,UPI,Success,Pune,POS
TXN000001323,ACC0001320,2025-06-20,Debit,79840.7,School Fees,Cheque,Success,Pune,POS
TXN000001324,ACC0001022,2024-06-24,Credit,68814.01,Reliance Digital,RTGS,Success,Pune,ATM
TXN000001325,ACC0001285,2024-09-18,Credit,105019.16,Amazon,RTGS,Success,Jaipur,ATM
TXN000001326,ACC0000401,2024-11-11,Debit,119996.52,Jio,ATM,Success,Chennai,Web
TXN000001327,ACC0001388,2024-08-26,Debit,87851.15,Netflix,NetBanking,Success,Pune,Web
TXN000001328,ACC0000492,2025-07-20,Debit,82983.4,Myntra,Cheque,Success,Bengaluru,ATM
TXN000001329,ACC0000510,2024-08-19,Credit,147094.66,DMart,ATM,Failed,Jaipur,Web
TXN000001330,ACC0000116,2024-07-18,Debit,61681.16,DMart,ATM,Success,Delhi,Branch
TXN000001331,ACC0000273,2024-07-19,Credit,59783.72,Uber,POS,Success,Jaipur,Web
TXN000001332,ACC0000822,2025-07-23,Credit,130317.91,Myntra,IMPS,Failed,Hyderabad,Branch
TXN000001333,ACC0000941,2025-01-07,Credit,41426.9,Airtel,NEFT,Success,Chandigarh,Branch
TXN000001334,ACC0000417,2024-05-30,Credit,43609.05,BigBasket,NEFT,Success,Pune,Branch
TXN000001335,ACC0001180,2024-12-06,Credit,148744.42,Insurance Premium,ATM,Success,Delhi,POS
TXN000001336,ACC0001089,2025-10-02,Debit,26985.79,Ola,NetBanking,Success,Delhi,Branch
TXN000001337,ACC0000153,2025-02-21,Credit,16730.96,Uber,Cheque,Success,Bengaluru,Branch
TXN000001338,ACC0001353,2025-09-02,Credit,26746.11,Electricity Board,Cheque,Success,Lucknow,Web
TXN000001339,ACC0000662,2025-09-25,Credit,136116.88,Electricity Board,Cheque,Success,Chandigarh,POS
TXN000001340,ACC0000243,2024-03-03,Credit,128117.37,Fuel Station,POS,Success,Chennai,Branch
TXN000001341,ACC0001334,2024-10-11,Credit,79378.38,Insurance Premium,IMPS,Failed,Hyderabad,Mobile
TXN000001342,ACC0000696,2025-07-25,Debit,121924.42,IRCTC,ATM,Success,Hyderabad,Mobile
TXN000001343,ACC0000053,2024-09-14,Debit,13813.92,Jio,ATM,Failed,Hyderabad,ATM
TXN000001344,ACC0001096,2025-01-28,Debit,123892.54,IRCTC,ATM,Success,Mumbai,Mobile
TXN000001345,ACC0000551,2025-03-06,Debit,2036.28,Jio,NEFT,Success,Jaipur,POS
TXN000001346,ACC0001284,2024-11-12,Credit,112505.23,Swiggy,IMPS,Success,Delhi,POS
TXN000001347,ACC0001006,2024-02-07,Debit,105023.03,Jio,POS,Success,Delhi,Branch
TXN000001348,ACC0000897,2024-04-14,Credit,87217.18,Swiggy,IMPS,Success,Bengaluru,Web
TXN000001349,ACC0000167,2024-09-17,Credit,297.08,Flipkart,IMPS,Failed,Lucknow,Web
TXN000001350,ACC0001143,2025-03-01,Debit,93166.55,Electricity Board,RTGS,Success,Delhi,Web
TXN000001351,ACC0000124,2024-09-27,Debit,133290.19,School Fees,ATM,Success,Mumbai,ATM
TXN000001352,ACC0001267,2025-09-11,Credit,57139.97,Fuel Station,ATM,Success,Mumbai,Mobile
TXN000001353,ACC0000586,2024-05-19,Credit,125730.23,Uber,NetBanking,Success,Lucknow,Web
TXN000001354,ACC0001001,2025-06-30,Credit,105848.21,Myntra,NEFT,Success,Pune,POS
TXN000001355,ACC0000755,2026-05-13,Credit,105709.37,Netflix,ATM,Success,Pune,ATM
TXN000001356,ACC0000895,2025-05-16,Credit,113040.58,Electricity Board,IMPS,Success,Mumbai,Branch
TXN000001357,ACC0000644,2025-11-06,Debit,86238.49,School Fees,RTGS,Success,Jaipur,Mobile
TXN000001358,ACC0000961,2024-02-11,Credit,93878.91,Airtel,RTGS,Success,Bhopal,POS
TXN000001359,ACC0000212,2026-04-16,Credit,115793.52,DMart,UPI,Pending,Pune,ATM
TXN000001360,ACC0000053,2026-02-24,Debit,79634.31,School Fees,NetBanking,Success,Jaipur,ATM
TXN000001361,ACC0000031,2024-12-31,Debit,62900.61,Ola,Cheque,Failed,Jaipur,Mobile
TXN000001362,ACC0000996,2024-06-24,Credit,12329.05,BigBasket,UPI,Success,Chennai,Web
TXN000001363,ACC0000798,2024-11-14,Credit,20559.85,Ola,NEFT,Success,Bengaluru,Branch
TXN000001364,ACC0000708,2024-12-23,Debit,9179.75,DMart,POS,Success,Hyderabad,Branch
TXN000001365,ACC0000323,2025-04-26,Debit,96154.42,Fuel Station,POS,Success,Lucknow,ATM
TXN000001366,ACC0001397,2024-11-26,Debit,116027.49,Fuel Station,RTGS,Success,Chennai,POS
TXN000001367,ACC0000723,2024-12-04,Debit,112499.31,BigBasket,IMPS,Success,Pune,POS
TXN000001368,ACC0000595,2026-05-15,Credit,118976.75,Flipkart,NEFT,Success,Pune,Web
TXN000001369,ACC0000324,2025-10-11,Debit,88368.82,IRCTC,ATM,Success,Jaipur,Branch
TXN000001370,ACC0000332,2025-05-23,Credit,93644.76,Uber,UPI,Success,Hyderabad,POS
TXN000001371,ACC0000696,2024-03-01,Credit,65676.61,School Fees,ATM,Success,Pune,POS
TXN000001372,ACC0000169,2025-02-28,Debit,42466.14,Netflix,Cheque,Failed,Hyderabad,POS
TXN000001373,ACC0000698,2025-11-22,Credit,148978.92,Insurance Premium,NetBanking,Success,Pune,Web
TXN000001374,ACC0001260,2024-05-13,Credit,10594.95,Myntra,IMPS,Success,Mumbai,POS
TXN000001375,ACC0000726,2024-09-08,Credit,59710.97,Reliance Digital,ATM,Failed,Delhi,Mobile
TXN000001376,ACC0001080,2024-07-12,Debit,78860.28,Fuel Station,IMPS,Success,Chandigarh,ATM
TXN000001377,ACC0000716,2024-07-12,Debit,133970.57,Reliance Digital,UPI,Success,Bhopal,POS
TXN000001378,ACC0000136,2026-04-04,Debit,120677.03,Jio,UPI,Reversed,Hyderabad,Web
TXN000001379,ACC0000126,2024-10-15,Debit,56087.01,BigBasket,ATM,Success,Chandigarh,ATM
TXN000001380,ACC0000112,2025-10-07,Debit,101563.68,Reliance Digital,NEFT,Success,Kochi,POS
TXN000001381,ACC0000099,2024-03-09,Debit,102638.81,Flipkart,RTGS,Failed,Lucknow,ATM
TXN000001382,ACC0001022,2025-04-10,Debit,117479.21,DMart,NetBanking,Success,Lucknow,ATM
TXN000001383,ACC0000638,2025-09-24,Credit,44854.34,Flipkart,RTGS,Success,Kochi,Mobile
TXN000001384,ACC0001257,2024-09-13,Credit,129137.05,Reliance Digital,POS,Success,Bhopal,Mobile
TXN000001385,ACC0000221,2025-10-01,Debit,20999.52,Reliance Digital,POS,Success,Hyderabad,Mobile
TXN000001386,ACC0001101,2024-07-15,Debit,112678.59,DMart,RTGS,Success,Delhi,Web
TXN000001387,ACC0000748,2024-11-14,Debit,147510.44,Electricity Board,POS,Success,Mumbai,ATM
TXN000001388,ACC0000047,2025-03-18,Credit,37597.34,Zomato,NetBanking,Success,Lucknow,Branch
TXN000001389,ACC0000218,2026-02-03,Credit,149861.26,Ola,ATM,Success,Lucknow,ATM
TXN000001390,ACC0000322,2025-03-06,Credit,140442.36,Ola,RTGS,Success,Chennai,Web
TXN000001391,ACC0000929,2025-08-15,Debit,125300.08,Fuel Station,RTGS,Success,Ahmedabad,Branch
TXN000001392,ACC0000110,2025-05-04,Debit,49112.36,IRCTC,POS,Success,Mumbai,Web
TXN000001393,ACC0000469,2025-01-04,Debit,116258.74,Electricity Board,RTGS,Success,Delhi,Web
TXN000001394,ACC0000767,2025-06-27,Debit,80575.09,School Fees,NEFT,Success,Bhopal,POS
TXN000001395,ACC0000615,2024-03-25,Debit,53767.56,Jio,POS,Success,Delhi,POS
TXN000001396,ACC0000566,2025-11-03,Credit,122484.13,Ola,ATM,Success,Pune,Web
TXN000001397,ACC0000488,2024-09-21,Debit,935.46,BigBasket,POS,Success,Bengaluru,POS
TXN000001398,ACC0000770,2024-09-18,Debit,54853.46,Insurance Premium,UPI,Success,Kochi,POS
TXN000001399,ACC0000963,2024-12-20,Debit,89887.49,Flipkart,NEFT,Failed,Chennai,ATM
TXN000001400,ACC0000925,2025-09-22,Debit,112304.11,DMart,NetBanking,Success,Chandigarh,Branch
TXN000001401,ACC0000092,2025-12-15,Debit,136142.62,Amazon,UPI,Success,Chennai,Mobile
TXN000001402,ACC0000946,2026-04-28,Debit,106677.25,Insurance Premium,RTGS,Success,Jaipur,Mobile
TXN000001403,ACC0001379,2024-08-14,Credit,62070.13,Ola,UPI,Success,Ahmedabad,POS
TXN000001404,ACC0000262,2025-01-29,Debit,111876.1,Uber,POS,Success,Bengaluru,ATM
TXN000001405,ACC0000708,2025-05-29,Credit,26918.37,Reliance Digital,IMPS,Success,Jaipur,ATM
TXN000001406,ACC0001029,2024-12-29,Credit,13591.95,Flipkart,NetBanking,Failed,Jaipur,POS
TXN000001407,ACC0001041,2025-04-24,Credit,53818.15,Swiggy,POS,Success,Jaipur,ATM
TXN000001408,ACC0000166,2025-08-19,Debit,62216.72,Ola,UPI,Success,Jaipur,Web
TXN000001409,ACC0000795,2024-12-15,Credit,95902.04,Airtel,POS,Success,Jaipur,Mobile
TXN000001410,ACC0000147,2025-03-01,Credit,88072.51,Reliance Digital,IMPS,Success,Pune,Mobile
TXN000001411,ACC0001047,2025-02-17,Credit,59269.23,BigBasket,IMPS,Success,Bengaluru,ATM
TXN000001412,ACC0001163,2024-11-15,Debit,110874.4,School Fees,NetBanking,Success,Kochi,Branch
TXN000001413,ACC0001077,2025-06-03,Debit,113061.96,Myntra,RTGS,Success,Jaipur,Web
TXN000001414,ACC0000120,2024-02-22,Credit,74224.36,Uber,RTGS,Success,Bengaluru,Web
TXN000001415,ACC0000712,2025-03-08,Debit,109779.61,Uber,IMPS,Success,Delhi,Web
TXN000001416,ACC0000989,2026-01-05,Credit,87982.19,Amazon,NEFT,Success,Hyderabad,Mobile
TXN000001417,ACC0001241,2025-03-11,Credit,123833.03,DMart,Cheque,Reversed,Chandigarh,Mobile
TXN000001418,ACC0001074,2026-04-11,Credit,51917.48,Jio,UPI,Success,Bengaluru,Web
TXN000001419,ACC0000395,2025-03-03,Credit,28325.04,Insurance Premium,RTGS,Success,Pune,ATM
TXN000001420,ACC0000932,2024-10-23,Credit,93070.24,IRCTC,ATM,Success,Mumbai,Branch
TXN000001421,ACC0000018,2024-08-10,Debit,106504.8,IRCTC,Cheque,Success,Hyderabad,Web
TXN000001422,ACC0000632,2025-03-31,Debit,26158.5,Ola,NetBanking,Success,Pune,Web
TXN000001423,ACC0001400,2026-05-09,Debit,118067.63,Myntra,NEFT,Success,Kochi,Web
TXN000001424,ACC0000027,2025-07-07,Debit,125228.95,Amazon,NetBanking,Success,Chandigarh,POS
TXN000001425,ACC0000675,2024-05-22,Debit,147745.98,BigBasket,POS,Success,Chandigarh,Mobile
TXN000001426,ACC0000211,2025-05-29,Credit,139521.15,BigBasket,Cheque,Success,Ahmedabad,Mobile
TXN000001427,ACC0000429,2025-02-06,Debit,63613.62,DMart,NetBanking,Success,Ahmedabad,Branch
TXN000001428,ACC0000984,2024-09-09,Credit,11091.97,IRCTC,NetBanking,Pending,Pune,POS
TXN000001429,ACC0001056,2024-07-24,Credit,1575.13,Insurance Premium,UPI,Success,Chandigarh,POS
TXN000001430,ACC0000570,2024-08-18,Debit,4678.39,Insurance Premium,POS,Success,Chandigarh,Web
TXN000001431,ACC0001365,2024-06-08,Debit,99039.55,Uber,POS,Success,Bhopal,ATM
TXN000001432,ACC0000676,2025-08-19,Credit,124578.58,Netflix,UPI,Success,Bhopal,Web
TXN000001433,ACC0000112,2025-07-22,Credit,75223.72,Flipkart,Cheque,Success,Bengaluru,ATM
TXN000001434,ACC0000676,2025-09-29,Credit,127389.83,Ola,NEFT,Success,Bengaluru,POS
TXN000001435,ACC0001035,2024-06-22,Credit,75442.6,Amazon,NEFT,Success,Chennai,POS
TXN000001436,ACC0000957,2025-08-11,Debit,62077.7,BigBasket,RTGS,Success,Delhi,ATM
TXN000001437,ACC0000721,2024-05-20,Debit,125879.79,Electricity Board,IMPS,Pending,Bhopal,ATM
TXN000001438,ACC0000223,2025-11-03,Debit,98344.03,Uber,UPI,Failed,Bengaluru,POS
TXN000001439,ACC0000625,2026-03-08,Debit,39567.88,Ola,RTGS,Success,Bhopal,Branch
TXN000001440,ACC0000656,2025-02-23,Debit,125056.68,Jio,NEFT,Success,Hyderabad,POS
TXN000001441,ACC0001098,2024-12-14,Debit,51522.03,Amazon,UPI,Success,Ahmedabad,Mobile
TXN000001442,ACC0000753,2026-02-01,Debit,108053.43,Fuel Station,RTGS,Success,Hyderabad,POS
TXN000001443,ACC0001334,2025-01-08,Debit,117656.35,Reliance Digital,NetBanking,Success,Delhi,POS
TXN000001444,ACC0000584,2024-02-01,Credit,95585.8,Myntra,NetBanking,Success,Pune,Web
TXN000001445,ACC0000840,2025-07-01,Credit,79681.38,Flipkart,Cheque,Success,Chandigarh,Web
TXN000001446,ACC0000060,2025-10-11,Debit,135482.28,Reliance Digital,NEFT,Pending,Bengaluru,Mobile
TXN000001447,ACC0001184,2025-05-03,Debit,59432.9,Myntra,RTGS,Success,Mumbai,Web
TXN000001448,ACC0001325,2024-09-13,Debit,44320.95,Electricity Board,RTGS,Reversed,Jaipur,Branch
TXN000001449,ACC0000862,2024-04-13,Debit,69027.09,Amazon,POS,Success,Pune,ATM
TXN000001450,ACC0000588,2025-08-26,Debit,126984.72,Myntra,Cheque,Success,Pune,Branch
TXN000001451,ACC0000801,2024-09-06,Debit,30223.96,BigBasket,NetBanking,Success,Ahmedabad,Mobile
TXN000001452,ACC0001210,2024-10-04,Debit,149185.33,Myntra,Cheque,Success,Hyderabad,Mobile
TXN000001453,ACC0000725,2025-06-30,Debit,75416.92,Swiggy,UPI,Success,Pune,Web
TXN000001454,ACC0000194,2024-06-29,Credit,88490.05,Myntra,NetBanking,Success,Chennai,ATM
TXN000001455,ACC0001042,2025-07-31,Debit,102978.78,Netflix,UPI,Success,Delhi,Branch
TXN000001456,ACC0000791,2026-03-17,Credit,47356.79,Fuel Station,UPI,Success,Delhi,POS
TXN000001457,ACC0001376,2024-02-05,Credit,133351.09,Fuel Station,RTGS,Success,Pune,Branch
TXN000001458,ACC0000804,2024-08-25,Debit,113753.54,Ola,Cheque,Success,Jaipur,POS
TXN000001459,ACC0000476,2024-02-03,Debit,95452.29,School Fees,ATM,Success,Delhi,POS
TXN000001460,ACC0001088,2025-05-24,Credit,86307.29,BigBasket,RTGS,Success,Hyderabad,Mobile
TXN000001461,ACC0000718,2025-07-08,Credit,139880.57,Uber,IMPS,Success,Delhi,Mobile
TXN000001462,ACC0000178,2024-02-12,Debit,87459.54,Reliance Digital,POS,Success,Bhopal,Mobile
TXN000001463,ACC0001184,2024-10-16,Credit,99291.64,BigBasket,IMPS,Success,Lucknow,POS
TXN000001464,ACC0001280,2026-01-16,Debit,88464.61,DMart,IMPS,Success,Kochi,ATM
TXN000001465,ACC0001392,2025-03-16,Credit,70265.61,Flipkart,NetBanking,Success,Bhopal,POS
TXN000001466,ACC0001183,2026-05-07,Debit,134446.1,BigBasket,RTGS,Success,Chennai,Mobile
TXN000001467,ACC0001327,2025-04-26,Credit,91803.51,School Fees,RTGS,Success,Chennai,Branch
TXN000001468,ACC0001371,2025-06-24,Debit,29203.94,Swiggy,RTGS,Success,Bengaluru,POS
TXN000001469,ACC0001361,2025-12-01,Credit,93541.51,Fuel Station,UPI,Success,Jaipur,Web
TXN000001470,ACC0001045,2024-05-05,Credit,712.01,Airtel,ATM,Success,Kochi,Branch
TXN000001471,ACC0000241,2024-04-17,Credit,123744.23,BigBasket,Cheque,Success,Mumbai,Branch
TXN000001472,ACC0000897,2025-04-08,Debit,60928.45,Insurance Premium,NEFT,Success,Bhopal,POS
TXN000001473,ACC0001132,2024-08-21,Debit,114497.74,Flipkart,IMPS,Success,Lucknow,Branch
TXN000001474,ACC0000897,2025-10-01,Credit,53660.38,IRCTC,RTGS,Success,Mumbai,Web
TXN000001475,ACC0000856,2025-06-26,Credit,65714.03,Insurance Premium,NEFT,Success,Chandigarh,Web
TXN000001476,ACC0000546,2024-06-28,Debit,70848.73,Jio,POS,Success,Lucknow,Mobile
TXN000001477,ACC0000388,2026-05-11,Debit,42306.5,Myntra,Cheque,Pending,Bhopal,Branch
TXN000001478,ACC0000195,2024-08-22,Debit,46410.78,Fuel Station,POS,Success,Pune,ATM
TXN000001479,ACC0000616,2026-04-10,Debit,44610.8,Electricity Board,IMPS,Reversed,Pune,Web
TXN000001480,ACC0000859,2025-08-10,Debit,142223.7,Flipkart,NEFT,Success,Pune,Mobile
TXN000001481,ACC0000211,2025-03-19,Debit,47235.41,Insurance Premium,RTGS,Success,Kochi,Branch
TXN000001482,ACC0000153,2026-01-23,Credit,64202.35,Myntra,Cheque,Reversed,Chandigarh,Branch
TXN000001483,ACC0000124,2026-05-16,Debit,112648.4,School Fees,UPI,Pending,Kochi,Web
TXN000001484,ACC0001033,2025-08-19,Debit,148873.79,DMart,ATM,Success,Bhopal,Mobile
TXN000001485,ACC0000364,2025-03-14,Debit,48039.74,Flipkart,RTGS,Failed,Chennai,Branch
TXN000001486,ACC0000772,2024-07-30,Credit,36194.68,School Fees,IMPS,Success,Ahmedabad,Branch
TXN000001487,ACC0000284,2024-02-24,Credit,48187.45,Netflix,NEFT,Success,Pune,ATM
TXN000001488,ACC0001087,2025-02-16,Debit,95713.29,Reliance Digital,UPI,Success,Hyderabad,Web
TXN000001489,ACC0000552,2024-05-28,Debit,110860.89,Fuel Station,NEFT,Success,Chandigarh,POS
TXN000001490,ACC0001376,2025-12-05,Credit,24147.68,Electricity Board,NetBanking,Success,Lucknow,Branch
TXN000001491,ACC0000986,2024-08-08,Credit,120824.64,Insurance Premium,UPI,Success,Kochi,Branch
TXN000001492,ACC0001335,2026-02-14,Debit,70464.09,Fuel Station,IMPS,Success,Delhi,POS
TXN000001493,ACC0000388,2024-06-07,Debit,119489.0,IRCTC,ATM,Success,Bhopal,Web
TXN000001494,ACC0000457,2024-01-01,Credit,113062.49,Jio,IMPS,Success,Chandigarh,POS
TXN000001495,ACC0000514,2025-05-28,Debit,14264.23,Airtel,ATM,Success,Chennai,Mobile
TXN000001496,ACC0001105,2025-06-26,Debit,47778.72,DMart,NEFT,Success,Mumbai,Mobile
TXN000001497,ACC0000476,2024-07-26,Credit,33737.47,IRCTC,IMPS,Success,Hyderabad,Branch
TXN000001498,ACC0001368,2024-11-11,Credit,91875.36,Fuel Station,NetBanking,Success,Delhi,ATM
TXN000001499,ACC0001032,2024-05-22,Debit,65531.11,BigBasket,RTGS,Success,Bhopal,Branch
TXN000001500,ACC0000123,2025-07-06,Debit,25934.23,Myntra,POS,Success,Chandigarh,Web
TXN000001501,ACC0000611,2025-11-27,Debit,7628.3,Electricity Board,IMPS,Success,Ahmedabad,Web
TXN000001502,ACC0000741,2025-09-04,Debit,26605.15,Ola,NetBanking,Success,Chandigarh,Web
TXN000001503,ACC0000805,2024-09-06,Credit,59524.02,Amazon,ATM,Success,Delhi,ATM
TXN000001504,ACC0000323,2024-06-04,Debit,145118.72,Electricity Board,UPI,Success,Hyderabad,ATM
TXN000001505,ACC0000639,2026-04-09,Debit,77359.22,Ola,Cheque,Success,Delhi,Mobile
TXN000001506,ACC0000888,2025-10-29,Debit,35969.36,DMart,UPI,Success,Delhi,Mobile
TXN000001507,ACC0000201,2025-01-19,Credit,35268.53,Myntra,IMPS,Reversed,Bengaluru,POS
TXN000001508,ACC0000562,2024-03-15,Credit,47757.16,Ola,UPI,Success,Pune,ATM
TXN000001509,ACC0001261,2025-01-22,Debit,128037.81,Zomato,IMPS,Failed,Pune,Mobile
TXN000001510,ACC0000214,2025-06-23,Debit,76741.94,Myntra,NEFT,Success,Bhopal,ATM
TXN000001511,ACC0000090,2024-07-06,Debit,118567.74,Jio,UPI,Success,Ahmedabad,Mobile
TXN000001512,ACC0001305,2025-11-06,Credit,39313.91,Netflix,RTGS,Success,Chandigarh,POS
TXN000001513,ACC0000217,2026-04-20,Debit,107872.4,Zomato,ATM,Success,Mumbai,ATM
TXN000001514,ACC0000797,2024-10-21,Debit,81876.05,Netflix,Cheque,Success,Hyderabad,Web
TXN000001515,ACC0000156,2024-06-30,Debit,8443.95,Uber,IMPS,Failed,Kochi,POS
TXN000001516,ACC0000400,2026-05-17,Credit,111393.24,Amazon,Cheque,Success,Delhi,Mobile
TXN000001517,ACC0000951,2025-01-18,Debit,92500.91,Amazon,IMPS,Success,Chandigarh,Mobile
TXN000001518,ACC0000709,2026-05-10,Debit,112366.91,Myntra,NetBanking,Success,Chennai,POS
TXN000001519,ACC0000696,2024-07-22,Credit,33395.18,Swiggy,Cheque,Success,Chennai,ATM
TXN000001520,ACC0001178,2026-01-23,Debit,53556.92,BigBasket,IMPS,Success,Kochi,Web
TXN000001521,ACC0000600,2024-06-09,Debit,86869.52,Amazon,IMPS,Success,Chandigarh,POS
TXN000001522,ACC0000148,2024-02-18,Credit,98053.64,Electricity Board,POS,Success,Lucknow,ATM
TXN000001523,ACC0001122,2024-06-10,Credit,145829.79,Myntra,NetBanking,Success,Mumbai,Branch
TXN000001524,ACC0000117,2025-12-30,Debit,34234.56,Zomato,ATM,Success,Ahmedabad,Mobile
TXN000001525,ACC0000475,2024-02-25,Debit,44337.19,DMart,IMPS,Success,Bhopal,Web
TXN000001526,ACC0000997,2024-06-04,Credit,59645.11,DMart,RTGS,Success,Chennai,Branch
TXN000001527,ACC0000097,2025-11-26,Debit,139746.08,DMart,Cheque,Success,Pune,Branch
TXN000001528,ACC0000432,2024-06-07,Debit,88801.06,School Fees,POS,Success,Mumbai,Web
TXN000001529,ACC0000461,2025-10-17,Debit,78434.39,Uber,NEFT,Success,Jaipur,Web
TXN000001530,ACC0000263,2024-11-22,Debit,7068.84,Amazon,POS,Pending,Chennai,POS
TXN000001531,ACC0001015,2024-01-29,Debit,50220.26,Netflix,NEFT,Success,Hyderabad,ATM
TXN000001532,ACC0001000,2024-02-23,Credit,8950.11,Insurance Premium,ATM,Success,Lucknow,POS
TXN000001533,ACC0000475,2025-04-27,Debit,103787.66,Swiggy,Cheque,Failed,Bhopal,Mobile
TXN000001534,ACC0000061,2025-02-07,Credit,38467.21,Electricity Board,ATM,Failed,Kochi,ATM
TXN000001535,ACC0000675,2024-08-01,Debit,73040.17,Insurance Premium,ATM,Success,Ahmedabad,ATM
TXN000001536,ACC0000830,2024-05-18,Credit,786.57,DMart,NetBanking,Success,Mumbai,Branch
TXN000001537,ACC0000963,2025-07-25,Credit,22239.57,Swiggy,UPI,Success,Kochi,POS
TXN000001538,ACC0000432,2026-05-10,Debit,23119.88,Zomato,ATM,Success,Hyderabad,POS
TXN000001539,ACC0000506,2024-01-19,Debit,17589.16,Zomato,NetBanking,Success,Bhopal,Branch
TXN000001540,ACC0000990,2025-12-07,Debit,56051.45,Myntra,NetBanking,Success,Kochi,Mobile
TXN000001541,ACC0000445,2024-07-20,Debit,14842.14,Jio,Cheque,Success,Lucknow,Branch
TXN000001542,ACC0000307,2024-03-09,Credit,97146.43,DMart,POS,Success,Jaipur,Branch
TXN000001543,ACC0000321,2025-06-11,Debit,131884.15,DMart,RTGS,Success,Ahmedabad,Branch
TXN000001544,ACC0000493,2025-12-15,Debit,20390.61,Jio,UPI,Success,Kochi,Branch
TXN000001545,ACC0000386,2026-05-06,Credit,120878.84,Fuel Station,RTGS,Success,Mumbai,Mobile
TXN000001546,ACC0000173,2025-05-15,Credit,121461.52,Ola,Cheque,Pending,Chennai,ATM
TXN000001547,ACC0000414,2025-04-19,Debit,98147.81,Flipkart,ATM,Success,Ahmedabad,Mobile
TXN000001548,ACC0001180,2024-03-10,Debit,68850.2,Ola,POS,Success,Jaipur,Branch
TXN000001549,ACC0001178,2025-09-16,Debit,67635.43,Jio,NEFT,Success,Mumbai,Web
TXN000001550,ACC0000514,2025-02-15,Credit,70547.79,School Fees,NEFT,Failed,Kochi,Mobile
TXN000001551,ACC0000601,2025-05-23,Debit,105878.96,Netflix,NetBanking,Success,Chennai,Web
TXN000001552,ACC0000065,2024-06-14,Debit,107025.78,Swiggy,Cheque,Success,Delhi,ATM
TXN000001553,ACC0001181,2025-06-02,Debit,58111.47,Fuel Station,IMPS,Success,Hyderabad,Branch
TXN000001554,ACC0000144,2024-12-05,Credit,39590.36,Fuel Station,NetBanking,Success,Delhi,Web
TXN000001555,ACC0000789,2024-06-12,Credit,71585.3,School Fees,NEFT,Success,Bengaluru,POS
TXN000001556,ACC0000241,2025-07-29,Credit,73607.07,School Fees,POS,Failed,Bengaluru,Branch
TXN000001557,ACC0001183,2025-10-01,Debit,87395.87,Jio,UPI,Success,Chennai,Mobile
TXN000001558,ACC0000713,2024-12-08,Debit,84060.89,Airtel,RTGS,Success,Hyderabad,Mobile
TXN000001559,ACC0000570,2024-07-27,Credit,134885.23,Swiggy,POS,Success,Jaipur,ATM
TXN000001560,ACC0000045,2026-02-08,Debit,18532.45,Uber,ATM,Success,Delhi,Branch
TXN000001561,ACC0000626,2026-01-21,Credit,8913.52,Uber,UPI,Success,Pune,ATM
TXN000001562,ACC0000093,2024-05-05,Credit,116145.1,Flipkart,NetBanking,Success,Mumbai,ATM
TXN000001563,ACC0001244,2025-06-20,Debit,87667.63,IRCTC,IMPS,Success,Kochi,Branch
TXN000001564,ACC0000626,2026-01-30,Credit,138593.46,Uber,ATM,Reversed,Bhopal,ATM
TXN000001565,ACC0001180,2025-01-18,Debit,89901.22,Swiggy,Cheque,Success,Jaipur,ATM
TXN000001566,ACC0001293,2024-10-09,Debit,48289.34,Fuel Station,POS,Success,Lucknow,POS
TXN000001567,ACC0001367,2025-11-13,Debit,36545.96,Insurance Premium,NEFT,Failed,Bhopal,Branch
TXN000001568,ACC0000385,2024-05-26,Debit,111741.17,Airtel,UPI,Success,Bhopal,ATM
TXN000001569,ACC0000942,2026-01-01,Credit,48605.69,Jio,UPI,Success,Delhi,ATM
TXN000001570,ACC0000593,2024-09-20,Debit,105110.97,Flipkart,IMPS,Success,Mumbai,Mobile
TXN000001571,ACC0000602,2025-02-22,Credit,135061.96,Jio,Cheque,Success,Bengaluru,ATM
TXN000001572,ACC0000002,2025-04-03,Debit,148592.36,Fuel Station,NEFT,Success,Hyderabad,Branch
TXN000001573,ACC0000019,2024-10-29,Credit,119523.74,IRCTC,Cheque,Success,Bhopal,POS
TXN000001574,ACC0000049,2025-07-14,Debit,31638.35,Swiggy,Cheque,Failed,Jaipur,ATM
TXN000001575,ACC0000815,2026-05-18,Credit,129698.14,Fuel Station,UPI,Success,Pune,Branch
TXN000001576,ACC0000505,2024-08-25,Debit,59470.2,BigBasket,POS,Success,Jaipur,Branch
TXN000001577,ACC0000989,2026-04-25,Credit,62810.33,Ola,NetBanking,Success,Kochi,Web
TXN000001578,ACC0001339,2025-09-27,Credit,30664.45,Amazon,NetBanking,Success,Delhi,Branch
TXN000001579,ACC0000719,2025-02-06,Credit,121980.54,BigBasket,RTGS,Success,Bhopal,POS
TXN000001580,ACC0000966,2024-06-07,Credit,129777.36,Flipkart,NetBanking,Success,Jaipur,ATM
TXN000001581,ACC0000662,2024-08-27,Credit,687.98,IRCTC,ATM,Success,Chandigarh,Mobile
TXN000001582,ACC0000844,2024-12-08,Debit,41667.27,DMart,IMPS,Pending,Kochi,ATM
TXN000001583,ACC0000151,2025-01-09,Debit,99846.14,School Fees,NEFT,Success,Kochi,Mobile
TXN000001584,ACC0000682,2024-08-16,Debit,28059.3,Jio,Cheque,Success,Chandigarh,POS
TXN000001585,ACC0000789,2025-01-16,Credit,49870.66,Zomato,NetBanking,Success,Delhi,Mobile
TXN000001586,ACC0000903,2025-11-12,Credit,110274.22,Airtel,Cheque,Success,Bengaluru,POS
TXN000001587,ACC0000765,2025-05-19,Credit,59801.73,Uber,ATM,Success,Hyderabad,Branch
TXN000001588,ACC0001380,2025-12-16,Debit,125613.79,School Fees,NetBanking,Success,Pune,POS
TXN000001589,ACC0000814,2024-09-09,Debit,131144.69,Netflix,NetBanking,Success,Jaipur,Web
TXN000001590,ACC0000686,2024-03-30,Debit,9483.15,Insurance Premium,Cheque,Success,Pune,Mobile
TXN000001591,ACC0001199,2024-09-13,Credit,131630.32,Netflix,RTGS,Success,Bengaluru,ATM
TXN000001592,ACC0000406,2026-04-06,Credit,130251.87,Netflix,UPI,Success,Ahmedabad,ATM
TXN000001593,ACC0000867,2024-10-02,Debit,16844.18,Myntra,NEFT,Success,Chandigarh,ATM
TXN000001594,ACC0000158,2026-04-03,Credit,140779.34,Myntra,POS,Success,Bengaluru,Web
TXN000001595,ACC0001383,2026-03-03,Debit,135447.0,Fuel Station,UPI,Success,Kochi,Mobile
TXN000001596,ACC0000005,2024-04-20,Credit,79227.42,IRCTC,Cheque,Success,Kochi,POS
TXN000001597,ACC0000559,2025-09-07,Credit,126018.66,Uber,RTGS,Success,Chennai,POS
TXN000001598,ACC0001365,2026-01-14,Debit,129686.62,Swiggy,IMPS,Failed,Kochi,Mobile
TXN000001599,ACC0000999,2024-01-09,Debit,90241.01,Amazon,UPI,Success,Kochi,POS
TXN000001600,ACC0001246,2025-11-01,Debit,49488.58,Electricity Board,UPI,Success,Chennai,Mobile
TXN000001601,ACC0000395,2024-01-26,Credit,106874.14,Netflix,UPI,Success,Bhopal,Mobile
TXN000001602,ACC0000099,2025-12-28,Credit,147140.21,DMart,POS,Pending,Kochi,ATM
TXN000001603,ACC0001212,2024-04-18,Debit,95232.81,DMart,NEFT,Success,Bhopal,ATM
TXN000001604,ACC0001165,2024-05-20,Credit,3354.96,BigBasket,IMPS,Failed,Chennai,ATM
TXN000001605,ACC0000918,2024-05-27,Debit,116378.17,Electricity Board,NEFT,Success,Chandigarh,Branch
TXN000001606,ACC0001160,2026-03-06,Debit,28562.39,IRCTC,UPI,Success,Chennai,POS
TXN000001607,ACC0001043,2024-09-26,Debit,117524.02,Netflix,NEFT,Success,Jaipur,Mobile
TXN000001608,ACC0001186,2024-03-21,Credit,36741.48,Uber,NetBanking,Success,Chandigarh,Branch
TXN000001609,ACC0001015,2026-02-16,Debit,130761.86,Myntra,NetBanking,Success,Kochi,Mobile
TXN000001610,ACC0000433,2025-09-30,Credit,146997.02,Airtel,UPI,Success,Kochi,POS
TXN000001611,ACC0001384,2024-04-12,Debit,43640.73,Jio,ATM,Success,Kochi,ATM
TXN000001612,ACC0000296,2025-07-31,Debit,105981.05,Netflix,RTGS,Success,Bengaluru,Web
TXN000001613,ACC0000464,2024-10-04,Credit,149426.51,School Fees,Cheque,Success,Delhi,Web
TXN000001614,ACC0000847,2025-08-05,Credit,32674.65,Airtel,POS,Success,Pune,POS
TXN000001615,ACC0000813,2025-12-05,Credit,111893.27,Netflix,RTGS,Success,Chennai,Mobile
TXN000001616,ACC0001062,2026-04-15,Credit,40730.72,Uber,IMPS,Success,Lucknow,POS
TXN000001617,ACC0001087,2025-06-06,Credit,81881.57,Swiggy,IMPS,Success,Ahmedabad,ATM
TXN000001618,ACC0000764,2025-01-14,Credit,29461.87,Myntra,IMPS,Pending,Jaipur,Web
TXN000001619,ACC0000285,2024-03-25,Credit,80853.93,IRCTC,Cheque,Success,Chennai,Mobile
TXN000001620,ACC0001091,2025-12-21,Credit,110942.51,Airtel,POS,Success,Lucknow,POS
TXN000001621,ACC0000068,2026-04-21,Credit,144286.93,Zomato,UPI,Success,Lucknow,ATM
TXN000001622,ACC0000166,2024-05-13,Debit,4059.03,Ola,POS,Success,Mumbai,Web
TXN000001623,ACC0000792,2024-09-30,Debit,85730.21,Fuel Station,RTGS,Success,Chandigarh,Web
TXN000001624,ACC0000569,2025-10-19,Credit,132038.36,Ola,RTGS,Success,Mumbai,Web
TXN000001625,ACC0000382,2024-05-06,Debit,110406.6,Electricity Board,NetBanking,Success,Bhopal,ATM
TXN000001626,ACC0000960,2025-03-10,Debit,95590.42,Myntra,Cheque,Pending,Chennai,ATM
TXN000001627,ACC0000988,2024-02-22,Debit,20404.72,Swiggy,NEFT,Success,Mumbai,Branch
TXN000001628,ACC0000004,2024-09-09,Debit,76419.07,Fuel Station,IMPS,Success,Delhi,POS
TXN000001629,ACC0000916,2025-09-27,Debit,71377.91,Airtel,RTGS,Success,Bhopal,Branch
TXN000001630,ACC0000292,2024-08-19,Credit,31800.9,Zomato,IMPS,Success,Pune,ATM
TXN000001631,ACC0000977,2025-04-12,Debit,27259.64,Uber,POS,Success,Pune,Mobile
TXN000001632,ACC0000338,2025-06-17,Debit,98772.48,Electricity Board,POS,Success,Delhi,Branch
TXN000001633,ACC0001078,2024-08-20,Credit,149292.35,Jio,RTGS,Success,Ahmedabad,ATM
TXN000001634,ACC0001095,2024-10-31,Debit,124836.15,IRCTC,UPI,Success,Chandigarh,Branch
TXN000001635,ACC0000947,2025-12-09,Credit,103224.78,School Fees,RTGS,Success,Kochi,POS
TXN000001636,ACC0000638,2025-01-27,Debit,71246.85,DMart,IMPS,Success,Hyderabad,Web
TXN000001637,ACC0001322,2024-11-20,Debit,22574.51,Ola,NetBanking,Success,Jaipur,ATM
TXN000001638,ACC0001213,2025-03-31,Debit,61755.83,Fuel Station,NEFT,Success,Ahmedabad,POS
TXN000001639,ACC0000890,2024-03-21,Credit,62169.03,DMart,POS,Success,Chennai,Branch
TXN000001640,ACC0001200,2024-04-27,Credit,145855.57,School Fees,POS,Success,Bengaluru,Web
TXN000001641,ACC0001296,2024-03-30,Credit,94573.17,Uber,Cheque,Success,Lucknow,POS
TXN000001642,ACC0000866,2025-06-01,Credit,101218.83,Jio,POS,Success,Ahmedabad,POS
TXN000001643,ACC0001011,2025-12-25,Debit,85550.34,Insurance Premium,IMPS,Success,Bengaluru,Mobile
TXN000001644,ACC0000091,2024-01-24,Debit,96738.43,Amazon,NEFT,Success,Bengaluru,POS
TXN000001645,ACC0000836,2025-02-08,Debit,89442.78,IRCTC,POS,Success,Lucknow,Branch
TXN000001646,ACC0001201,2025-08-19,Credit,38041.05,Flipkart,NetBanking,Success,Chandigarh,Mobile
TXN000001647,ACC0001360,2024-09-28,Debit,284.66,Airtel,Cheque,Failed,Chennai,Web
TXN000001648,ACC0001350,2025-10-18,Credit,128678.33,Ola,NetBanking,Success,Bhopal,Web
TXN000001649,ACC0001269,2024-02-15,Credit,77465.33,Airtel,NEFT,Success,Ahmedabad,ATM
TXN000001650,ACC0000319,2025-10-30,Debit,9638.69,Reliance Digital,ATM,Success,Hyderabad,Branch
TXN000001651,ACC0000476,2025-11-22,Debit,69521.2,Fuel Station,Cheque,Success,Hyderabad,Branch
TXN000001652,ACC0000267,2024-12-08,Credit,124954.87,School Fees,Cheque,Success,Hyderabad,Mobile
TXN000001653,ACC0000019,2025-03-24,Credit,97076.02,BigBasket,ATM,Success,Lucknow,Mobile
TXN000001654,ACC0001290,2025-06-06,Debit,94181.34,Amazon,NetBanking,Success,Chandigarh,POS
TXN000001655,ACC0001222,2025-02-07,Credit,126363.23,Jio,NetBanking,Success,Lucknow,Branch
TXN000001656,ACC0000972,2026-02-06,Credit,126710.33,BigBasket,Cheque,Success,Bengaluru,Branch
TXN000001657,ACC0000472,2025-11-03,Credit,63508.15,DMart,UPI,Success,Pune,Web
TXN000001658,ACC0000793,2025-08-09,Debit,127142.61,Airtel,IMPS,Failed,Pune,POS
TXN000001659,ACC0000913,2025-05-16,Debit,133423.57,Reliance Digital,POS,Success,Lucknow,POS
TXN000001660,ACC0000192,2024-06-29,Debit,99194.89,Electricity Board,RTGS,Success,Chennai,ATM
TXN000001661,ACC0000791,2026-02-06,Credit,108917.03,BigBasket,IMPS,Success,Delhi,Branch
TXN000001662,ACC0001249,2024-07-28,Debit,118311.83,Jio,RTGS,Success,Ahmedabad,ATM
TXN000001663,ACC0000361,2024-12-07,Debit,137483.44,Jio,ATM,Success,Ahmedabad,Mobile
TXN000001664,ACC0001195,2026-05-06,Credit,94450.61,Netflix,NetBanking,Failed,Jaipur,Web
TXN000001665,ACC0000034,2025-02-03,Credit,59110.15,Zomato,NEFT,Success,Mumbai,Branch
TXN000001666,ACC0001391,2025-04-01,Credit,38883.56,Electricity Board,Cheque,Success,Bhopal,Mobile
TXN000001667,ACC0000616,2024-04-02,Debit,75239.35,Reliance Digital,POS,Success,Hyderabad,ATM
TXN000001668,ACC0001294,2025-09-10,Debit,94668.19,Myntra,POS,Failed,Lucknow,Web
TXN000001669,ACC0001220,2025-02-05,Credit,112407.4,Fuel Station,Cheque,Success,Mumbai,Branch
TXN000001670,ACC0000739,2026-01-01,Credit,88929.02,Flipkart,Cheque,Success,Bengaluru,POS
TXN000001671,ACC0001240,2024-04-08,Credit,114848.52,Netflix,ATM,Success,Bengaluru,ATM
TXN000001672,ACC0000020,2024-09-10,Credit,19137.51,Reliance Digital,NEFT,Success,Bengaluru,ATM
TXN000001673,ACC0001044,2024-09-25,Debit,70671.21,Myntra,UPI,Success,Hyderabad,ATM
TXN000001674,ACC0001117,2025-01-03,Debit,43104.76,Insurance Premium,Cheque,Success,Bengaluru,POS
TXN000001675,ACC0000139,2025-10-02,Debit,25958.61,Airtel,NEFT,Success,Pune,ATM
TXN000001676,ACC0000175,2025-01-08,Debit,99981.69,Netflix,IMPS,Success,Bhopal,Branch
TXN000001677,ACC0000741,2024-11-26,Debit,103635.96,School Fees,Cheque,Success,Jaipur,Web
TXN000001678,ACC0000012,2024-05-31,Debit,22746.64,School Fees,IMPS,Success,Hyderabad,Web
TXN000001679,ACC0000731,2025-03-25,Debit,81498.02,Electricity Board,Cheque,Success,Bhopal,Web
TXN000001680,ACC0000719,2025-02-23,Debit,89814.09,Ola,Cheque,Pending,Jaipur,POS
TXN000001681,ACC0001361,2024-09-29,Credit,110641.06,Myntra,ATM,Success,Pune,Mobile
TXN000001682,ACC0000932,2024-09-08,Debit,134535.1,Swiggy,UPI,Failed,Delhi,POS
TXN000001683,ACC0000724,2025-07-13,Debit,7439.58,Flipkart,Cheque,Success,Bhopal,Branch
TXN000001684,ACC0000719,2024-12-12,Debit,112088.73,School Fees,NEFT,Success,Pune,POS
TXN000001685,ACC0000022,2025-10-19,Credit,84323.7,School Fees,NetBanking,Success,Lucknow,Branch
TXN000001686,ACC0000520,2024-08-05,Debit,11952.93,Fuel Station,NetBanking,Success,Jaipur,Branch
TXN000001687,ACC0000796,2024-08-12,Debit,36373.42,DMart,ATM,Success,Lucknow,Branch
TXN000001688,ACC0001176,2025-05-06,Credit,34369.18,Zomato,IMPS,Success,Bhopal,ATM
TXN000001689,ACC0000349,2024-03-17,Debit,92438.96,Airtel,UPI,Success,Lucknow,Branch
TXN000001690,ACC0000424,2024-09-07,Debit,95840.63,Ola,POS,Success,Bengaluru,Mobile
TXN000001691,ACC0001230,2025-10-10,Credit,47957.69,Amazon,ATM,Success,Jaipur,Mobile
TXN000001692,ACC0001279,2025-07-31,Debit,136375.75,Myntra,IMPS,Success,Chennai,Branch
TXN000001693,ACC0001204,2025-02-23,Debit,35474.62,Jio,UPI,Success,Bhopal,Branch
TXN000001694,ACC0001190,2025-03-25,Credit,83519.65,Ola,Cheque,Pending,Hyderabad,ATM
TXN000001695,ACC0000893,2025-10-23,Credit,92118.94,Electricity Board,POS,Success,Chennai,POS
TXN000001696,ACC0001220,2025-11-01,Debit,51985.97,Airtel,Cheque,Success,Delhi,POS
TXN000001697,ACC0001097,2026-03-22,Credit,39403.53,Jio,NEFT,Failed,Hyderabad,POS
TXN000001698,ACC0000656,2025-05-03,Credit,71859.86,Insurance Premium,Cheque,Success,Lucknow,Web
TXN000001699,ACC0000163,2025-06-11,Credit,76162.99,Fuel Station,Cheque,Success,Delhi,POS
TXN000001700,ACC0000167,2026-05-02,Debit,113405.28,Electricity Board,Cheque,Success,Lucknow,POS
TXN000001701,ACC0001370,2024-05-09,Debit,146012.79,IRCTC,UPI,Success,Mumbai,Mobile
TXN000001702,ACC0000663,2024-12-25,Debit,47987.39,Swiggy,Cheque,Success,Pune,POS
TXN000001703,ACC0000747,2025-08-03,Credit,48411.83,BigBasket,RTGS,Success,Bengaluru,Branch
TXN000001704,ACC0000838,2025-04-25,Credit,98673.3,Swiggy,IMPS,Success,Hyderabad,Web
TXN000001705,ACC0000114,2024-12-10,Debit,114462.24,DMart,RTGS,Success,Hyderabad,Branch
TXN000001706,ACC0001255,2026-04-20,Debit,47099.59,School Fees,UPI,Success,Bengaluru,POS
TXN000001707,ACC0000381,2025-02-17,Debit,18049.73,Amazon,Cheque,Success,Chandigarh,Branch
TXN000001708,ACC0001297,2025-07-19,Debit,97763.51,Zomato,Cheque,Reversed,Lucknow,ATM
TXN000001709,ACC0000507,2025-04-11,Credit,139798.51,DMart,RTGS,Success,Jaipur,ATM
TXN000001710,ACC0000056,2025-05-25,Debit,98619.13,Electricity Board,POS,Failed,Mumbai,Mobile
TXN000001711,ACC0001317,2025-11-08,Credit,149393.22,Flipkart,Cheque,Success,Ahmedabad,ATM
TXN000001712,ACC0000322,2026-01-16,Debit,134212.59,Amazon,NEFT,Success,Lucknow,POS
TXN000001713,ACC0000474,2024-05-31,Debit,103475.92,Jio,POS,Success,Kochi,Web
TXN000001714,ACC0000708,2024-12-06,Credit,35678.39,Ola,NEFT,Success,Jaipur,ATM
TXN000001715,ACC0000248,2024-07-27,Credit,66339.4,School Fees,Cheque,Success,Chandigarh,Branch
TXN000001716,ACC0001134,2026-03-16,Credit,131896.63,School Fees,Cheque,Success,Kochi,POS
TXN000001717,ACC0000623,2024-11-18,Credit,49433.16,Reliance Digital,UPI,Success,Bhopal,ATM
TXN000001718,ACC0000694,2025-03-23,Debit,71608.96,Electricity Board,RTGS,Success,Pune,Mobile
TXN000001719,ACC0000929,2024-12-23,Debit,146063.14,BigBasket,RTGS,Success,Jaipur,POS
TXN000001720,ACC0000851,2024-05-11,Debit,9770.64,School Fees,NEFT,Success,Kochi,Web
TXN000001721,ACC0001133,2024-07-06,Debit,4262.63,Insurance Premium,POS,Success,Ahmedabad,POS
TXN000001722,ACC0000319,2026-01-12,Credit,146779.65,IRCTC,ATM,Success,Lucknow,Mobile
TXN000001723,ACC0000982,2025-03-12,Credit,130625.87,Reliance Digital,UPI,Success,Kochi,Branch
TXN000001724,ACC0001087,2024-09-24,Credit,61229.16,Electricity Board,RTGS,Pending,Jaipur,POS
TXN000001725,ACC0000254,2025-07-02,Debit,24324.39,Jio,NetBanking,Success,Jaipur,Mobile
TXN000001726,ACC0000818,2024-12-24,Debit,55740.45,Airtel,Cheque,Success,Bhopal,Branch
TXN000001727,ACC0000596,2026-02-01,Credit,500.66,Fuel Station,Cheque,Failed,Bengaluru,Branch
TXN000001728,ACC0000025,2025-12-05,Credit,26866.38,School Fees,NEFT,Success,Kochi,Branch
TXN000001729,ACC0000667,2024-12-16,Debit,22729.74,Insurance Premium,ATM,Success,Lucknow,Web
TXN000001730,ACC0000096,2024-04-26,Debit,22979.75,Amazon,ATM,Success,Mumbai,ATM
TXN000001731,ACC0000621,2025-01-23,Debit,17585.56,Amazon,NEFT,Success,Chandigarh,Mobile
TXN000001732,ACC0000177,2025-01-26,Credit,55040.27,Myntra,NEFT,Success,Chennai,Mobile
TXN000001733,ACC0000565,2024-02-16,Debit,98178.0,Flipkart,UPI,Success,Chennai,Branch
TXN000001734,ACC0001131,2025-07-21,Credit,142347.02,Zomato,IMPS,Success,Mumbai,ATM
TXN000001735,ACC0001169,2025-10-28,Debit,5618.81,Jio,ATM,Success,Chennai,POS
TXN000001736,ACC0000496,2026-01-26,Credit,97386.2,Electricity Board,UPI,Failed,Hyderabad,ATM
TXN000001737,ACC0000433,2025-05-13,Debit,60547.32,Zomato,IMPS,Success,Pune,POS
TXN000001738,ACC0000200,2024-08-14,Debit,78620.44,DMart,POS,Success,Chennai,Web
TXN000001739,ACC0000534,2026-03-13,Credit,95425.92,Myntra,NetBanking,Success,Chandigarh,POS
TXN000001740,ACC0000073,2024-09-23,Debit,109458.2,Airtel,RTGS,Success,Bhopal,POS
TXN000001741,ACC0000038,2026-01-11,Credit,145935.56,School Fees,NetBanking,Success,Bengaluru,Branch
TXN000001742,ACC0000214,2025-01-20,Credit,103129.34,Swiggy,Cheque,Success,Ahmedabad,POS
TXN000001743,ACC0000918,2024-01-15,Credit,74697.57,Electricity Board,NEFT,Failed,Jaipur,POS
TXN000001744,ACC0001149,2024-08-23,Credit,134003.0,School Fees,ATM,Success,Delhi,Web
TXN000001745,ACC0001126,2025-01-25,Credit,8244.63,Uber,POS,Success,Jaipur,ATM
TXN000001746,ACC0000315,2024-06-07,Credit,34783.54,Airtel,RTGS,Success,Bengaluru,ATM
TXN000001747,ACC0000825,2024-06-25,Debit,67891.63,IRCTC,POS,Failed,Bhopal,POS
TXN000001748,ACC0000633,2025-07-22,Debit,54610.8,Flipkart,Cheque,Success,Hyderabad,Web
TXN000001749,ACC0000184,2024-04-06,Debit,116112.28,Myntra,UPI,Failed,Bengaluru,ATM
TXN000001750,ACC0000169,2024-09-15,Credit,136239.25,Fuel Station,NEFT,Failed,Pune,Mobile
TXN000001751,ACC0000543,2024-07-08,Credit,15763.08,Myntra,ATM,Success,Pune,POS
TXN000001752,ACC0001297,2025-02-28,Credit,135443.76,Ola,POS,Success,Chandigarh,POS
TXN000001753,ACC0000235,2026-04-17,Debit,139807.41,Fuel Station,UPI,Success,Kochi,ATM
TXN000001754,ACC0000878,2026-04-10,Credit,90460.91,School Fees,RTGS,Success,Ahmedabad,ATM
TXN000001755,ACC0000667,2024-06-26,Debit,46903.14,Insurance Premium,NetBanking,Success,Lucknow,Branch
TXN000001756,ACC0001352,2024-09-24,Debit,46683.39,Uber,UPI,Success,Jaipur,Mobile
TXN000001757,ACC0000390,2024-11-29,Credit,42398.11,Airtel,POS,Success,Kochi,Web
TXN000001758,ACC0000294,2024-06-05,Debit,64564.84,BigBasket,RTGS,Success,Delhi,Branch
TXN000001759,ACC0000706,2025-11-14,Credit,1383.62,Airtel,ATM,Failed,Chandigarh,Branch
TXN000001760,ACC0000290,2025-01-11,Debit,50923.31,Jio,UPI,Success,Chennai,POS
TXN000001761,ACC0000353,2025-04-27,Debit,65818.34,BigBasket,IMPS,Success,Hyderabad,Branch
TXN000001762,ACC0000067,2025-09-25,Debit,27690.41,Reliance Digital,Cheque,Success,Delhi,Web
TXN000001763,ACC0000311,2024-09-10,Credit,23795.68,DMart,IMPS,Success,Bengaluru,ATM
TXN000001764,ACC0000916,2024-10-25,Debit,64460.21,Myntra,POS,Failed,Kochi,Mobile
TXN000001765,ACC0001190,2025-01-29,Debit,43969.87,School Fees,Cheque,Success,Lucknow,Branch
TXN000001766,ACC0001196,2024-10-23,Debit,146345.85,Uber,RTGS,Success,Hyderabad,ATM
TXN000001767,ACC0001002,2024-06-09,Credit,132729.61,Jio,NetBanking,Success,Bhopal,POS
TXN000001768,ACC0000010,2025-02-18,Debit,49583.6,Myntra,Cheque,Success,Hyderabad,Web
TXN000001769,ACC0000066,2025-12-31,Credit,59555.03,Reliance Digital,NEFT,Success,Ahmedabad,Mobile
TXN000001770,ACC0000700,2024-07-31,Credit,6232.56,School Fees,RTGS,Success,Delhi,Branch
TXN000001771,ACC0001362,2025-06-08,Debit,109226.79,Amazon,NEFT,Success,Chennai,POS
TXN000001772,ACC0000024,2025-07-04,Credit,63535.03,Flipkart,NEFT,Success,Hyderabad,POS
TXN000001773,ACC0001083,2025-09-21,Debit,110653.57,Airtel,RTGS,Success,Pune,Branch
TXN000001774,ACC0001369,2025-07-11,Debit,84527.0,Swiggy,POS,Success,Chennai,Mobile
TXN000001775,ACC0000651,2025-11-20,Debit,12714.74,Jio,NetBanking,Success,Jaipur,Web
TXN000001776,ACC0000483,2024-10-23,Debit,53014.79,Jio,UPI,Pending,Jaipur,Web
TXN000001777,ACC0000294,2025-07-19,Credit,142788.51,Zomato,IMPS,Failed,Pune,Mobile
TXN000001778,ACC0001308,2024-05-29,Debit,148969.84,Myntra,NEFT,Pending,Hyderabad,Branch
TXN000001779,ACC0000089,2024-03-02,Debit,18849.62,Electricity Board,ATM,Success,Pune,ATM
TXN000001780,ACC0001257,2025-10-29,Debit,74488.09,Amazon,NetBanking,Success,Ahmedabad,POS
TXN000001781,ACC0000132,2025-05-04,Credit,149824.89,Airtel,IMPS,Success,Jaipur,POS
TXN000001782,ACC0000811,2025-06-30,Credit,56156.67,Reliance Digital,NetBanking,Success,Jaipur,POS
TXN000001783,ACC0001380,2024-02-12,Debit,17100.91,Fuel Station,RTGS,Success,Hyderabad,Mobile
TXN000001784,ACC0001077,2024-10-14,Debit,68033.86,Reliance Digital,UPI,Success,Mumbai,POS
TXN000001785,ACC0000318,2026-05-15,Credit,7854.76,Jio,IMPS,Success,Mumbai,ATM
TXN000001786,ACC0000015,2024-10-18,Debit,147742.89,Insurance Premium,ATM,Success,Pune,ATM
TXN000001787,ACC0001278,2025-06-26,Debit,80162.45,IRCTC,NEFT,Success,Lucknow,Web
TXN000001788,ACC0001092,2024-06-27,Credit,49559.68,Zomato,RTGS,Success,Ahmedabad,ATM
TXN000001789,ACC0001374,2024-12-01,Debit,144612.43,Uber,UPI,Success,Ahmedabad,Web
TXN000001790,ACC0001128,2024-10-29,Debit,126871.27,Insurance Premium,POS,Success,Chandigarh,Mobile
TXN000001791,ACC0001037,2025-01-04,Debit,118122.38,Uber,Cheque,Success,Mumbai,ATM
TXN000001792,ACC0001289,2026-01-24,Debit,86119.68,Uber,NetBanking,Success,Jaipur,POS
TXN000001793,ACC0001072,2025-01-03,Credit,126348.49,Airtel,UPI,Success,Pune,POS
TXN000001794,ACC0000500,2024-01-14,Debit,54162.49,Insurance Premium,Cheque,Pending,Ahmedabad,POS
TXN000001795,ACC0000112,2026-03-19,Debit,17379.65,Zomato,NEFT,Success,Delhi,Web
TXN000001796,ACC0000743,2024-01-03,Debit,106006.67,Ola,RTGS,Success,Delhi,Branch
TXN000001797,ACC0001379,2024-01-19,Debit,63107.63,Swiggy,UPI,Success,Jaipur,Mobile
TXN000001798,ACC0000186,2024-08-01,Debit,101592.86,Netflix,IMPS,Success,Jaipur,Web
TXN000001799,ACC0000357,2025-12-04,Debit,57513.37,Reliance Digital,NEFT,Reversed,Bhopal,Branch
TXN000001800,ACC0000268,2024-08-20,Debit,59821.24,DMart,NEFT,Success,Chennai,Mobile
TXN000001801,ACC0001126,2024-01-08,Debit,28585.7,BigBasket,Cheque,Success,Lucknow,Mobile
TXN000001802,ACC0001234,2025-04-21,Debit,44300.73,Uber,UPI,Success,Delhi,POS
TXN000001803,ACC0001364,2025-07-21,Debit,54328.69,BigBasket,UPI,Success,Pune,ATM
TXN000001804,ACC0000904,2025-01-01,Debit,34950.91,IRCTC,NetBanking,Reversed,Pune,POS
TXN000001805,ACC0000756,2024-09-01,Credit,119976.22,Airtel,IMPS,Success,Hyderabad,Mobile
TXN000001806,ACC0000308,2025-06-23,Debit,120952.58,Jio,Cheque,Reversed,Mumbai,ATM
TXN000001807,ACC0000849,2024-06-21,Credit,63543.54,Ola,IMPS,Pending,Pune,ATM
TXN000001808,ACC0000902,2024-11-04,Debit,12218.94,Flipkart,POS,Success,Lucknow,Branch
TXN000001809,ACC0000393,2025-11-29,Credit,107017.5,Insurance Premium,POS,Success,Delhi,Branch
TXN000001810,ACC0001080,2025-10-01,Debit,136906.98,Electricity Board,NEFT,Success,Bhopal,POS
TXN000001811,ACC0000511,2024-11-20,Credit,145622.14,Swiggy,NEFT,Success,Bengaluru,Branch
TXN000001812,ACC0000238,2025-05-27,Credit,105272.73,Ola,POS,Failed,Jaipur,ATM
TXN000001813,ACC0000445,2024-07-27,Credit,100935.6,Fuel Station,NEFT,Failed,Lucknow,Branch
TXN000001814,ACC0000190,2025-11-29,Debit,138312.41,Myntra,NetBanking,Success,Chennai,Branch
TXN000001815,ACC0001341,2026-01-28,Credit,52814.97,Amazon,RTGS,Success,Delhi,Mobile
TXN000001816,ACC0001010,2025-04-17,Credit,135958.14,Amazon,NetBanking,Success,Chandigarh,Mobile
TXN000001817,ACC0000233,2024-08-06,Credit,18902.08,School Fees,RTGS,Success,Chandigarh,POS
TXN000001818,ACC0001294,2024-06-15,Debit,13222.79,Amazon,RTGS,Pending,Lucknow,POS
TXN000001819,ACC0000780,2024-09-22,Credit,125795.36,Amazon,UPI,Success,Delhi,Branch
TXN000001820,ACC0000596,2026-01-10,Debit,117182.91,Flipkart,Cheque,Success,Bengaluru,Branch
TXN000001821,ACC0000154,2024-07-29,Credit,130516.94,Uber,IMPS,Success,Chandigarh,Mobile
TXN000001822,ACC0000251,2024-11-20,Credit,149784.96,Ola,NetBanking,Pending,Bengaluru,Branch
TXN000001823,ACC0001082,2026-05-13,Credit,34362.24,Flipkart,NetBanking,Failed,Chennai,Web
TXN000001824,ACC0000151,2025-06-07,Debit,63438.25,Uber,NetBanking,Success,Kochi,POS
TXN000001825,ACC0000713,2025-09-20,Credit,105268.91,Zomato,RTGS,Success,Bhopal,ATM
TXN000001826,ACC0000801,2026-02-10,Credit,9741.21,Insurance Premium,ATM,Success,Pune,Web
TXN000001827,ACC0000479,2024-10-03,Credit,65001.61,Netflix,UPI,Success,Pune,Branch
TXN000001828,ACC0000212,2025-05-02,Credit,132253.59,Swiggy,RTGS,Success,Chennai,ATM
TXN000001829,ACC0000496,2024-01-13,Debit,113549.3,Insurance Premium,UPI,Success,Kochi,ATM
TXN000001830,ACC0001181,2025-04-08,Debit,112424.01,Jio,UPI,Success,Kochi,Web
TXN000001831,ACC0000029,2024-11-26,Credit,104340.16,Uber,ATM,Success,Lucknow,Web
TXN000001832,ACC0000488,2025-11-01,Credit,33473.33,Insurance Premium,RTGS,Success,Ahmedabad,ATM
TXN000001833,ACC0000071,2026-03-01,Credit,64014.36,Airtel,IMPS,Success,Pune,Web
TXN000001834,ACC0000157,2025-05-10,Debit,126267.8,Netflix,UPI,Success,Mumbai,POS
TXN000001835,ACC0000439,2026-02-04,Debit,12436.83,Swiggy,POS,Success,Kochi,POS
TXN000001836,ACC0000917,2025-09-27,Credit,2726.54,Airtel,IMPS,Success,Pune,Branch
TXN000001837,ACC0000067,2025-08-07,Debit,72489.74,Zomato,NEFT,Success,Lucknow,Web
TXN000001838,ACC0000800,2024-07-29,Credit,7491.61,IRCTC,ATM,Success,Chandigarh,Mobile
TXN000001839,ACC0000186,2024-02-06,Debit,129282.26,Jio,IMPS,Success,Kochi,POS
TXN000001840,ACC0000054,2026-01-23,Debit,79934.5,Flipkart,NetBanking,Success,Hyderabad,Mobile
TXN000001841,ACC0000252,2024-04-30,Credit,100177.95,Fuel Station,POS,Success,Kochi,Web
TXN000001842,ACC0000329,2024-07-08,Credit,143337.86,Netflix,NetBanking,Success,Bengaluru,Branch
TXN000001843,ACC0000005,2024-08-07,Debit,106281.15,Electricity Board,POS,Pending,Jaipur,Mobile
TXN000001844,ACC0000870,2024-04-28,Credit,69101.02,Uber,NEFT,Success,Bengaluru,ATM
TXN000001845,ACC0001337,2024-07-25,Debit,28334.91,Netflix,Cheque,Success,Lucknow,Branch
TXN000001846,ACC0000369,2024-11-12,Debit,15229.66,Zomato,UPI,Success,Bengaluru,Mobile
TXN000001847,ACC0000900,2024-09-24,Debit,134462.64,Swiggy,POS,Success,Lucknow,Mobile
TXN000001848,ACC0001265,2024-12-16,Debit,43158.89,Flipkart,POS,Reversed,Bengaluru,Branch
TXN000001849,ACC0000464,2026-04-06,Debit,135576.75,Amazon,POS,Success,Bhopal,POS
TXN000001850,ACC0001007,2025-12-24,Debit,120118.96,DMart,NetBanking,Success,Bengaluru,ATM
TXN000001851,ACC0000432,2024-06-01,Debit,52267.96,DMart,NEFT,Success,Chandigarh,Mobile
TXN000001852,ACC0000262,2024-11-24,Debit,12805.84,Swiggy,NEFT,Success,Chandigarh,Mobile
TXN000001853,ACC0000491,2024-01-31,Debit,7656.19,Insurance Premium,POS,Success,Chandigarh,Mobile
TXN000001854,ACC0000365,2025-08-13,Debit,60780.6,Uber,ATM,Success,Delhi,Web
TXN000001855,ACC0000433,2024-07-04,Credit,109406.25,DMart,IMPS,Failed,Kochi,ATM
TXN000001856,ACC0000511,2025-12-21,Debit,48297.04,Insurance Premium,UPI,Pending,Bhopal,POS
TXN000001857,ACC0000624,2024-04-17,Credit,124653.4,DMart,Cheque,Success,Kochi,Branch
TXN000001858,ACC0001151,2024-07-29,Debit,143820.51,Insurance Premium,IMPS,Success,Delhi,ATM
TXN000001859,ACC0001135,2024-02-25,Credit,56398.83,Electricity Board,UPI,Success,Ahmedabad,Web
TXN000001860,ACC0000915,2024-08-25,Credit,16051.09,BigBasket,Cheque,Success,Chennai,Branch
TXN000001861,ACC0001226,2026-04-03,Debit,118021.5,DMart,UPI,Success,Chandigarh,Branch
TXN000001862,ACC0001332,2024-08-24,Debit,111077.39,School Fees,NEFT,Success,Hyderabad,ATM
TXN000001863,ACC0000126,2025-02-09,Debit,86250.69,IRCTC,ATM,Success,Pune,Branch
TXN000001864,ACC0000064,2024-01-16,Debit,73267.24,Amazon,POS,Failed,Pune,Branch
TXN000001865,ACC0001332,2024-07-28,Debit,77841.72,Uber,NEFT,Success,Kochi,Mobile
TXN000001866,ACC0001368,2025-10-29,Debit,26920.89,DMart,POS,Success,Bengaluru,POS
TXN000001867,ACC0000575,2025-07-20,Debit,88754.33,IRCTC,POS,Success,Bhopal,Branch
TXN000001868,ACC0000449,2025-03-12,Debit,148815.98,Ola,NEFT,Success,Hyderabad,Web
TXN000001869,ACC0000069,2025-02-24,Debit,2469.73,Myntra,Cheque,Success,Chandigarh,ATM
TXN000001870,ACC0000437,2024-04-12,Debit,34977.55,BigBasket,NetBanking,Success,Delhi,POS
TXN000001871,ACC0000681,2025-09-01,Credit,33071.78,DMart,Cheque,Success,Delhi,Web
TXN000001872,ACC0000524,2025-05-19,Debit,34593.35,BigBasket,Cheque,Success,Hyderabad,ATM
TXN000001873,ACC0001172,2025-02-28,Debit,31720.56,Swiggy,IMPS,Success,Mumbai,Branch
TXN000001874,ACC0000760,2024-05-27,Debit,6810.31,Swiggy,NetBanking,Success,Chennai,ATM
TXN000001875,ACC0000612,2024-10-03,Credit,64768.28,Insurance Premium,RTGS,Success,Pune,Mobile
TXN000001876,ACC0000870,2025-08-12,Debit,125179.98,Amazon,POS,Success,Hyderabad,ATM
TXN000001877,ACC0000904,2024-01-25,Debit,17991.09,Fuel Station,IMPS,Failed,Bhopal,Mobile
TXN000001878,ACC0001273,2025-11-08,Credit,82332.52,Amazon,RTGS,Success,Bhopal,Branch
TXN000001879,ACC0000023,2025-08-05,Debit,80589.57,Myntra,ATM,Success,Jaipur,Branch
TXN000001880,ACC0000915,2026-01-06,Debit,111630.39,School Fees,NEFT,Success,Lucknow,Branch
TXN000001881,ACC0000603,2024-11-18,Debit,5090.76,Uber,UPI,Failed,Chandigarh,Branch
TXN000001882,ACC0000174,2025-12-08,Debit,138186.57,Netflix,NetBanking,Success,Chennai,Mobile
TXN000001883,ACC0001156,2026-01-16,Debit,7323.06,Jio,Cheque,Success,Ahmedabad,POS
TXN000001884,ACC0001392,2024-01-25,Credit,138717.1,BigBasket,RTGS,Failed,Chandigarh,Mobile
TXN000001885,ACC0000621,2025-10-06,Debit,52399.73,School Fees,UPI,Success,Lucknow,Mobile
TXN000001886,ACC0001170,2026-03-15,Credit,38263.69,Uber,NetBanking,Success,Kochi,Branch
TXN000001887,ACC0000012,2024-10-27,Debit,2082.04,Flipkart,UPI,Success,Jaipur,Branch
TXN000001888,ACC0000735,2025-06-25,Credit,69321.2,Reliance Digital,ATM,Success,Kochi,ATM
TXN000001889,ACC0000719,2024-10-15,Credit,60972.9,School Fees,IMPS,Success,Jaipur,ATM
TXN000001890,ACC0000276,2024-03-26,Credit,63336.67,Reliance Digital,UPI,Success,Ahmedabad,Branch
TXN000001891,ACC0000163,2024-06-23,Credit,76096.06,Swiggy,NetBanking,Success,Chandigarh,Branch
TXN000001892,ACC0000123,2025-08-02,Debit,17669.38,Netflix,UPI,Success,Delhi,Branch
TXN000001893,ACC0000045,2026-05-20,Debit,125735.25,BigBasket,Cheque,Success,Chandigarh,ATM
TXN000001894,ACC0000563,2026-02-23,Debit,120602.78,Jio,RTGS,Success,Delhi,Mobile
TXN000001895,ACC0000469,2024-09-10,Debit,23488.65,Swiggy,Cheque,Success,Mumbai,Web
TXN000001896,ACC0000742,2025-02-27,Credit,56394.15,Electricity Board,ATM,Failed,Chennai,ATM
TXN000001897,ACC0001216,2025-10-21,Credit,54852.78,Electricity Board,IMPS,Success,Chennai,Mobile
TXN000001898,ACC0001361,2026-03-02,Debit,27823.79,BigBasket,NEFT,Success,Hyderabad,ATM
TXN000001899,ACC0001296,2025-11-30,Credit,141261.84,Uber,Cheque,Failed,Ahmedabad,Web
TXN000001900,ACC0001185,2025-08-11,Debit,107570.1,BigBasket,ATM,Failed,Chennai,POS
TXN000001901,ACC0001179,2024-01-06,Debit,3051.27,Ola,NetBanking,Success,Kochi,Branch
TXN000001902,ACC0000830,2025-08-16,Credit,145574.46,Zomato,ATM,Success,Kochi,ATM
TXN000001903,ACC0001148,2026-02-08,Credit,143637.44,DMart,Cheque,Success,Chandigarh,ATM
TXN000001904,ACC0000857,2025-04-26,Debit,128062.4,Reliance Digital,Cheque,Success,Pune,Web
TXN000001905,ACC0000562,2025-07-30,Debit,52624.12,Swiggy,Cheque,Success,Bengaluru,POS
TXN000001906,ACC0001171,2026-04-06,Debit,66258.91,Fuel Station,NetBanking,Success,Jaipur,Mobile
TXN000001907,ACC0001251,2024-07-13,Credit,18117.68,Airtel,IMPS,Success,Chennai,Web
TXN000001908,ACC0000702,2024-08-03,Debit,97314.06,Swiggy,Cheque,Success,Ahmedabad,ATM
TXN000001909,ACC0000032,2026-02-09,Debit,53287.77,Fuel Station,POS,Success,Mumbai,Branch
TXN000001910,ACC0001337,2026-03-26,Debit,117945.85,Myntra,Cheque,Success,Chennai,Branch
TXN000001911,ACC0000913,2026-04-24,Debit,72223.69,Swiggy,ATM,Success,Lucknow,ATM
TXN000001912,ACC0000114,2026-02-06,Credit,54810.19,Amazon,NEFT,Success,Chennai,Branch
TXN000001913,ACC0001266,2026-03-14,Credit,96002.93,School Fees,POS,Success,Pune,Web
TXN000001914,ACC0000759,2025-05-17,Credit,94508.05,Uber,ATM,Failed,Kochi,Branch
TXN000001915,ACC0000732,2025-11-16,Credit,50557.48,Insurance Premium,NetBanking,Pending,Chandigarh,ATM
TXN000001916,ACC0000432,2024-10-05,Credit,50772.68,IRCTC,UPI,Success,Pune,Mobile
TXN000001917,ACC0001158,2026-03-10,Debit,142804.54,Amazon,Cheque,Success,Bhopal,ATM
TXN000001918,ACC0000268,2026-03-04,Debit,106030.89,Zomato,Cheque,Success,Pune,POS
TXN000001919,ACC0001140,2025-07-22,Debit,142016.2,Uber,IMPS,Success,Chandigarh,ATM
TXN000001920,ACC0000826,2025-03-09,Credit,61491.77,School Fees,UPI,Success,Bengaluru,ATM
TXN000001921,ACC0000892,2025-07-07,Debit,45969.49,IRCTC,ATM,Success,Pune,Mobile
TXN000001922,ACC0000116,2025-02-11,Debit,90493.42,Swiggy,NetBanking,Success,Lucknow,ATM
TXN000001923,ACC0000957,2024-10-11,Debit,38444.47,Insurance Premium,NEFT,Success,Chennai,POS
TXN000001924,ACC0000133,2025-11-27,Debit,58469.2,Myntra,POS,Success,Chandigarh,ATM
TXN000001925,ACC0000356,2024-02-06,Credit,26430.99,Swiggy,NetBanking,Success,Pune,ATM
TXN000001926,ACC0001256,2025-10-01,Debit,9343.66,Electricity Board,IMPS,Success,Lucknow,Mobile
TXN000001927,ACC0000044,2026-02-11,Debit,29541.65,Ola,UPI,Success,Lucknow,Branch
TXN000001928,ACC0000475,2025-08-10,Credit,148084.53,IRCTC,ATM,Success,Delhi,POS
TXN000001929,ACC0000008,2025-08-14,Credit,56931.25,Airtel,NEFT,Success,Bhopal,Web
TXN000001930,ACC0001173,2024-09-26,Debit,63108.47,Flipkart,RTGS,Success,Delhi,POS
TXN000001931,ACC0000319,2024-04-06,Debit,149024.81,Uber,NetBanking,Failed,Ahmedabad,Branch
TXN000001932,ACC0000197,2024-01-29,Debit,98045.99,Reliance Digital,RTGS,Success,Bhopal,Mobile
TXN000001933,ACC0000753,2025-03-18,Debit,57746.53,Myntra,ATM,Success,Ahmedabad,Branch
TXN000001934,ACC0000387,2025-05-08,Debit,31210.83,Airtel,ATM,Failed,Kochi,POS
TXN000001935,ACC0000615,2025-05-05,Credit,71133.01,DMart,ATM,Success,Chandigarh,Branch
TXN000001936,ACC0000110,2026-01-18,Debit,1508.81,IRCTC,Cheque,Success,Bengaluru,Mobile
TXN000001937,ACC0000930,2025-02-14,Debit,122112.48,IRCTC,POS,Success,Pune,Branch
TXN000001938,ACC0000406,2025-09-12,Credit,66554.97,Zomato,ATM,Success,Chandigarh,Branch
TXN000001939,ACC0001384,2025-12-08,Debit,76678.45,Fuel Station,IMPS,Success,Kochi,ATM
TXN000001940,ACC0000999,2025-06-06,Debit,36126.84,Electricity Board,ATM,Success,Delhi,Web
TXN000001941,ACC0001079,2025-06-02,Debit,66394.38,Insurance Premium,Cheque,Success,Kochi,ATM
TXN000001942,ACC0001263,2025-03-29,Credit,44219.88,Jio,IMPS,Success,Ahmedabad,ATM
TXN000001943,ACC0000643,2024-04-12,Credit,112414.69,Netflix,Cheque,Success,Chandigarh,POS
TXN000001944,ACC0000103,2024-09-27,Credit,42884.87,BigBasket,UPI,Success,Delhi,POS
TXN000001945,ACC0000142,2024-10-13,Credit,116349.98,DMart,RTGS,Success,Bengaluru,ATM
TXN000001946,ACC0000747,2024-10-25,Debit,138478.25,Jio,RTGS,Success,Pune,Mobile
TXN000001947,ACC0000162,2024-03-05,Debit,55536.23,BigBasket,UPI,Failed,Bhopal,Branch
TXN000001948,ACC0001047,2026-05-13,Credit,59380.28,DMart,NEFT,Success,Lucknow,Mobile
TXN000001949,ACC0000095,2025-11-11,Debit,107388.33,Fuel Station,ATM,Success,Delhi,ATM
TXN000001950,ACC0000737,2025-05-26,Credit,4213.91,DMart,UPI,Success,Delhi,ATM
TXN000001951,ACC0000437,2025-09-01,Debit,35445.45,Insurance Premium,UPI,Success,Mumbai,Mobile
TXN000001952,ACC0001353,2024-06-24,Debit,43449.21,Myntra,IMPS,Success,Kochi,POS
TXN000001953,ACC0000324,2026-01-13,Debit,23935.76,Uber,UPI,Reversed,Jaipur,Mobile
TXN000001954,ACC0000428,2026-05-16,Debit,50229.18,Myntra,NetBanking,Success,Chandigarh,Branch
TXN000001955,ACC0000175,2024-12-15,Debit,40663.28,School Fees,UPI,Success,Lucknow,Mobile
TXN000001956,ACC0000132,2024-02-01,Debit,106697.47,Flipkart,ATM,Success,Delhi,Branch
TXN000001957,ACC0000497,2025-08-08,Debit,106174.36,Netflix,NetBanking,Success,Bengaluru,ATM
TXN000001958,ACC0000832,2025-12-20,Debit,28621.59,Uber,Cheque,Reversed,Ahmedabad,ATM
TXN000001959,ACC0000855,2025-05-29,Credit,49133.83,Netflix,NetBanking,Success,Lucknow,Branch
TXN000001960,ACC0000017,2024-11-13,Debit,25412.69,Jio,ATM,Success,Jaipur,POS
TXN000001961,ACC0000540,2025-02-28,Debit,103852.68,Swiggy,Cheque,Success,Chennai,Mobile
TXN000001962,ACC0001062,2024-04-21,Credit,116587.47,Swiggy,ATM,Success,Delhi,ATM
TXN000001963,ACC0000114,2024-03-18,Credit,83472.97,Insurance Premium,POS,Success,Lucknow,Mobile
TXN000001964,ACC0001141,2025-07-15,Credit,73811.09,Jio,POS,Failed,Chennai,Branch
TXN000001965,ACC0000594,2024-10-12,Credit,44884.83,Zomato,ATM,Success,Bhopal,ATM
TXN000001966,ACC0001012,2025-07-05,Debit,2866.41,Flipkart,POS,Success,Delhi,Branch
TXN000001967,ACC0000254,2025-11-04,Credit,100378.79,Myntra,IMPS,Success,Chennai,POS
TXN000001968,ACC0000910,2024-03-05,Credit,21489.78,Myntra,NEFT,Success,Mumbai,ATM
TXN000001969,ACC0000783,2025-10-31,Debit,11835.49,Amazon,UPI,Success,Delhi,Branch
TXN000001970,ACC0000451,2024-06-06,Debit,86538.39,DMart,Cheque,Success,Bhopal,Mobile
TXN000001971,ACC0001400,2025-04-15,Credit,37773.73,BigBasket,POS,Success,Lucknow,ATM
TXN000001972,ACC0000029,2025-04-13,Credit,124765.35,Airtel,NEFT,Success,Kochi,Mobile
TXN000001973,ACC0000012,2025-07-20,Debit,136892.8,Uber,IMPS,Success,Pune,Branch
TXN000001974,ACC0000936,2025-03-14,Debit,79444.65,Insurance Premium,Cheque,Success,Jaipur,ATM
TXN000001975,ACC0001000,2026-01-13,Credit,13896.34,IRCTC,IMPS,Success,Hyderabad,Branch
TXN000001976,ACC0001201,2024-01-11,Debit,38878.78,Zomato,NEFT,Success,Lucknow,Web
TXN000001977,ACC0000745,2024-07-19,Debit,80233.69,Myntra,Cheque,Failed,Chennai,Mobile
TXN000001978,ACC0001073,2025-12-04,Debit,15383.6,Flipkart,POS,Success,Chennai,Branch
TXN000001979,ACC0000953,2025-08-28,Debit,115999.26,School Fees,UPI,Success,Chandigarh,Web
TXN000001980,ACC0000701,2024-03-03,Debit,119649.72,School Fees,RTGS,Success,Bhopal,Mobile
TXN000001981,ACC0001146,2025-05-17,Debit,22350.85,Flipkart,NEFT,Success,Chandigarh,Web
TXN000001982,ACC0000097,2024-09-03,Debit,59762.66,Fuel Station,UPI,Success,Pune,Branch
TXN000001983,ACC0001268,2024-04-18,Credit,132437.52,Netflix,NEFT,Success,Jaipur,Mobile
TXN000001984,ACC0000893,2025-08-09,Debit,22793.43,Jio,POS,Success,Jaipur,Web
TXN000001985,ACC0000791,2026-03-10,Debit,8199.91,Airtel,RTGS,Reversed,Jaipur,POS
TXN000001986,ACC0001000,2024-03-03,Credit,21686.8,Zomato,IMPS,Success,Chennai,Branch
TXN000001987,ACC0000095,2024-01-21,Debit,149125.8,Jio,ATM,Success,Lucknow,POS
TXN000001988,ACC0000949,2025-10-27,Debit,123362.41,School Fees,Cheque,Failed,Kochi,Web
TXN000001989,ACC0001303,2026-02-11,Debit,133810.52,Flipkart,UPI,Success,Jaipur,ATM
TXN000001990,ACC0000661,2024-09-03,Debit,77315.36,DMart,UPI,Success,Chennai,ATM
TXN000001991,ACC0000127,2026-05-06,Credit,121798.71,Myntra,UPI,Success,Ahmedabad,ATM
TXN000001992,ACC0000079,2026-05-19,Credit,84806.61,DMart,Cheque,Success,Mumbai,Branch
TXN000001993,ACC0000579,2024-02-22,Debit,91609.64,Netflix,RTGS,Success,Lucknow,Mobile
TXN000001994,ACC0000260,2024-01-25,Debit,79488.67,IRCTC,Cheque,Success,Pune,Mobile
TXN000001995,ACC0000386,2024-02-18,Credit,141610.29,Netflix,UPI,Failed,Delhi,POS
TXN000001996,ACC0001118,2025-05-17,Debit,49199.45,Netflix,ATM,Success,Kochi,POS
TXN000001997,ACC0000001,2024-11-10,Debit,27033.45,Amazon,NetBanking,Success,Bengaluru,POS
TXN000001998,ACC0000667,2024-12-18,Debit,66689.61,Netflix,RTGS,Success,Pune,Web
TXN000001999,ACC0001099,2025-01-13,Credit,47974.45,Flipkart,NEFT,Success,Bengaluru,Branch
TXN000002000,ACC0000959,2025-07-20,Credit,120156.24,Electricity Board,Cheque,Success,Pune,Mobile
TXN000002001,ACC0000741,2025-09-29,Credit,147508.72,Swiggy,ATM,Success,Mumbai,Branch
TXN000002002,ACC0000190,2024-01-23,Debit,15319.19,Amazon,Cheque,Success,Mumbai,Branch
TXN000002003,ACC0000766,2025-09-10,Credit,64201.7,Reliance Digital,RTGS,Success,Bengaluru,ATM
TXN000002004,ACC0000834,2026-03-03,Debit,21852.62,Jio,ATM,Success,Kochi,ATM
TXN000002005,ACC0001253,2024-06-03,Credit,85124.29,Airtel,IMPS,Success,Ahmedabad,Mobile
TXN000002006,ACC0000769,2024-07-22,Debit,55076.78,Myntra,UPI,Success,Bengaluru,Branch
TXN000002007,ACC0000253,2026-05-15,Credit,30817.22,Ola,NEFT,Success,Pune,POS
TXN000002008,ACC0000143,2025-02-02,Debit,134043.3,Ola,RTGS,Success,Hyderabad,ATM
TXN000002009,ACC0000717,2025-11-04,Debit,29284.07,Ola,POS,Success,Ahmedabad,Branch
TXN000002010,ACC0000764,2024-04-30,Debit,82810.9,Airtel,UPI,Success,Ahmedabad,Branch
TXN000002011,ACC0000223,2024-08-26,Debit,57252.06,Swiggy,Cheque,Success,Ahmedabad,ATM
TXN000002012,ACC0000842,2025-11-20,Debit,36016.02,Flipkart,IMPS,Success,Chennai,Web
TXN000002013,ACC0000431,2025-06-14,Credit,33341.68,Electricity Board,RTGS,Success,Ahmedabad,ATM
TXN000002014,ACC0000009,2025-09-17,Debit,48693.16,Zomato,Cheque,Success,Mumbai,Mobile
TXN000002015,ACC0000636,2025-03-21,Credit,125264.52,Jio,NetBanking,Success,Lucknow,Mobile
TXN000002016,ACC0001024,2026-01-25,Debit,58335.31,IRCTC,Cheque,Success,Bhopal,POS
TXN000002017,ACC0001242,2025-02-27,Credit,64021.75,Electricity Board,UPI,Success,Lucknow,Web
TXN000002018,ACC0001086,2025-06-22,Credit,83235.27,Zomato,RTGS,Success,Mumbai,POS
TXN000002019,ACC0000943,2025-08-17,Credit,91325.44,School Fees,IMPS,Success,Lucknow,Mobile
TXN000002020,ACC0001293,2025-06-20,Debit,54322.47,Jio,IMPS,Success,Ahmedabad,POS
TXN000002021,ACC0001353,2026-04-29,Debit,119421.28,Myntra,RTGS,Success,Kochi,Web
TXN000002022,ACC0001036,2025-03-09,Debit,10249.77,School Fees,NetBanking,Success,Jaipur,ATM
TXN000002023,ACC0001033,2024-06-12,Debit,78560.76,Insurance Premium,UPI,Success,Bengaluru,Branch
TXN000002024,ACC0000352,2024-11-26,Debit,39975.58,Electricity Board,UPI,Success,Delhi,ATM
TXN000002025,ACC0001223,2024-04-13,Credit,94712.83,Fuel Station,Cheque,Success,Delhi,Mobile
TXN000002026,ACC0001142,2025-07-26,Credit,31858.58,Amazon,POS,Failed,Chennai,Branch
TXN000002027,ACC0001087,2024-02-15,Debit,82669.51,Uber,RTGS,Success,Jaipur,Branch
TXN000002028,ACC0001105,2026-01-23,Credit,103823.03,Zomato,NetBanking,Success,Delhi,Web
TXN000002029,ACC0000144,2024-01-31,Debit,75677.92,Myntra,NetBanking,Success,Jaipur,Branch
TXN000002030,ACC0000115,2025-08-14,Credit,96013.33,Insurance Premium,ATM,Success,Mumbai,POS
TXN000002031,ACC0001022,2025-12-20,Debit,1341.7,Reliance Digital,Cheque,Success,Chandigarh,Branch
TXN000002032,ACC0000494,2026-01-22,Debit,19052.14,Electricity Board,Cheque,Success,Delhi,Branch
TXN000002033,ACC0000656,2024-04-10,Debit,142570.96,DMart,Cheque,Success,Delhi,Branch
TXN000002034,ACC0000343,2025-05-04,Debit,17960.29,Netflix,NetBanking,Reversed,Chennai,ATM
TXN000002035,ACC0001217,2024-09-15,Debit,144823.41,DMart,RTGS,Success,Lucknow,POS
TXN000002036,ACC0000326,2024-02-09,Debit,108375.65,Airtel,Cheque,Success,Bengaluru,Mobile
TXN000002037,ACC0001082,2025-03-27,Credit,2154.4,Electricity Board,ATM,Success,Jaipur,Branch
TXN000002038,ACC0000028,2025-04-04,Debit,49841.36,Ola,NetBanking,Pending,Bengaluru,Mobile
TXN000002039,ACC0001229,2025-11-09,Debit,72892.56,Netflix,NetBanking,Success,Bengaluru,Branch
TXN000002040,ACC0000704,2024-09-26,Debit,45139.75,Netflix,NetBanking,Success,Bengaluru,POS
TXN000002041,ACC0000366,2025-04-19,Debit,8272.08,IRCTC,IMPS,Reversed,Jaipur,ATM
TXN000002042,ACC0001262,2024-01-25,Credit,65046.54,Swiggy,POS,Reversed,Chennai,Mobile
TXN000002043,ACC0000467,2024-08-26,Debit,65772.04,School Fees,NetBanking,Success,Kochi,Web
TXN000002044,ACC0000485,2026-05-04,Debit,120532.55,School Fees,NetBanking,Success,Pune,Branch
TXN000002045,ACC0000867,2024-07-10,Debit,110959.12,Myntra,NetBanking,Reversed,Mumbai,Web
TXN000002046,ACC0000739,2025-10-18,Credit,74610.78,School Fees,UPI,Success,Chennai,Web
TXN000002047,ACC0001005,2024-11-08,Debit,11926.36,IRCTC,NetBanking,Success,Hyderabad,Branch
TXN000002048,ACC0000009,2026-01-17,Debit,4766.62,BigBasket,IMPS,Success,Jaipur,Branch
TXN000002049,ACC0000800,2026-03-29,Debit,5504.52,Myntra,NEFT,Success,Mumbai,POS
TXN000002050,ACC0000172,2025-03-16,Credit,89613.9,Jio,POS,Success,Ahmedabad,Branch
TXN000002051,ACC0000633,2026-01-07,Credit,46681.73,DMart,UPI,Success,Lucknow,POS
TXN000002052,ACC0000551,2026-01-22,Debit,19587.44,Insurance Premium,ATM,Success,Chandigarh,Web
TXN000002053,ACC0000009,2026-04-21,Debit,47252.96,Zomato,POS,Success,Kochi,POS
TXN000002054,ACC0001038,2026-04-24,Debit,68689.49,Reliance Digital,UPI,Success,Hyderabad,Web
TXN000002055,ACC0000224,2026-04-20,Credit,59555.69,Jio,NEFT,Success,Lucknow,Mobile
TXN000002056,ACC0001285,2026-02-08,Debit,100191.87,BigBasket,NEFT,Success,Delhi,Web
TXN000002057,ACC0001371,2024-05-30,Debit,189.36,Airtel,UPI,Pending,Jaipur,Branch
TXN000002058,ACC0000361,2025-03-06,Credit,68784.42,Uber,RTGS,Success,Ahmedabad,Branch
TXN000002059,ACC0001376,2025-03-17,Credit,21065.26,Airtel,UPI,Success,Hyderabad,Branch
TXN000002060,ACC0001023,2024-09-26,Debit,100803.09,BigBasket,NEFT,Reversed,Mumbai,Web
TXN000002061,ACC0001042,2024-12-26,Credit,85973.35,Reliance Digital,Cheque,Success,Ahmedabad,POS
TXN000002062,ACC0001011,2026-01-26,Debit,84588.82,IRCTC,UPI,Success,Delhi,Branch
TXN000002063,ACC0000662,2025-06-26,Credit,118415.1,IRCTC,RTGS,Success,Delhi,ATM
TXN000002064,ACC0000561,2025-11-05,Debit,3119.56,DMart,IMPS,Success,Lucknow,ATM
TXN000002065,ACC0000572,2024-08-20,Credit,116191.96,DMart,IMPS,Success,Chennai,Branch
TXN000002066,ACC0001391,2025-05-25,Debit,64316.65,Ola,UPI,Success,Lucknow,ATM
TXN000002067,ACC0000266,2025-02-06,Credit,95486.82,Uber,Cheque,Success,Bhopal,POS
TXN000002068,ACC0000433,2025-07-30,Debit,44408.07,Amazon,NetBanking,Success,Chandigarh,Mobile
TXN000002069,ACC0000045,2025-07-26,Credit,85867.25,Ola,ATM,Reversed,Ahmedabad,POS
TXN000002070,ACC0000339,2025-01-23,Debit,37182.19,Uber,IMPS,Success,Kochi,Web
TXN000002071,ACC0000868,2025-09-10,Credit,52330.61,Insurance Premium,UPI,Pending,Bengaluru,Branch
TXN000002072,ACC0001057,2025-10-20,Debit,314.65,Airtel,Cheque,Success,Ahmedabad,Mobile
TXN000002073,ACC0000741,2026-01-31,Debit,124365.47,Uber,RTGS,Success,Pune,ATM
TXN000002074,ACC0000718,2026-02-28,Debit,97615.9,DMart,ATM,Success,Chennai,Branch
TXN000002075,ACC0000115,2024-01-28,Debit,70136.35,Electricity Board,UPI,Success,Chandigarh,Web
TXN000002076,ACC0000146,2024-12-02,Debit,35939.08,Ola,RTGS,Success,Lucknow,POS
TXN000002077,ACC0001344,2025-09-26,Debit,128539.57,Amazon,Cheque,Success,Bhopal,Mobile
TXN000002078,ACC0000320,2024-04-13,Debit,11044.97,BigBasket,IMPS,Success,Chandigarh,Web
TXN000002079,ACC0000194,2024-11-23,Debit,76654.29,Uber,ATM,Success,Kochi,POS
TXN000002080,ACC0001196,2025-04-11,Credit,69686.71,Flipkart,Cheque,Success,Mumbai,ATM
TXN000002081,ACC0000052,2026-01-08,Debit,142052.94,Amazon,NetBanking,Failed,Jaipur,Web
TXN000002082,ACC0000380,2024-09-18,Debit,26936.84,Reliance Digital,IMPS,Success,Lucknow,Web
TXN000002083,ACC0000007,2025-06-21,Debit,74430.05,Flipkart,ATM,Success,Mumbai,ATM
TXN000002084,ACC0001052,2026-05-18,Debit,118682.2,DMart,Cheque,Success,Kochi,ATM
TXN000002085,ACC0001014,2025-10-29,Debit,24504.17,Reliance Digital,NetBanking,Success,Hyderabad,ATM
TXN000002086,ACC0001159,2024-11-03,Debit,121623.56,Airtel,ATM,Success,Chandigarh,POS
TXN000002087,ACC0001117,2025-01-06,Debit,147270.97,Fuel Station,IMPS,Success,Jaipur,Web
TXN000002088,ACC0001239,2024-12-26,Credit,62940.47,Swiggy,POS,Success,Ahmedabad,Branch
TXN000002089,ACC0000340,2026-03-31,Debit,42644.82,School Fees,Cheque,Pending,Pune,Branch
TXN000002090,ACC0000459,2025-10-25,Credit,30756.57,Fuel Station,RTGS,Success,Chandigarh,Web
TXN000002091,ACC0001314,2025-01-27,Credit,74290.82,BigBasket,NetBanking,Success,Lucknow,ATM
TXN000002092,ACC0000739,2026-04-01,Debit,21417.56,Amazon,UPI,Success,Bengaluru,ATM
TXN000002093,ACC0001083,2026-02-28,Debit,99453.62,Airtel,Cheque,Success,Mumbai,Branch
TXN000002094,ACC0000248,2024-08-20,Debit,141347.52,Electricity Board,UPI,Success,Jaipur,Web
TXN000002095,ACC0000196,2024-08-08,Debit,469.32,Insurance Premium,NetBanking,Reversed,Hyderabad,Web
TXN000002096,ACC0001140,2026-04-27,Debit,86353.08,IRCTC,Cheque,Success,Jaipur,Web
TXN000002097,ACC0000367,2025-09-17,Credit,77366.69,Insurance Premium,POS,Success,Delhi,Branch
TXN000002098,ACC0000335,2024-07-30,Debit,113959.94,School Fees,Cheque,Success,Chandigarh,Mobile
TXN000002099,ACC0000911,2026-01-20,Credit,90408.65,Swiggy,ATM,Success,Chennai,Branch
TXN000002100,ACC0001340,2026-03-29,Debit,121391.39,Swiggy,NetBanking,Success,Pune,POS
TXN000002101,ACC0001335,2025-11-16,Credit,94967.59,Reliance Digital,ATM,Success,Ahmedabad,Web
TXN000002102,ACC0001010,2026-05-14,Debit,99741.75,Airtel,Cheque,Success,Hyderabad,ATM
TXN000002103,ACC0001082,2024-03-01,Credit,97076.16,Netflix,NEFT,Failed,Bengaluru,Branch
TXN000002104,ACC0000182,2024-02-01,Debit,17832.1,Reliance Digital,NEFT,Success,Jaipur,ATM
TXN000002105,ACC0000268,2025-08-15,Debit,71555.46,Swiggy,ATM,Success,Bhopal,Branch
TXN000002106,ACC0000849,2025-09-26,Debit,136778.1,Myntra,NetBanking,Success,Chandigarh,ATM
TXN000002107,ACC0000020,2024-02-25,Debit,108002.07,Uber,RTGS,Success,Mumbai,Mobile
TXN000002108,ACC0000003,2025-01-15,Debit,58862.09,Netflix,Cheque,Success,Chennai,ATM
TXN000002109,ACC0000759,2026-02-27,Credit,96377.61,Jio,POS,Success,Hyderabad,Web
TXN000002110,ACC0001205,2024-11-04,Debit,71980.15,BigBasket,UPI,Success,Jaipur,POS
TXN000002111,ACC0000665,2026-04-01,Debit,118851.34,Zomato,RTGS,Success,Ahmedabad,Branch
TXN000002112,ACC0000873,2024-11-14,Debit,27913.56,Insurance Premium,UPI,Success,Delhi,ATM
TXN000002113,ACC0000685,2025-04-18,Credit,125626.0,DMart,UPI,Success,Chennai,Web
TXN000002114,ACC0001113,2025-12-27,Debit,142643.34,Electricity Board,NEFT,Success,Jaipur,Web
TXN000002115,ACC0001186,2026-04-02,Credit,140186.32,Jio,NEFT,Success,Mumbai,ATM
TXN000002116,ACC0000229,2025-02-11,Debit,7619.66,Swiggy,NetBanking,Success,Hyderabad,ATM
TXN000002117,ACC0000942,2024-10-02,Credit,86448.19,Swiggy,NEFT,Success,Ahmedabad,ATM
TXN000002118,ACC0000908,2024-04-16,Debit,101226.22,Ola,NetBanking,Success,Ahmedabad,POS
TXN000002119,ACC0000794,2024-10-04,Debit,82448.15,Myntra,NEFT,Success,Bengaluru,POS
TXN000002120,ACC0001048,2026-02-07,Credit,76991.67,Insurance Premium,ATM,Success,Lucknow,POS
TXN000002121,ACC0001105,2024-09-19,Debit,75736.48,Reliance Digital,Cheque,Success,Jaipur,POS
TXN000002122,ACC0000803,2024-06-30,Debit,64649.23,Fuel Station,ATM,Failed,Bengaluru,Web
TXN000002123,ACC0000026,2025-08-06,Debit,141758.19,Fuel Station,NEFT,Failed,Chennai,ATM
TXN000002124,ACC0000682,2024-04-28,Debit,53272.17,Reliance Digital,RTGS,Success,Bengaluru,Mobile
TXN000002125,ACC0000135,2026-02-22,Debit,57309.61,Electricity Board,NEFT,Success,Kochi,Web
TXN000002126,ACC0001096,2026-05-02,Credit,44101.74,Jio,ATM,Failed,Chandigarh,Mobile
TXN000002127,ACC0001313,2026-03-22,Credit,12005.37,Netflix,UPI,Success,Chandigarh,Web
TXN000002128,ACC0001360,2024-04-18,Debit,32531.55,Airtel,NetBanking,Success,Lucknow,POS
TXN000002129,ACC0000176,2025-10-31,Debit,17768.41,BigBasket,POS,Success,Bhopal,Mobile
TXN000002130,ACC0000495,2024-01-24,Credit,87053.2,Amazon,ATM,Failed,Ahmedabad,Mobile
TXN000002131,ACC0000623,2025-09-04,Debit,45826.12,Uber,UPI,Success,Chandigarh,POS
TXN000002132,ACC0000133,2024-08-16,Credit,90746.97,Uber,IMPS,Success,Ahmedabad,Mobile
TXN000002133,ACC0001282,2025-12-03,Debit,93356.38,IRCTC,NetBanking,Success,Kochi,POS
TXN000002134,ACC0000112,2025-03-12,Credit,75104.9,Flipkart,NetBanking,Success,Kochi,Mobile
TXN000002135,ACC0000597,2025-10-16,Credit,12154.0,Myntra,NetBanking,Success,Lucknow,ATM
TXN000002136,ACC0000312,2024-01-03,Debit,41781.99,Myntra,Cheque,Success,Mumbai,Branch
TXN000002137,ACC0001063,2024-06-06,Debit,51728.68,Uber,UPI,Success,Chandigarh,ATM
TXN000002138,ACC0000993,2025-12-20,Debit,88431.83,Netflix,Cheque,Success,Mumbai,Mobile
TXN000002139,ACC0000473,2024-03-07,Credit,12572.75,Electricity Board,NetBanking,Success,Pune,POS
TXN000002140,ACC0001144,2024-06-04,Debit,26752.09,Ola,ATM,Success,Lucknow,ATM
TXN000002141,ACC0000541,2024-10-03,Debit,15126.05,Airtel,RTGS,Success,Pune,Mobile
TXN000002142,ACC0001227,2024-05-19,Debit,12458.39,Jio,RTGS,Success,Ahmedabad,Web
TXN000002143,ACC0000297,2025-12-15,Debit,112799.61,Insurance Premium,UPI,Success,Ahmedabad,Branch
TXN000002144,ACC0001391,2024-08-28,Credit,75947.81,Airtel,POS,Success,Bhopal,Branch
TXN000002145,ACC0000525,2024-09-03,Debit,27316.24,Electricity Board,UPI,Success,Pune,Branch
TXN000002146,ACC0000978,2024-04-12,Credit,41505.8,Airtel,NEFT,Success,Kochi,Branch
TXN000002147,ACC0000755,2024-07-28,Debit,37300.35,Insurance Premium,POS,Success,Hyderabad,POS
TXN000002148,ACC0001014,2024-06-19,Credit,69453.68,Netflix,IMPS,Success,Bhopal,Web
TXN000002149,ACC0000302,2024-05-28,Credit,37704.74,Swiggy,RTGS,Success,Bhopal,ATM
TXN000002150,ACC0001180,2025-03-23,Debit,48918.11,IRCTC,UPI,Success,Hyderabad,Branch
TXN000002151,ACC0000039,2025-12-08,Credit,106433.17,Netflix,POS,Success,Mumbai,Branch
TXN000002152,ACC0001062,2024-02-12,Credit,133852.76,Insurance Premium,IMPS,Success,Bengaluru,Branch
TXN000002153,ACC0000712,2025-08-13,Debit,112287.25,Reliance Digital,Cheque,Success,Jaipur,Web
TXN000002154,ACC0001291,2025-04-19,Debit,130346.62,Reliance Digital,NetBanking,Success,Mumbai,Branch
TXN000002155,ACC0000722,2024-05-19,Debit,123971.68,Myntra,IMPS,Success,Bhopal,Mobile
TXN000002156,ACC0000838,2024-01-21,Debit,56022.67,BigBasket,NEFT,Success,Bengaluru,ATM
TXN000002157,ACC0000051,2024-11-03,Debit,32293.36,Swiggy,ATM,Failed,Lucknow,ATM
TXN000002158,ACC0000692,2025-07-11,Debit,127685.03,Electricity Board,NetBanking,Success,Lucknow,Mobile
TXN000002159,ACC0000485,2025-08-24,Debit,148140.58,School Fees,Cheque,Success,Mumbai,Branch
TXN000002160,ACC0000509,2025-08-20,Debit,80966.68,School Fees,NEFT,Success,Bhopal,Web
TXN000002161,ACC0001341,2025-11-05,Debit,33489.43,Jio,POS,Success,Bhopal,Branch
TXN000002162,ACC0000400,2026-02-16,Debit,73033.77,Jio,ATM,Success,Pune,Mobile
TXN000002163,ACC0000325,2024-06-07,Debit,139017.89,IRCTC,IMPS,Success,Chandigarh,Web
TXN000002164,ACC0000575,2025-11-23,Debit,124676.64,Uber,IMPS,Success,Chandigarh,ATM
TXN000002165,ACC0000250,2024-03-17,Credit,8579.32,School Fees,NetBanking,Success,Bhopal,ATM
TXN000002166,ACC0001168,2025-09-11,Debit,97846.15,Uber,POS,Success,Jaipur,POS
TXN000002167,ACC0000409,2024-05-24,Debit,22836.8,BigBasket,NetBanking,Success,Ahmedabad,POS
TXN000002168,ACC0000774,2025-05-11,Credit,104117.78,Electricity Board,POS,Success,Delhi,Mobile
TXN000002169,ACC0000503,2024-01-13,Debit,28638.1,Airtel,NetBanking,Success,Chandigarh,ATM
TXN000002170,ACC0000361,2025-08-18,Credit,5232.57,Jio,ATM,Success,Hyderabad,Branch
TXN000002171,ACC0000345,2025-08-19,Debit,81967.46,Amazon,NetBanking,Success,Kochi,Mobile
TXN000002172,ACC0000188,2024-04-11,Debit,593.65,Ola,IMPS,Failed,Hyderabad,ATM
TXN000002173,ACC0000053,2025-06-07,Credit,145980.99,Amazon,POS,Reversed,Chandigarh,POS
TXN000002174,ACC0000587,2024-08-02,Credit,115492.43,Insurance Premium,IMPS,Success,Hyderabad,Web
TXN000002175,ACC0000884,2025-05-21,Debit,107107.84,Insurance Premium,NetBanking,Success,Kochi,Web
TXN000002176,ACC0000149,2025-05-31,Debit,11434.66,Flipkart,ATM,Success,Chennai,Web
TXN000002177,ACC0000096,2025-08-06,Debit,147506.88,Insurance Premium,POS,Pending,Jaipur,POS
TXN000002178,ACC0000536,2025-07-23,Credit,83320.83,Flipkart,NEFT,Success,Bhopal,ATM
TXN000002179,ACC0000572,2025-12-31,Debit,89778.05,DMart,NEFT,Success,Jaipur,Branch
TXN000002180,ACC0001268,2024-01-08,Debit,46409.96,Reliance Digital,UPI,Success,Hyderabad,Mobile
TXN000002181,ACC0000273,2025-04-03,Credit,79197.27,Amazon,ATM,Success,Hyderabad,Web
TXN000002182,ACC0001012,2025-07-18,Debit,78906.13,BigBasket,NEFT,Success,Ahmedabad,Web
TXN000002183,ACC0000050,2024-09-24,Credit,3694.69,Swiggy,NetBanking,Success,Lucknow,Web
TXN000002184,ACC0000812,2024-04-15,Credit,133234.5,Amazon,POS,Success,Mumbai,Mobile
TXN000002185,ACC0000143,2024-07-04,Debit,98838.77,Netflix,NEFT,Success,Chandigarh,Web
TXN000002186,ACC0000320,2024-03-17,Credit,97868.8,Reliance Digital,Cheque,Pending,Bengaluru,Mobile
TXN000002187,ACC0001159,2026-05-17,Debit,84025.79,BigBasket,ATM,Success,Chennai,ATM
TXN000002188,ACC0001262,2024-08-29,Credit,129802.66,Jio,UPI,Failed,Lucknow,Web
TXN000002189,ACC0001006,2024-10-16,Credit,94933.65,Airtel,UPI,Success,Ahmedabad,POS
TXN000002190,ACC0000015,2024-07-28,Debit,126380.86,Airtel,RTGS,Success,Hyderabad,Branch
TXN000002191,ACC0000056,2024-07-10,Credit,60367.37,Myntra,IMPS,Success,Delhi,Mobile
TXN000002192,ACC0000640,2025-01-21,Debit,86449.96,Swiggy,Cheque,Success,Pune,Mobile
TXN000002193,ACC0000693,2024-05-08,Credit,33239.77,Amazon,NetBanking,Success,Mumbai,POS
TXN000002194,ACC0000307,2024-11-12,Credit,68.07,BigBasket,RTGS,Success,Chandigarh,ATM
TXN000002195,ACC0000850,2024-02-21,Credit,35513.37,DMart,NetBanking,Success,Kochi,Branch
TXN000002196,ACC0000985,2024-04-13,Credit,33231.69,Netflix,UPI,Success,Mumbai,POS
TXN000002197,ACC0000612,2025-01-21,Credit,21284.86,Insurance Premium,POS,Success,Bhopal,Branch
TXN000002198,ACC0000882,2024-10-01,Debit,97275.41,Jio,POS,Success,Mumbai,Web
TXN000002199,ACC0001183,2025-01-14,Credit,94987.1,Airtel,ATM,Success,Bhopal,Branch
TXN000002200,ACC0001317,2024-04-18,Credit,14697.19,Amazon,IMPS,Success,Mumbai,Mobile
TXN000002201,ACC0000769,2025-06-18,Debit,15818.83,School Fees,UPI,Success,Mumbai,POS
TXN000002202,ACC0000230,2024-02-03,Debit,114857.27,Fuel Station,POS,Success,Bhopal,POS
TXN000002203,ACC0000331,2025-04-29,Credit,135545.81,Airtel,UPI,Success,Delhi,ATM
TXN000002204,ACC0001327,2025-10-14,Credit,21847.8,Electricity Board,ATM,Reversed,Bhopal,POS
TXN000002205,ACC0001381,2026-01-31,Debit,63775.14,School Fees,Cheque,Success,Bengaluru,Mobile
TXN000002206,ACC0000292,2025-07-23,Debit,38600.86,Insurance Premium,NEFT,Failed,Hyderabad,ATM
TXN000002207,ACC0001380,2025-01-20,Credit,42681.59,Ola,NEFT,Success,Bengaluru,ATM
TXN000002208,ACC0000236,2025-03-24,Debit,87327.4,Ola,POS,Success,Chennai,Branch
TXN000002209,ACC0001189,2025-07-27,Credit,2348.07,Flipkart,UPI,Success,Ahmedabad,Mobile
TXN000002210,ACC0000874,2025-04-26,Debit,52546.28,Reliance Digital,POS,Success,Chennai,Web
TXN000002211,ACC0000920,2024-07-27,Debit,89045.78,Myntra,NEFT,Success,Ahmedabad,Mobile
TXN000002212,ACC0001159,2024-11-27,Debit,23964.98,Flipkart,NEFT,Success,Jaipur,Branch
TXN000002213,ACC0000906,2025-03-04,Credit,125414.05,Amazon,Cheque,Success,Lucknow,Mobile
TXN000002214,ACC0000877,2024-06-22,Credit,26060.42,Netflix,POS,Failed,Hyderabad,Mobile
TXN000002215,ACC0000386,2025-03-07,Credit,14041.28,IRCTC,IMPS,Success,Ahmedabad,Branch
TXN000002216,ACC0000613,2024-09-29,Debit,73793.38,Flipkart,NEFT,Success,Lucknow,POS
TXN000002217,ACC0000075,2025-07-21,Credit,82427.25,IRCTC,NEFT,Success,Ahmedabad,Web
TXN000002218,ACC0000433,2025-02-19,Debit,91666.53,Swiggy,UPI,Success,Kochi,Web
TXN000002219,ACC0001199,2024-12-28,Debit,99160.82,Myntra,NEFT,Success,Mumbai,ATM
TXN000002220,ACC0000584,2026-05-06,Credit,108141.85,Insurance Premium,NetBanking,Success,Kochi,Branch
TXN000002221,ACC0000784,2025-07-22,Credit,134849.21,Uber,POS,Success,Chandigarh,Mobile
TXN000002222,ACC0001329,2024-11-09,Debit,132860.57,DMart,IMPS,Success,Mumbai,POS
TXN000002223,ACC0001186,2024-05-02,Debit,77220.49,Amazon,IMPS,Success,Chandigarh,Branch
TXN000002224,ACC0000220,2024-06-05,Credit,79330.47,Netflix,POS,Success,Hyderabad,Web
TXN000002225,ACC0001378,2025-02-23,Debit,81248.59,Netflix,NEFT,Success,Delhi,POS
TXN000002226,ACC0001084,2025-06-26,Credit,52365.95,Reliance Digital,UPI,Success,Pune,Web
TXN000002227,ACC0000031,2024-01-16,Debit,73373.49,School Fees,RTGS,Success,Hyderabad,POS
TXN000002228,ACC0001080,2025-03-17,Credit,15735.29,Insurance Premium,Cheque,Success,Ahmedabad,Web
TXN000002229,ACC0000134,2026-01-22,Debit,97021.27,Amazon,POS,Success,Lucknow,Mobile
TXN000002230,ACC0001186,2025-05-11,Debit,90301.42,Ola,ATM,Success,Bhopal,Branch
TXN000002231,ACC0000051,2024-04-29,Debit,88685.09,Ola,RTGS,Success,Jaipur,ATM
TXN000002232,ACC0000425,2024-04-29,Debit,45813.03,Netflix,POS,Success,Jaipur,POS
TXN000002233,ACC0000645,2024-06-16,Debit,69303.18,Jio,IMPS,Success,Hyderabad,Web
TXN000002234,ACC0000975,2024-08-21,Credit,144495.3,Insurance Premium,UPI,Success,Chandigarh,POS
TXN000002235,ACC0000162,2024-11-30,Debit,148244.49,Myntra,NetBanking,Success,Chandigarh,Mobile
TXN000002236,ACC0000544,2024-07-14,Credit,35074.35,Amazon,Cheque,Success,Chandigarh,Web
TXN000002237,ACC0000308,2025-03-30,Debit,117036.83,Jio,NEFT,Success,Bhopal,ATM
TXN000002238,ACC0000069,2025-10-04,Debit,121561.95,BigBasket,NEFT,Success,Mumbai,Web
TXN000002239,ACC0001395,2025-03-14,Credit,129861.42,DMart,Cheque,Success,Chandigarh,Web
TXN000002240,ACC0000948,2024-08-11,Credit,6836.61,BigBasket,ATM,Success,Delhi,Web
TXN000002241,ACC0000706,2024-05-02,Debit,72257.89,Myntra,IMPS,Success,Delhi,Mobile
TXN000002242,ACC0000588,2024-06-23,Debit,138783.97,Amazon,Cheque,Success,Lucknow,POS
TXN000002243,ACC0000987,2026-01-20,Debit,112529.32,Airtel,ATM,Success,Pune,Branch
TXN000002244,ACC0000856,2024-07-17,Debit,67837.05,BigBasket,NEFT,Success,Kochi,POS
TXN000002245,ACC0000670,2024-08-24,Debit,60708.52,Insurance Premium,UPI,Success,Chandigarh,POS
TXN000002246,ACC0001238,2024-02-16,Credit,82345.39,Swiggy,ATM,Success,Pune,ATM
TXN000002247,ACC0001039,2025-02-18,Debit,133516.79,Airtel,NetBanking,Success,Kochi,Mobile
TXN000002248,ACC0001389,2024-03-11,Debit,39727.13,Electricity Board,UPI,Success,Chandigarh,Web
TXN000002249,ACC0000577,2026-01-02,Credit,60351.9,IRCTC,IMPS,Success,Lucknow,Web
TXN000002250,ACC0000538,2026-04-11,Debit,5145.94,School Fees,Cheque,Success,Jaipur,Web
TXN000002251,ACC0000161,2024-04-05,Credit,29312.26,Electricity Board,NEFT,Success,Bengaluru,Web
TXN000002252,ACC0001208,2024-01-08,Debit,78038.69,Ola,POS,Success,Hyderabad,Mobile
TXN000002253,ACC0001316,2024-10-10,Debit,110778.42,Swiggy,NEFT,Success,Lucknow,ATM
TXN000002254,ACC0000523,2024-07-21,Debit,108816.93,School Fees,NetBanking,Success,Delhi,Web
TXN000002255,ACC0000479,2024-05-14,Debit,71285.8,IRCTC,Cheque,Success,Kochi,Mobile
TXN000002256,ACC0001144,2024-07-31,Credit,51836.03,IRCTC,POS,Success,Kochi,Web
TXN000002257,ACC0000070,2025-02-11,Debit,13301.48,Insurance Premium,NEFT,Success,Chandigarh,Web
TXN000002258,ACC0000501,2026-01-13,Debit,10946.89,Insurance Premium,Cheque,Success,Bengaluru,POS
TXN000002259,ACC0001010,2025-04-28,Credit,149115.03,IRCTC,NetBanking,Failed,Chandigarh,Branch
TXN000002260,ACC0001087,2025-12-12,Debit,619.91,Amazon,RTGS,Success,Jaipur,ATM
TXN000002261,ACC0001100,2025-11-16,Credit,79686.31,DMart,Cheque,Success,Hyderabad,POS
TXN000002262,ACC0001328,2025-08-03,Debit,135860.82,DMart,UPI,Success,Bengaluru,Web
TXN000002263,ACC0000918,2024-10-07,Debit,77558.04,Myntra,POS,Success,Pune,Web
TXN000002264,ACC0000864,2024-09-05,Debit,109381.71,IRCTC,UPI,Success,Chandigarh,Branch
TXN000002265,ACC0001048,2024-03-28,Credit,128978.93,Netflix,NetBanking,Success,Chandigarh,Web
TXN000002266,ACC0000474,2025-02-02,Debit,122648.86,Insurance Premium,UPI,Success,Ahmedabad,Branch
TXN000002267,ACC0000790,2024-10-10,Debit,149246.16,BigBasket,IMPS,Success,Mumbai,Branch
TXN000002268,ACC0000604,2024-06-11,Debit,148783.43,Flipkart,RTGS,Success,Bengaluru,Branch
TXN000002269,ACC0001124,2025-02-16,Debit,75593.44,IRCTC,RTGS,Success,Kochi,POS
TXN000002270,ACC0000872,2024-08-14,Debit,71973.11,Zomato,Cheque,Success,Jaipur,Mobile
TXN000002271,ACC0000852,2025-10-27,Debit,28275.85,Netflix,NEFT,Success,Jaipur,POS
TXN000002272,ACC0001166,2025-01-03,Debit,7433.08,Insurance Premium,ATM,Success,Jaipur,POS
TXN000002273,ACC0001124,2025-03-01,Credit,32934.67,Jio,RTGS,Success,Lucknow,Branch
TXN000002274,ACC0000853,2025-06-03,Debit,135933.7,Uber,POS,Success,Lucknow,ATM
TXN000002275,ACC0000987,2025-01-05,Debit,133384.92,Zomato,ATM,Pending,Kochi,Web
TXN000002276,ACC0000848,2026-04-03,Credit,145945.21,Electricity Board,RTGS,Success,Chennai,POS
TXN000002277,ACC0001159,2025-09-26,Debit,28556.86,Jio,UPI,Success,Chennai,Branch
TXN000002278,ACC0000665,2026-05-17,Credit,52743.54,Jio,Cheque,Success,Bengaluru,Mobile
TXN000002279,ACC0000982,2024-12-06,Debit,26000.08,School Fees,NEFT,Failed,Delhi,Mobile
TXN000002280,ACC0000480,2026-02-21,Debit,61684.67,IRCTC,ATM,Success,Kochi,Mobile
TXN000002281,ACC0000623,2025-10-02,Credit,38356.43,IRCTC,NetBanking,Success,Kochi,Mobile
TXN000002282,ACC0001050,2024-05-03,Debit,47857.68,Amazon,NetBanking,Success,Delhi,POS
TXN000002283,ACC0001216,2025-05-22,Debit,147097.93,Electricity Board,RTGS,Success,Hyderabad,Mobile
TXN000002284,ACC0000482,2024-06-19,Credit,45633.37,Insurance Premium,POS,Success,Bengaluru,Branch
TXN000002285,ACC0000088,2025-01-17,Credit,141073.76,Fuel Station,POS,Success,Lucknow,Branch
TXN000002286,ACC0001068,2025-07-22,Credit,95208.53,BigBasket,UPI,Success,Chandigarh,ATM
TXN000002287,ACC0001372,2024-12-15,Debit,527.46,Jio,UPI,Success,Pune,Branch
TXN000002288,ACC0000981,2026-02-20,Credit,107575.34,Ola,NEFT,Success,Jaipur,Mobile
TXN000002289,ACC0000059,2026-04-27,Debit,139219.79,Swiggy,NetBanking,Success,Chandigarh,Mobile
TXN000002290,ACC0001352,2025-03-27,Credit,147514.49,Jio,NetBanking,Success,Bhopal,Web
TXN000002291,ACC0000601,2025-09-07,Credit,56210.06,Fuel Station,NEFT,Success,Chennai,Web
TXN000002292,ACC0000472,2026-04-16,Debit,134418.16,Jio,Cheque,Success,Pune,Branch
TXN000002293,ACC0000539,2025-07-23,Credit,2554.56,Reliance Digital,ATM,Success,Bengaluru,ATM
TXN000002294,ACC0000044,2025-06-21,Credit,35358.28,School Fees,IMPS,Success,Chennai,POS
TXN000002295,ACC0001206,2025-01-21,Debit,88278.42,Flipkart,NEFT,Success,Pune,POS
TXN000002296,ACC0001139,2025-10-16,Credit,16241.55,Amazon,RTGS,Success,Hyderabad,Branch
TXN000002297,ACC0001079,2024-05-21,Debit,50079.96,Jio,NEFT,Failed,Hyderabad,ATM
TXN000002298,ACC0001255,2025-11-01,Credit,24749.11,Reliance Digital,UPI,Success,Bhopal,Branch
TXN000002299,ACC0000603,2025-12-03,Credit,140928.62,IRCTC,NEFT,Success,Chennai,Branch
TXN000002300,ACC0000677,2025-09-02,Debit,91018.48,Amazon,UPI,Success,Pune,ATM
TXN000002301,ACC0000794,2025-07-24,Debit,127897.3,Insurance Premium,IMPS,Failed,Mumbai,ATM
TXN000002302,ACC0001313,2025-04-02,Credit,62893.67,Electricity Board,RTGS,Success,Delhi,Branch
TXN000002303,ACC0000224,2024-04-11,Debit,7938.28,DMart,NetBanking,Success,Lucknow,ATM
TXN000002304,ACC0000997,2025-11-03,Debit,120691.14,Reliance Digital,IMPS,Success,Bengaluru,Branch
TXN000002305,ACC0001232,2024-03-22,Credit,32757.35,Myntra,Cheque,Success,Lucknow,POS
TXN000002306,ACC0000243,2025-09-11,Debit,4564.67,Ola,POS,Success,Mumbai,Web
TXN000002307,ACC0001103,2024-10-11,Debit,132516.03,Ola,RTGS,Success,Bhopal,POS
TXN000002308,ACC0000284,2025-02-17,Credit,88221.43,Uber,NEFT,Success,Jaipur,ATM
TXN000002309,ACC0000998,2025-03-12,Credit,81907.89,Electricity Board,NetBanking,Success,Mumbai,POS
TXN000002310,ACC0000981,2024-03-21,Debit,34830.17,Ola,NEFT,Success,Hyderabad,Branch
TXN000002311,ACC0001197,2025-09-30,Credit,108738.8,Ola,UPI,Success,Chennai,Branch
TXN000002312,ACC0000956,2025-04-08,Credit,68733.33,Zomato,POS,Success,Pune,Web
TXN000002313,ACC0000984,2025-09-08,Debit,9608.38,Netflix,ATM,Success,Chandigarh,Web
TXN000002314,ACC0001126,2025-04-12,Debit,135729.37,Netflix,NEFT,Success,Hyderabad,POS
TXN000002315,ACC0000254,2024-01-08,Debit,57305.38,DMart,Cheque,Success,Kochi,Mobile
TXN000002316,ACC0000468,2025-09-04,Credit,78503.0,Swiggy,UPI,Success,Chandigarh,Branch
TXN000002317,ACC0001096,2026-01-06,Debit,68884.69,Insurance Premium,POS,Success,Hyderabad,POS
TXN000002318,ACC0001340,2026-04-01,Debit,32363.11,IRCTC,POS,Success,Lucknow,POS
TXN000002319,ACC0000980,2025-11-23,Debit,45706.94,Jio,RTGS,Success,Lucknow,ATM
TXN000002320,ACC0000138,2025-02-20,Debit,27235.35,Fuel Station,NetBanking,Success,Hyderabad,Web
TXN000002321,ACC0001151,2024-05-02,Credit,118678.52,DMart,UPI,Failed,Bengaluru,ATM
TXN000002322,ACC0000266,2025-06-12,Credit,122898.59,Myntra,ATM,Success,Chennai,ATM
TXN000002323,ACC0000813,2025-08-03,Credit,123767.39,Insurance Premium,Cheque,Success,Pune,Web
TXN000002324,ACC0000808,2026-04-02,Credit,144569.24,DMart,ATM,Pending,Chandigarh,Branch
TXN000002325,ACC0000589,2025-04-21,Credit,16385.13,Jio,IMPS,Success,Kochi,Mobile
TXN000002326,ACC0000157,2025-09-22,Debit,129612.33,DMart,ATM,Failed,Bengaluru,POS
TXN000002327,ACC0000019,2025-08-26,Debit,118488.99,IRCTC,UPI,Success,Jaipur,Branch
TXN000002328,ACC0000054,2025-06-21,Credit,53266.49,Myntra,NetBanking,Success,Mumbai,Mobile
TXN000002329,ACC0001232,2024-04-01,Credit,32810.84,Netflix,IMPS,Success,Mumbai,Branch
TXN000002330,ACC0000252,2024-11-30,Debit,95607.78,Electricity Board,ATM,Success,Bengaluru,ATM
TXN000002331,ACC0000867,2024-04-05,Debit,146410.19,IRCTC,Cheque,Success,Bhopal,POS
TXN000002332,ACC0000405,2026-04-28,Debit,33968.72,Netflix,NetBanking,Failed,Ahmedabad,Branch
TXN000002333,ACC0000317,2024-09-19,Credit,82734.07,Netflix,Cheque,Success,Jaipur,Mobile
TXN000002334,ACC0000849,2024-06-28,Debit,107607.33,Airtel,UPI,Success,Chennai,Mobile
TXN000002335,ACC0000029,2024-03-05,Credit,80218.49,Insurance Premium,RTGS,Success,Chandigarh,ATM
TXN000002336,ACC0000755,2025-10-11,Debit,31831.96,Myntra,POS,Success,Pune,Branch
TXN000002337,ACC0000880,2025-11-05,Debit,19164.8,Flipkart,RTGS,Success,Kochi,Branch
TXN000002338,ACC0000843,2024-09-23,Debit,26069.91,Ola,UPI,Success,Ahmedabad,POS
TXN000002339,ACC0001265,2025-09-08,Credit,147850.64,Swiggy,ATM,Success,Pune,Web
TXN000002340,ACC0000696,2026-04-25,Debit,96111.39,IRCTC,POS,Success,Jaipur,Web
TXN000002341,ACC0001092,2026-02-04,Debit,63454.3,Amazon,Cheque,Success,Kochi,Mobile
TXN000002342,ACC0000509,2024-10-17,Debit,149868.22,Fuel Station,POS,Success,Hyderabad,Branch
TXN000002343,ACC0000089,2024-03-31,Debit,41017.7,Electricity Board,POS,Success,Bhopal,POS
TXN000002344,ACC0000284,2024-12-20,Debit,7816.02,Netflix,ATM,Success,Pune,Mobile
TXN000002345,ACC0000269,2025-11-08,Credit,92542.48,Myntra,NEFT,Success,Bhopal,Branch
TXN000002346,ACC0001213,2024-06-08,Debit,95894.61,Netflix,RTGS,Success,Hyderabad,Mobile
TXN000002347,ACC0000647,2024-08-21,Debit,56818.76,Uber,ATM,Failed,Bengaluru,POS
TXN000002348,ACC0000034,2024-01-18,Debit,38163.58,Flipkart,IMPS,Success,Bhopal,Web
TXN000002349,ACC0000221,2024-02-18,Debit,140116.5,Insurance Premium,Cheque,Success,Pune,Web
TXN000002350,ACC0001192,2026-02-16,Credit,5739.96,Uber,RTGS,Pending,Bhopal,POS
TXN000002351,ACC0000326,2024-12-04,Debit,21371.11,Airtel,POS,Success,Bhopal,ATM
TXN000002352,ACC0000303,2025-05-24,Debit,45264.93,Airtel,NetBanking,Success,Bhopal,ATM
TXN000002353,ACC0001119,2026-04-09,Debit,125153.47,DMart,RTGS,Success,Chennai,Web
TXN000002354,ACC0000147,2024-03-22,Credit,102321.7,School Fees,POS,Success,Kochi,ATM
TXN000002355,ACC0001087,2025-06-26,Debit,117792.6,Amazon,POS,Success,Bhopal,POS
TXN000002356,ACC0000497,2024-01-13,Debit,77788.92,BigBasket,NetBanking,Success,Chandigarh,POS
TXN000002357,ACC0001394,2026-03-23,Debit,60661.63,Amazon,Cheque,Success,Pune,ATM
TXN000002358,ACC0000323,2025-01-21,Debit,101853.26,Fuel Station,UPI,Failed,Bengaluru,ATM
TXN000002359,ACC0000204,2025-06-03,Debit,121094.63,Fuel Station,POS,Success,Pune,Mobile
TXN000002360,ACC0001188,2024-05-15,Debit,4828.06,Flipkart,Cheque,Success,Chandigarh,Web
TXN000002361,ACC0000094,2025-08-22,Credit,118982.8,Flipkart,Cheque,Reversed,Hyderabad,POS
TXN000002362,ACC0000043,2025-06-29,Debit,123891.09,Uber,Cheque,Reversed,Hyderabad,POS
TXN000002363,ACC0000344,2026-03-24,Credit,44715.93,Uber,ATM,Success,Lucknow,Web
TXN000002364,ACC0001302,2025-07-08,Credit,72593.76,Amazon,NEFT,Success,Mumbai,Web
TXN000002365,ACC0000815,2025-11-28,Debit,27011.49,BigBasket,NetBanking,Success,Chandigarh,Branch
TXN000002366,ACC0000257,2025-10-15,Debit,12429.01,Jio,NetBanking,Success,Chennai,ATM
TXN000002367,ACC0000136,2025-08-09,Debit,73332.66,DMart,POS,Success,Pune,ATM
TXN000002368,ACC0000751,2024-01-26,Credit,105165.89,School Fees,RTGS,Success,Chandigarh,Web
TXN000002369,ACC0000024,2025-01-30,Debit,11331.53,BigBasket,RTGS,Success,Pune,Web
TXN000002370,ACC0001165,2025-05-19,Debit,8959.27,Ola,NEFT,Success,Jaipur,ATM
TXN000002371,ACC0000549,2025-01-21,Credit,5700.67,Amazon,ATM,Success,Chandigarh,Web
TXN000002372,ACC0000198,2024-05-13,Credit,21087.24,Ola,NetBanking,Success,Chennai,Branch
TXN000002373,ACC0000972,2026-03-20,Credit,57147.92,Jio,UPI,Success,Chandigarh,Web
TXN000002374,ACC0001007,2025-09-25,Debit,79278.1,IRCTC,NEFT,Success,Kochi,Mobile
TXN000002375,ACC0000081,2025-09-14,Credit,24183.12,Amazon,ATM,Success,Kochi,Mobile
TXN000002376,ACC0000215,2026-01-22,Debit,68442.22,Airtel,NetBanking,Success,Chandigarh,ATM
TXN000002377,ACC0000678,2026-02-13,Debit,55586.15,Airtel,Cheque,Success,Hyderabad,Web
TXN000002378,ACC0000817,2024-11-23,Debit,130609.1,Uber,Cheque,Failed,Delhi,Mobile
TXN000002379,ACC0001195,2025-08-20,Debit,107433.52,Reliance Digital,Cheque,Success,Kochi,ATM
TXN000002380,ACC0000645,2025-07-04,Credit,115648.37,Amazon,ATM,Success,Hyderabad,Web
TXN000002381,ACC0000542,2025-09-18,Debit,3769.43,School Fees,IMPS,Success,Lucknow,Mobile
TXN000002382,ACC0000005,2026-02-26,Credit,58927.77,Fuel Station,POS,Success,Lucknow,Branch
TXN000002383,ACC0000415,2025-03-20,Debit,116384.0,Ola,NEFT,Pending,Hyderabad,POS
TXN000002384,ACC0000286,2026-04-18,Credit,15659.35,Zomato,RTGS,Success,Pune,POS
TXN000002385,ACC0000336,2024-06-28,Credit,120236.06,Jio,RTGS,Success,Mumbai,POS
TXN000002386,ACC0000109,2024-09-21,Debit,112314.85,School Fees,UPI,Success,Bhopal,POS
TXN000002387,ACC0000880,2024-06-19,Debit,11907.21,Airtel,UPI,Success,Bhopal,Web
TXN000002388,ACC0000124,2026-04-28,Credit,47817.99,Fuel Station,Cheque,Success,Delhi,Web
TXN000002389,ACC0000912,2024-04-18,Credit,60730.13,Amazon,NEFT,Pending,Chandigarh,ATM
TXN000002390,ACC0000852,2025-01-11,Debit,146127.71,Zomato,NEFT,Success,Jaipur,ATM
TXN000002391,ACC0000414,2024-03-15,Debit,67767.35,Amazon,Cheque,Success,Jaipur,POS
TXN000002392,ACC0000841,2025-03-05,Debit,64999.94,Ola,NEFT,Success,Hyderabad,Branch
TXN000002393,ACC0001243,2025-08-05,Debit,64188.32,Netflix,RTGS,Success,Chennai,Web
TXN000002394,ACC0000703,2025-01-23,Credit,68931.92,School Fees,Cheque,Success,Hyderabad,POS
TXN000002395,ACC0000766,2025-01-30,Credit,93991.94,Flipkart,RTGS,Success,Chandigarh,Web
TXN000002396,ACC0001345,2024-04-12,Debit,124315.23,Uber,UPI,Failed,Pune,Mobile
TXN000002397,ACC0001391,2024-03-19,Debit,96931.56,Airtel,NEFT,Success,Jaipur,Web
TXN000002398,ACC0000289,2025-05-14,Credit,97592.49,Insurance Premium,IMPS,Success,Ahmedabad,ATM
TXN000002399,ACC0000155,2025-10-19,Debit,54241.63,Airtel,RTGS,Success,Kochi,Branch
TXN000002400,ACC0000188,2025-11-30,Credit,138614.17,Amazon,NetBanking,Success,Bhopal,POS
TXN000002401,ACC0000179,2025-02-22,Credit,104353.82,Jio,UPI,Success,Hyderabad,Mobile
TXN000002402,ACC0001180,2024-03-26,Debit,52736.3,Electricity Board,RTGS,Success,Hyderabad,Branch
TXN000002403,ACC0001163,2025-03-21,Credit,37489.31,Electricity Board,UPI,Success,Kochi,ATM
TXN000002404,ACC0000908,2024-09-11,Debit,137874.84,Ola,Cheque,Success,Bhopal,Branch
TXN000002405,ACC0000193,2024-05-27,Debit,69591.53,Swiggy,Cheque,Success,Hyderabad,Mobile
TXN000002406,ACC0001265,2024-05-13,Credit,74991.44,Reliance Digital,IMPS,Success,Hyderabad,Branch
TXN000002407,ACC0001071,2025-10-15,Debit,90625.07,IRCTC,POS,Success,Chandigarh,Web
TXN000002408,ACC0001148,2024-11-15,Debit,6125.17,Airtel,ATM,Success,Bengaluru,ATM
TXN000002409,ACC0000287,2024-08-16,Debit,135871.57,Swiggy,IMPS,Success,Delhi,Web
TXN000002410,ACC0001373,2025-04-21,Debit,126215.23,Jio,NetBanking,Success,Mumbai,Branch
TXN000002411,ACC0000214,2026-01-30,Debit,146210.72,Uber,ATM,Failed,Lucknow,ATM
TXN000002412,ACC0000699,2024-05-12,Debit,127474.65,Ola,NetBanking,Success,Jaipur,POS
TXN000002413,ACC0000679,2025-08-29,Debit,17267.85,IRCTC,NEFT,Success,Delhi,ATM
TXN000002414,ACC0000214,2024-05-27,Credit,103166.72,School Fees,ATM,Success,Chandigarh,ATM
TXN000002415,ACC0000060,2024-01-08,Debit,125109.83,Amazon,POS,Success,Lucknow,Branch
TXN000002416,ACC0001399,2024-02-14,Credit,79005.56,Insurance Premium,NetBanking,Success,Kochi,ATM
TXN000002417,ACC0001061,2025-11-13,Credit,33915.44,DMart,NEFT,Success,Jaipur,Mobile
TXN000002418,ACC0001015,2024-12-24,Debit,35269.21,Ola,IMPS,Success,Bengaluru,Branch
TXN000002419,ACC0000743,2026-04-02,Credit,123925.07,School Fees,NEFT,Success,Mumbai,Web
TXN000002420,ACC0000747,2025-05-13,Debit,46417.0,Myntra,POS,Success,Delhi,Branch
TXN000002421,ACC0000203,2025-11-02,Credit,114856.73,Swiggy,UPI,Success,Chennai,ATM
TXN000002422,ACC0000456,2024-03-22,Debit,99085.42,IRCTC,RTGS,Pending,Pune,POS
TXN000002423,ACC0000513,2025-12-28,Credit,147487.84,Amazon,NEFT,Success,Lucknow,Mobile
TXN000002424,ACC0000278,2025-12-15,Debit,146947.97,Swiggy,POS,Success,Kochi,Branch
TXN000002425,ACC0000399,2026-05-03,Debit,90256.06,Swiggy,Cheque,Success,Lucknow,POS
TXN000002426,ACC0000517,2025-11-03,Credit,78947.82,Reliance Digital,UPI,Success,Kochi,POS
TXN000002427,ACC0000328,2025-02-16,Credit,95300.25,Uber,NEFT,Success,Jaipur,Branch
TXN000002428,ACC0001139,2025-12-12,Debit,4988.83,DMart,Cheque,Success,Pune,Web
TXN000002429,ACC0000852,2024-05-12,Debit,83286.85,Electricity Board,UPI,Failed,Hyderabad,POS
TXN000002430,ACC0000789,2025-02-27,Credit,26804.02,Flipkart,UPI,Success,Pune,POS
TXN000002431,ACC0001114,2025-06-22,Credit,130330.82,School Fees,UPI,Success,Hyderabad,Mobile
TXN000002432,ACC0000001,2025-07-04,Credit,29307.82,Zomato,NetBanking,Success,Bhopal,ATM
TXN000002433,ACC0001290,2026-05-17,Credit,108697.7,Zomato,UPI,Failed,Hyderabad,Mobile
TXN000002434,ACC0000931,2025-07-09,Credit,147757.66,BigBasket,NetBanking,Success,Bengaluru,Web
TXN000002435,ACC0000420,2025-01-22,Debit,88568.1,Jio,IMPS,Success,Chennai,Mobile
TXN000002436,ACC0000714,2025-08-15,Debit,104538.2,School Fees,UPI,Success,Chandigarh,Web
TXN000002437,ACC0000931,2024-06-19,Debit,92966.6,Ola,IMPS,Success,Jaipur,Web
TXN000002438,ACC0000681,2024-11-09,Debit,127803.51,IRCTC,NetBanking,Success,Ahmedabad,POS
TXN000002439,ACC0000999,2024-11-27,Debit,40436.11,Airtel,NEFT,Success,Bengaluru,Web
TXN000002440,ACC0000492,2025-05-31,Credit,127384.63,Airtel,Cheque,Success,Bengaluru,POS
TXN000002441,ACC0001331,2024-08-08,Credit,60030.35,Electricity Board,NEFT,Failed,Delhi,POS
TXN000002442,ACC0000055,2025-07-22,Credit,144005.79,Insurance Premium,POS,Success,Bhopal,Web
TXN000002443,ACC0001203,2025-08-22,Credit,40817.49,Flipkart,ATM,Success,Lucknow,POS
TXN000002444,ACC0000672,2024-02-13,Debit,23566.1,IRCTC,Cheque,Success,Kochi,POS
TXN000002445,ACC0001398,2024-12-02,Debit,14427.02,Uber,NEFT,Success,Kochi,POS
TXN000002446,ACC0000248,2024-10-13,Debit,24302.44,Netflix,ATM,Success,Lucknow,Branch
TXN000002447,ACC0001202,2025-08-13,Credit,126258.02,IRCTC,NetBanking,Success,Kochi,ATM
TXN000002448,ACC0000710,2025-05-20,Debit,126051.65,IRCTC,UPI,Success,Kochi,Mobile
TXN000002449,ACC0000729,2025-08-06,Debit,3148.43,Insurance Premium,ATM,Success,Chandigarh,Branch
TXN000002450,ACC0000915,2025-09-23,Credit,22071.57,Zomato,POS,Success,Bhopal,Branch
TXN000002451,ACC0001304,2025-12-05,Debit,3722.47,School Fees,ATM,Success,Ahmedabad,Mobile
TXN000002452,ACC0000003,2025-07-29,Credit,104199.54,Swiggy,IMPS,Success,Jaipur,Web
TXN000002453,ACC0000560,2025-10-23,Debit,44044.91,Ola,Cheque,Success,Mumbai,Web
TXN000002454,ACC0000707,2025-02-06,Credit,103908.24,Fuel Station,IMPS,Success,Chennai,ATM
TXN000002455,ACC0000104,2025-04-29,Debit,53962.96,Insurance Premium,IMPS,Success,Kochi,ATM
TXN000002456,ACC0000993,2024-02-25,Credit,57981.5,School Fees,RTGS,Success,Bengaluru,POS
TXN000002457,ACC0001236,2026-03-14,Credit,92714.98,Flipkart,UPI,Success,Jaipur,Web
TXN000002458,ACC0000547,2026-02-27,Debit,46143.81,BigBasket,UPI,Success,Bengaluru,Mobile
TXN000002459,ACC0001389,2024-11-19,Credit,29253.63,Insurance Premium,POS,Success,Hyderabad,ATM
TXN000002460,ACC0001138,2025-05-28,Debit,112648.46,Insurance Premium,NetBanking,Success,Lucknow,Branch
TXN000002461,ACC0000732,2025-02-27,Credit,49812.87,School Fees,POS,Pending,Kochi,Branch
TXN000002462,ACC0000051,2025-01-28,Debit,63958.49,Uber,Cheque,Success,Chandigarh,ATM
TXN000002463,ACC0000635,2024-04-24,Debit,76547.03,DMart,UPI,Success,Bengaluru,Branch
TXN000002464,ACC0000722,2024-12-14,Credit,96179.11,DMart,RTGS,Success,Ahmedabad,POS
TXN000002465,ACC0000716,2025-10-03,Credit,39862.52,Electricity Board,ATM,Success,Mumbai,Branch
TXN000002466,ACC0000243,2024-02-06,Debit,46739.67,Netflix,NetBanking,Success,Hyderabad,ATM
TXN000002467,ACC0000083,2025-10-26,Debit,136431.46,Swiggy,NEFT,Success,Ahmedabad,ATM
TXN000002468,ACC0001328,2025-03-27,Credit,80245.81,Airtel,POS,Success,Chennai,Web
TXN000002469,ACC0000365,2025-11-12,Debit,140884.12,Reliance Digital,RTGS,Failed,Chandigarh,Web
TXN000002470,ACC0000592,2025-04-16,Credit,100176.6,Fuel Station,NEFT,Success,Mumbai,Mobile
TXN000002471,ACC0000773,2024-10-28,Debit,117576.95,Reliance Digital,NetBanking,Success,Chennai,POS
TXN000002472,ACC0001278,2025-06-16,Debit,129916.95,Netflix,IMPS,Success,Chennai,Web
TXN000002473,ACC0000852,2024-09-15,Debit,40732.05,Reliance Digital,ATM,Success,Jaipur,POS
TXN000002474,ACC0001093,2025-03-03,Debit,107313.62,BigBasket,NetBanking,Success,Delhi,POS
TXN000002475,ACC0001363,2024-11-10,Debit,68937.93,Netflix,UPI,Success,Hyderabad,Mobile
TXN000002476,ACC0001267,2026-01-13,Credit,47744.17,BigBasket,Cheque,Success,Bhopal,Mobile
TXN000002477,ACC0001312,2024-07-17,Debit,128938.16,BigBasket,IMPS,Reversed,Mumbai,Branch
TXN000002478,ACC0000653,2024-03-04,Debit,73539.31,Zomato,ATM,Failed,Ahmedabad,Branch
TXN000002479,ACC0001102,2025-03-09,Debit,141368.59,Netflix,POS,Success,Delhi,Web
TXN000002480,ACC0000852,2025-05-22,Debit,34110.93,Electricity Board,RTGS,Success,Hyderabad,Mobile
TXN000002481,ACC0001066,2025-08-18,Debit,36303.32,Ola,NEFT,Success,Hyderabad,Branch
TXN000002482,ACC0000672,2024-06-29,Debit,25905.58,Airtel,UPI,Pending,Bengaluru,Branch
TXN000002483,ACC0000712,2024-04-14,Credit,75016.33,Jio,IMPS,Success,Lucknow,Branch
TXN000002484,ACC0000426,2024-10-16,Credit,136564.61,Zomato,NetBanking,Success,Lucknow,Mobile
TXN000002485,ACC0000316,2025-10-11,Credit,69727.55,Flipkart,IMPS,Success,Delhi,Mobile
TXN000002486,ACC0000779,2025-05-11,Credit,94716.74,Jio,RTGS,Success,Chennai,Web
TXN000002487,ACC0000426,2024-07-04,Credit,62297.05,Jio,RTGS,Success,Pune,ATM
TXN000002488,ACC0000569,2024-07-02,Credit,60549.03,School Fees,Cheque,Success,Bengaluru,Branch
TXN000002489,ACC0000309,2024-03-31,Credit,108177.98,Uber,RTGS,Pending,Delhi,ATM
TXN000002490,ACC0000268,2025-06-03,Debit,100299.01,Airtel,UPI,Success,Bhopal,Branch
TXN000002491,ACC0001098,2025-10-10,Credit,58299.57,Zomato,RTGS,Success,Chandigarh,ATM
TXN000002492,ACC0000315,2024-11-23,Debit,38507.66,Airtel,RTGS,Success,Jaipur,Mobile
TXN000002493,ACC0000238,2024-01-05,Debit,91940.52,Uber,POS,Success,Ahmedabad,Web
TXN000002494,ACC0000970,2024-07-20,Credit,95202.16,Uber,UPI,Success,Mumbai,Branch
TXN000002495,ACC0000858,2025-11-11,Debit,135391.54,DMart,RTGS,Success,Pune,ATM
TXN000002496,ACC0000492,2024-03-05,Debit,88530.42,Electricity Board,IMPS,Success,Hyderabad,POS
TXN000002497,ACC0001155,2026-03-20,Debit,44598.36,Jio,UPI,Success,Pune,Branch
TXN000002498,ACC0001001,2026-05-11,Debit,31314.68,Reliance Digital,UPI,Success,Bhopal,Web
TXN000002499,ACC0000832,2025-11-20,Debit,195.33,Ola,UPI,Success,Lucknow,Branch
TXN000002500,ACC0000054,2024-01-16,Credit,121105.36,Netflix,NetBanking,Success,Jaipur,Branch
TXN000002501,ACC0000662,2025-10-11,Debit,114811.08,Flipkart,NetBanking,Success,Jaipur,POS
TXN000002502,ACC0001018,2025-12-30,Debit,112321.52,Zomato,IMPS,Success,Chennai,Web
TXN000002503,ACC0000087,2025-02-12,Credit,2770.55,DMart,NEFT,Success,Mumbai,ATM
TXN000002504,ACC0001155,2026-01-26,Debit,126878.23,DMart,NetBanking,Success,Pune,POS
TXN000002505,ACC0000161,2024-04-03,Debit,119555.63,Ola,IMPS,Success,Bengaluru,POS
TXN000002506,ACC0000815,2024-08-09,Credit,122368.39,IRCTC,NetBanking,Success,Delhi,Branch
TXN000002507,ACC0000005,2024-10-21,Debit,19783.65,Netflix,ATM,Success,Chennai,POS
TXN000002508,ACC0000320,2024-06-01,Credit,36016.7,DMart,IMPS,Success,Mumbai,Mobile
TXN000002509,ACC0000056,2025-06-23,Credit,19455.45,IRCTC,IMPS,Success,Hyderabad,Branch
TXN000002510,ACC0000126,2025-08-03,Debit,125434.45,Swiggy,RTGS,Success,Bengaluru,POS
TXN000002511,ACC0000661,2025-05-11,Debit,17530.3,Myntra,IMPS,Success,Bhopal,POS
TXN000002512,ACC0000563,2025-01-19,Credit,73254.45,Ola,UPI,Failed,Kochi,POS
TXN000002513,ACC0000931,2024-08-08,Debit,140094.35,Jio,NEFT,Failed,Mumbai,POS
TXN000002514,ACC0000388,2025-09-03,Credit,69767.16,Flipkart,NetBanking,Success,Hyderabad,ATM
TXN000002515,ACC0000113,2024-05-04,Credit,142264.73,Netflix,NetBanking,Success,Bhopal,Web
TXN000002516,ACC0000864,2026-03-10,Credit,111895.73,Reliance Digital,NetBanking,Success,Bengaluru,Branch
TXN000002517,ACC0000658,2025-08-08,Debit,100293.2,Insurance Premium,Cheque,Success,Hyderabad,POS
TXN000002518,ACC0000374,2025-05-29,Debit,29177.03,Zomato,NEFT,Success,Bengaluru,POS
TXN000002519,ACC0000328,2025-06-26,Credit,148741.99,DMart,RTGS,Success,Delhi,Web
TXN000002520,ACC0001025,2026-01-09,Debit,48848.46,IRCTC,RTGS,Success,Mumbai,ATM
TXN000002521,ACC0000297,2025-08-17,Debit,4159.6,Ola,UPI,Success,Chandigarh,Mobile
TXN000002522,ACC0000570,2024-12-12,Credit,25806.92,IRCTC,IMPS,Success,Bengaluru,Branch
TXN000002523,ACC0000758,2025-06-18,Credit,101318.87,DMart,RTGS,Failed,Bhopal,Branch
TXN000002524,ACC0000071,2025-12-11,Credit,136336.19,Reliance Digital,RTGS,Success,Lucknow,Branch
TXN000002525,ACC0000232,2024-12-16,Credit,29552.78,School Fees,RTGS,Success,Kochi,ATM
TXN000002526,ACC0001042,2026-03-17,Debit,87397.46,BigBasket,UPI,Success,Mumbai,POS
TXN000002527,ACC0001309,2025-05-08,Debit,51074.64,Airtel,POS,Success,Bhopal,Web
TXN000002528,ACC0000708,2024-08-18,Debit,71576.13,IRCTC,RTGS,Success,Lucknow,Mobile
TXN000002529,ACC0001146,2025-07-24,Debit,133277.79,Myntra,ATM,Success,Chennai,ATM
TXN000002530,ACC0001396,2025-10-07,Debit,69983.44,Airtel,IMPS,Success,Delhi,Branch
TXN000002531,ACC0001122,2025-10-23,Credit,55041.61,Jio,POS,Success,Chandigarh,ATM
TXN000002532,ACC0001171,2025-04-14,Credit,125765.12,Amazon,IMPS,Success,Bengaluru,Branch
TXN000002533,ACC0001301,2025-10-02,Debit,39664.04,Swiggy,NEFT,Success,Mumbai,Branch
TXN000002534,ACC0000728,2024-11-06,Debit,26732.0,BigBasket,IMPS,Success,Jaipur,ATM
TXN000002535,ACC0000862,2026-03-15,Debit,76134.68,Uber,UPI,Success,Ahmedabad,ATM
TXN000002536,ACC0000619,2025-03-10,Debit,37290.86,Uber,IMPS,Success,Pune,Web
TXN000002537,ACC0000320,2026-05-20,Credit,48059.12,DMart,IMPS,Pending,Chandigarh,Mobile
TXN000002538,ACC0000605,2024-03-01,Debit,44790.81,Reliance Digital,Cheque,Success,Bengaluru,Branch
TXN000002539,ACC0000390,2024-03-07,Debit,6499.45,Netflix,NetBanking,Success,Chandigarh,Mobile
TXN000002540,ACC0001268,2024-09-03,Debit,110586.58,BigBasket,IMPS,Success,Pune,Web
TXN000002541,ACC0000823,2025-03-24,Credit,66660.16,School Fees,Cheque,Success,Lucknow,ATM
TXN000002542,ACC0000595,2025-10-04,Credit,75964.12,DMart,UPI,Success,Chandigarh,Mobile
TXN000002543,ACC0000943,2026-01-19,Debit,110194.42,BigBasket,UPI,Success,Chennai,Branch
TXN000002544,ACC0001073,2025-09-12,Debit,55819.33,Ola,IMPS,Success,Bhopal,POS
TXN000002545,ACC0000988,2024-01-21,Credit,87982.49,Amazon,ATM,Success,Delhi,Mobile
TXN000002546,ACC0001348,2025-03-25,Debit,108478.39,IRCTC,RTGS,Success,Bhopal,Branch
TXN000002547,ACC0001168,2025-08-05,Credit,4663.51,Reliance Digital,UPI,Success,Jaipur,Branch
TXN000002548,ACC0000116,2024-03-16,Debit,12885.5,Flipkart,Cheque,Success,Chennai,Web
TXN000002549,ACC0000154,2026-03-15,Credit,52234.99,Amazon,RTGS,Success,Bhopal,POS
TXN000002550,ACC0001052,2025-01-31,Debit,47508.79,Myntra,UPI,Success,Lucknow,Branch
TXN000002551,ACC0001327,2025-06-18,Credit,17446.56,DMart,POS,Failed,Pune,ATM
TXN000002552,ACC0000044,2026-01-06,Debit,18110.06,Zomato,Cheque,Success,Chandigarh,Web
TXN000002553,ACC0000134,2025-02-01,Credit,34588.6,Swiggy,NEFT,Pending,Delhi,Mobile
TXN000002554,ACC0000163,2026-01-12,Debit,65192.19,Insurance Premium,NEFT,Success,Pune,POS
TXN000002555,ACC0000395,2024-04-17,Credit,5412.42,Myntra,POS,Success,Chennai,ATM
TXN000002556,ACC0000383,2024-05-04,Debit,52197.06,Flipkart,Cheque,Success,Delhi,Web
TXN000002557,ACC0000299,2026-01-21,Credit,21797.48,Flipkart,ATM,Success,Bhopal,Web
TXN000002558,ACC0000616,2025-03-23,Debit,82341.6,Flipkart,NetBanking,Success,Bengaluru,Branch
TXN000002559,ACC0000472,2024-04-11,Debit,61156.05,Amazon,RTGS,Success,Ahmedabad,Mobile
TXN000002560,ACC0000551,2025-09-01,Debit,3909.76,Electricity Board,NEFT,Success,Bhopal,POS
TXN000002561,ACC0000926,2026-03-21,Debit,16633.95,Zomato,IMPS,Success,Lucknow,Branch
TXN000002562,ACC0000158,2024-09-20,Credit,88693.99,Zomato,POS,Success,Hyderabad,Branch
TXN000002563,ACC0000678,2025-03-12,Debit,22339.94,Uber,IMPS,Success,Kochi,ATM
TXN000002564,ACC0001281,2025-03-23,Debit,59087.47,Uber,NEFT,Success,Mumbai,Branch
TXN000002565,ACC0000144,2025-10-17,Debit,25700.49,Zomato,Cheque,Success,Chennai,Web
TXN000002566,ACC0000040,2025-05-24,Debit,73931.73,Electricity Board,RTGS,Success,Lucknow,ATM
TXN000002567,ACC0001040,2025-06-06,Credit,74000.73,Zomato,ATM,Pending,Kochi,POS
TXN000002568,ACC0000457,2025-12-12,Debit,12532.51,DMart,RTGS,Success,Delhi,Branch
TXN000002569,ACC0000931,2024-07-03,Debit,8261.62,DMart,NetBanking,Success,Bhopal,ATM
TXN000002570,ACC0001317,2026-04-26,Credit,12397.68,Zomato,POS,Success,Chandigarh,Web
TXN000002571,ACC0000782,2024-02-29,Debit,131086.54,School Fees,NetBanking,Pending,Jaipur,Mobile
TXN000002572,ACC0000180,2024-10-04,Debit,3034.17,Amazon,RTGS,Success,Bhopal,POS
TXN000002573,ACC0000370,2025-05-03,Debit,100757.83,Jio,Cheque,Success,Jaipur,Mobile
TXN000002574,ACC0001083,2024-07-30,Credit,133203.5,Reliance Digital,POS,Success,Jaipur,ATM
TXN000002575,ACC0001317,2026-03-22,Debit,64259.86,Netflix,POS,Success,Chandigarh,Mobile
TXN000002576,ACC0001329,2024-02-19,Credit,124730.17,Flipkart,RTGS,Success,Chandigarh,POS
TXN000002577,ACC0000383,2025-08-27,Credit,103791.58,Electricity Board,UPI,Success,Pune,ATM
TXN000002578,ACC0000605,2025-08-10,Credit,11720.93,Ola,NEFT,Success,Chennai,Web
TXN000002579,ACC0000856,2024-01-14,Credit,7273.43,IRCTC,UPI,Success,Delhi,POS
TXN000002580,ACC0000241,2026-01-29,Debit,75737.76,Ola,RTGS,Success,Kochi,Branch
TXN000002581,ACC0001250,2024-04-05,Credit,20133.13,Fuel Station,Cheque,Success,Bhopal,Mobile
TXN000002582,ACC0000244,2024-12-06,Debit,65346.25,Airtel,UPI,Pending,Chandigarh,Mobile
TXN000002583,ACC0000572,2025-10-19,Credit,74081.32,Reliance Digital,NEFT,Success,Lucknow,Branch
TXN000002584,ACC0001321,2024-06-30,Debit,128958.16,Netflix,UPI,Success,Hyderabad,POS
TXN000002585,ACC0000807,2025-08-20,Credit,29714.73,Flipkart,RTGS,Success,Chennai,POS
TXN000002586,ACC0000880,2025-02-09,Debit,54042.25,Insurance Premium,POS,Success,Pune,Mobile
TXN000002587,ACC0000647,2025-05-20,Credit,99225.77,Ola,RTGS,Success,Bengaluru,ATM
TXN000002588,ACC0000003,2025-04-14,Debit,25658.5,School Fees,UPI,Success,Bhopal,Mobile
TXN000002589,ACC0000425,2024-01-03,Debit,13395.18,Swiggy,UPI,Success,Bengaluru,Mobile
TXN000002590,ACC0001030,2024-04-09,Credit,35938.03,Jio,UPI,Success,Ahmedabad,Mobile
TXN000002591,ACC0001182,2025-06-16,Debit,73385.37,School Fees,POS,Success,Jaipur,ATM
TXN000002592,ACC0000173,2025-02-09,Debit,74827.47,Uber,ATM,Success,Ahmedabad,Mobile
TXN000002593,ACC0000575,2026-02-01,Credit,88517.59,Jio,NEFT,Success,Chandigarh,Web
TXN000002594,ACC0000257,2025-12-07,Debit,147779.35,Fuel Station,IMPS,Success,Mumbai,Branch
TXN000002595,ACC0000551,2024-02-08,Debit,118751.76,IRCTC,NetBanking,Success,Bengaluru,POS
TXN000002596,ACC0001331,2024-12-30,Credit,119290.57,Netflix,IMPS,Failed,Bhopal,POS
TXN000002597,ACC0001204,2026-04-07,Credit,81162.37,Jio,ATM,Success,Ahmedabad,POS
TXN000002598,ACC0000445,2025-04-05,Debit,100317.88,Uber,POS,Success,Ahmedabad,Mobile
TXN000002599,ACC0001091,2024-10-28,Credit,35030.1,School Fees,Cheque,Success,Chandigarh,Branch
TXN000002600,ACC0000622,2026-05-17,Credit,109801.09,DMart,Cheque,Failed,Jaipur,Mobile
TXN000002601,ACC0001271,2024-12-03,Debit,9337.49,Fuel Station,POS,Success,Bhopal,ATM
TXN000002602,ACC0001235,2024-08-09,Credit,58882.21,Swiggy,RTGS,Success,Bengaluru,POS
TXN000002603,ACC0000033,2025-08-30,Credit,42862.35,IRCTC,Cheque,Success,Pune,Web
TXN000002604,ACC0000416,2025-11-05,Credit,108680.58,BigBasket,POS,Success,Bengaluru,Mobile
TXN000002605,ACC0000874,2026-04-20,Debit,110285.59,Electricity Board,NetBanking,Success,Mumbai,ATM
TXN000002606,ACC0000875,2025-09-28,Debit,75875.89,Fuel Station,IMPS,Success,Bengaluru,Branch
TXN000002607,ACC0000864,2025-08-13,Credit,19662.83,Reliance Digital,POS,Success,Chandigarh,Mobile
TXN000002608,ACC0001287,2025-10-03,Debit,108298.75,Netflix,UPI,Success,Ahmedabad,POS
TXN000002609,ACC0000818,2024-07-22,Credit,132542.87,Uber,NetBanking,Reversed,Jaipur,POS
TXN000002610,ACC0000047,2024-10-28,Debit,149843.07,Electricity Board,NetBanking,Reversed,Bengaluru,POS
TXN000002611,ACC0000829,2024-07-06,Debit,148232.7,School Fees,RTGS,Success,Pune,Web
TXN000002612,ACC0000046,2025-09-07,Debit,69971.03,Swiggy,UPI,Success,Bhopal,POS
TXN000002613,ACC0001017,2024-03-18,Debit,141574.76,Airtel,UPI,Success,Chandigarh,Web
TXN000002614,ACC0000489,2024-11-22,Debit,41608.91,BigBasket,IMPS,Success,Bengaluru,POS
TXN000002615,ACC0001323,2026-02-10,Debit,52092.01,BigBasket,RTGS,Success,Lucknow,POS
TXN000002616,ACC0001067,2026-02-09,Credit,97608.13,Ola,IMPS,Failed,Mumbai,ATM
TXN000002617,ACC0000632,2024-02-16,Credit,126631.8,Reliance Digital,POS,Success,Mumbai,Mobile
TXN000002618,ACC0000908,2024-12-06,Debit,67113.3,Netflix,UPI,Success,Pune,Web
TXN000002619,ACC0000653,2025-10-14,Debit,136173.94,Jio,UPI,Success,Jaipur,ATM
TXN000002620,ACC0000428,2024-10-02,Credit,58388.22,IRCTC,ATM,Success,Delhi,Branch
TXN000002621,ACC0000191,2024-06-02,Debit,110200.91,Netflix,NetBanking,Success,Delhi,Branch
TXN000002622,ACC0001042,2025-12-08,Debit,119210.79,IRCTC,ATM,Success,Jaipur,Branch
TXN000002623,ACC0001118,2024-06-14,Credit,66570.05,Fuel Station,POS,Success,Lucknow,Web
TXN000002624,ACC0000124,2025-02-04,Debit,10293.86,Amazon,NEFT,Success,Chennai,Mobile
TXN000002625,ACC0001220,2026-01-13,Credit,3896.36,Flipkart,UPI,Success,Ahmedabad,Web
TXN000002626,ACC0000671,2024-07-26,Credit,76637.46,Netflix,NetBanking,Success,Lucknow,POS
TXN000002627,ACC0000511,2025-04-30,Debit,144635.37,Insurance Premium,Cheque,Success,Chennai,Mobile
TXN000002628,ACC0000275,2025-04-27,Credit,140837.92,Swiggy,ATM,Success,Hyderabad,ATM
TXN000002629,ACC0000559,2024-05-10,Debit,1026.08,School Fees,IMPS,Success,Pune,ATM
TXN000002630,ACC0000701,2025-11-14,Credit,33451.62,Jio,Cheque,Success,Bengaluru,ATM
TXN000002631,ACC0000758,2026-04-24,Debit,51190.37,Uber,UPI,Success,Chennai,POS
TXN000002632,ACC0001299,2025-08-09,Debit,113410.09,DMart,Cheque,Success,Pune,Branch
TXN000002633,ACC0000486,2024-06-22,Credit,44794.88,IRCTC,UPI,Success,Chennai,ATM
TXN000002634,ACC0000069,2025-05-21,Credit,132821.7,Jio,POS,Success,Bhopal,Web
TXN000002635,ACC0001250,2024-01-12,Debit,115089.69,BigBasket,Cheque,Success,Bhopal,POS
TXN000002636,ACC0000337,2024-09-02,Debit,9412.4,Electricity Board,POS,Failed,Bengaluru,POS
TXN000002637,ACC0000924,2026-02-26,Credit,131408.37,Electricity Board,RTGS,Success,Chandigarh,Branch
TXN000002638,ACC0000461,2025-09-26,Credit,123454.26,Fuel Station,RTGS,Success,Chennai,Branch
TXN000002639,ACC0000362,2025-09-22,Debit,9150.15,Uber,UPI,Success,Jaipur,POS
TXN000002640,ACC0001076,2025-10-04,Credit,108615.57,School Fees,UPI,Success,Lucknow,ATM
TXN000002641,ACC0000409,2025-11-03,Debit,126113.66,IRCTC,Cheque,Success,Lucknow,ATM
TXN000002642,ACC0000213,2025-04-12,Credit,66842.37,Reliance Digital,Cheque,Success,Kochi,Mobile
TXN000002643,ACC0000700,2025-02-17,Debit,18432.96,IRCTC,NEFT,Success,Hyderabad,ATM
TXN000002644,ACC0000971,2025-06-24,Debit,35220.31,Insurance Premium,RTGS,Success,Mumbai,Web
TXN000002645,ACC0000155,2025-02-11,Debit,126529.79,Myntra,NetBanking,Success,Bhopal,Mobile
TXN000002646,ACC0000869,2025-11-07,Credit,112022.5,Jio,NetBanking,Success,Jaipur,Web
TXN000002647,ACC0000156,2025-04-20,Debit,27064.52,IRCTC,IMPS,Success,Jaipur,POS
TXN000002648,ACC0000868,2025-04-11,Debit,148035.92,Swiggy,NetBanking,Success,Delhi,Branch
TXN000002649,ACC0001063,2025-09-16,Debit,53928.13,Zomato,POS,Success,Pune,Web
TXN000002650,ACC0000394,2025-09-03,Debit,149488.35,Electricity Board,UPI,Reversed,Mumbai,POS
TXN000002651,ACC0000388,2026-03-06,Credit,10573.78,Fuel Station,RTGS,Success,Chennai,Web
TXN000002652,ACC0000586,2026-02-13,Debit,130802.34,Swiggy,NEFT,Success,Pune,POS
TXN000002653,ACC0000381,2025-07-24,Debit,142297.32,Swiggy,POS,Success,Delhi,POS
TXN000002654,ACC0000004,2025-04-12,Debit,3950.18,Insurance Premium,NetBanking,Pending,Ahmedabad,Web
TXN000002655,ACC0000240,2025-02-04,Credit,119012.97,Ola,POS,Success,Hyderabad,Web
TXN000002656,ACC0000820,2024-11-26,Debit,24244.77,Amazon,RTGS,Pending,Hyderabad,Web
TXN000002657,ACC0000359,2024-04-12,Debit,13327.47,IRCTC,POS,Pending,Bhopal,ATM
TXN000002658,ACC0000924,2024-03-11,Credit,128380.68,Ola,POS,Success,Lucknow,ATM
TXN000002659,ACC0000087,2025-05-06,Credit,105447.14,Amazon,POS,Success,Chandigarh,Web
TXN000002660,ACC0000758,2024-03-09,Debit,28032.24,Uber,RTGS,Success,Pune,ATM
TXN000002661,ACC0000396,2025-09-22,Debit,131224.87,Electricity Board,RTGS,Success,Jaipur,Web
TXN000002662,ACC0000859,2025-11-16,Debit,124868.35,Ola,ATM,Failed,Kochi,Mobile
TXN000002663,ACC0000063,2024-07-17,Debit,139632.64,Zomato,NetBanking,Success,Hyderabad,POS
TXN000002664,ACC0000286,2025-12-27,Debit,56582.22,Amazon,ATM,Success,Ahmedabad,Branch
TXN000002665,ACC0000301,2026-02-13,Debit,129573.86,BigBasket,NEFT,Success,Bengaluru,Branch
TXN000002666,ACC0000916,2026-02-18,Credit,31911.16,Netflix,UPI,Success,Chandigarh,ATM
TXN000002667,ACC0001109,2025-08-15,Debit,9010.03,Reliance Digital,Cheque,Success,Delhi,Mobile
TXN000002668,ACC0000284,2024-06-03,Debit,32368.8,Electricity Board,RTGS,Success,Ahmedabad,Mobile
TXN000002669,ACC0000215,2025-11-13,Credit,436.7,Airtel,POS,Pending,Lucknow,ATM
TXN000002670,ACC0000162,2024-03-03,Debit,148142.96,Jio,UPI,Pending,Mumbai,Branch
TXN000002671,ACC0000064,2025-11-29,Credit,145864.48,Uber,NetBanking,Success,Delhi,Web
TXN000002672,ACC0000243,2024-08-04,Debit,135414.42,DMart,NetBanking,Success,Pune,ATM
TXN000002673,ACC0000537,2024-04-20,Credit,15398.32,Swiggy,POS,Success,Pune,POS
TXN000002674,ACC0001294,2024-05-13,Debit,97011.35,BigBasket,Cheque,Success,Delhi,POS
TXN000002675,ACC0000777,2025-09-28,Debit,148929.19,Flipkart,NEFT,Success,Chennai,Mobile
TXN000002676,ACC0001004,2025-12-17,Debit,47583.3,Zomato,UPI,Failed,Pune,POS
TXN000002677,ACC0000620,2025-02-11,Debit,30637.53,Amazon,UPI,Failed,Delhi,ATM
TXN000002678,ACC0001065,2024-12-14,Credit,113460.53,Reliance Digital,NetBanking,Success,Jaipur,Branch
TXN000002679,ACC0000431,2026-05-14,Debit,54619.61,Reliance Digital,ATM,Failed,Lucknow,Web
TXN000002680,ACC0000259,2025-02-27,Credit,127545.32,Flipkart,NEFT,Success,Pune,Web
TXN000002681,ACC0001292,2025-01-02,Debit,118664.38,DMart,IMPS,Success,Pune,ATM
TXN000002682,ACC0000354,2025-07-28,Debit,101589.99,School Fees,UPI,Success,Chennai,POS
TXN000002683,ACC0001015,2025-07-18,Credit,61799.59,Netflix,POS,Success,Delhi,ATM
TXN000002684,ACC0001168,2024-10-16,Debit,24489.36,Flipkart,POS,Failed,Chandigarh,ATM
TXN000002685,ACC0001377,2024-03-23,Debit,43416.48,Reliance Digital,POS,Success,Delhi,Mobile
TXN000002686,ACC0000481,2024-03-16,Debit,116426.83,Jio,NetBanking,Success,Chandigarh,Mobile
TXN000002687,ACC0001279,2024-06-07,Debit,147596.87,BigBasket,POS,Success,Jaipur,POS
TXN000002688,ACC0000088,2025-09-12,Credit,149327.42,Uber,IMPS,Success,Mumbai,POS
TXN000002689,ACC0001387,2024-05-26,Debit,88066.27,Netflix,POS,Success,Hyderabad,POS
TXN000002690,ACC0001115,2024-08-07,Credit,71764.79,Fuel Station,Cheque,Success,Delhi,Web
TXN000002691,ACC0000106,2025-07-22,Credit,82789.02,Myntra,ATM,Success,Hyderabad,Mobile
TXN000002692,ACC0000936,2025-07-18,Credit,68840.2,BigBasket,RTGS,Success,Mumbai,POS
TXN000002693,ACC0000715,2024-10-07,Debit,17682.95,Amazon,POS,Success,Delhi,POS
TXN000002694,ACC0000207,2025-01-30,Credit,126682.59,BigBasket,Cheque,Success,Mumbai,Mobile
TXN000002695,ACC0000566,2026-01-15,Debit,53704.32,Swiggy,IMPS,Success,Chandigarh,Branch
TXN000002696,ACC0001037,2026-01-12,Debit,1308.54,Ola,POS,Success,Pune,Web
TXN000002697,ACC0001172,2025-01-04,Credit,48512.53,Myntra,NEFT,Success,Delhi,Web
TXN000002698,ACC0001359,2026-03-09,Debit,114484.97,School Fees,Cheque,Success,Mumbai,POS
TXN000002699,ACC0000391,2024-05-29,Debit,18217.55,Uber,NEFT,Success,Jaipur,Mobile
TXN000002700,ACC0000227,2025-06-11,Credit,127658.16,DMart,IMPS,Success,Bhopal,Mobile
TXN000002701,ACC0001227,2026-02-14,Credit,51450.89,Zomato,NetBanking,Success,Bengaluru,Mobile
TXN000002702,ACC0000795,2026-01-01,Debit,61968.96,Ola,NEFT,Failed,Chandigarh,Mobile
TXN000002703,ACC0000004,2024-07-31,Credit,24746.31,DMart,UPI,Success,Lucknow,POS
TXN000002704,ACC0000782,2025-02-03,Credit,55333.38,Fuel Station,RTGS,Success,Kochi,Web
TXN000002705,ACC0000796,2024-09-03,Debit,14961.15,Ola,ATM,Success,Bengaluru,Web
TXN000002706,ACC0001035,2025-11-09,Credit,73025.6,Flipkart,POS,Reversed,Kochi,POS
TXN000002707,ACC0001313,2025-01-11,Credit,109531.47,Amazon,ATM,Success,Chandigarh,Mobile
TXN000002708,ACC0000893,2024-12-05,Debit,59618.07,Fuel Station,Cheque,Success,Mumbai,POS
TXN000002709,ACC0001005,2024-05-05,Credit,43038.57,Flipkart,POS,Success,Pune,ATM
TXN000002710,ACC0001173,2024-03-27,Debit,125603.09,Airtel,POS,Success,Kochi,Branch
TXN000002711,ACC0001215,2025-01-11,Credit,146201.35,IRCTC,NetBanking,Success,Chandigarh,Branch
TXN000002712,ACC0000288,2024-05-11,Credit,72612.87,School Fees,ATM,Success,Kochi,ATM
TXN000002713,ACC0001318,2024-03-02,Debit,85000.36,IRCTC,UPI,Failed,Ahmedabad,Mobile
TXN000002714,ACC0001318,2025-01-28,Debit,148348.29,Netflix,NEFT,Success,Hyderabad,Branch
TXN000002715,ACC0000299,2026-05-11,Credit,93786.74,Insurance Premium,NEFT,Reversed,Hyderabad,Mobile
TXN000002716,ACC0000596,2025-01-23,Credit,114318.09,Zomato,POS,Success,Hyderabad,Mobile
TXN000002717,ACC0000284,2024-01-17,Credit,9848.11,Amazon,NEFT,Success,Delhi,Branch
TXN000002718,ACC0000869,2024-03-26,Credit,46149.2,Ola,RTGS,Success,Lucknow,POS
TXN000002719,ACC0001389,2026-05-18,Debit,4216.61,Airtel,POS,Success,Ahmedabad,Web
TXN000002720,ACC0000273,2024-01-25,Debit,144868.53,Zomato,NetBanking,Success,Chennai,POS
TXN000002721,ACC0000956,2025-04-29,Credit,140258.01,Electricity Board,Cheque,Success,Pune,ATM
TXN000002722,ACC0001376,2024-11-09,Debit,97212.48,BigBasket,NEFT,Success,Mumbai,ATM
TXN000002723,ACC0000890,2025-01-24,Debit,92738.21,Fuel Station,IMPS,Success,Bhopal,ATM
TXN000002724,ACC0000390,2024-01-27,Credit,61661.09,Flipkart,Cheque,Success,Delhi,POS
TXN000002725,ACC0000579,2026-03-10,Debit,7206.14,Airtel,IMPS,Success,Delhi,Mobile
TXN000002726,ACC0000295,2025-05-10,Debit,118249.76,Amazon,ATM,Success,Bhopal,Branch
TXN000002727,ACC0001168,2026-01-04,Debit,35358.67,Zomato,RTGS,Success,Delhi,Branch
TXN000002728,ACC0000476,2024-03-17,Credit,60971.93,Myntra,NetBanking,Success,Ahmedabad,ATM
TXN000002729,ACC0000630,2025-02-27,Debit,136686.86,Insurance Premium,UPI,Success,Delhi,POS
TXN000002730,ACC0001080,2024-03-10,Debit,87027.09,Swiggy,NEFT,Success,Kochi,ATM
TXN000002731,ACC0000263,2024-07-20,Credit,9051.31,Insurance Premium,NEFT,Success,Pune,POS
TXN000002732,ACC0000821,2024-05-13,Credit,60381.41,Reliance Digital,NetBanking,Success,Bhopal,Branch
TXN000002733,ACC0000695,2024-10-19,Debit,80681.9,Jio,RTGS,Success,Chennai,ATM
TXN000002734,ACC0001325,2024-01-27,Debit,51992.13,Electricity Board,UPI,Success,Bhopal,ATM
TXN000002735,ACC0001285,2026-04-18,Credit,133351.32,Insurance Premium,ATM,Success,Chennai,Mobile
TXN000002736,ACC0000124,2024-09-23,Credit,73127.75,Electricity Board,ATM,Success,Chennai,Web
TXN000002737,ACC0000905,2025-02-03,Debit,30773.16,Myntra,UPI,Success,Kochi,ATM
TXN000002738,ACC0000940,2024-03-18,Credit,80807.98,Myntra,NEFT,Success,Bhopal,ATM
TXN000002739,ACC0000903,2025-04-01,Debit,44412.33,Fuel Station,ATM,Success,Lucknow,POS
TXN000002740,ACC0000598,2024-08-28,Credit,18857.81,DMart,NEFT,Success,Kochi,Mobile
TXN000002741,ACC0000651,2024-10-18,Credit,49097.45,Swiggy,RTGS,Success,Chennai,Branch
TXN000002742,ACC0000704,2025-10-14,Debit,89595.99,Amazon,Cheque,Success,Bhopal,Mobile
TXN000002743,ACC0000976,2026-05-02,Debit,96308.24,Ola,POS,Success,Hyderabad,Mobile
TXN000002744,ACC0000041,2026-03-05,Credit,29416.16,Uber,NEFT,Success,Bengaluru,Branch
TXN000002745,ACC0001204,2025-08-11,Credit,95765.26,School Fees,POS,Success,Bhopal,Web
TXN000002746,ACC0000530,2026-03-18,Credit,54935.8,IRCTC,POS,Success,Delhi,ATM
TXN000002747,ACC0000961,2025-03-17,Credit,79791.8,Netflix,IMPS,Failed,Jaipur,Branch
TXN000002748,ACC0000319,2024-08-09,Debit,112340.84,Fuel Station,ATM,Success,Bhopal,Web
TXN000002749,ACC0000316,2024-10-08,Credit,19121.27,BigBasket,UPI,Success,Ahmedabad,ATM
TXN000002750,ACC0000086,2024-06-09,Debit,56429.89,Flipkart,NEFT,Success,Kochi,ATM
TXN000002751,ACC0000859,2024-08-25,Credit,61709.02,Fuel Station,IMPS,Success,Mumbai,POS
TXN000002752,ACC0000489,2026-01-22,Debit,146137.67,Netflix,NetBanking,Success,Ahmedabad,Web
TXN000002753,ACC0000368,2025-03-08,Credit,109883.68,Airtel,UPI,Success,Ahmedabad,ATM
TXN000002754,ACC0001287,2024-12-09,Credit,108135.94,School Fees,ATM,Success,Pune,Web
TXN000002755,ACC0000446,2024-09-27,Credit,87077.02,BigBasket,NEFT,Failed,Mumbai,Mobile
TXN000002756,ACC0001388,2025-01-19,Credit,80688.44,Insurance Premium,NetBanking,Success,Chennai,Mobile
TXN000002757,ACC0000844,2024-04-08,Credit,141840.14,Airtel,NEFT,Success,Lucknow,Branch
TXN000002758,ACC0000256,2026-03-22,Debit,70942.84,IRCTC,NetBanking,Success,Kochi,ATM
TXN000002759,ACC0000725,2025-11-26,Credit,142400.52,Reliance Digital,ATM,Failed,Bengaluru,Mobile
TXN000002760,ACC0001015,2024-08-10,Debit,135317.32,BigBasket,UPI,Failed,Lucknow,Web
TXN000002761,ACC0000340,2025-09-24,Credit,70044.06,Netflix,RTGS,Success,Lucknow,Branch
TXN000002762,ACC0000337,2024-03-25,Debit,59656.01,Insurance Premium,NetBanking,Reversed,Bhopal,ATM
TXN000002763,ACC0001368,2024-08-06,Debit,67560.2,Electricity Board,UPI,Success,Delhi,Web
TXN000002764,ACC0000068,2025-08-17,Debit,25860.03,Zomato,RTGS,Success,Pune,Web
TXN000002765,ACC0000303,2024-02-15,Credit,74094.82,Uber,ATM,Success,Mumbai,ATM
TXN000002766,ACC0001338,2024-10-12,Credit,28107.99,School Fees,NetBanking,Success,Jaipur,Mobile
TXN000002767,ACC0000571,2025-12-31,Debit,138943.79,IRCTC,NetBanking,Success,Bhopal,Branch
TXN000002768,ACC0000666,2025-08-22,Debit,19513.04,DMart,RTGS,Success,Ahmedabad,ATM
TXN000002769,ACC0000115,2024-10-31,Credit,133196.8,Jio,NEFT,Success,Ahmedabad,Mobile
TXN000002770,ACC0000639,2024-02-21,Debit,57039.28,Zomato,NetBanking,Success,Chandigarh,Branch
TXN000002771,ACC0000540,2024-02-15,Credit,88070.76,Uber,RTGS,Success,Mumbai,Web
TXN000002772,ACC0001266,2024-02-03,Debit,68787.39,Netflix,UPI,Success,Jaipur,Web
TXN000002773,ACC0000487,2026-02-10,Debit,122637.37,Uber,NetBanking,Success,Pune,ATM
TXN000002774,ACC0000020,2024-12-31,Credit,114016.73,BigBasket,NEFT,Success,Mumbai,ATM
TXN000002775,ACC0000656,2024-06-29,Debit,109820.72,IRCTC,NetBanking,Success,Delhi,Mobile
TXN000002776,ACC0000158,2024-04-26,Debit,76326.59,IRCTC,POS,Success,Bengaluru,ATM
TXN000002777,ACC0000366,2025-02-19,Debit,87278.9,Ola,IMPS,Success,Bengaluru,POS
TXN000002778,ACC0000291,2024-09-20,Debit,37052.02,BigBasket,Cheque,Success,Lucknow,ATM
TXN000002779,ACC0000178,2025-05-11,Debit,56186.3,IRCTC,IMPS,Success,Pune,POS
TXN000002780,ACC0001066,2025-03-22,Debit,131494.77,Myntra,UPI,Success,Kochi,Web
TXN000002781,ACC0000482,2025-06-10,Debit,42430.98,Reliance Digital,RTGS,Success,Hyderabad,ATM
TXN000002782,ACC0001302,2025-08-13,Credit,124988.89,IRCTC,NetBanking,Success,Jaipur,ATM
TXN000002783,ACC0001320,2024-01-23,Debit,81337.05,Insurance Premium,POS,Success,Hyderabad,Mobile
TXN000002784,ACC0000052,2025-05-11,Credit,121744.39,Airtel,UPI,Success,Bhopal,ATM
TXN000002785,ACC0001350,2024-01-06,Debit,42172.97,Zomato,UPI,Success,Hyderabad,ATM
TXN000002786,ACC0000179,2024-08-09,Credit,102348.13,Insurance Premium,ATM,Success,Bengaluru,ATM
TXN000002787,ACC0001165,2024-05-27,Credit,26354.85,Myntra,ATM,Success,Pune,Branch
TXN000002788,ACC0000324,2024-05-08,Debit,62517.34,DMart,RTGS,Failed,Bhopal,POS
TXN000002789,ACC0001047,2024-01-31,Credit,112813.01,Insurance Premium,IMPS,Success,Kochi,Mobile
TXN000002790,ACC0001264,2024-04-17,Debit,91777.14,Myntra,NEFT,Success,Mumbai,POS
TXN000002791,ACC0001037,2025-07-01,Debit,4670.26,School Fees,UPI,Success,Ahmedabad,Web
TXN000002792,ACC0000474,2024-05-30,Credit,26590.41,Uber,ATM,Success,Bengaluru,Web
TXN000002793,ACC0000992,2025-02-03,Credit,38885.81,Insurance Premium,RTGS,Success,Bhopal,ATM
TXN000002794,ACC0000368,2026-03-30,Credit,22198.22,Netflix,POS,Success,Pune,Mobile
TXN000002795,ACC0000198,2024-07-11,Credit,129770.32,IRCTC,Cheque,Success,Delhi,Mobile
TXN000002796,ACC0001363,2026-03-10,Credit,122231.21,BigBasket,NetBanking,Success,Jaipur,Web
TXN000002797,ACC0000607,2024-04-18,Debit,117500.87,DMart,RTGS,Success,Jaipur,Mobile
TXN000002798,ACC0000699,2024-06-01,Debit,48589.9,Jio,NetBanking,Success,Lucknow,Mobile
TXN000002799,ACC0001394,2024-05-17,Credit,12903.28,Amazon,Cheque,Success,Bhopal,POS
TXN000002800,ACC0000244,2024-09-26,Debit,13135.81,Jio,POS,Failed,Mumbai,ATM
TXN000002801,ACC0000446,2025-06-04,Debit,104274.29,Netflix,NEFT,Pending,Lucknow,ATM
TXN000002802,ACC0001329,2025-09-25,Debit,53311.41,BigBasket,NetBanking,Reversed,Jaipur,POS
TXN000002803,ACC0000907,2024-05-21,Credit,111108.95,Reliance Digital,NetBanking,Success,Chennai,POS
TXN000002804,ACC0001175,2024-04-16,Debit,52151.65,Ola,RTGS,Success,Mumbai,Branch
TXN000002805,ACC0000404,2024-06-07,Debit,37828.65,Ola,NEFT,Success,Bengaluru,ATM
TXN000002806,ACC0000405,2026-02-21,Credit,70214.31,Uber,ATM,Success,Bengaluru,Mobile
TXN000002807,ACC0000381,2025-10-23,Debit,19721.9,Swiggy,Cheque,Success,Kochi,Mobile
TXN000002808,ACC0001369,2025-08-13,Debit,120342.92,Amazon,RTGS,Success,Hyderabad,Mobile
TXN000002809,ACC0000930,2024-06-29,Credit,4736.69,Airtel,RTGS,Success,Pune,Mobile
TXN000002810,ACC0001037,2025-04-30,Debit,35310.75,Swiggy,UPI,Success,Hyderabad,Branch
TXN000002811,ACC0000180,2025-03-12,Debit,47708.18,Reliance Digital,ATM,Reversed,Delhi,ATM
TXN000002812,ACC0000160,2024-03-07,Debit,144549.82,Jio,RTGS,Failed,Hyderabad,Branch
TXN000002813,ACC0000535,2025-01-02,Debit,12812.87,Uber,RTGS,Success,Chandigarh,POS
TXN000002814,ACC0000341,2026-03-31,Credit,16207.47,Myntra,IMPS,Success,Bengaluru,Mobile
TXN000002815,ACC0000816,2025-10-22,Debit,19986.07,Uber,POS,Success,Bhopal,Mobile
TXN000002816,ACC0000356,2024-12-20,Debit,139681.9,Fuel Station,NEFT,Success,Jaipur,POS
TXN000002817,ACC0000205,2025-06-10,Debit,99588.36,BigBasket,NetBanking,Success,Pune,Branch
TXN000002818,ACC0001223,2024-11-05,Debit,16061.42,Netflix,RTGS,Success,Pune,Mobile
TXN000002819,ACC0000411,2025-03-20,Credit,77618.4,Swiggy,RTGS,Success,Bhopal,Branch
TXN000002820,ACC0000791,2026-04-25,Credit,15115.03,Amazon,POS,Success,Hyderabad,ATM
TXN000002821,ACC0001397,2026-03-23,Credit,112863.5,DMart,NetBanking,Success,Bengaluru,ATM
TXN000002822,ACC0000532,2026-02-09,Debit,62669.76,Airtel,RTGS,Success,Bengaluru,Mobile
TXN000002823,ACC0000929,2025-09-01,Debit,122304.51,Ola,UPI,Success,Jaipur,POS
TXN000002824,ACC0000924,2025-04-02,Credit,89132.46,Zomato,UPI,Success,Kochi,ATM
TXN000002825,ACC0000348,2026-02-13,Debit,9824.29,Swiggy,NetBanking,Failed,Kochi,ATM
TXN000002826,ACC0000643,2025-01-29,Debit,140403.98,Uber,Cheque,Pending,Mumbai,Mobile
TXN000002827,ACC0001245,2024-12-18,Debit,95746.17,DMart,NEFT,Success,Pune,Branch
TXN000002828,ACC0000003,2025-03-20,Credit,125697.25,Swiggy,ATM,Success,Kochi,Branch
TXN000002829,ACC0000101,2024-05-08,Credit,130963.26,Jio,Cheque,Success,Pune,ATM
TXN000002830,ACC0000857,2025-08-18,Debit,94856.73,Ola,NEFT,Success,Pune,Mobile
TXN000002831,ACC0001263,2025-11-24,Credit,29533.36,Flipkart,RTGS,Success,Chandigarh,Branch
TXN000002832,ACC0000329,2024-07-13,Debit,78451.4,Swiggy,RTGS,Success,Ahmedabad,ATM
TXN000002833,ACC0000996,2024-11-12,Debit,134111.34,Reliance Digital,POS,Success,Chandigarh,Branch
TXN000002834,ACC0001265,2025-04-19,Debit,130723.94,Fuel Station,NetBanking,Success,Pune,POS
TXN000002835,ACC0000803,2024-05-31,Debit,98645.21,Zomato,POS,Success,Bhopal,Branch
TXN000002836,ACC0000465,2025-03-07,Debit,61077.48,Jio,IMPS,Success,Delhi,Mobile
TXN000002837,ACC0000946,2025-03-23,Debit,144762.31,Airtel,RTGS,Pending,Pune,POS
TXN000002838,ACC0000682,2024-10-02,Credit,29331.04,Airtel,UPI,Success,Ahmedabad,POS
TXN000002839,ACC0001261,2024-05-11,Credit,116777.13,Uber,NetBanking,Success,Mumbai,POS
TXN000002840,ACC0001176,2025-06-17,Debit,105596.49,Netflix,POS,Success,Chennai,Mobile
TXN000002841,ACC0000915,2026-02-26,Debit,105136.19,Ola,RTGS,Success,Ahmedabad,Mobile
TXN000002842,ACC0000540,2024-09-15,Credit,10730.61,Ola,UPI,Success,Lucknow,ATM
TXN000002843,ACC0000302,2025-01-04,Credit,21433.68,Insurance Premium,ATM,Success,Mumbai,Branch
TXN000002844,ACC0000326,2025-10-13,Debit,103781.59,Fuel Station,UPI,Success,Chennai,ATM
TXN000002845,ACC0000883,2026-04-13,Credit,122035.24,DMart,UPI,Pending,Chandigarh,ATM
TXN000002846,ACC0001169,2024-03-19,Debit,73300.84,Amazon,UPI,Success,Chandigarh,Branch
TXN000002847,ACC0000202,2025-05-14,Debit,42477.68,IRCTC,RTGS,Success,Jaipur,Mobile
TXN000002848,ACC0000743,2025-12-30,Debit,40828.31,BigBasket,Cheque,Success,Bengaluru,POS
TXN000002849,ACC0000311,2026-04-22,Credit,88151.03,Netflix,NEFT,Success,Hyderabad,POS
TXN000002850,ACC0000059,2024-12-30,Credit,87792.17,Flipkart,NEFT,Success,Delhi,Branch
TXN000002851,ACC0000904,2026-05-16,Credit,101182.51,Fuel Station,IMPS,Success,Mumbai,Branch
TXN000002852,ACC0000759,2025-05-31,Credit,36133.65,Reliance Digital,UPI,Success,Lucknow,Branch
TXN000002853,ACC0000984,2025-01-20,Debit,43979.11,School Fees,ATM,Success,Jaipur,Web
TXN000002854,ACC0000401,2026-03-06,Credit,141530.11,School Fees,ATM,Failed,Jaipur,Branch
TXN000002855,ACC0000136,2025-12-31,Debit,6354.34,Ola,RTGS,Success,Kochi,Web
TXN000002856,ACC0000604,2025-03-08,Credit,6219.33,Flipkart,NetBanking,Success,Chennai,Branch
TXN000002857,ACC0001192,2026-02-01,Credit,54952.74,DMart,ATM,Failed,Delhi,ATM
TXN000002858,ACC0001399,2024-07-18,Debit,132621.52,Reliance Digital,ATM,Success,Chandigarh,Web
TXN000002859,ACC0001292,2026-05-04,Credit,113728.55,Fuel Station,NEFT,Success,Bengaluru,Mobile
TXN000002860,ACC0001282,2026-03-31,Debit,23982.4,Jio,UPI,Failed,Chandigarh,Web
TXN000002861,ACC0001166,2025-06-24,Credit,33000.26,Jio,Cheque,Reversed,Chandigarh,POS
TXN000002862,ACC0000233,2026-04-23,Debit,99229.48,Amazon,UPI,Success,Hyderabad,POS
TXN000002863,ACC0001141,2025-08-14,Credit,59897.56,Insurance Premium,UPI,Success,Bengaluru,Branch
TXN000002864,ACC0000922,2026-03-12,Debit,47503.78,Airtel,NetBanking,Success,Chandigarh,Mobile
TXN000002865,ACC0000143,2024-12-23,Debit,102256.15,Ola,Cheque,Success,Kochi,ATM
TXN000002866,ACC0000510,2025-02-05,Debit,84856.35,IRCTC,ATM,Success,Chandigarh,Web
TXN000002867,ACC0000475,2025-09-29,Debit,39401.01,Zomato,UPI,Success,Lucknow,Branch
TXN000002868,ACC0001276,2025-09-13,Credit,48150.48,Flipkart,UPI,Success,Ahmedabad,Branch
TXN000002869,ACC0000982,2025-09-22,Credit,134252.52,DMart,POS,Success,Chandigarh,Mobile
TXN000002870,ACC0000051,2024-08-19,Credit,107702.66,DMart,RTGS,Failed,Bengaluru,ATM
TXN000002871,ACC0000787,2024-08-09,Debit,48028.09,Ola,UPI,Success,Bhopal,Branch
TXN000002872,ACC0001181,2025-08-11,Credit,78194.15,IRCTC,RTGS,Pending,Pune,POS
TXN000002873,ACC0000707,2024-01-28,Debit,110874.86,BigBasket,UPI,Success,Delhi,Branch
TXN000002874,ACC0001390,2025-07-17,Credit,116080.09,Ola,Cheque,Success,Mumbai,ATM
TXN000002875,ACC0000556,2026-01-15,Credit,15771.98,School Fees,Cheque,Success,Hyderabad,Web
TXN000002876,ACC0000349,2025-04-12,Credit,97775.29,Netflix,UPI,Success,Chennai,POS
TXN000002877,ACC0001085,2024-08-01,Credit,11212.28,IRCTC,UPI,Success,Delhi,Mobile
TXN000002878,ACC0000471,2026-02-19,Debit,19729.53,BigBasket,UPI,Reversed,Ahmedabad,ATM
TXN000002879,ACC0000353,2025-04-03,Debit,122641.2,Netflix,POS,Failed,Delhi,Web
TXN000002880,ACC0000884,2024-02-27,Credit,8423.03,Insurance Premium,NetBanking,Success,Chandigarh,Web
TXN000002881,ACC0000426,2024-06-11,Debit,119523.48,Airtel,NEFT,Success,Jaipur,ATM
TXN000002882,ACC0001091,2024-06-17,Debit,26183.79,Insurance Premium,ATM,Success,Delhi,Web
TXN000002883,ACC0000439,2026-01-04,Credit,86586.69,Airtel,IMPS,Success,Pune,ATM
TXN000002884,ACC0000718,2024-06-24,Credit,9636.56,Netflix,UPI,Success,Bhopal,POS
TXN000002885,ACC0000623,2024-11-01,Debit,11309.03,Insurance Premium,POS,Failed,Lucknow,ATM
TXN000002886,ACC0000402,2025-12-28,Debit,114138.51,IRCTC,POS,Pending,Chennai,POS
TXN000002887,ACC0000725,2025-05-24,Debit,136466.49,Myntra,NetBanking,Success,Chandigarh,Branch
TXN000002888,ACC0001387,2024-11-25,Debit,108450.86,Swiggy,NetBanking,Success,Mumbai,ATM
TXN000002889,ACC0000951,2025-02-27,Debit,116126.13,Uber,POS,Success,Pune,POS
TXN000002890,ACC0001314,2026-05-13,Credit,92455.93,Netflix,NetBanking,Success,Mumbai,Branch
TXN000002891,ACC0000340,2025-09-17,Debit,56716.7,Insurance Premium,POS,Success,Bhopal,POS
TXN000002892,ACC0000097,2025-02-10,Debit,44945.65,Myntra,UPI,Success,Chandigarh,ATM
TXN000002893,ACC0000452,2026-04-28,Debit,117342.03,IRCTC,POS,Success,Chennai,Mobile
TXN000002894,ACC0000856,2024-01-01,Credit,69729.66,IRCTC,UPI,Success,Bengaluru,Web
TXN000002895,ACC0000686,2026-03-05,Credit,27707.18,DMart,UPI,Success,Chandigarh,Branch
TXN000002896,ACC0000544,2026-05-12,Debit,57369.1,Zomato,Cheque,Success,Pune,Mobile
TXN000002897,ACC0000602,2025-04-27,Debit,39570.14,BigBasket,POS,Success,Bengaluru,POS
TXN000002898,ACC0000674,2025-07-27,Credit,113081.14,DMart,POS,Success,Chandigarh,Web
TXN000002899,ACC0000679,2025-08-07,Debit,99130.56,BigBasket,NetBanking,Success,Hyderabad,Branch
TXN000002900,ACC0001322,2024-05-26,Debit,106860.47,Zomato,Cheque,Success,Pune,Mobile
TXN000002901,ACC0000266,2024-02-15,Debit,85722.73,BigBasket,NEFT,Success,Chennai,POS
TXN000002902,ACC0000937,2024-03-22,Credit,9537.38,Ola,NetBanking,Success,Jaipur,Mobile
TXN000002903,ACC0001157,2024-02-25,Debit,107712.6,Netflix,UPI,Success,Pune,POS
TXN000002904,ACC0000798,2025-11-01,Debit,15343.52,Fuel Station,ATM,Success,Bhopal,Branch
TXN000002905,ACC0001264,2024-07-31,Debit,116492.52,Uber,ATM,Success,Bhopal,Branch
TXN000002906,ACC0000345,2024-06-15,Credit,107427.02,Amazon,ATM,Success,Kochi,Web
TXN000002907,ACC0001117,2024-11-24,Debit,142386.9,Uber,UPI,Success,Kochi,ATM
TXN000002908,ACC0000357,2025-01-17,Credit,5272.65,Ola,NEFT,Success,Delhi,POS
TXN000002909,ACC0000099,2026-05-04,Debit,68728.24,Fuel Station,Cheque,Reversed,Lucknow,POS
TXN000002910,ACC0000777,2025-11-29,Debit,4493.04,Jio,NEFT,Failed,Jaipur,POS
TXN000002911,ACC0000565,2026-04-15,Credit,114077.86,Swiggy,IMPS,Success,Chennai,POS
TXN000002912,ACC0000420,2026-03-06,Credit,90161.97,Airtel,POS,Success,Bengaluru,ATM
TXN000002913,ACC0000949,2025-08-20,Debit,103991.52,Zomato,IMPS,Success,Chandigarh,Mobile
TXN000002914,ACC0000768,2024-09-14,Credit,100939.39,Amazon,NetBanking,Failed,Kochi,Web
TXN000002915,ACC0001019,2024-06-22,Debit,2964.59,DMart,POS,Success,Chandigarh,Web
TXN000002916,ACC0000056,2024-09-22,Debit,114432.24,Airtel,NetBanking,Success,Pune,ATM
TXN000002917,ACC0000421,2024-07-18,Debit,90155.1,School Fees,POS,Failed,Chandigarh,ATM
TXN000002918,ACC0000411,2025-06-08,Credit,53810.8,Uber,NEFT,Success,Kochi,ATM
TXN000002919,ACC0001083,2025-07-28,Debit,457.63,Electricity Board,NEFT,Success,Chandigarh,Mobile
TXN000002920,ACC0000246,2025-04-29,Debit,35085.71,Netflix,IMPS,Success,Delhi,Branch
TXN000002921,ACC0000482,2025-03-28,Credit,12276.57,Amazon,Cheque,Success,Delhi,Web
TXN000002922,ACC0001003,2025-03-02,Debit,115793.41,DMart,RTGS,Success,Lucknow,POS
TXN000002923,ACC0001323,2024-03-11,Credit,76925.17,Reliance Digital,IMPS,Success,Mumbai,POS
TXN000002924,ACC0000291,2024-10-15,Credit,8174.0,Electricity Board,ATM,Success,Bhopal,Web
TXN000002925,ACC0000652,2026-03-05,Credit,73646.73,School Fees,NEFT,Success,Chennai,POS
TXN000002926,ACC0000724,2024-02-05,Debit,120478.42,Ola,IMPS,Success,Pune,POS
TXN000002927,ACC0001211,2025-10-09,Credit,105510.26,IRCTC,ATM,Success,Chennai,Mobile
TXN000002928,ACC0001022,2026-03-30,Credit,18704.2,DMart,NEFT,Success,Lucknow,Branch
TXN000002929,ACC0000430,2024-03-01,Credit,33663.55,Netflix,Cheque,Success,Pune,Mobile
TXN000002930,ACC0001020,2024-12-21,Credit,36927.05,Electricity Board,NEFT,Success,Kochi,Web
TXN000002931,ACC0000333,2024-12-08,Credit,94244.19,Zomato,Cheque,Success,Kochi,Branch
TXN000002932,ACC0000590,2025-01-29,Credit,12245.91,Fuel Station,UPI,Success,Jaipur,Web
TXN000002933,ACC0000090,2026-04-23,Debit,141754.23,Zomato,ATM,Success,Chandigarh,ATM
TXN000002934,ACC0000887,2024-12-11,Credit,95525.67,Reliance Digital,NetBanking,Success,Ahmedabad,Web
TXN000002935,ACC0000239,2026-01-11,Debit,36823.58,Netflix,UPI,Success,Delhi,Mobile
TXN000002936,ACC0000492,2025-01-21,Credit,138606.16,School Fees,POS,Success,Bengaluru,POS
TXN000002937,ACC0000170,2025-06-04,Debit,79019.84,Uber,POS,Success,Bhopal,POS
TXN000002938,ACC0000570,2024-12-26,Debit,65904.72,Ola,Cheque,Success,Chandigarh,Mobile
TXN000002939,ACC0000592,2024-11-09,Debit,118043.22,Zomato,NEFT,Success,Pune,ATM
TXN000002940,ACC0000473,2024-09-26,Debit,88040.73,Jio,POS,Success,Chennai,Branch
TXN000002941,ACC0000530,2025-01-06,Credit,104080.13,Insurance Premium,ATM,Success,Chennai,Branch
TXN000002942,ACC0000328,2025-06-07,Credit,105511.56,Electricity Board,NetBanking,Success,Pune,Mobile
TXN000002943,ACC0001148,2024-09-13,Debit,134265.42,DMart,NEFT,Success,Kochi,Branch
TXN000002944,ACC0000318,2024-04-10,Credit,140873.0,DMart,NetBanking,Success,Ahmedabad,ATM
TXN000002945,ACC0000697,2024-08-07,Credit,32857.4,Insurance Premium,Cheque,Success,Bengaluru,ATM
TXN000002946,ACC0000250,2024-06-04,Debit,37741.31,IRCTC,ATM,Success,Pune,Mobile
TXN000002947,ACC0000417,2024-10-08,Debit,101626.1,Swiggy,IMPS,Success,Bengaluru,Web
TXN000002948,ACC0000471,2024-05-29,Debit,128328.75,Flipkart,Cheque,Success,Delhi,POS
TXN000002949,ACC0000990,2024-02-20,Credit,123473.77,Flipkart,NetBanking,Success,Hyderabad,POS
TXN000002950,ACC0001238,2025-05-16,Debit,94070.77,Fuel Station,RTGS,Success,Pune,Web
TXN000002951,ACC0000199,2025-06-26,Debit,79670.14,Reliance Digital,Cheque,Success,Chandigarh,POS
TXN000002952,ACC0000368,2024-06-11,Debit,141630.84,BigBasket,ATM,Success,Pune,Mobile
TXN000002953,ACC0000125,2025-06-03,Debit,52032.48,Electricity Board,NEFT,Success,Delhi,POS
TXN000002954,ACC0001271,2025-05-23,Credit,84226.2,School Fees,RTGS,Success,Chandigarh,Mobile
TXN000002955,ACC0000844,2025-08-25,Credit,30111.11,Netflix,POS,Success,Chennai,Web
TXN000002956,ACC0000385,2025-12-30,Credit,101594.75,Swiggy,Cheque,Success,Mumbai,Branch
TXN000002957,ACC0000104,2025-11-22,Debit,130759.88,Reliance Digital,IMPS,Success,Chennai,Web
TXN000002958,ACC0001284,2024-02-02,Debit,125462.42,Amazon,NEFT,Success,Lucknow,Web
TXN000002959,ACC0000229,2024-10-27,Credit,33271.44,DMart,UPI,Success,Chandigarh,ATM
TXN000002960,ACC0000350,2024-09-01,Credit,72044.21,Amazon,Cheque,Success,Bengaluru,Mobile
TXN000002961,ACC0000343,2025-07-06,Credit,92932.51,Myntra,NEFT,Success,Chennai,Mobile
TXN000002962,ACC0001166,2025-11-05,Debit,125416.52,IRCTC,Cheque,Success,Chennai,Branch
TXN000002963,ACC0001335,2024-02-08,Debit,26513.48,Fuel Station,NetBanking,Success,Chandigarh,Mobile
TXN000002964,ACC0000729,2024-08-03,Credit,135906.63,BigBasket,NEFT,Failed,Ahmedabad,ATM
TXN000002965,ACC0001010,2025-03-12,Debit,53558.03,Jio,POS,Success,Mumbai,Mobile
TXN000002966,ACC0001096,2024-10-30,Credit,55896.56,Amazon,IMPS,Success,Jaipur,Mobile
TXN000002967,ACC0000240,2024-04-09,Debit,19012.07,Jio,IMPS,Success,Lucknow,Branch
TXN000002968,ACC0000189,2024-08-08,Credit,5092.84,Jio,NetBanking,Success,Pune,ATM
TXN000002969,ACC0000640,2025-05-01,Credit,116820.22,DMart,ATM,Success,Lucknow,Mobile
TXN000002970,ACC0001120,2025-05-29,Credit,136471.13,BigBasket,NetBanking,Success,Mumbai,Web
TXN000002971,ACC0000220,2025-07-02,Credit,120749.6,IRCTC,RTGS,Success,Lucknow,Web
TXN000002972,ACC0000677,2025-09-02,Debit,14051.0,Electricity Board,UPI,Success,Hyderabad,Mobile
TXN000002973,ACC0000108,2025-03-27,Credit,22975.14,Amazon,POS,Success,Lucknow,Branch
TXN000002974,ACC0001141,2024-12-24,Debit,26203.19,IRCTC,IMPS,Success,Pune,Branch
TXN000002975,ACC0000806,2025-12-21,Credit,122536.62,Uber,Cheque,Success,Delhi,ATM
TXN000002976,ACC0001233,2025-09-01,Credit,55618.94,Flipkart,RTGS,Success,Hyderabad,Branch
TXN000002977,ACC0000578,2025-03-27,Credit,139698.8,IRCTC,ATM,Success,Lucknow,ATM
TXN000002978,ACC0000258,2025-05-08,Credit,136731.16,Jio,NEFT,Success,Chandigarh,ATM
TXN000002979,ACC0001205,2026-02-08,Credit,120721.76,Netflix,IMPS,Success,Chennai,Web
TXN000002980,ACC0000089,2024-09-23,Credit,117270.52,Zomato,POS,Success,Lucknow,POS
TXN000002981,ACC0000108,2024-03-26,Credit,34450.25,Jio,UPI,Success,Hyderabad,Branch
TXN000002982,ACC0001048,2024-08-15,Debit,136884.13,BigBasket,NEFT,Success,Delhi,Branch
TXN000002983,ACC0000779,2025-08-02,Debit,35221.03,Airtel,IMPS,Failed,Delhi,Branch
TXN000002984,ACC0000574,2024-04-05,Debit,38297.41,Airtel,UPI,Success,Chennai,Web
TXN000002985,ACC0001310,2024-03-03,Debit,146360.64,Electricity Board,NetBanking,Success,Mumbai,POS
TXN000002986,ACC0001049,2026-02-05,Credit,79118.95,Airtel,POS,Reversed,Chandigarh,Web
TXN000002987,ACC0000875,2025-07-29,Credit,39473.46,Fuel Station,POS,Success,Lucknow,POS
TXN000002988,ACC0001158,2024-09-23,Debit,106711.89,Zomato,POS,Success,Bengaluru,POS
TXN000002989,ACC0001328,2026-05-18,Debit,109696.1,Ola,RTGS,Success,Bengaluru,ATM
TXN000002990,ACC0000669,2025-05-21,Credit,38409.78,Electricity Board,POS,Success,Bhopal,ATM
TXN000002991,ACC0001071,2026-04-01,Debit,131106.7,Insurance Premium,IMPS,Success,Hyderabad,Mobile
TXN000002992,ACC0001048,2025-07-10,Credit,79514.46,Jio,Cheque,Success,Ahmedabad,Branch
TXN000002993,ACC0000765,2025-09-08,Credit,126925.03,DMart,IMPS,Success,Jaipur,ATM
TXN000002994,ACC0000146,2025-09-23,Debit,96394.43,Zomato,Cheque,Success,Hyderabad,ATM
TXN000002995,ACC0000217,2024-05-30,Credit,1316.22,Airtel,NetBanking,Success,Delhi,POS
TXN000002996,ACC0000996,2024-07-27,Credit,8385.42,IRCTC,UPI,Success,Hyderabad,ATM
TXN000002997,ACC0000157,2024-03-07,Credit,94699.64,Ola,ATM,Success,Chennai,Mobile
TXN000002998,ACC0001274,2025-07-31,Debit,23699.28,Ola,NEFT,Success,Hyderabad,ATM
TXN000002999,ACC0001010,2025-01-31,Credit,142946.52,DMart,IMPS,Success,Bhopal,POS
TXN000003000,ACC0001212,2024-04-03,Credit,10673.31,Fuel Station,NEFT,Success,Mumbai,Web
TXN000003001,ACC0000993,2025-06-25,Credit,69012.74,Uber,NetBanking,Success,Ahmedabad,Mobile
TXN000003002,ACC0001131,2024-08-27,Debit,119962.99,Insurance Premium,RTGS,Pending,Delhi,ATM
TXN000003003,ACC0001170,2025-09-16,Debit,67142.33,IRCTC,Cheque,Success,Mumbai,Mobile
TXN000003004,ACC0000089,2025-09-15,Credit,59987.17,Fuel Station,Cheque,Success,Mumbai,POS
TXN000003005,ACC0000947,2024-05-15,Credit,77069.42,Airtel,NetBanking,Success,Delhi,POS
TXN000003006,ACC0000018,2024-12-12,Credit,534.78,DMart,Cheque,Success,Lucknow,Mobile
TXN000003007,ACC0000043,2026-02-07,Credit,137886.66,Zomato,IMPS,Success,Bengaluru,ATM
TXN000003008,ACC0001147,2025-09-20,Debit,131101.99,Flipkart,POS,Success,Bhopal,Mobile
TXN000003009,ACC0000250,2026-02-18,Debit,124843.56,School Fees,NEFT,Success,Ahmedabad,Web
TXN000003010,ACC0000551,2026-03-12,Debit,16829.68,Jio,Cheque,Success,Kochi,ATM
TXN000003011,ACC0000133,2024-10-15,Credit,147110.88,Ola,NEFT,Success,Jaipur,Web
TXN000003012,ACC0000368,2025-01-06,Debit,111565.51,Swiggy,NetBanking,Success,Bengaluru,POS
TXN000003013,ACC0000675,2025-03-19,Debit,57952.56,Fuel Station,IMPS,Success,Lucknow,Mobile
TXN000003014,ACC0000320,2024-11-04,Debit,38015.18,Jio,POS,Success,Bengaluru,Branch
TXN000003015,ACC0000321,2025-06-14,Debit,12590.09,Zomato,POS,Success,Chennai,POS
TXN000003016,ACC0000104,2024-12-19,Credit,70017.44,Netflix,UPI,Reversed,Bengaluru,Branch
TXN000003017,ACC0000291,2024-05-21,Debit,97644.7,Myntra,RTGS,Success,Pune,Web
TXN000003018,ACC0000466,2024-11-24,Credit,69468.73,Ola,Cheque,Success,Delhi,Web
TXN000003019,ACC0000315,2024-04-02,Credit,2544.05,Reliance Digital,IMPS,Success,Delhi,POS
TXN000003020,ACC0000851,2026-03-15,Debit,124763.73,Fuel Station,ATM,Success,Bengaluru,Web
TXN000003021,ACC0001046,2025-05-25,Debit,83218.19,Reliance Digital,UPI,Success,Chennai,POS
TXN000003022,ACC0000886,2025-01-30,Credit,104710.41,Myntra,NetBanking,Success,Jaipur,Web
TXN000003023,ACC0001163,2026-03-22,Credit,94933.44,Myntra,ATM,Success,Ahmedabad,Mobile
TXN000003024,ACC0001306,2025-05-19,Credit,118811.75,Swiggy,NetBanking,Success,Ahmedabad,Branch
TXN000003025,ACC0000527,2025-10-15,Debit,145516.53,Electricity Board,ATM,Success,Jaipur,Branch
TXN000003026,ACC0000959,2024-09-08,Debit,141990.76,Fuel Station,NEFT,Success,Chennai,Web
TXN000003027,ACC0000954,2025-10-12,Debit,87322.9,IRCTC,Cheque,Success,Bengaluru,Web
TXN000003028,ACC0000960,2024-11-24,Debit,63966.18,Uber,ATM,Success,Chennai,POS
TXN000003029,ACC0000594,2024-12-16,Debit,103304.54,Uber,UPI,Success,Bhopal,Mobile
TXN000003030,ACC0000058,2024-11-03,Credit,15063.77,DMart,NetBanking,Success,Ahmedabad,Branch
TXN000003031,ACC0000736,2025-07-20,Debit,30226.8,IRCTC,RTGS,Success,Hyderabad,Branch
TXN000003032,ACC0000682,2025-01-31,Debit,32793.56,Myntra,IMPS,Reversed,Kochi,POS
TXN000003033,ACC0000851,2025-11-17,Debit,115566.24,Airtel,ATM,Success,Chandigarh,Web
TXN000003034,ACC0001361,2024-08-14,Credit,118094.24,School Fees,UPI,Success,Hyderabad,ATM
TXN000003035,ACC0001309,2024-03-20,Credit,118861.06,Airtel,Cheque,Success,Mumbai,Mobile
TXN000003036,ACC0000637,2024-03-21,Debit,17324.22,Airtel,NEFT,Success,Bengaluru,Web
TXN000003037,ACC0000142,2024-06-13,Credit,91452.64,School Fees,NEFT,Success,Kochi,ATM
TXN000003038,ACC0000830,2024-03-06,Credit,86549.49,Jio,RTGS,Failed,Lucknow,Branch
TXN000003039,ACC0000047,2026-01-30,Credit,65903.77,Zomato,NEFT,Success,Pune,Mobile
TXN000003040,ACC0000079,2026-04-29,Debit,90559.69,BigBasket,UPI,Success,Ahmedabad,Branch
TXN000003041,ACC0000604,2025-04-15,Credit,5372.06,Insurance Premium,RTGS,Success,Mumbai,ATM
TXN000003042,ACC0000688,2025-04-02,Credit,43400.63,Myntra,RTGS,Success,Chandigarh,POS
TXN000003043,ACC0000355,2024-06-17,Credit,29690.79,Jio,Cheque,Success,Hyderabad,Mobile
TXN000003044,ACC0000180,2024-03-03,Credit,11920.17,Fuel Station,POS,Success,Ahmedabad,POS
TXN000003045,ACC0000975,2024-09-29,Debit,41484.37,IRCTC,NetBanking,Success,Chennai,Web
TXN000003046,ACC0001213,2025-11-17,Credit,119127.88,Uber,NetBanking,Failed,Chennai,Web
TXN000003047,ACC0001037,2026-01-15,Debit,125067.63,Electricity Board,NEFT,Success,Chennai,Web
TXN000003048,ACC0001107,2024-11-14,Debit,124974.47,Flipkart,POS,Success,Chandigarh,ATM
TXN000003049,ACC0000532,2024-10-26,Credit,118584.44,Insurance Premium,POS,Success,Kochi,POS
TXN000003050,ACC0000992,2024-11-08,Debit,24332.15,Netflix,Cheque,Failed,Kochi,POS
TXN000003051,ACC0001113,2024-10-21,Credit,138868.89,Netflix,POS,Success,Mumbai,Branch
TXN000003052,ACC0000311,2024-11-03,Credit,1463.12,Jio,NEFT,Success,Lucknow,ATM
TXN000003053,ACC0001079,2024-08-01,Credit,42000.84,Flipkart,POS,Success,Ahmedabad,POS
TXN000003054,ACC0000779,2026-01-31,Credit,19251.51,Myntra,IMPS,Success,Hyderabad,Web
TXN000003055,ACC0001161,2026-01-18,Credit,36223.87,Amazon,UPI,Success,Chandigarh,Web
TXN000003056,ACC0001341,2024-07-19,Credit,52719.49,Netflix,IMPS,Success,Pune,ATM
TXN000003057,ACC0000423,2025-11-15,Debit,123351.4,Reliance Digital,NEFT,Success,Pune,Web
TXN000003058,ACC0000638,2025-05-16,Credit,107922.92,Flipkart,NEFT,Success,Delhi,Mobile
TXN000003059,ACC0000129,2024-08-31,Debit,18332.17,Reliance Digital,POS,Success,Jaipur,Web
TXN000003060,ACC0000603,2024-05-07,Debit,94815.17,Netflix,NEFT,Success,Ahmedabad,Branch
TXN000003061,ACC0000638,2025-07-14,Credit,74346.02,Insurance Premium,NEFT,Success,Delhi,Web
TXN000003062,ACC0000663,2024-08-08,Debit,132607.62,Airtel,NEFT,Failed,Pune,Branch
TXN000003063,ACC0001103,2024-06-27,Debit,116428.3,Netflix,NetBanking,Success,Lucknow,Web
TXN000003064,ACC0001252,2025-11-20,Debit,42129.15,Reliance Digital,NEFT,Success,Bengaluru,Mobile
TXN000003065,ACC0001320,2025-07-16,Debit,21222.88,Myntra,Cheque,Success,Bengaluru,ATM
TXN000003066,ACC0000986,2025-02-10,Credit,47207.93,Fuel Station,IMPS,Success,Ahmedabad,ATM
TXN000003067,ACC0000725,2025-09-22,Credit,57604.98,Swiggy,IMPS,Reversed,Kochi,Branch
TXN000003068,ACC0000811,2024-10-08,Debit,84827.75,Ola,NEFT,Success,Ahmedabad,Web
TXN000003069,ACC0000421,2024-03-30,Credit,135791.24,Netflix,NetBanking,Success,Bhopal,POS
TXN000003070,ACC0000651,2025-01-31,Credit,4321.37,Zomato,NEFT,Success,Jaipur,Mobile
TXN000003071,ACC0000503,2024-06-22,Debit,61352.94,DMart,POS,Success,Kochi,Branch
TXN000003072,ACC0000352,2025-03-13,Credit,98893.28,Airtel,NetBanking,Success,Bhopal,Mobile
TXN000003073,ACC0000902,2025-09-27,Debit,36105.7,Electricity Board,Cheque,Success,Chandigarh,Branch
TXN000003074,ACC0001047,2024-10-04,Credit,48230.84,Ola,RTGS,Success,Lucknow,Branch
TXN000003075,ACC0000691,2025-04-06,Debit,114507.81,Insurance Premium,Cheque,Failed,Delhi,Branch
TXN000003076,ACC0000861,2026-03-21,Debit,112253.61,Airtel,NEFT,Success,Delhi,ATM
TXN000003077,ACC0000501,2025-01-10,Credit,26294.44,DMart,RTGS,Success,Hyderabad,Mobile
TXN000003078,ACC0000681,2025-12-05,Debit,53010.43,Electricity Board,NetBanking,Success,Mumbai,ATM
TXN000003079,ACC0000120,2024-12-10,Credit,135950.98,Amazon,Cheque,Success,Jaipur,ATM
TXN000003080,ACC0000874,2025-10-18,Credit,58013.74,Airtel,UPI,Success,Pune,Web
TXN000003081,ACC0000874,2025-06-09,Credit,7135.59,Myntra,POS,Success,Bhopal,Web
TXN000003082,ACC0000279,2025-05-23,Credit,146692.29,Uber,NEFT,Success,Chennai,Mobile
TXN000003083,ACC0000370,2026-02-09,Debit,2149.32,Uber,RTGS,Success,Kochi,Branch
TXN000003084,ACC0001055,2026-03-17,Debit,47787.0,Jio,UPI,Success,Delhi,POS
TXN000003085,ACC0001352,2025-06-09,Debit,1209.11,Insurance Premium,NEFT,Success,Hyderabad,POS
TXN000003086,ACC0001130,2025-11-24,Credit,32367.83,Zomato,Cheque,Success,Delhi,POS
TXN000003087,ACC0001214,2026-05-11,Debit,33096.86,Swiggy,Cheque,Success,Bengaluru,Mobile
TXN000003088,ACC0000847,2025-06-21,Credit,14644.14,BigBasket,Cheque,Success,Lucknow,ATM
TXN000003089,ACC0000017,2025-06-16,Credit,4846.2,Myntra,Cheque,Success,Pune,Web
TXN000003090,ACC0000259,2026-03-12,Credit,45966.63,BigBasket,POS,Success,Kochi,POS
TXN000003091,ACC0000461,2026-03-26,Credit,16147.75,Jio,NetBanking,Success,Bhopal,Mobile
TXN000003092,ACC0000999,2024-07-30,Debit,30177.33,BigBasket,Cheque,Failed,Ahmedabad,Web
TXN000003093,ACC0000237,2026-03-23,Credit,20686.61,Insurance Premium,NetBanking,Success,Pune,Branch
TXN000003094,ACC0001264,2025-11-06,Credit,73803.49,Airtel,NEFT,Success,Kochi,Web
TXN000003095,ACC0000657,2025-10-03,Debit,131622.94,Netflix,NEFT,Success,Ahmedabad,Mobile
TXN000003096,ACC0000934,2024-12-03,Credit,14391.09,Uber,RTGS,Success,Kochi,Mobile
TXN000003097,ACC0000400,2024-12-07,Credit,35179.31,Amazon,RTGS,Success,Jaipur,Mobile
TXN000003098,ACC0000970,2026-05-15,Credit,88933.71,Electricity Board,Cheque,Success,Chennai,Branch
TXN000003099,ACC0000877,2024-09-16,Debit,45719.78,School Fees,IMPS,Success,Lucknow,Web
TXN000003100,ACC0001260,2024-04-18,Debit,98945.62,Zomato,POS,Failed,Kochi,POS
TXN000003101,ACC0001003,2024-02-10,Debit,41960.34,Airtel,UPI,Success,Delhi,Branch
TXN000003102,ACC0000136,2025-01-23,Credit,114633.88,Airtel,UPI,Success,Chandigarh,ATM
TXN000003103,ACC0000662,2025-03-15,Debit,92967.9,DMart,Cheque,Success,Chennai,ATM
TXN000003104,ACC0001008,2024-06-18,Credit,46223.1,Netflix,RTGS,Success,Kochi,Web
TXN000003105,ACC0000540,2025-03-10,Debit,13136.52,Airtel,Cheque,Success,Bengaluru,POS
TXN000003106,ACC0001272,2025-01-26,Debit,63266.11,Airtel,NetBanking,Success,Bhopal,Mobile
TXN000003107,ACC0000863,2024-08-29,Debit,94784.39,DMart,RTGS,Pending,Lucknow,ATM
TXN000003108,ACC0000931,2024-02-04,Credit,127042.04,School Fees,ATM,Success,Lucknow,Mobile
TXN000003109,ACC0000230,2024-02-26,Debit,147938.33,Amazon,RTGS,Success,Chennai,Mobile
TXN000003110,ACC0001275,2026-02-12,Debit,50333.02,Electricity Board,IMPS,Success,Chandigarh,Mobile
TXN000003111,ACC0000995,2024-05-18,Credit,109497.27,Flipkart,RTGS,Success,Mumbai,ATM
TXN000003112,ACC0000814,2025-12-20,Credit,135175.5,Airtel,NEFT,Success,Kochi,Branch
TXN000003113,ACC0000973,2026-01-03,Debit,76256.28,Fuel Station,ATM,Success,Kochi,ATM
TXN000003114,ACC0001269,2025-12-18,Debit,53360.09,Insurance Premium,NEFT,Success,Ahmedabad,Mobile
TXN000003115,ACC0000939,2024-10-27,Debit,90262.34,Myntra,NEFT,Success,Ahmedabad,Mobile
TXN000003116,ACC0000770,2024-06-30,Debit,136188.94,DMart,POS,Success,Kochi,Web
TXN000003117,ACC0000273,2025-02-11,Debit,100607.93,Jio,NetBanking,Success,Chandigarh,POS
TXN000003118,ACC0001171,2024-01-22,Debit,21957.78,DMart,IMPS,Pending,Pune,Mobile
TXN000003119,ACC0001314,2024-11-20,Credit,7502.34,Zomato,ATM,Success,Chennai,Web
TXN000003120,ACC0000081,2025-01-17,Debit,149654.09,Swiggy,RTGS,Success,Bengaluru,POS
TXN000003121,ACC0000579,2024-02-24,Debit,71484.2,DMart,NetBanking,Success,Delhi,Mobile
TXN000003122,ACC0001106,2025-10-09,Credit,146191.51,IRCTC,Cheque,Success,Pune,Web
TXN000003123,ACC0001069,2025-02-11,Debit,81434.74,BigBasket,IMPS,Success,Ahmedabad,ATM
TXN000003124,ACC0000843,2025-10-13,Debit,22893.23,Reliance Digital,POS,Success,Pune,ATM
TXN000003125,ACC0000140,2024-05-03,Debit,108202.66,Airtel,RTGS,Failed,Kochi,Web
TXN000003126,ACC0000623,2025-08-13,Debit,125249.44,Airtel,RTGS,Pending,Delhi,Web
TXN000003127,ACC0000104,2025-08-13,Credit,114906.08,Flipkart,ATM,Success,Mumbai,Web
TXN000003128,ACC0000573,2024-02-02,Credit,101627.08,Reliance Digital,NetBanking,Success,Bengaluru,Web
TXN000003129,ACC0001006,2024-07-28,Debit,32698.49,Ola,IMPS,Success,Chennai,ATM
TXN000003130,ACC0000254,2025-05-08,Debit,85873.06,Jio,IMPS,Success,Lucknow,ATM
TXN000003131,ACC0001241,2026-01-21,Debit,98914.98,Ola,IMPS,Pending,Chandigarh,POS
TXN000003132,ACC0000364,2025-05-21,Credit,122356.29,Zomato,Cheque,Failed,Kochi,Web
TXN000003133,ACC0000166,2025-05-06,Debit,134012.55,Netflix,UPI,Success,Lucknow,POS
TXN000003134,ACC0000864,2024-10-07,Credit,33775.6,Flipkart,ATM,Success,Delhi,POS
TXN000003135,ACC0000860,2024-11-22,Debit,146074.63,BigBasket,NetBanking,Success,Lucknow,Mobile
TXN000003136,ACC0000566,2025-03-10,Credit,7774.66,Netflix,NetBanking,Success,Jaipur,Web
TXN000003137,ACC0000439,2026-02-07,Debit,55836.69,Fuel Station,Cheque,Success,Lucknow,Mobile
TXN000003138,ACC0000365,2024-07-18,Credit,88630.28,BigBasket,Cheque,Success,Bhopal,ATM
TXN000003139,ACC0000003,2025-05-16,Debit,112828.68,Amazon,UPI,Success,Chandigarh,ATM
TXN000003140,ACC0001183,2026-01-24,Debit,116241.64,Uber,ATM,Success,Lucknow,POS
TXN000003141,ACC0000595,2024-01-11,Debit,61.69,DMart,Cheque,Success,Mumbai,ATM
TXN000003142,ACC0000588,2026-05-03,Debit,142723.02,Ola,NEFT,Success,Kochi,ATM
TXN000003143,ACC0001112,2024-11-07,Debit,123564.89,Electricity Board,Cheque,Success,Ahmedabad,Web
TXN000003144,ACC0000366,2024-05-24,Credit,108268.69,IRCTC,NetBanking,Success,Jaipur,POS
TXN000003145,ACC0000965,2025-04-26,Credit,102773.23,Airtel,POS,Pending,Bhopal,ATM
TXN000003146,ACC0001089,2024-12-01,Credit,128798.96,Insurance Premium,NetBanking,Failed,Hyderabad,Mobile
TXN000003147,ACC0001188,2025-03-04,Credit,112099.08,Ola,RTGS,Success,Kochi,Mobile
TXN000003148,ACC0000456,2025-04-16,Credit,26036.99,Airtel,UPI,Success,Bengaluru,Web
TXN000003149,ACC0000864,2025-12-09,Credit,112882.07,Airtel,UPI,Success,Pune,Branch
TXN000003150,ACC0001325,2024-10-20,Debit,34900.52,Zomato,NetBanking,Success,Bengaluru,Branch
TXN000003151,ACC0001007,2025-07-22,Debit,416.01,Zomato,UPI,Success,Delhi,Mobile
TXN000003152,ACC0000101,2026-03-02,Credit,47453.0,Electricity Board,NetBanking,Success,Chandigarh,ATM
TXN000003153,ACC0001342,2026-05-08,Debit,89692.63,Jio,Cheque,Success,Chandigarh,Web
TXN000003154,ACC0001256,2024-07-19,Debit,36903.38,Reliance Digital,Cheque,Success,Kochi,POS
TXN000003155,ACC0000431,2025-06-18,Debit,119480.26,Electricity Board,IMPS,Success,Delhi,ATM
TXN000003156,ACC0000431,2025-07-05,Debit,108001.71,Swiggy,NetBanking,Success,Bhopal,Web
TXN000003157,ACC0000511,2026-04-27,Credit,73698.73,DMart,Cheque,Success,Lucknow,Web
TXN000003158,ACC0001294,2025-09-10,Credit,17145.23,Electricity Board,UPI,Success,Kochi,Branch
TXN000003159,ACC0001223,2024-08-01,Credit,100050.77,Ola,IMPS,Success,Ahmedabad,Branch
TXN000003160,ACC0000118,2026-01-06,Debit,69581.56,Zomato,NetBanking,Success,Jaipur,Web
TXN000003161,ACC0001095,2025-02-17,Credit,8533.86,Fuel Station,Cheque,Success,Lucknow,POS
TXN000003162,ACC0000847,2024-08-22,Debit,100619.77,Insurance Premium,NEFT,Success,Delhi,POS
TXN000003163,ACC0000093,2024-09-28,Credit,86455.2,Myntra,RTGS,Success,Pune,Web
TXN000003164,ACC0000996,2024-06-10,Credit,100311.55,Uber,IMPS,Success,Mumbai,Web
TXN000003165,ACC0000495,2025-12-10,Credit,147588.97,Insurance Premium,Cheque,Success,Pune,Mobile
TXN000003166,ACC0001082,2024-04-23,Debit,117000.24,School Fees,NetBanking,Success,Delhi,Web
TXN000003167,ACC0000290,2024-08-31,Debit,3264.67,Airtel,Cheque,Success,Lucknow,ATM
TXN000003168,ACC0000418,2026-02-22,Debit,52268.6,Zomato,NetBanking,Success,Kochi,Branch
TXN000003169,ACC0000071,2025-11-24,Credit,21023.7,Ola,RTGS,Success,Bhopal,Branch
TXN000003170,ACC0001075,2024-01-28,Debit,118822.43,Electricity Board,NetBanking,Success,Chandigarh,POS
TXN000003171,ACC0000330,2025-10-22,Debit,146389.34,Netflix,UPI,Failed,Delhi,Branch
TXN000003172,ACC0001263,2025-04-23,Credit,75507.92,DMart,POS,Success,Lucknow,Branch
TXN000003173,ACC0000560,2026-03-24,Credit,43100.09,Netflix,RTGS,Reversed,Chennai,POS
TXN000003174,ACC0001158,2025-05-14,Credit,107386.51,Insurance Premium,Cheque,Success,Bengaluru,Web
TXN000003175,ACC0000290,2025-01-22,Debit,46155.95,BigBasket,POS,Failed,Hyderabad,Mobile
TXN000003176,ACC0000022,2025-04-16,Credit,1715.71,Airtel,UPI,Success,Lucknow,ATM
TXN000003177,ACC0001253,2025-03-23,Debit,133933.83,DMart,UPI,Failed,Delhi,Branch
TXN000003178,ACC0000734,2025-10-26,Credit,83135.67,Amazon,NEFT,Failed,Kochi,Mobile
TXN000003179,ACC0000318,2025-05-24,Debit,132875.19,Netflix,UPI,Success,Jaipur,POS
TXN000003180,ACC0001266,2025-01-09,Debit,142641.49,Electricity Board,POS,Failed,Hyderabad,POS
TXN000003181,ACC0001356,2024-09-21,Credit,21590.46,Uber,POS,Success,Jaipur,Branch
TXN000003182,ACC0000375,2024-11-06,Credit,19119.01,School Fees,ATM,Success,Delhi,Web
TXN000003183,ACC0001274,2025-01-17,Debit,85792.95,BigBasket,Cheque,Success,Ahmedabad,Web
TXN000003184,ACC0000428,2024-03-22,Debit,35808.31,Netflix,NetBanking,Success,Ahmedabad,Mobile
TXN000003185,ACC0000987,2025-11-20,Credit,110714.33,Myntra,POS,Success,Mumbai,ATM
TXN000003186,ACC0000428,2026-03-15,Credit,16840.33,BigBasket,IMPS,Success,Lucknow,Branch
TXN000003187,ACC0000085,2024-04-25,Debit,75398.43,BigBasket,Cheque,Success,Mumbai,ATM
TXN000003188,ACC0001184,2025-06-27,Debit,34418.82,Zomato,NEFT,Success,Bengaluru,POS
TXN000003189,ACC0000903,2025-08-19,Debit,120812.3,Jio,IMPS,Success,Hyderabad,Mobile
TXN000003190,ACC0001315,2025-01-04,Credit,43070.33,Zomato,NEFT,Success,Mumbai,Branch
TXN000003191,ACC0000786,2024-07-13,Debit,83966.98,Swiggy,NEFT,Success,Jaipur,Mobile
TXN000003192,ACC0000538,2026-02-01,Debit,81968.04,Electricity Board,NetBanking,Success,Ahmedabad,POS
TXN000003193,ACC0000140,2024-01-16,Debit,40809.7,DMart,NetBanking,Success,Chennai,ATM
TXN000003194,ACC0000143,2025-05-26,Debit,28052.69,Flipkart,POS,Success,Lucknow,Branch
TXN000003195,ACC0001085,2025-01-24,Debit,50471.04,Zomato,RTGS,Success,Bhopal,Mobile
TXN000003196,ACC0000761,2025-10-26,Credit,1066.58,Ola,ATM,Success,Delhi,Branch
TXN000003197,ACC0000022,2026-03-09,Debit,20822.33,DMart,POS,Success,Jaipur,Branch
TXN000003198,ACC0000771,2026-04-29,Debit,8341.44,Airtel,UPI,Reversed,Ahmedabad,Mobile
TXN000003199,ACC0001048,2025-12-13,Debit,96605.78,Fuel Station,NetBanking,Success,Kochi,POS
TXN000003200,ACC0000436,2025-12-17,Debit,71470.71,DMart,NEFT,Failed,Chennai,ATM
TXN000003201,ACC0000546,2025-08-03,Credit,22837.1,Flipkart,RTGS,Success,Bengaluru,Mobile
TXN000003202,ACC0001161,2026-04-07,Debit,139754.27,Amazon,NEFT,Success,Lucknow,ATM
TXN000003203,ACC0000558,2026-02-26,Debit,136396.89,Ola,IMPS,Success,Chandigarh,Web
TXN000003204,ACC0000345,2025-10-09,Credit,11186.75,Flipkart,IMPS,Success,Jaipur,Web
TXN000003205,ACC0000481,2025-10-09,Debit,28862.36,School Fees,NEFT,Success,Hyderabad,Mobile
TXN000003206,ACC0001254,2024-04-10,Debit,80609.34,Uber,POS,Pending,Hyderabad,ATM
TXN000003207,ACC0001094,2024-07-31,Debit,119307.78,Ola,NetBanking,Success,Hyderabad,Web
TXN000003208,ACC0001055,2026-04-02,Debit,94979.45,Airtel,NetBanking,Success,Kochi,ATM
TXN000003209,ACC0000848,2025-11-05,Debit,5159.16,Netflix,UPI,Success,Bhopal,Branch
TXN000003210,ACC0001140,2025-12-17,Debit,52483.56,Reliance Digital,NEFT,Success,Pune,Mobile
TXN000003211,ACC0000190,2025-12-02,Debit,40470.34,School Fees,POS,Success,Delhi,POS
TXN000003212,ACC0001302,2025-09-27,Credit,72158.79,Uber,NEFT,Success,Kochi,POS
TXN000003213,ACC0000235,2025-10-11,Credit,113666.02,Swiggy,ATM,Success,Jaipur,Mobile
TXN000003214,ACC0001222,2024-04-23,Debit,51201.7,Fuel Station,NEFT,Success,Jaipur,Branch
TXN000003215,ACC0000850,2025-02-04,Debit,136609.38,Myntra,POS,Success,Pune,Branch
TXN000003216,ACC0000482,2025-02-12,Debit,95087.03,DMart,Cheque,Failed,Lucknow,ATM
TXN000003217,ACC0000888,2024-12-26,Credit,93126.91,Flipkart,IMPS,Success,Chennai,Branch
TXN000003218,ACC0000272,2024-04-14,Credit,120326.24,Myntra,IMPS,Success,Jaipur,Branch
TXN000003219,ACC0001046,2024-04-20,Debit,92104.8,Electricity Board,NetBanking,Success,Jaipur,Web
TXN000003220,ACC0001124,2025-12-30,Debit,60614.25,Netflix,UPI,Success,Hyderabad,Web
TXN000003221,ACC0000178,2024-07-23,Debit,12355.59,BigBasket,RTGS,Success,Delhi,Mobile
TXN000003222,ACC0000910,2025-06-02,Debit,24620.02,Ola,Cheque,Success,Chennai,ATM
TXN000003223,ACC0001184,2026-02-05,Debit,66869.91,IRCTC,RTGS,Success,Bhopal,Mobile
TXN000003224,ACC0000989,2025-12-16,Debit,11467.64,Myntra,IMPS,Failed,Pune,POS
TXN000003225,ACC0001119,2026-04-13,Credit,142052.71,Uber,RTGS,Success,Chandigarh,Branch
TXN000003226,ACC0001396,2025-06-24,Debit,45696.69,Fuel Station,ATM,Success,Mumbai,ATM
TXN000003227,ACC0000400,2025-10-05,Debit,22764.76,Myntra,NEFT,Success,Pune,ATM
TXN000003228,ACC0000700,2026-04-09,Debit,88486.09,Flipkart,NetBanking,Success,Hyderabad,Branch
TXN000003229,ACC0000538,2025-06-02,Credit,18692.13,Flipkart,POS,Success,Pune,Mobile
TXN000003230,ACC0001199,2024-10-23,Debit,99395.84,Swiggy,POS,Failed,Kochi,ATM
TXN000003231,ACC0000486,2024-03-09,Credit,37702.74,Myntra,NEFT,Success,Mumbai,ATM
TXN000003232,ACC0000516,2024-11-09,Debit,17639.71,Netflix,RTGS,Reversed,Lucknow,Branch
TXN000003233,ACC0000368,2025-01-25,Credit,122858.8,Swiggy,ATM,Success,Chandigarh,Mobile
TXN000003234,ACC0000778,2024-03-19,Debit,44853.51,Airtel,Cheque,Success,Lucknow,ATM
TXN000003235,ACC0001061,2024-03-31,Credit,108588.76,Reliance Digital,ATM,Success,Lucknow,POS
TXN000003236,ACC0000141,2024-04-23,Credit,914.69,Airtel,Cheque,Success,Chandigarh,Branch
TXN000003237,ACC0000707,2024-04-11,Credit,87452.07,Uber,POS,Success,Hyderabad,POS
TXN000003238,ACC0000997,2024-02-07,Debit,57579.87,Fuel Station,IMPS,Success,Jaipur,Mobile
TXN000003239,ACC0001060,2025-06-16,Credit,38623.34,Electricity Board,NEFT,Success,Kochi,Branch
TXN000003240,ACC0001085,2024-06-22,Credit,70286.61,Reliance Digital,UPI,Success,Ahmedabad,Mobile
TXN000003241,ACC0000934,2026-01-10,Debit,118156.98,Jio,ATM,Success,Mumbai,Web
TXN000003242,ACC0000045,2024-01-03,Debit,56680.17,Uber,POS,Success,Delhi,POS
TXN000003243,ACC0001259,2025-06-09,Credit,12592.42,Insurance Premium,RTGS,Success,Mumbai,Web
TXN000003244,ACC0001010,2026-01-01,Debit,56673.39,Zomato,Cheque,Success,Hyderabad,ATM
TXN000003245,ACC0000455,2024-11-27,Debit,91985.61,Flipkart,ATM,Success,Bengaluru,ATM
TXN000003246,ACC0000092,2025-04-20,Credit,7258.56,DMart,POS,Success,Bengaluru,Web
TXN000003247,ACC0000857,2025-01-09,Debit,98552.34,Uber,RTGS,Success,Pune,Web
TXN000003248,ACC0001154,2024-11-08,Debit,28515.6,Airtel,NEFT,Success,Chandigarh,Branch
TXN000003249,ACC0001259,2025-03-06,Debit,44431.93,Flipkart,NetBanking,Success,Bhopal,Mobile
TXN000003250,ACC0001250,2024-06-09,Debit,106002.94,Fuel Station,ATM,Failed,Bhopal,Branch
TXN000003251,ACC0000184,2024-04-27,Credit,104897.69,Jio,ATM,Success,Delhi,POS
TXN000003252,ACC0001260,2025-03-20,Debit,105195.48,Airtel,NetBanking,Success,Mumbai,Web
TXN000003253,ACC0000739,2024-06-26,Debit,132788.68,Myntra,UPI,Success,Bengaluru,POS
TXN000003254,ACC0001323,2024-07-12,Debit,27513.61,Electricity Board,ATM,Success,Lucknow,POS
TXN000003255,ACC0001262,2024-11-22,Credit,96959.25,Ola,POS,Success,Kochi,POS
TXN000003256,ACC0000343,2025-05-09,Credit,9616.28,Uber,Cheque,Success,Ahmedabad,Branch
TXN000003257,ACC0001276,2025-01-10,Debit,53337.43,Netflix,NEFT,Success,Kochi,POS
TXN000003258,ACC0001375,2025-07-02,Credit,65374.25,Reliance Digital,NetBanking,Success,Jaipur,Branch
TXN000003259,ACC0000930,2024-01-04,Credit,12088.64,BigBasket,IMPS,Success,Delhi,Web
TXN000003260,ACC0000460,2025-06-12,Debit,139921.96,Insurance Premium,POS,Success,Chandigarh,Branch
TXN000003261,ACC0000366,2025-06-07,Credit,43122.15,Reliance Digital,POS,Success,Pune,ATM
TXN000003262,ACC0000591,2025-10-05,Debit,78980.32,DMart,NetBanking,Failed,Hyderabad,POS
TXN000003263,ACC0000261,2024-10-20,Credit,55778.65,Reliance Digital,UPI,Success,Hyderabad,Branch
TXN000003264,ACC0000510,2024-03-06,Debit,50976.47,Airtel,NEFT,Success,Chandigarh,Branch
TXN000003265,ACC0000778,2026-03-16,Credit,127483.07,Myntra,IMPS,Pending,Chennai,ATM
TXN000003266,ACC0000209,2024-11-24,Debit,71399.88,Myntra,NEFT,Success,Mumbai,Mobile
TXN000003267,ACC0000080,2024-06-15,Debit,122896.95,IRCTC,NEFT,Success,Hyderabad,POS
TXN000003268,ACC0000693,2024-04-08,Debit,16036.09,Myntra,RTGS,Success,Bengaluru,POS
TXN000003269,ACC0000728,2024-05-09,Debit,14853.31,IRCTC,NetBanking,Success,Chandigarh,Web
TXN000003270,ACC0000845,2024-04-26,Debit,111992.35,Ola,ATM,Success,Lucknow,Mobile
TXN000003271,ACC0000689,2024-05-07,Debit,40037.47,Jio,Cheque,Success,Lucknow,ATM
TXN000003272,ACC0001128,2026-04-29,Debit,4884.51,BigBasket,NEFT,Success,Ahmedabad,Mobile
TXN000003273,ACC0000427,2024-07-09,Credit,80533.07,Reliance Digital,IMPS,Success,Jaipur,Web
TXN000003274,ACC0000692,2025-09-17,Credit,40344.19,Flipkart,RTGS,Success,Jaipur,POS
TXN000003275,ACC0000386,2024-12-15,Credit,131464.2,Fuel Station,NEFT,Success,Hyderabad,Web
TXN000003276,ACC0000411,2024-10-27,Debit,15074.5,Netflix,POS,Success,Kochi,ATM
TXN000003277,ACC0000896,2025-01-25,Debit,24288.14,Amazon,IMPS,Success,Pune,ATM
TXN000003278,ACC0000583,2024-08-26,Credit,101402.11,Amazon,NetBanking,Success,Delhi,POS
TXN000003279,ACC0000765,2025-03-23,Credit,104394.64,Insurance Premium,NetBanking,Success,Ahmedabad,POS
TXN000003280,ACC0000446,2025-08-06,Debit,142607.46,Swiggy,ATM,Success,Chandigarh,ATM
TXN000003281,ACC0000559,2025-11-06,Credit,26040.15,BigBasket,UPI,Success,Chennai,Mobile
TXN000003282,ACC0000742,2024-11-30,Credit,74191.27,Electricity Board,NetBanking,Failed,Lucknow,Web
TXN000003283,ACC0000683,2025-04-29,Credit,24914.76,Flipkart,IMPS,Success,Ahmedabad,POS
TXN000003284,ACC0000823,2025-03-19,Credit,65200.76,School Fees,POS,Success,Bhopal,Branch
TXN000003285,ACC0000436,2024-03-09,Credit,57812.11,Flipkart,NetBanking,Success,Delhi,Branch
TXN000003286,ACC0001262,2026-03-16,Credit,69275.58,Jio,POS,Success,Chennai,Web
TXN000003287,ACC0000161,2025-05-22,Credit,53082.3,BigBasket,UPI,Failed,Chandigarh,Mobile
TXN000003288,ACC0001355,2025-08-10,Debit,69169.28,Myntra,UPI,Success,Chandigarh,POS
TXN000003289,ACC0001185,2025-09-16,Debit,82223.43,Fuel Station,RTGS,Reversed,Kochi,Branch
TXN000003290,ACC0000418,2024-04-12,Credit,24207.96,Uber,ATM,Success,Bengaluru,Mobile
TXN000003291,ACC0000346,2025-07-15,Credit,130479.5,Myntra,UPI,Success,Chandigarh,Mobile
TXN000003292,ACC0001280,2024-02-15,Debit,16167.57,Uber,UPI,Success,Bhopal,POS
TXN000003293,ACC0001198,2024-11-05,Credit,18663.28,Swiggy,ATM,Success,Mumbai,POS
TXN000003294,ACC0000715,2024-09-04,Credit,11925.03,Uber,Cheque,Success,Bhopal,Web
TXN000003295,ACC0001232,2026-03-13,Debit,136335.64,Myntra,ATM,Success,Bengaluru,Web
TXN000003296,ACC0000844,2025-12-09,Credit,20391.78,Uber,RTGS,Success,Bhopal,Web
TXN000003297,ACC0000585,2026-01-11,Credit,89975.31,Jio,UPI,Success,Bengaluru,Branch
TXN000003298,ACC0000054,2024-10-16,Debit,12594.34,Uber,IMPS,Success,Hyderabad,POS
TXN000003299,ACC0000820,2025-10-02,Debit,50646.21,IRCTC,Cheque,Success,Jaipur,POS
TXN000003300,ACC0000363,2025-10-25,Credit,14729.67,School Fees,NEFT,Success,Chennai,ATM
TXN000003301,ACC0000799,2024-06-12,Credit,38986.07,School Fees,UPI,Success,Lucknow,Mobile
TXN000003302,ACC0000331,2025-04-24,Credit,114289.36,Amazon,NetBanking,Success,Pune,Mobile
TXN000003303,ACC0000652,2024-12-15,Debit,11266.44,Reliance Digital,RTGS,Success,Mumbai,Web
TXN000003304,ACC0001374,2024-09-01,Debit,134301.92,Insurance Premium,Cheque,Success,Jaipur,Mobile
TXN000003305,ACC0000632,2026-02-20,Debit,35388.65,Insurance Premium,POS,Success,Bengaluru,Branch
TXN000003306,ACC0000407,2024-02-06,Debit,73876.83,Swiggy,POS,Success,Hyderabad,Mobile
TXN000003307,ACC0000016,2024-12-10,Credit,130311.38,Jio,NetBanking,Success,Chennai,Mobile
TXN000003308,ACC0000391,2024-04-12,Debit,35421.89,Airtel,NEFT,Success,Kochi,Web
TXN000003309,ACC0001250,2026-03-19,Credit,80930.74,Ola,IMPS,Success,Chandigarh,ATM
TXN000003310,ACC0000405,2024-08-05,Credit,45429.84,Amazon,UPI,Reversed,Chandigarh,Branch
TXN000003311,ACC0001165,2026-04-20,Credit,11457.33,Jio,POS,Success,Bhopal,ATM
TXN000003312,ACC0000885,2024-11-09,Debit,31112.96,Myntra,RTGS,Success,Bhopal,Branch
TXN000003313,ACC0000666,2025-10-16,Credit,77279.93,Zomato,RTGS,Success,Pune,Web
TXN000003314,ACC0000633,2024-07-10,Debit,48183.15,Fuel Station,RTGS,Success,Ahmedabad,ATM
TXN000003315,ACC0000728,2025-07-16,Debit,68438.56,DMart,RTGS,Success,Delhi,POS
TXN000003316,ACC0001017,2024-10-28,Credit,102520.71,Amazon,NetBanking,Success,Bengaluru,Web
TXN000003317,ACC0001313,2024-06-08,Credit,42169.42,Ola,ATM,Pending,Kochi,Web
TXN000003318,ACC0000018,2024-12-08,Debit,67909.25,Amazon,NEFT,Success,Bengaluru,ATM
TXN000003319,ACC0001300,2024-10-02,Credit,28476.35,Swiggy,ATM,Success,Mumbai,Branch
TXN000003320,ACC0000257,2025-02-10,Credit,90800.86,Reliance Digital,NetBanking,Failed,Bengaluru,ATM
TXN000003321,ACC0000313,2025-02-19,Debit,28165.23,Uber,POS,Pending,Hyderabad,ATM
TXN000003322,ACC0000997,2026-02-25,Credit,97198.61,Insurance Premium,NetBanking,Success,Chennai,ATM
TXN000003323,ACC0000982,2025-01-30,Debit,139053.2,Electricity Board,NetBanking,Success,Mumbai,Mobile
TXN000003324,ACC0000477,2025-09-21,Credit,19932.09,School Fees,IMPS,Success,Lucknow,Mobile
TXN000003325,ACC0000351,2025-05-10,Debit,62584.22,Swiggy,NetBanking,Success,Ahmedabad,Branch
TXN000003326,ACC0001277,2024-05-02,Credit,81033.24,Ola,Cheque,Success,Delhi,ATM
TXN000003327,ACC0000086,2025-08-20,Debit,81731.23,Netflix,IMPS,Success,Jaipur,POS
TXN000003328,ACC0000377,2025-04-14,Debit,145605.19,Netflix,NetBanking,Success,Delhi,Mobile
TXN000003329,ACC0001159,2025-11-19,Debit,57411.3,Airtel,IMPS,Success,Hyderabad,Web
TXN000003330,ACC0000691,2025-09-05,Debit,67796.75,Flipkart,POS,Success,Mumbai,ATM
TXN000003331,ACC0001165,2025-12-21,Credit,8274.23,DMart,ATM,Success,Lucknow,Mobile
TXN000003332,ACC0000161,2024-08-05,Credit,20640.99,Amazon,IMPS,Failed,Kochi,Branch
TXN000003333,ACC0001308,2026-04-20,Debit,49617.0,Swiggy,IMPS,Success,Bengaluru,Mobile
TXN000003334,ACC0000952,2026-03-19,Credit,29590.39,Reliance Digital,RTGS,Success,Kochi,Web
TXN000003335,ACC0000456,2025-11-22,Credit,81164.39,Airtel,NEFT,Success,Delhi,Web
TXN000003336,ACC0001284,2025-05-24,Debit,93026.07,Insurance Premium,RTGS,Success,Chandigarh,ATM
TXN000003337,ACC0001233,2025-04-24,Credit,82716.65,Jio,Cheque,Pending,Bengaluru,Web
TXN000003338,ACC0000802,2024-10-27,Credit,82726.4,IRCTC,IMPS,Success,Jaipur,ATM
TXN000003339,ACC0000674,2024-09-23,Credit,38397.03,Electricity Board,NetBanking,Success,Chennai,Web
TXN000003340,ACC0000049,2024-01-24,Debit,23325.96,Jio,NEFT,Success,Chandigarh,POS
TXN000003341,ACC0001303,2025-10-03,Credit,84925.67,Swiggy,Cheque,Success,Bengaluru,POS
TXN000003342,ACC0001053,2026-02-16,Credit,31312.51,Amazon,ATM,Success,Chandigarh,Web
TXN000003343,ACC0001199,2024-03-27,Credit,43472.0,School Fees,NEFT,Success,Delhi,ATM
TXN000003344,ACC0001211,2024-01-22,Credit,133928.84,Netflix,UPI,Reversed,Chennai,POS
TXN000003345,ACC0000696,2024-09-01,Credit,42378.96,IRCTC,Cheque,Success,Ahmedabad,Web
TXN000003346,ACC0001169,2024-01-07,Debit,97531.1,Zomato,ATM,Pending,Chandigarh,Branch
TXN000003347,ACC0000229,2025-11-21,Debit,61433.38,Jio,RTGS,Pending,Jaipur,Web
TXN000003348,ACC0000560,2025-06-22,Debit,77967.83,Netflix,NEFT,Pending,Chandigarh,ATM
TXN000003349,ACC0000477,2024-07-19,Credit,75915.14,Insurance Premium,UPI,Pending,Bhopal,Branch
TXN000003350,ACC0000989,2024-02-08,Debit,44172.88,DMart,Cheque,Success,Bengaluru,Web
TXN000003351,ACC0000849,2024-10-01,Debit,50223.64,Swiggy,POS,Success,Kochi,Web
TXN000003352,ACC0001079,2024-08-27,Credit,120381.06,Netflix,Cheque,Success,Delhi,ATM
TXN000003353,ACC0000580,2025-03-20,Debit,41741.96,Myntra,ATM,Success,Delhi,Web
TXN000003354,ACC0000350,2026-03-22,Debit,92984.68,Swiggy,UPI,Failed,Ahmedabad,Mobile
TXN000003355,ACC0000694,2025-11-21,Debit,128872.91,Netflix,NEFT,Success,Kochi,Branch
TXN000003356,ACC0001077,2024-02-24,Credit,18155.14,Swiggy,ATM,Success,Bengaluru,Web
TXN000003357,ACC0000760,2026-03-15,Credit,50710.25,Jio,IMPS,Success,Mumbai,Mobile
TXN000003358,ACC0000555,2026-05-19,Debit,80700.72,Zomato,RTGS,Success,Hyderabad,Mobile
TXN000003359,ACC0000818,2024-02-20,Debit,57412.89,Zomato,Cheque,Success,Kochi,POS
TXN000003360,ACC0000369,2025-07-22,Debit,134422.66,School Fees,ATM,Success,Kochi,ATM
TXN000003361,ACC0000184,2024-07-22,Debit,128072.05,School Fees,RTGS,Success,Chandigarh,ATM
TXN000003362,ACC0000094,2025-10-25,Credit,13353.52,Uber,Cheque,Success,Mumbai,POS
TXN000003363,ACC0000063,2024-04-06,Credit,77597.59,Reliance Digital,NEFT,Success,Bhopal,Branch
TXN000003364,ACC0001047,2024-04-04,Credit,94378.96,Ola,RTGS,Success,Chennai,Branch
TXN000003365,ACC0000782,2025-08-25,Debit,79902.08,Ola,IMPS,Success,Ahmedabad,ATM
TXN000003366,ACC0000453,2026-02-07,Credit,139811.04,Amazon,UPI,Failed,Ahmedabad,ATM
TXN000003367,ACC0000860,2024-08-19,Debit,109571.35,DMart,ATM,Success,Mumbai,Branch
TXN000003368,ACC0000213,2024-03-29,Debit,13438.94,Reliance Digital,UPI,Success,Lucknow,ATM
TXN000003369,ACC0000800,2025-12-20,Credit,673.03,Swiggy,NetBanking,Success,Jaipur,POS
TXN000003370,ACC0000549,2025-12-07,Debit,46655.59,School Fees,IMPS,Success,Mumbai,POS
TXN000003371,ACC0001070,2026-02-25,Debit,79663.09,Electricity Board,NEFT,Success,Kochi,ATM
TXN000003372,ACC0001176,2026-03-10,Credit,20996.05,Uber,ATM,Failed,Mumbai,Branch
TXN000003373,ACC0000758,2024-11-12,Debit,127603.58,Insurance Premium,Cheque,Success,Hyderabad,POS
TXN000003374,ACC0000840,2025-02-17,Debit,97536.38,Zomato,UPI,Success,Ahmedabad,Mobile
TXN000003375,ACC0000836,2024-10-06,Credit,99169.57,Ola,NEFT,Success,Bhopal,Web
TXN000003376,ACC0000397,2024-03-05,Credit,93629.65,Fuel Station,UPI,Success,Jaipur,ATM
TXN000003377,ACC0001080,2025-03-24,Debit,36455.41,Zomato,NEFT,Success,Pune,POS
TXN000003378,ACC0001180,2024-09-13,Credit,51906.42,Flipkart,ATM,Success,Pune,ATM
TXN000003379,ACC0000181,2026-05-01,Debit,120614.14,Myntra,POS,Success,Pune,ATM
TXN000003380,ACC0000570,2025-02-08,Credit,64286.65,Jio,NetBanking,Success,Pune,ATM
TXN000003381,ACC0000230,2024-05-23,Debit,123335.86,Flipkart,Cheque,Success,Kochi,Mobile
TXN000003382,ACC0000692,2024-07-15,Debit,115215.86,Airtel,NetBanking,Success,Ahmedabad,Web
TXN000003383,ACC0000839,2024-12-13,Credit,108229.59,Zomato,POS,Success,Delhi,Branch
TXN000003384,ACC0000058,2024-08-31,Debit,137353.57,Reliance Digital,POS,Success,Ahmedabad,POS
TXN000003385,ACC0001323,2025-06-12,Credit,7123.22,Myntra,NEFT,Success,Chandigarh,POS
TXN000003386,ACC0000392,2024-07-28,Debit,122877.71,Uber,IMPS,Success,Ahmedabad,ATM
TXN000003387,ACC0001107,2024-05-06,Credit,19660.45,Amazon,NEFT,Success,Hyderabad,POS
TXN000003388,ACC0001115,2025-08-01,Debit,32621.04,Amazon,ATM,Success,Hyderabad,ATM
TXN000003389,ACC0000861,2026-01-23,Credit,46426.1,Amazon,NEFT,Failed,Mumbai,Branch
TXN000003390,ACC0000887,2026-05-04,Credit,110.69,Airtel,Cheque,Success,Mumbai,POS
TXN000003391,ACC0000096,2024-05-26,Debit,91607.2,Fuel Station,UPI,Success,Hyderabad,ATM
TXN000003392,ACC0001239,2026-02-20,Debit,116672.25,Swiggy,RTGS,Success,Jaipur,Branch
TXN000003393,ACC0001087,2024-05-16,Debit,28193.49,Myntra,NetBanking,Success,Bhopal,Web
TXN000003394,ACC0000797,2025-05-01,Debit,100781.74,BigBasket,Cheque,Failed,Lucknow,Branch
TXN000003395,ACC0000380,2025-11-28,Debit,107392.64,Ola,IMPS,Success,Ahmedabad,Mobile
TXN000003396,ACC0000733,2025-10-09,Debit,106112.02,Fuel Station,NEFT,Success,Chennai,Mobile
TXN000003397,ACC0000284,2026-03-25,Credit,124871.33,Fuel Station,Cheque,Success,Mumbai,POS
TXN000003398,ACC0000968,2024-11-25,Credit,50728.28,Myntra,IMPS,Success,Kochi,Mobile
TXN000003399,ACC0001114,2026-02-02,Debit,119791.85,School Fees,NetBanking,Success,Ahmedabad,Branch
TXN000003400,ACC0000052,2024-04-25,Credit,133077.6,Reliance Digital,Cheque,Success,Chennai,Mobile
TXN000003401,ACC0000612,2024-09-03,Debit,3341.58,Uber,ATM,Success,Bhopal,Web
TXN000003402,ACC0001118,2024-11-14,Debit,139325.64,Amazon,ATM,Success,Chennai,ATM
TXN000003403,ACC0001092,2026-03-25,Debit,109162.43,Airtel,Cheque,Failed,Bengaluru,Web
TXN000003404,ACC0000841,2024-08-20,Debit,72254.19,DMart,UPI,Success,Ahmedabad,Mobile
TXN000003405,ACC0000496,2024-11-13,Credit,116496.37,Jio,ATM,Success,Hyderabad,Web
TXN000003406,ACC0000129,2024-02-13,Debit,141250.18,Netflix,ATM,Pending,Jaipur,POS
TXN000003407,ACC0000858,2026-01-05,Credit,69101.37,Reliance Digital,UPI,Success,Lucknow,POS
TXN000003408,ACC0000007,2026-01-08,Debit,11444.34,Electricity Board,ATM,Success,Jaipur,Mobile
TXN000003409,ACC0000954,2024-04-30,Credit,86161.6,BigBasket,UPI,Success,Pune,ATM
TXN000003410,ACC0000334,2024-05-16,Credit,103983.11,BigBasket,UPI,Pending,Bhopal,POS
TXN000003411,ACC0000069,2025-04-09,Credit,3924.9,Netflix,POS,Success,Mumbai,Branch
TXN000003412,ACC0000610,2026-05-13,Credit,51690.25,Jio,RTGS,Success,Pune,ATM
TXN000003413,ACC0000321,2026-04-01,Debit,65099.0,IRCTC,UPI,Success,Lucknow,Branch
TXN000003414,ACC0001108,2025-07-28,Debit,123365.55,Reliance Digital,UPI,Success,Lucknow,Mobile
TXN000003415,ACC0000241,2025-12-26,Debit,96328.3,Jio,UPI,Pending,Chandigarh,ATM
TXN000003416,ACC0000379,2024-06-05,Credit,125025.31,Uber,RTGS,Success,Bengaluru,Web
TXN000003417,ACC0001328,2025-01-09,Debit,138523.71,Myntra,Cheque,Success,Chennai,ATM
TXN000003418,ACC0000795,2026-04-30,Debit,48811.7,IRCTC,ATM,Success,Chennai,POS
TXN000003419,ACC0000580,2025-07-29,Credit,97448.11,Electricity Board,UPI,Failed,Lucknow,Branch
TXN000003420,ACC0000976,2025-03-23,Debit,140300.84,Airtel,POS,Success,Lucknow,POS
TXN000003421,ACC0000762,2024-03-30,Credit,44929.85,IRCTC,ATM,Success,Ahmedabad,Web
TXN000003422,ACC0000544,2026-05-17,Credit,102229.48,School Fees,POS,Success,Pune,Web
TXN000003423,ACC0000376,2024-07-31,Debit,73605.62,Netflix,NEFT,Success,Lucknow,ATM
TXN000003424,ACC0001087,2025-10-04,Credit,38975.17,BigBasket,ATM,Success,Lucknow,ATM
TXN000003425,ACC0000904,2026-03-07,Credit,141117.31,Reliance Digital,Cheque,Success,Delhi,Mobile
TXN000003426,ACC0000396,2026-03-05,Credit,80555.42,IRCTC,Cheque,Success,Ahmedabad,ATM
TXN000003427,ACC0000113,2025-06-01,Debit,100121.52,Electricity Board,NetBanking,Success,Bhopal,Branch
TXN000003428,ACC0000358,2025-12-20,Debit,49610.15,Amazon,POS,Success,Chennai,ATM
TXN000003429,ACC0000360,2024-08-02,Credit,10497.44,Uber,NetBanking,Success,Kochi,ATM
TXN000003430,ACC0000652,2024-03-28,Debit,51953.48,Zomato,NEFT,Success,Delhi,Web
TXN000003431,ACC0001068,2025-10-19,Credit,92382.52,Insurance Premium,UPI,Success,Bhopal,ATM
TXN000003432,ACC0001354,2024-04-20,Debit,47273.19,Uber,NetBanking,Success,Mumbai,Mobile
TXN000003433,ACC0001013,2024-12-24,Credit,114949.65,DMart,NetBanking,Success,Delhi,Branch
TXN000003434,ACC0000757,2025-01-31,Debit,24785.65,Ola,NEFT,Success,Chennai,ATM
TXN000003435,ACC0000767,2026-01-23,Credit,103257.5,Airtel,Cheque,Success,Hyderabad,Branch
TXN000003436,ACC0000235,2024-01-06,Credit,35810.68,IRCTC,IMPS,Success,Lucknow,Mobile
TXN000003437,ACC0000170,2024-02-21,Credit,12155.22,Flipkart,IMPS,Success,Chennai,POS
TXN000003438,ACC0001063,2025-06-30,Credit,107986.45,Uber,Cheque,Pending,Pune,Branch
TXN000003439,ACC0000738,2024-10-24,Debit,72909.01,Reliance Digital,IMPS,Success,Hyderabad,POS
TXN000003440,ACC0000140,2025-12-24,Credit,149137.8,BigBasket,RTGS,Success,Ahmedabad,Branch
TXN000003441,ACC0001278,2025-06-09,Debit,53781.22,Amazon,ATM,Success,Kochi,ATM
TXN000003442,ACC0000423,2025-04-09,Credit,147075.41,Netflix,ATM,Success,Jaipur,Web
TXN000003443,ACC0000972,2025-04-22,Credit,97189.11,Flipkart,IMPS,Success,Chennai,ATM
TXN000003444,ACC0001250,2025-07-08,Debit,52186.49,Amazon,UPI,Success,Mumbai,POS
TXN000003445,ACC0000609,2024-02-25,Debit,29805.57,Myntra,IMPS,Failed,Jaipur,Branch
TXN000003446,ACC0000831,2025-06-28,Debit,49773.19,School Fees,Cheque,Success,Chennai,Branch
TXN000003447,ACC0000616,2024-09-05,Credit,143828.59,BigBasket,IMPS,Success,Chandigarh,Branch
TXN000003448,ACC0000287,2024-06-25,Debit,6479.7,Fuel Station,ATM,Success,Chandigarh,POS
TXN000003449,ACC0000091,2024-03-22,Debit,13852.63,Zomato,IMPS,Success,Delhi,Branch
TXN000003450,ACC0001344,2025-12-02,Credit,20815.42,Electricity Board,POS,Success,Jaipur,POS
TXN000003451,ACC0000572,2024-04-20,Credit,43633.78,Jio,POS,Success,Hyderabad,ATM
TXN000003452,ACC0000017,2025-04-07,Credit,80636.9,Insurance Premium,Cheque,Success,Ahmedabad,Mobile
TXN000003453,ACC0000095,2026-01-12,Credit,23805.53,Myntra,UPI,Success,Chennai,ATM
TXN000003454,ACC0001044,2025-03-12,Debit,36013.09,Fuel Station,ATM,Failed,Chennai,ATM
TXN000003455,ACC0000558,2026-03-06,Debit,32924.69,Flipkart,RTGS,Success,Hyderabad,POS
TXN000003456,ACC0001360,2024-09-05,Debit,121659.7,Fuel Station,NetBanking,Pending,Lucknow,Web
TXN000003457,ACC0000113,2025-07-04,Debit,82219.82,IRCTC,NEFT,Success,Bhopal,Branch
TXN000003458,ACC0000699,2025-07-12,Debit,91934.48,Zomato,IMPS,Success,Delhi,Web
TXN000003459,ACC0001394,2024-12-30,Debit,12035.41,Airtel,RTGS,Success,Bengaluru,Web
TXN000003460,ACC0000043,2024-04-23,Debit,17967.15,Zomato,POS,Success,Chandigarh,ATM
TXN000003461,ACC0000923,2026-05-01,Debit,68617.3,IRCTC,ATM,Success,Bhopal,Branch
TXN000003462,ACC0000616,2024-11-29,Debit,142432.65,Fuel Station,NEFT,Success,Delhi,Branch
TXN000003463,ACC0000851,2024-08-03,Debit,125081.95,Swiggy,UPI,Success,Bengaluru,ATM
TXN000003464,ACC0000606,2025-03-15,Credit,108794.75,DMart,ATM,Pending,Kochi,Branch
TXN000003465,ACC0000761,2026-04-06,Debit,106326.4,Amazon,UPI,Success,Pune,POS
TXN000003466,ACC0001392,2024-05-18,Credit,106816.81,Jio,RTGS,Success,Bhopal,ATM
TXN000003467,ACC0000717,2025-10-11,Credit,28137.81,BigBasket,IMPS,Success,Bengaluru,Mobile
TXN000003468,ACC0000014,2025-03-25,Credit,82491.69,IRCTC,UPI,Success,Jaipur,ATM
TXN000003469,ACC0001306,2024-02-12,Credit,144648.97,Jio,POS,Success,Ahmedabad,Mobile
TXN000003470,ACC0001400,2025-02-18,Debit,84501.83,Uber,RTGS,Success,Bhopal,Web
TXN000003471,ACC0000708,2024-12-07,Credit,28376.52,Amazon,IMPS,Success,Delhi,Mobile
TXN000003472,ACC0001042,2024-01-05,Debit,102986.52,Flipkart,IMPS,Success,Mumbai,Branch
TXN000003473,ACC0000483,2025-07-08,Credit,25063.25,DMart,POS,Success,Mumbai,POS
TXN000003474,ACC0001170,2025-01-27,Debit,43755.3,BigBasket,Cheque,Success,Mumbai,Mobile
TXN000003475,ACC0000586,2024-09-26,Debit,80504.2,Fuel Station,POS,Failed,Ahmedabad,Mobile
TXN000003476,ACC0000250,2024-02-15,Debit,28758.51,Jio,NetBanking,Success,Bhopal,ATM
TXN000003477,ACC0001055,2025-01-08,Debit,109161.78,Fuel Station,NetBanking,Success,Bengaluru,ATM
TXN000003478,ACC0000404,2026-04-29,Credit,3033.59,Airtel,UPI,Success,Chennai,Branch
TXN000003479,ACC0000032,2024-07-23,Credit,145090.85,Zomato,Cheque,Success,Mumbai,Branch
TXN000003480,ACC0000317,2024-03-31,Debit,41343.92,Myntra,ATM,Success,Chandigarh,Branch
TXN000003481,ACC0000884,2025-03-01,Debit,57269.67,Jio,Cheque,Success,Chandigarh,Branch
TXN000003482,ACC0000844,2024-10-11,Debit,140690.82,IRCTC,ATM,Success,Mumbai,Mobile
TXN000003483,ACC0000225,2025-03-30,Credit,141119.66,Uber,RTGS,Success,Chennai,ATM
TXN000003484,ACC0000200,2025-06-03,Credit,71231.65,IRCTC,RTGS,Pending,Bengaluru,Branch
TXN000003485,ACC0001358,2024-08-16,Debit,103486.18,Insurance Premium,NetBanking,Success,Bengaluru,Web
TXN000003486,ACC0000429,2024-02-15,Debit,40322.21,Swiggy,POS,Success,Lucknow,ATM
TXN000003487,ACC0000830,2025-03-07,Credit,80873.29,Myntra,NEFT,Success,Chandigarh,Mobile
TXN000003488,ACC0000074,2024-03-29,Credit,52756.9,Swiggy,NetBanking,Success,Bhopal,Branch
TXN000003489,ACC0001024,2024-08-08,Debit,35848.09,Reliance Digital,ATM,Success,Ahmedabad,Mobile
TXN000003490,ACC0000585,2025-08-25,Credit,59244.31,Jio,RTGS,Success,Pune,Branch
TXN000003491,ACC0001298,2025-10-26,Credit,78878.48,Amazon,Cheque,Success,Pune,ATM
TXN000003492,ACC0000673,2024-04-22,Credit,103455.62,Electricity Board,RTGS,Success,Kochi,Web
TXN000003493,ACC0000395,2025-07-04,Debit,99811.36,Uber,ATM,Success,Kochi,Branch
TXN000003494,ACC0000034,2025-07-08,Credit,29746.07,BigBasket,RTGS,Success,Bhopal,Branch
TXN000003495,ACC0000224,2025-09-22,Debit,46339.87,DMart,IMPS,Pending,Bhopal,Branch
TXN000003496,ACC0000662,2026-04-09,Debit,9905.55,Fuel Station,RTGS,Success,Lucknow,Mobile
TXN000003497,ACC0000137,2025-02-15,Credit,54234.8,Flipkart,POS,Success,Bhopal,POS
TXN000003498,ACC0000997,2024-08-26,Credit,70973.6,BigBasket,UPI,Success,Jaipur,Web
TXN000003499,ACC0001326,2025-03-04,Debit,70208.26,Amazon,NetBanking,Success,Chennai,Mobile
TXN000003500,ACC0001036,2024-01-11,Debit,123122.36,Airtel,NetBanking,Success,Delhi,Mobile
TXN000003501,ACC0001139,2024-03-30,Credit,86601.75,Amazon,Cheque,Success,Jaipur,Branch
TXN000003502,ACC0000450,2024-01-23,Credit,121343.16,Insurance Premium,POS,Success,Hyderabad,ATM
TXN000003503,ACC0000406,2024-05-17,Credit,39314.66,Electricity Board,NetBanking,Reversed,Delhi,POS
TXN000003504,ACC0000828,2025-10-24,Credit,71256.15,Jio,NetBanking,Success,Pune,Branch
TXN000003505,ACC0001212,2025-11-14,Debit,140446.84,IRCTC,IMPS,Success,Ahmedabad,POS
TXN000003506,ACC0001361,2025-06-25,Credit,116074.98,DMart,UPI,Success,Pune,POS
TXN000003507,ACC0000121,2026-03-06,Debit,106209.7,Fuel Station,POS,Success,Hyderabad,Branch
TXN000003508,ACC0000594,2024-02-10,Debit,107869.09,Electricity Board,POS,Success,Chennai,POS
TXN000003509,ACC0001119,2025-09-14,Credit,12862.14,IRCTC,Cheque,Success,Bengaluru,ATM
TXN000003510,ACC0000907,2024-02-18,Debit,31495.68,Insurance Premium,RTGS,Success,Kochi,Mobile
TXN000003511,ACC0001141,2024-03-29,Credit,99339.14,Insurance Premium,Cheque,Success,Delhi,Mobile
TXN000003512,ACC0000463,2025-05-18,Credit,26217.49,DMart,NetBanking,Success,Chennai,Branch
TXN000003513,ACC0000932,2025-04-30,Debit,39293.68,BigBasket,ATM,Success,Mumbai,Mobile
TXN000003514,ACC0000128,2026-04-25,Credit,2353.5,BigBasket,RTGS,Success,Chandigarh,Web
TXN000003515,ACC0000241,2024-01-19,Credit,82155.7,Uber,UPI,Success,Bhopal,Web
TXN000003516,ACC0001316,2025-11-07,Debit,16385.98,School Fees,NEFT,Success,Lucknow,ATM
TXN000003517,ACC0000302,2025-04-04,Credit,37508.22,Myntra,ATM,Success,Delhi,POS
TXN000003518,ACC0000636,2024-04-11,Debit,86032.78,Airtel,RTGS,Success,Jaipur,Branch
TXN000003519,ACC0001272,2024-02-15,Debit,46469.89,Swiggy,ATM,Success,Bhopal,Mobile
TXN000003520,ACC0001236,2026-02-10,Credit,101011.36,Amazon,RTGS,Success,Kochi,Web
TXN000003521,ACC0000770,2025-04-26,Credit,18237.26,School Fees,NetBanking,Success,Delhi,Web
TXN000003522,ACC0000773,2025-08-17,Credit,102541.96,Swiggy,NetBanking,Success,Ahmedabad,POS
TXN000003523,ACC0000324,2025-04-08,Debit,146713.81,Amazon,NetBanking,Success,Jaipur,Branch
TXN000003524,ACC0000934,2025-07-05,Debit,118698.52,Myntra,POS,Success,Lucknow,ATM
TXN000003525,ACC0001360,2025-04-20,Debit,90089.45,Insurance Premium,NetBanking,Success,Bhopal,POS
TXN000003526,ACC0000033,2024-02-04,Credit,69382.33,Myntra,IMPS,Success,Bhopal,Web
TXN000003527,ACC0000973,2025-08-02,Credit,135137.12,DMart,ATM,Success,Chennai,Mobile
TXN000003528,ACC0001361,2025-07-29,Debit,65128.85,Electricity Board,NetBanking,Success,Lucknow,Mobile
TXN000003529,ACC0000915,2025-01-11,Credit,122869.97,Uber,NetBanking,Success,Bhopal,Branch
TXN000003530,ACC0000319,2024-08-03,Credit,69013.43,Zomato,NEFT,Success,Mumbai,Branch
TXN000003531,ACC0001053,2025-08-20,Debit,102081.86,IRCTC,UPI,Reversed,Bhopal,Web
TXN000003532,ACC0001206,2026-03-06,Debit,52010.15,Insurance Premium,NetBanking,Success,Hyderabad,Mobile
TXN000003533,ACC0001049,2026-04-13,Debit,32332.43,Flipkart,Cheque,Success,Ahmedabad,Mobile
TXN000003534,ACC0001377,2025-03-03,Debit,108962.53,Zomato,RTGS,Success,Chandigarh,Mobile
TXN000003535,ACC0000709,2024-11-09,Debit,33765.97,Ola,NEFT,Success,Lucknow,Branch
TXN000003536,ACC0000931,2024-10-19,Credit,81915.67,School Fees,NetBanking,Success,Delhi,ATM
TXN000003537,ACC0000325,2024-11-19,Credit,79288.25,Jio,RTGS,Success,Jaipur,Branch
TXN000003538,ACC0000097,2025-03-03,Debit,37629.2,Zomato,NetBanking,Pending,Bengaluru,Branch
TXN000003539,ACC0000023,2025-07-27,Debit,56946.54,Insurance Premium,UPI,Success,Bhopal,Web
TXN000003540,ACC0000293,2025-02-11,Debit,55859.2,Myntra,Cheque,Success,Chandigarh,POS
TXN000003541,ACC0000157,2024-04-23,Debit,17859.38,Amazon,ATM,Success,Bhopal,POS
TXN000003542,ACC0001173,2024-02-16,Debit,23846.7,Insurance Premium,NEFT,Failed,Ahmedabad,POS
TXN000003543,ACC0001369,2024-03-21,Debit,22519.9,DMart,NEFT,Reversed,Ahmedabad,ATM
TXN000003544,ACC0000067,2024-11-15,Credit,28660.72,Jio,NEFT,Success,Chandigarh,Mobile
TXN000003545,ACC0000971,2025-05-09,Credit,13530.12,Uber,NEFT,Success,Pune,Branch
TXN000003546,ACC0000615,2024-07-06,Credit,120995.03,DMart,RTGS,Failed,Pune,Branch
TXN000003547,ACC0001203,2026-02-12,Credit,119082.29,Ola,NEFT,Success,Jaipur,ATM
TXN000003548,ACC0000397,2024-07-23,Credit,29499.91,DMart,NetBanking,Success,Kochi,ATM
TXN000003549,ACC0000682,2024-10-28,Credit,66995.94,Uber,RTGS,Success,Pune,Mobile
TXN000003550,ACC0000132,2025-01-09,Debit,13190.38,DMart,NetBanking,Success,Mumbai,ATM
TXN000003551,ACC0001334,2026-04-07,Debit,64079.1,Insurance Premium,Cheque,Success,Delhi,Web
TXN000003552,ACC0000543,2024-06-02,Credit,119523.52,Uber,ATM,Success,Jaipur,Branch
TXN000003553,ACC0001196,2024-08-09,Credit,123087.82,Airtel,UPI,Success,Chandigarh,Branch
TXN000003554,ACC0000403,2024-03-18,Debit,110243.99,Electricity Board,ATM,Success,Jaipur,Web
TXN000003555,ACC0001226,2025-10-14,Credit,106682.77,Jio,POS,Success,Hyderabad,Web
TXN000003556,ACC0000934,2025-09-25,Credit,5229.05,Swiggy,IMPS,Success,Chennai,Web
TXN000003557,ACC0001058,2024-01-27,Credit,70833.65,School Fees,NEFT,Success,Bengaluru,Mobile
TXN000003558,ACC0000743,2025-01-27,Credit,90871.41,Reliance Digital,RTGS,Success,Bhopal,Web
TXN000003559,ACC0001350,2025-02-04,Credit,142549.35,Zomato,POS,Success,Hyderabad,Web
TXN000003560,ACC0001132,2026-03-15,Debit,73465.14,Swiggy,NEFT,Reversed,Ahmedabad,Web
TXN000003561,ACC0000601,2024-05-23,Debit,111502.25,Electricity Board,RTGS,Success,Mumbai,ATM
TXN000003562,ACC0000355,2024-04-25,Debit,113735.06,Electricity Board,RTGS,Failed,Chandigarh,POS
TXN000003563,ACC0000349,2025-05-20,Credit,17434.92,BigBasket,Cheque,Success,Delhi,POS
TXN000003564,ACC0000895,2024-03-28,Credit,93044.49,Swiggy,Cheque,Success,Bengaluru,Web
TXN000003565,ACC0000468,2025-08-01,Debit,105488.66,Swiggy,RTGS,Success,Pune,Web
TXN000003566,ACC0000169,2025-03-18,Debit,37123.19,IRCTC,Cheque,Success,Bhopal,Branch
TXN000003567,ACC0000726,2026-02-28,Debit,95070.36,Uber,UPI,Success,Delhi,Branch
TXN000003568,ACC0000915,2026-05-02,Debit,13554.13,Myntra,IMPS,Success,Ahmedabad,POS
TXN000003569,ACC0000355,2024-10-24,Credit,97596.52,Ola,NetBanking,Success,Delhi,ATM
TXN000003570,ACC0000399,2024-01-05,Credit,89703.96,Reliance Digital,NetBanking,Success,Chennai,ATM
TXN000003571,ACC0000473,2024-08-10,Credit,107510.08,Zomato,IMPS,Success,Jaipur,Web
TXN000003572,ACC0000928,2024-08-07,Debit,83454.17,Jio,NEFT,Success,Chennai,Mobile
TXN000003573,ACC0000602,2025-06-17,Credit,20498.76,Insurance Premium,ATM,Success,Ahmedabad,Mobile
TXN000003574,ACC0000569,2024-04-02,Credit,42490.79,Fuel Station,NetBanking,Success,Chennai,Branch
TXN000003575,ACC0000160,2024-11-02,Credit,68763.43,Flipkart,NetBanking,Success,Bengaluru,Branch
TXN000003576,ACC0000445,2024-05-11,Credit,37046.12,Uber,ATM,Success,Chandigarh,POS
TXN000003577,ACC0000476,2025-08-13,Credit,56162.69,Airtel,POS,Failed,Kochi,POS
TXN000003578,ACC0000921,2024-09-27,Debit,138317.67,Insurance Premium,IMPS,Success,Delhi,Branch
TXN000003579,ACC0001370,2025-03-09,Debit,136746.76,IRCTC,POS,Success,Mumbai,Mobile
TXN000003580,ACC0000879,2024-11-03,Debit,28120.58,Reliance Digital,Cheque,Success,Delhi,Branch
TXN000003581,ACC0001255,2025-05-02,Debit,82214.1,IRCTC,ATM,Success,Ahmedabad,Web
TXN000003582,ACC0000880,2025-06-15,Credit,25826.01,DMart,UPI,Success,Jaipur,POS
TXN000003583,ACC0000274,2025-07-27,Debit,129016.15,Flipkart,IMPS,Success,Lucknow,POS
TXN000003584,ACC0000009,2024-07-05,Debit,77187.14,IRCTC,UPI,Success,Bengaluru,Branch
TXN000003585,ACC0000363,2025-12-21,Debit,636.58,Uber,IMPS,Success,Pune,Branch
TXN000003586,ACC0001006,2026-01-17,Debit,31776.35,IRCTC,Cheque,Success,Ahmedabad,Web
TXN000003587,ACC0001204,2024-06-20,Debit,87051.54,Netflix,NEFT,Success,Chandigarh,Web
TXN000003588,ACC0000347,2026-03-28,Debit,84236.65,Zomato,POS,Success,Ahmedabad,POS
TXN000003589,ACC0001050,2026-03-18,Debit,37182.67,Uber,RTGS,Success,Mumbai,Web
TXN000003590,ACC0000365,2025-07-18,Debit,44982.4,Amazon,Cheque,Success,Mumbai,Mobile
TXN000003591,ACC0000478,2025-05-17,Debit,80146.32,Swiggy,POS,Success,Jaipur,POS
TXN000003592,ACC0000672,2025-06-02,Credit,57214.93,Electricity Board,POS,Success,Bengaluru,Mobile
TXN000003593,ACC0001109,2024-03-27,Credit,141912.98,IRCTC,IMPS,Success,Kochi,ATM
TXN000003594,ACC0000785,2025-08-09,Debit,3279.31,Fuel Station,ATM,Success,Delhi,Mobile
TXN000003595,ACC0000906,2024-03-04,Credit,148861.43,DMart,NetBanking,Success,Kochi,ATM
TXN000003596,ACC0000509,2025-09-20,Debit,104549.12,Amazon,NEFT,Success,Ahmedabad,POS
TXN000003597,ACC0000873,2024-07-27,Debit,78194.67,Uber,RTGS,Success,Ahmedabad,ATM
TXN000003598,ACC0001108,2025-05-17,Debit,63986.92,BigBasket,POS,Success,Chandigarh,Web
TXN000003599,ACC0001162,2025-11-20,Debit,134605.1,Netflix,Cheque,Success,Ahmedabad,Branch
TXN000003600,ACC0000900,2024-02-22,Debit,98270.8,Flipkart,Cheque,Reversed,Ahmedabad,Mobile
TXN000003601,ACC0001320,2024-08-25,Debit,138164.94,Airtel,RTGS,Success,Hyderabad,Branch
TXN000003602,ACC0001279,2025-04-26,Credit,93846.09,IRCTC,RTGS,Success,Pune,Mobile
TXN000003603,ACC0000764,2025-07-10,Credit,144345.48,Myntra,NetBanking,Success,Delhi,Branch
TXN000003604,ACC0001366,2025-01-19,Credit,69968.47,Swiggy,NEFT,Success,Bengaluru,Mobile
TXN000003605,ACC0000231,2026-02-17,Debit,104540.04,Electricity Board,POS,Success,Ahmedabad,Mobile
TXN000003606,ACC0001278,2024-11-29,Credit,106509.25,Netflix,NEFT,Success,Hyderabad,ATM
TXN000003607,ACC0001340,2024-05-02,Credit,45855.47,Uber,RTGS,Success,Lucknow,Branch
TXN000003608,ACC0000048,2025-12-17,Debit,111683.34,BigBasket,UPI,Failed,Delhi,Mobile
TXN000003609,ACC0000840,2024-10-07,Credit,24735.79,Uber,RTGS,Success,Pune,Branch
TXN000003610,ACC0001165,2025-11-13,Debit,47169.99,Electricity Board,NEFT,Success,Lucknow,POS
TXN000003611,ACC0001340,2024-03-07,Debit,128814.07,Fuel Station,NEFT,Success,Hyderabad,ATM
TXN000003612,ACC0001187,2025-10-18,Debit,118575.85,Reliance Digital,ATM,Success,Bhopal,Branch
TXN000003613,ACC0001094,2024-10-17,Debit,30777.98,Uber,UPI,Success,Ahmedabad,Mobile
TXN000003614,ACC0000069,2024-11-29,Debit,62489.05,Jio,NEFT,Success,Bhopal,Web
TXN000003615,ACC0000386,2024-07-14,Debit,148771.17,BigBasket,NetBanking,Success,Bengaluru,ATM
TXN000003616,ACC0000789,2026-05-06,Credit,114349.69,DMart,UPI,Success,Mumbai,Branch
TXN000003617,ACC0001155,2025-11-02,Debit,85054.0,Myntra,ATM,Success,Delhi,Mobile
TXN000003618,ACC0000770,2024-04-17,Debit,8655.09,Fuel Station,NetBanking,Success,Mumbai,Branch
TXN000003619,ACC0001240,2025-07-07,Credit,125838.8,Jio,POS,Success,Lucknow,Branch
TXN000003620,ACC0001187,2025-12-30,Credit,103602.22,School Fees,RTGS,Success,Delhi,POS
TXN000003621,ACC0000747,2025-01-29,Debit,109635.05,Netflix,ATM,Failed,Hyderabad,Branch
TXN000003622,ACC0000947,2024-05-31,Debit,15943.98,Myntra,NEFT,Success,Chandigarh,POS
TXN000003623,ACC0000770,2025-11-18,Debit,105770.74,DMart,IMPS,Success,Ahmedabad,ATM
TXN000003624,ACC0000082,2025-05-17,Debit,32730.12,Electricity Board,NEFT,Success,Jaipur,Web
TXN000003625,ACC0000512,2024-12-09,Debit,25961.68,Electricity Board,NEFT,Success,Bhopal,POS
TXN000003626,ACC0001332,2025-04-19,Credit,110671.91,Myntra,NEFT,Failed,Delhi,POS
TXN000003627,ACC0000061,2024-09-29,Debit,75454.62,Ola,IMPS,Success,Lucknow,ATM
TXN000003628,ACC0000040,2024-05-22,Credit,130479.33,Airtel,Cheque,Failed,Pune,ATM
TXN000003629,ACC0000190,2024-12-24,Credit,38530.62,School Fees,ATM,Success,Lucknow,POS
TXN000003630,ACC0001362,2025-09-01,Debit,52960.84,Jio,NEFT,Success,Ahmedabad,Mobile
TXN000003631,ACC0000137,2024-09-27,Debit,98905.17,Amazon,UPI,Success,Chandigarh,Branch
TXN000003632,ACC0000638,2025-10-26,Debit,63445.66,Airtel,IMPS,Success,Jaipur,Branch
TXN000003633,ACC0000505,2025-04-12,Debit,123770.9,Reliance Digital,UPI,Success,Jaipur,ATM
TXN000003634,ACC0000824,2026-05-17,Debit,105250.41,Uber,ATM,Success,Hyderabad,Mobile
TXN000003635,ACC0000657,2024-01-10,Debit,89079.29,Jio,POS,Success,Delhi,Mobile
TXN000003636,ACC0000269,2026-03-25,Credit,113577.88,Insurance Premium,Cheque,Success,Jaipur,Web
TXN000003637,ACC0000671,2025-03-07,Credit,119624.66,Electricity Board,UPI,Success,Ahmedabad,Web
TXN000003638,ACC0000300,2025-03-04,Debit,114614.41,Myntra,IMPS,Success,Ahmedabad,Web
TXN000003639,ACC0000734,2024-03-27,Credit,62956.94,Fuel Station,Cheque,Success,Jaipur,Branch
TXN000003640,ACC0000688,2024-07-27,Debit,125688.6,Zomato,NetBanking,Success,Pune,Branch
TXN000003641,ACC0000280,2024-01-06,Debit,138067.5,BigBasket,IMPS,Success,Chandigarh,Web
TXN000003642,ACC0001319,2024-06-19,Debit,8665.54,Netflix,RTGS,Success,Bhopal,ATM
TXN000003643,ACC0000965,2025-04-09,Debit,2610.16,Swiggy,POS,Success,Delhi,Mobile
TXN000003644,ACC0000697,2024-08-13,Credit,104575.95,Netflix,NetBanking,Success,Bhopal,POS
TXN000003645,ACC0000944,2026-03-06,Credit,102981.54,Electricity Board,ATM,Success,Hyderabad,Web
TXN000003646,ACC0000776,2024-12-18,Credit,22643.02,Zomato,NetBanking,Success,Kochi,ATM
TXN000003647,ACC0000130,2025-09-18,Credit,29156.24,Reliance Digital,UPI,Success,Bengaluru,Web
TXN000003648,ACC0000197,2025-12-31,Debit,147322.98,Electricity Board,UPI,Success,Delhi,POS
TXN000003649,ACC0000320,2025-12-18,Debit,12597.86,Netflix,POS,Success,Chandigarh,Mobile
TXN000003650,ACC0000275,2024-04-12,Debit,113025.58,IRCTC,NEFT,Success,Hyderabad,Web
TXN000003651,ACC0000595,2025-04-25,Credit,97729.99,BigBasket,ATM,Success,Bhopal,Branch
TXN000003652,ACC0001290,2025-03-23,Credit,71043.82,Jio,NetBanking,Success,Hyderabad,ATM
TXN000003653,ACC0000925,2024-05-05,Debit,15407.58,Zomato,UPI,Success,Pune,ATM
TXN000003654,ACC0000550,2025-03-31,Credit,146927.87,Netflix,NetBanking,Success,Ahmedabad,Web
TXN000003655,ACC0000427,2024-05-13,Debit,7143.81,IRCTC,ATM,Pending,Bengaluru,Web
TXN000003656,ACC0000922,2024-11-14,Credit,148700.53,DMart,RTGS,Success,Hyderabad,Branch
TXN000003657,ACC0000174,2025-04-07,Debit,93403.87,IRCTC,NEFT,Success,Pune,Web
TXN000003658,ACC0001257,2024-01-09,Credit,112806.18,Reliance Digital,UPI,Success,Lucknow,ATM
TXN000003659,ACC0001292,2026-01-01,Credit,7167.7,Swiggy,NEFT,Success,Bhopal,Web
TXN000003660,ACC0000154,2024-04-27,Credit,6066.24,Amazon,ATM,Success,Mumbai,Branch
TXN000003661,ACC0000381,2025-08-22,Debit,7070.45,Netflix,NetBanking,Failed,Kochi,ATM
TXN000003662,ACC0000710,2026-05-12,Credit,30075.41,Airtel,RTGS,Success,Chandigarh,Web
TXN000003663,ACC0000278,2025-06-26,Debit,105917.91,DMart,IMPS,Success,Mumbai,Web
TXN000003664,ACC0000698,2024-10-01,Debit,27248.56,Electricity Board,UPI,Success,Jaipur,POS
TXN000003665,ACC0000893,2025-02-12,Credit,70993.94,Netflix,ATM,Success,Pune,POS
TXN000003666,ACC0000337,2025-03-09,Debit,15047.02,DMart,NEFT,Success,Chandigarh,Branch
TXN000003667,ACC0000702,2024-09-24,Debit,38912.48,BigBasket,NEFT,Success,Bhopal,POS
TXN000003668,ACC0000544,2025-11-28,Debit,69850.4,Swiggy,IMPS,Success,Hyderabad,Branch
TXN000003669,ACC0001391,2024-10-23,Credit,85968.12,Uber,Cheque,Success,Chandigarh,Branch
TXN000003670,ACC0001098,2025-11-11,Credit,53297.62,Jio,ATM,Success,Pune,Mobile
TXN000003671,ACC0000538,2025-04-19,Credit,94416.71,Zomato,NEFT,Success,Jaipur,Mobile
TXN000003672,ACC0000983,2025-08-16,Credit,30487.03,BigBasket,ATM,Success,Kochi,Web
TXN000003673,ACC0000903,2025-02-10,Credit,42279.55,Swiggy,IMPS,Success,Ahmedabad,Branch
TXN000003674,ACC0000661,2025-10-14,Credit,110981.3,Zomato,POS,Success,Delhi,Web
TXN000003675,ACC0000905,2026-04-23,Credit,144577.34,Myntra,Cheque,Success,Chandigarh,Web
TXN000003676,ACC0000124,2025-04-16,Debit,144382.92,School Fees,UPI,Success,Ahmedabad,POS
TXN000003677,ACC0000438,2024-06-13,Credit,83918.18,Flipkart,Cheque,Success,Hyderabad,POS
TXN000003678,ACC0000238,2025-11-06,Debit,13127.44,Reliance Digital,IMPS,Success,Chandigarh,POS
TXN000003679,ACC0000172,2026-01-10,Debit,108198.6,Netflix,UPI,Success,Ahmedabad,POS
TXN000003680,ACC0000622,2024-12-13,Debit,140903.74,Amazon,POS,Success,Kochi,Mobile
TXN000003681,ACC0000709,2025-02-28,Credit,13042.48,Zomato,Cheque,Pending,Pune,ATM
TXN000003682,ACC0001300,2025-12-24,Credit,10756.23,Jio,IMPS,Success,Bhopal,Web
TXN000003683,ACC0000635,2024-05-06,Credit,75834.61,Ola,ATM,Success,Jaipur,Branch
TXN000003684,ACC0000171,2025-08-29,Debit,128871.44,Fuel Station,POS,Success,Mumbai,Mobile
TXN000003685,ACC0000607,2024-09-06,Credit,112451.34,School Fees,ATM,Success,Chennai,Branch
TXN000003686,ACC0000007,2024-05-23,Credit,98333.24,BigBasket,ATM,Success,Hyderabad,Mobile
TXN000003687,ACC0000263,2025-09-13,Debit,143948.05,DMart,UPI,Success,Kochi,POS
TXN000003688,ACC0000480,2024-06-04,Credit,84903.59,IRCTC,IMPS,Success,Bengaluru,Branch
TXN000003689,ACC0000142,2026-03-12,Debit,64037.21,Fuel Station,UPI,Success,Chandigarh,ATM
TXN000003690,ACC0001087,2025-07-19,Credit,82145.52,IRCTC,NetBanking,Success,Lucknow,Branch
TXN000003691,ACC0000124,2024-01-08,Debit,2807.59,Insurance Premium,Cheque,Success,Bhopal,Branch
TXN000003692,ACC0001189,2025-11-12,Debit,27833.84,Airtel,UPI,Success,Bengaluru,Mobile
TXN000003693,ACC0000446,2024-02-23,Credit,137497.19,Swiggy,IMPS,Success,Chennai,Web
TXN000003694,ACC0000885,2025-08-18,Debit,58356.43,DMart,Cheque,Success,Lucknow,Branch
TXN000003695,ACC0000891,2025-10-06,Credit,3479.43,BigBasket,ATM,Success,Bengaluru,Mobile
TXN000003696,ACC0000152,2026-04-01,Debit,39091.97,Netflix,Cheque,Success,Pune,Branch
TXN000003697,ACC0000656,2025-02-10,Debit,24450.63,School Fees,POS,Success,Pune,Branch
TXN000003698,ACC0000002,2025-09-02,Credit,123578.14,Ola,POS,Success,Kochi,Web
TXN000003699,ACC0000803,2025-07-27,Credit,23888.86,Electricity Board,ATM,Success,Ahmedabad,Web
TXN000003700,ACC0001188,2025-06-28,Credit,109337.95,School Fees,NetBanking,Success,Kochi,POS
TXN000003701,ACC0001083,2025-10-09,Credit,4719.77,Netflix,IMPS,Success,Chennai,Branch
TXN000003702,ACC0000401,2024-08-04,Credit,26243.52,Myntra,NEFT,Pending,Delhi,ATM
TXN000003703,ACC0000479,2025-10-15,Debit,2728.31,IRCTC,Cheque,Failed,Bhopal,Web
TXN000003704,ACC0000060,2026-04-18,Credit,146873.27,Airtel,UPI,Success,Ahmedabad,Branch
TXN000003705,ACC0000010,2025-09-20,Debit,66410.03,DMart,Cheque,Success,Kochi,POS
TXN000003706,ACC0000171,2025-01-13,Credit,39424.75,Swiggy,POS,Success,Mumbai,Branch
TXN000003707,ACC0000544,2025-07-23,Credit,123644.84,Fuel Station,ATM,Success,Chennai,Mobile
TXN000003708,ACC0000630,2024-01-07,Debit,15712.91,Electricity Board,Cheque,Success,Ahmedabad,Branch
TXN000003709,ACC0000159,2025-09-16,Credit,141182.81,IRCTC,IMPS,Success,Chandigarh,Web
TXN000003710,ACC0000935,2025-10-05,Debit,87368.85,BigBasket,NetBanking,Success,Chennai,Mobile
TXN000003711,ACC0000632,2025-12-07,Debit,127025.38,DMart,RTGS,Success,Ahmedabad,POS
TXN000003712,ACC0000635,2024-04-12,Debit,96186.8,Ola,NEFT,Failed,Chandigarh,POS
TXN000003713,ACC0000381,2024-11-05,Debit,133521.38,Zomato,Cheque,Success,Jaipur,ATM
TXN000003714,ACC0000936,2024-09-04,Credit,65042.09,Fuel Station,ATM,Failed,Bhopal,ATM
TXN000003715,ACC0000903,2024-07-29,Debit,124105.95,Fuel Station,NEFT,Success,Hyderabad,ATM
TXN000003716,ACC0000140,2024-04-06,Debit,105900.32,Jio,POS,Success,Pune,Web
TXN000003717,ACC0000637,2025-03-16,Credit,74157.56,Electricity Board,Cheque,Success,Kochi,Web
TXN000003718,ACC0000645,2026-01-19,Credit,37240.61,Reliance Digital,IMPS,Success,Mumbai,Mobile
TXN000003719,ACC0000168,2026-04-03,Credit,98720.76,School Fees,RTGS,Success,Chennai,POS
TXN000003720,ACC0001366,2024-02-24,Debit,40515.52,BigBasket,NEFT,Success,Mumbai,Mobile
TXN000003721,ACC0001325,2024-09-21,Debit,45860.35,School Fees,NEFT,Reversed,Chandigarh,ATM
TXN000003722,ACC0001165,2026-04-10,Debit,149106.64,Uber,IMPS,Success,Kochi,Mobile
TXN000003723,ACC0000382,2024-11-25,Debit,25963.31,School Fees,IMPS,Success,Lucknow,Mobile
TXN000003724,ACC0001043,2024-02-14,Debit,112426.66,IRCTC,Cheque,Success,Pune,ATM
TXN000003725,ACC0000552,2024-10-22,Debit,61487.75,IRCTC,POS,Success,Chandigarh,Branch
TXN000003726,ACC0001391,2025-01-30,Debit,142101.75,Swiggy,POS,Success,Chandigarh,Branch
TXN000003727,ACC0000817,2024-05-14,Credit,91002.95,Amazon,Cheque,Success,Bengaluru,POS
TXN000003728,ACC0000941,2026-03-03,Credit,117565.65,DMart,NEFT,Success,Kochi,ATM
TXN000003729,ACC0000053,2025-12-09,Debit,61566.09,DMart,RTGS,Success,Chennai,Branch
TXN000003730,ACC0000718,2025-01-03,Credit,65948.05,Flipkart,IMPS,Success,Chandigarh,Mobile
TXN000003731,ACC0000412,2024-11-25,Debit,107908.24,Jio,UPI,Pending,Kochi,Branch
TXN000003732,ACC0000571,2025-04-06,Credit,138473.03,Electricity Board,RTGS,Success,Bengaluru,ATM
TXN000003733,ACC0001131,2024-10-09,Debit,107654.3,Ola,NEFT,Success,Chandigarh,Branch
TXN000003734,ACC0000938,2025-04-11,Debit,39632.92,Netflix,NEFT,Success,Lucknow,POS
TXN000003735,ACC0000342,2026-05-06,Credit,95718.45,Myntra,UPI,Failed,Bengaluru,Web
TXN000003736,ACC0001400,2025-11-30,Debit,1756.24,Amazon,UPI,Success,Bengaluru,POS
TXN000003737,ACC0000968,2025-05-08,Debit,63215.72,School Fees,IMPS,Success,Jaipur,Branch
TXN000003738,ACC0001294,2024-05-30,Credit,764.73,Zomato,IMPS,Pending,Delhi,Web
TXN000003739,ACC0001053,2024-01-22,Debit,59838.3,Reliance Digital,POS,Success,Hyderabad,Web
TXN000003740,ACC0000307,2024-08-18,Credit,74258.04,Ola,ATM,Success,Delhi,ATM
TXN000003741,ACC0000119,2025-10-21,Debit,83451.58,BigBasket,ATM,Success,Ahmedabad,POS
TXN000003742,ACC0000556,2025-11-17,Debit,100421.45,IRCTC,RTGS,Success,Hyderabad,Web
TXN000003743,ACC0000362,2025-03-11,Debit,109106.7,Jio,NEFT,Success,Ahmedabad,ATM
TXN000003744,ACC0000167,2026-02-23,Credit,106096.32,Electricity Board,NetBanking,Success,Delhi,Web
TXN000003745,ACC0001318,2025-12-10,Credit,140519.03,Netflix,IMPS,Success,Chennai,Branch
TXN000003746,ACC0001356,2025-04-02,Credit,45322.93,Zomato,IMPS,Success,Bhopal,Mobile
TXN000003747,ACC0000541,2025-11-28,Debit,136224.56,Insurance Premium,ATM,Success,Bengaluru,Web
TXN000003748,ACC0001347,2025-04-08,Credit,102451.15,Reliance Digital,UPI,Success,Chennai,POS
TXN000003749,ACC0000747,2026-03-13,Debit,78722.56,Fuel Station,ATM,Success,Bengaluru,Mobile
TXN000003750,ACC0000107,2025-10-25,Credit,714.47,School Fees,RTGS,Success,Lucknow,ATM
TXN000003751,ACC0000499,2025-01-25,Debit,112012.45,Insurance Premium,POS,Pending,Pune,POS
TXN000003752,ACC0001063,2024-04-05,Debit,73004.57,Netflix,Cheque,Success,Hyderabad,Web
TXN000003753,ACC0000681,2025-05-25,Debit,75255.91,Flipkart,IMPS,Success,Bhopal,POS
TXN000003754,ACC0000597,2025-03-23,Debit,8449.99,Ola,Cheque,Success,Delhi,POS
TXN000003755,ACC0000346,2025-06-21,Debit,110766.12,Swiggy,IMPS,Success,Mumbai,ATM
TXN000003756,ACC0001241,2025-07-07,Debit,23253.97,Flipkart,POS,Success,Chennai,Web
TXN000003757,ACC0000931,2025-04-05,Credit,17420.47,DMart,Cheque,Success,Delhi,ATM
TXN000003758,ACC0000047,2025-10-15,Credit,66958.89,Netflix,POS,Success,Lucknow,ATM
TXN000003759,ACC0000603,2024-02-14,Debit,55287.55,Myntra,Cheque,Success,Chennai,Branch
TXN000003760,ACC0001239,2025-07-31,Debit,118539.22,Flipkart,Cheque,Pending,Bhopal,ATM
TXN000003761,ACC0001000,2026-05-13,Debit,77928.95,Electricity Board,UPI,Success,Bengaluru,Branch
TXN000003762,ACC0001179,2025-11-23,Debit,32905.72,Amazon,UPI,Success,Hyderabad,Branch
TXN000003763,ACC0000248,2024-05-03,Debit,71998.42,Netflix,POS,Success,Mumbai,Web
TXN000003764,ACC0001264,2026-05-10,Debit,8263.19,DMart,UPI,Success,Pune,Branch
TXN000003765,ACC0000422,2025-03-27,Credit,138242.35,DMart,NEFT,Success,Bhopal,POS
TXN000003766,ACC0000757,2026-03-04,Debit,4374.31,Uber,NEFT,Success,Kochi,ATM
TXN000003767,ACC0000748,2025-04-18,Debit,148346.62,DMart,IMPS,Success,Chandigarh,POS
TXN000003768,ACC0000273,2024-02-09,Debit,72172.41,Zomato,RTGS,Failed,Bhopal,POS
TXN000003769,ACC0001105,2024-04-06,Credit,131139.84,Flipkart,NetBanking,Success,Chennai,ATM
TXN000003770,ACC0000943,2024-02-11,Debit,136601.47,DMart,NEFT,Success,Ahmedabad,Mobile
TXN000003771,ACC0001171,2025-05-06,Debit,81821.72,Flipkart,Cheque,Success,Bhopal,POS
TXN000003772,ACC0001102,2026-04-18,Debit,127017.97,Uber,ATM,Success,Ahmedabad,Mobile
TXN000003773,ACC0000246,2024-04-18,Debit,12324.35,Netflix,ATM,Success,Lucknow,Web
TXN000003774,ACC0000662,2024-01-16,Credit,68933.06,Swiggy,UPI,Success,Bengaluru,Branch
TXN000003775,ACC0001031,2024-01-17,Credit,128148.65,Zomato,IMPS,Success,Lucknow,Web
TXN000003776,ACC0000993,2024-06-11,Debit,124718.15,Swiggy,POS,Success,Bengaluru,ATM
TXN000003777,ACC0001366,2024-05-03,Credit,10402.67,Uber,RTGS,Success,Bhopal,ATM
TXN000003778,ACC0000786,2024-06-11,Debit,35117.01,Myntra,Cheque,Success,Pune,POS
TXN000003779,ACC0000900,2024-04-22,Credit,66140.49,Electricity Board,ATM,Success,Pune,Web
TXN000003780,ACC0000617,2024-12-05,Debit,137785.11,Fuel Station,ATM,Failed,Mumbai,POS
TXN000003781,ACC0000781,2025-12-08,Debit,34878.45,School Fees,NetBanking,Success,Ahmedabad,POS
TXN000003782,ACC0001003,2026-02-13,Credit,104270.53,Jio,IMPS,Success,Ahmedabad,Mobile
TXN000003783,ACC0001019,2026-02-25,Debit,28995.47,Amazon,POS,Success,Ahmedabad,Mobile
TXN000003784,ACC0001114,2024-01-14,Debit,12854.4,Amazon,UPI,Success,Bhopal,ATM
TXN000003785,ACC0001107,2026-05-06,Credit,131596.21,Electricity Board,IMPS,Success,Hyderabad,ATM
TXN000003786,ACC0001310,2025-05-11,Credit,88045.94,Flipkart,RTGS,Failed,Bengaluru,Branch
TXN000003787,ACC0000116,2024-07-22,Debit,13314.09,DMart,IMPS,Success,Chennai,Branch
TXN000003788,ACC0000757,2026-01-13,Credit,104051.64,Ola,ATM,Failed,Bengaluru,ATM
TXN000003789,ACC0001063,2026-05-06,Debit,106365.84,IRCTC,ATM,Success,Lucknow,ATM
TXN000003790,ACC0000156,2025-02-05,Debit,3608.16,School Fees,NetBanking,Success,Ahmedabad,Branch
TXN000003791,ACC0000258,2025-01-19,Debit,102171.26,Swiggy,RTGS,Success,Ahmedabad,POS
TXN000003792,ACC0000339,2026-04-21,Credit,56406.54,School Fees,IMPS,Success,Bhopal,POS
TXN000003793,ACC0000419,2025-06-14,Debit,81713.56,Insurance Premium,UPI,Success,Bengaluru,POS
TXN000003794,ACC0000158,2024-06-14,Credit,12414.62,Jio,RTGS,Success,Bhopal,POS
TXN000003795,ACC0000229,2024-02-04,Credit,71764.5,IRCTC,NetBanking,Success,Bhopal,Branch
TXN000003796,ACC0000210,2025-03-05,Debit,28839.65,Zomato,ATM,Success,Lucknow,Web
TXN000003797,ACC0001109,2024-09-17,Credit,136927.3,Amazon,NEFT,Success,Pune,Web
TXN000003798,ACC0000120,2024-02-17,Credit,36873.08,BigBasket,IMPS,Success,Chandigarh,Mobile
TXN000003799,ACC0000315,2025-02-10,Credit,137143.97,Myntra,NetBanking,Failed,Chandigarh,ATM
TXN000003800,ACC0001051,2024-04-09,Credit,28952.48,Insurance Premium,IMPS,Success,Chennai,Mobile
TXN000003801,ACC0001260,2025-05-01,Debit,131339.12,Airtel,NEFT,Success,Jaipur,POS
TXN000003802,ACC0000529,2025-10-30,Debit,45495.98,Swiggy,NetBanking,Success,Ahmedabad,Mobile
TXN000003803,ACC0001140,2025-09-30,Credit,48984.62,Zomato,UPI,Success,Chennai,POS
TXN000003804,ACC0000874,2024-12-10,Credit,118413.29,BigBasket,ATM,Success,Jaipur,POS
TXN000003805,ACC0000594,2026-04-05,Debit,52080.42,Reliance Digital,ATM,Success,Delhi,Mobile
TXN000003806,ACC0000946,2025-04-08,Credit,26230.39,Insurance Premium,IMPS,Success,Pune,ATM
TXN000003807,ACC0001349,2024-06-27,Debit,7144.75,Netflix,RTGS,Failed,Delhi,Web
TXN000003808,ACC0000379,2024-10-02,Debit,25352.87,Ola,POS,Failed,Chandigarh,Mobile
TXN000003809,ACC0000507,2024-11-20,Debit,67967.3,School Fees,IMPS,Success,Jaipur,ATM
TXN000003810,ACC0000902,2025-03-28,Credit,92829.2,Insurance Premium,RTGS,Success,Lucknow,Branch
TXN000003811,ACC0000165,2025-02-14,Credit,81543.85,Myntra,IMPS,Success,Lucknow,POS
TXN000003812,ACC0000613,2026-05-06,Credit,104195.15,Flipkart,Cheque,Success,Bhopal,Web
TXN000003813,ACC0000348,2025-05-26,Debit,108612.23,Jio,ATM,Success,Hyderabad,ATM
TXN000003814,ACC0000142,2024-12-30,Credit,100192.38,Ola,ATM,Success,Bhopal,Web
TXN000003815,ACC0001219,2025-01-05,Credit,141595.31,Jio,POS,Success,Pune,POS
TXN000003816,ACC0000576,2025-10-16,Debit,10687.66,Uber,IMPS,Success,Kochi,Web
TXN000003817,ACC0000672,2024-05-16,Debit,5140.14,Zomato,RTGS,Pending,Delhi,Mobile
TXN000003818,ACC0001359,2025-06-07,Debit,45044.6,Jio,RTGS,Success,Hyderabad,POS
TXN000003819,ACC0000095,2024-02-04,Credit,38015.24,Insurance Premium,UPI,Success,Chennai,Web
TXN000003820,ACC0000691,2025-01-18,Debit,15780.98,Reliance Digital,NEFT,Success,Jaipur,Mobile
TXN000003821,ACC0000069,2024-11-30,Debit,123597.46,Jio,RTGS,Failed,Delhi,Branch
TXN000003822,ACC0000916,2024-04-16,Debit,146020.83,IRCTC,NetBanking,Success,Kochi,POS
TXN000003823,ACC0001247,2024-12-09,Debit,54056.21,Electricity Board,POS,Success,Lucknow,POS
TXN000003824,ACC0001232,2025-06-07,Debit,149143.31,BigBasket,NetBanking,Success,Kochi,Mobile
TXN000003825,ACC0001278,2025-08-11,Credit,11753.54,School Fees,Cheque,Success,Chennai,ATM
TXN000003826,ACC0000398,2025-10-17,Debit,12570.29,Fuel Station,POS,Success,Lucknow,Branch
TXN000003827,ACC0000977,2025-02-10,Debit,69349.11,Flipkart,POS,Success,Kochi,POS
TXN000003828,ACC0001372,2025-01-17,Credit,81067.19,Myntra,ATM,Success,Bhopal,Web
TXN000003829,ACC0000342,2024-11-11,Debit,105918.74,BigBasket,NEFT,Success,Pune,ATM
TXN000003830,ACC0000746,2024-03-27,Credit,68118.74,Airtel,NetBanking,Success,Jaipur,POS
TXN000003831,ACC0001157,2026-04-21,Debit,80997.77,Airtel,IMPS,Success,Ahmedabad,Web
TXN000003832,ACC0000055,2025-02-11,Credit,48893.67,DMart,NEFT,Success,Chennai,ATM
TXN000003833,ACC0000081,2025-10-11,Credit,102950.13,Ola,RTGS,Success,Hyderabad,ATM
TXN000003834,ACC0000686,2024-08-03,Credit,123075.37,Electricity Board,RTGS,Success,Hyderabad,Web
TXN000003835,ACC0001340,2025-10-28,Credit,87237.55,Zomato,POS,Success,Kochi,Branch
TXN000003836,ACC0001184,2025-10-07,Debit,75279.77,IRCTC,UPI,Pending,Jaipur,ATM
TXN000003837,ACC0000891,2025-09-17,Credit,38840.43,Fuel Station,NEFT,Success,Mumbai,Mobile
TXN000003838,ACC0000311,2024-01-01,Debit,139920.2,Flipkart,UPI,Success,Bengaluru,ATM
TXN000003839,ACC0000818,2025-07-28,Credit,13550.76,Amazon,NetBanking,Success,Chennai,POS
TXN000003840,ACC0001189,2024-05-27,Debit,58752.39,Insurance Premium,Cheque,Success,Pune,Mobile
TXN000003841,ACC0000303,2024-10-29,Debit,91356.62,IRCTC,POS,Success,Delhi,Web
TXN000003842,ACC0000273,2025-01-05,Debit,86105.91,Reliance Digital,POS,Success,Pune,POS
TXN000003843,ACC0000321,2025-08-29,Debit,11001.04,Fuel Station,NetBanking,Success,Delhi,ATM
TXN000003844,ACC0000343,2026-03-16,Credit,90925.29,Reliance Digital,RTGS,Success,Delhi,Mobile
TXN000003845,ACC0000972,2025-03-25,Debit,6713.22,Fuel Station,ATM,Success,Mumbai,POS
TXN000003846,ACC0000453,2025-01-19,Credit,83890.23,Uber,NEFT,Success,Pune,Mobile
TXN000003847,ACC0000934,2024-07-26,Debit,128462.48,Swiggy,IMPS,Pending,Hyderabad,Mobile
TXN000003848,ACC0000654,2025-09-04,Debit,33977.77,Insurance Premium,NetBanking,Success,Lucknow,Branch
TXN000003849,ACC0000147,2025-10-14,Debit,125963.69,DMart,Cheque,Success,Chennai,Mobile
TXN000003850,ACC0000778,2025-02-22,Credit,109937.35,Jio,IMPS,Failed,Hyderabad,POS
TXN000003851,ACC0000930,2025-10-25,Debit,131718.21,Zomato,Cheque,Success,Mumbai,Web
TXN000003852,ACC0001077,2026-05-13,Credit,93677.35,Myntra,RTGS,Failed,Pune,Branch
TXN000003853,ACC0001343,2024-05-24,Debit,2568.42,BigBasket,NEFT,Success,Chandigarh,POS
TXN000003854,ACC0001208,2024-12-10,Credit,48270.58,Airtel,RTGS,Pending,Delhi,POS
TXN000003855,ACC0000794,2025-05-14,Credit,85412.68,Flipkart,POS,Success,Ahmedabad,Branch
TXN000003856,ACC0000525,2025-08-04,Credit,99397.36,Swiggy,ATM,Success,Delhi,Mobile
TXN000003857,ACC0000281,2025-05-31,Credit,114191.41,School Fees,Cheque,Success,Lucknow,Mobile
TXN000003858,ACC0000506,2024-01-23,Debit,95292.91,Ola,IMPS,Success,Delhi,Mobile
TXN000003859,ACC0000070,2025-09-15,Credit,81222.8,Insurance Premium,POS,Success,Mumbai,Mobile
TXN000003860,ACC0001078,2024-11-02,Credit,64770.23,IRCTC,POS,Success,Pune,ATM
TXN000003861,ACC0001060,2024-06-18,Credit,21371.77,Flipkart,POS,Success,Chennai,Mobile
TXN000003862,ACC0000943,2025-01-26,Credit,52111.33,Insurance Premium,RTGS,Success,Bengaluru,POS
TXN000003863,ACC0000444,2025-02-25,Debit,121260.6,Flipkart,Cheque,Reversed,Jaipur,Branch
TXN000003864,ACC0001392,2026-01-02,Debit,73896.23,DMart,POS,Success,Bhopal,Web
TXN000003865,ACC0001151,2025-11-06,Debit,86388.4,Netflix,NEFT,Success,Pune,Web
TXN000003866,ACC0000112,2024-02-10,Credit,72494.51,Ola,RTGS,Success,Chandigarh,ATM
TXN000003867,ACC0000801,2024-06-23,Credit,131300.49,Airtel,POS,Success,Bengaluru,ATM
TXN000003868,ACC0000629,2025-12-14,Credit,35172.71,Jio,IMPS,Success,Pune,Mobile
TXN000003869,ACC0000872,2025-06-26,Debit,31277.07,Reliance Digital,Cheque,Success,Bhopal,Web
TXN000003870,ACC0000475,2025-02-24,Debit,10742.84,Uber,NetBanking,Success,Mumbai,Web
TXN000003871,ACC0001086,2024-11-30,Credit,90354.94,Ola,NEFT,Success,Bhopal,Web
TXN000003872,ACC0000127,2026-05-15,Credit,74274.21,Flipkart,NEFT,Success,Mumbai,Branch
TXN000003873,ACC0000554,2026-02-20,Credit,5426.33,Flipkart,UPI,Success,Ahmedabad,Web
TXN000003874,ACC0000521,2025-02-22,Credit,87005.91,Amazon,UPI,Success,Lucknow,ATM
TXN000003875,ACC0001032,2025-01-17,Credit,79033.06,Netflix,ATM,Success,Pune,Web
TXN000003876,ACC0000952,2025-04-23,Debit,78409.45,Netflix,POS,Success,Chennai,Branch
TXN000003877,ACC0000290,2024-12-15,Debit,74164.4,Amazon,NEFT,Success,Bengaluru,Branch
TXN000003878,ACC0000268,2024-11-15,Debit,123717.71,Uber,IMPS,Success,Bengaluru,Mobile
TXN000003879,ACC0000870,2024-12-29,Credit,91986.35,IRCTC,RTGS,Success,Delhi,Branch
TXN000003880,ACC0001248,2024-10-21,Debit,11403.42,IRCTC,UPI,Success,Bhopal,Web
TXN000003881,ACC0001361,2025-04-05,Credit,132183.5,DMart,NEFT,Success,Mumbai,Branch
TXN000003882,ACC0001208,2024-08-06,Credit,57518.7,Jio,IMPS,Success,Delhi,ATM
TXN000003883,ACC0000693,2026-01-18,Debit,30652.28,Fuel Station,RTGS,Success,Lucknow,ATM
TXN000003884,ACC0001332,2026-03-03,Debit,9406.22,Myntra,POS,Pending,Pune,POS
TXN000003885,ACC0000293,2024-12-30,Debit,120588.53,Ola,NetBanking,Success,Ahmedabad,POS
TXN000003886,ACC0000139,2025-07-21,Credit,95534.91,Insurance Premium,RTGS,Success,Chandigarh,Web
TXN000003887,ACC0001007,2025-06-24,Debit,139026.82,Swiggy,ATM,Success,Chandigarh,Branch
TXN000003888,ACC0001306,2025-06-20,Debit,141666.36,Reliance Digital,NetBanking,Success,Jaipur,Mobile
TXN000003889,ACC0001279,2024-11-20,Credit,47020.85,Jio,NEFT,Success,Bhopal,Branch
TXN000003890,ACC0000724,2025-05-20,Credit,14576.74,Ola,NEFT,Success,Jaipur,POS
TXN000003891,ACC0000781,2025-07-22,Debit,13004.8,Electricity Board,UPI,Success,Delhi,POS
TXN000003892,ACC0000898,2024-01-09,Debit,88923.33,BigBasket,IMPS,Failed,Kochi,Web
TXN000003893,ACC0001315,2024-06-21,Credit,113761.3,Uber,IMPS,Success,Mumbai,Branch
TXN000003894,ACC0001309,2024-04-08,Debit,10420.32,Jio,Cheque,Success,Mumbai,Branch
TXN000003895,ACC0000545,2025-02-19,Credit,114586.0,School Fees,IMPS,Success,Delhi,POS
TXN000003896,ACC0000610,2026-01-21,Debit,12580.07,Amazon,IMPS,Success,Bengaluru,ATM
TXN000003897,ACC0000216,2025-04-30,Credit,122371.31,DMart,IMPS,Success,Lucknow,Branch
TXN000003898,ACC0001277,2024-07-04,Debit,18108.2,DMart,UPI,Success,Hyderabad,Branch
TXN000003899,ACC0001042,2025-10-13,Debit,114446.94,Flipkart,POS,Success,Chennai,Web
TXN000003900,ACC0000168,2024-03-21,Debit,116281.8,Flipkart,ATM,Success,Jaipur,Web
TXN000003901,ACC0000137,2025-01-30,Debit,78776.54,Fuel Station,UPI,Success,Ahmedabad,POS
TXN000003902,ACC0001014,2024-12-24,Debit,127639.06,Amazon,POS,Success,Chennai,Branch
TXN000003903,ACC0001269,2024-08-15,Credit,82106.61,Swiggy,IMPS,Success,Lucknow,Mobile
TXN000003904,ACC0001183,2026-04-22,Debit,29004.11,Swiggy,RTGS,Success,Mumbai,Branch
TXN000003905,ACC0000570,2025-02-25,Debit,67464.23,Uber,Cheque,Success,Kochi,ATM
TXN000003906,ACC0000267,2025-02-22,Debit,40539.35,School Fees,NEFT,Success,Chennai,Branch
TXN000003907,ACC0000480,2025-10-27,Debit,42253.93,Amazon,Cheque,Success,Mumbai,ATM
TXN000003908,ACC0001090,2024-12-21,Debit,109425.19,Electricity Board,ATM,Success,Chennai,Mobile
TXN000003909,ACC0000363,2025-05-10,Credit,66550.35,Jio,UPI,Success,Kochi,Mobile
TXN000003910,ACC0000868,2024-05-09,Debit,131140.13,Netflix,IMPS,Success,Hyderabad,Branch
TXN000003911,ACC0000522,2024-05-05,Debit,52664.4,Flipkart,NetBanking,Success,Chennai,Web
TXN000003912,ACC0000134,2026-02-15,Debit,1214.77,School Fees,RTGS,Success,Hyderabad,Branch
TXN000003913,ACC0000605,2024-04-15,Credit,108948.22,Amazon,ATM,Success,Lucknow,Branch
TXN000003914,ACC0000553,2024-09-01,Credit,34399.24,Netflix,RTGS,Success,Ahmedabad,ATM
TXN000003915,ACC0000258,2025-03-05,Debit,147858.74,Electricity Board,RTGS,Success,Pune,Web
TXN000003916,ACC0000690,2024-07-05,Credit,143569.53,Fuel Station,Cheque,Success,Jaipur,POS
TXN000003917,ACC0000016,2025-05-18,Credit,77697.46,Swiggy,RTGS,Failed,Mumbai,Branch
TXN000003918,ACC0001082,2025-12-30,Debit,131973.28,Insurance Premium,POS,Success,Bengaluru,Mobile
TXN000003919,ACC0001399,2026-01-10,Debit,100181.22,Flipkart,UPI,Success,Mumbai,Web
TXN000003920,ACC0000440,2024-02-18,Debit,42220.28,Reliance Digital,RTGS,Success,Kochi,ATM
TXN000003921,ACC0001312,2026-02-25,Credit,45291.53,Reliance Digital,POS,Success,Mumbai,Web
TXN000003922,ACC0000199,2024-09-02,Credit,109149.64,School Fees,RTGS,Success,Jaipur,POS
TXN000003923,ACC0000574,2024-12-12,Debit,28349.23,Electricity Board,NetBanking,Success,Chennai,POS
TXN000003924,ACC0000146,2025-12-12,Debit,71970.75,Netflix,NEFT,Success,Bhopal,Branch
TXN000003925,ACC0000602,2024-09-10,Debit,108876.38,IRCTC,NetBanking,Success,Hyderabad,ATM
TXN000003926,ACC0000646,2024-06-08,Debit,130760.25,School Fees,RTGS,Success,Chandigarh,POS
TXN000003927,ACC0001076,2025-03-04,Debit,16362.45,Jio,RTGS,Success,Chennai,Web
TXN000003928,ACC0001049,2024-04-09,Debit,90502.98,Netflix,ATM,Success,Jaipur,POS
TXN000003929,ACC0000353,2025-04-12,Credit,119057.43,Amazon,POS,Success,Chennai,POS
TXN000003930,ACC0000234,2025-11-22,Credit,101202.95,Uber,UPI,Pending,Jaipur,Branch
TXN000003931,ACC0001317,2024-12-27,Credit,74132.62,Swiggy,IMPS,Failed,Jaipur,ATM
TXN000003932,ACC0001312,2025-09-03,Debit,107856.19,Amazon,Cheque,Success,Hyderabad,Branch
TXN000003933,ACC0000208,2025-01-09,Credit,37278.2,Myntra,IMPS,Success,Hyderabad,Web
TXN000003934,ACC0000619,2026-05-16,Debit,48814.64,Netflix,NEFT,Success,Kochi,Web
TXN000003935,ACC0000318,2026-05-16,Debit,132780.67,Flipkart,ATM,Success,Mumbai,Branch
TXN000003936,ACC0001163,2026-01-27,Debit,61272.51,Airtel,NetBanking,Success,Chennai,POS
TXN000003937,ACC0001123,2024-11-01,Debit,34560.03,Uber,NEFT,Success,Lucknow,POS
TXN000003938,ACC0000788,2024-07-28,Debit,110761.65,Electricity Board,IMPS,Success,Bengaluru,POS
TXN000003939,ACC0000207,2024-08-17,Debit,96409.96,Insurance Premium,RTGS,Success,Chandigarh,Web
TXN000003940,ACC0001256,2024-03-27,Credit,140159.87,BigBasket,NetBanking,Success,Kochi,ATM
TXN000003941,ACC0000917,2024-09-26,Debit,132871.12,Fuel Station,NetBanking,Success,Lucknow,Web
TXN000003942,ACC0000269,2024-03-29,Credit,9543.42,Swiggy,NetBanking,Success,Chennai,Mobile
TXN000003943,ACC0001359,2026-02-09,Debit,21505.09,Insurance Premium,NEFT,Success,Lucknow,Mobile
TXN000003944,ACC0000234,2025-07-23,Credit,108026.17,Fuel Station,ATM,Pending,Mumbai,Branch
TXN000003945,ACC0000557,2026-04-05,Credit,9734.8,Ola,POS,Success,Delhi,Mobile
TXN000003946,ACC0000986,2024-11-14,Credit,58601.91,Zomato,IMPS,Failed,Chennai,Mobile
TXN000003947,ACC0000608,2026-05-04,Credit,147815.23,IRCTC,POS,Success,Kochi,POS
TXN000003948,ACC0001318,2025-04-16,Debit,32838.12,Amazon,NEFT,Success,Hyderabad,Branch
TXN000003949,ACC0000928,2024-03-30,Debit,33605.81,School Fees,NEFT,Success,Chennai,POS
TXN000003950,ACC0000368,2026-02-15,Credit,5523.43,Swiggy,IMPS,Success,Pune,Branch
TXN000003951,ACC0001368,2026-03-27,Debit,86259.41,Fuel Station,IMPS,Success,Hyderabad,Mobile
TXN000003952,ACC0001336,2024-01-09,Credit,76822.58,School Fees,NetBanking,Success,Mumbai,Branch
TXN000003953,ACC0001385,2025-01-02,Debit,110611.07,Fuel Station,UPI,Pending,Pune,Branch
TXN000003954,ACC0001374,2024-10-04,Credit,125182.89,Zomato,IMPS,Success,Pune,POS
TXN000003955,ACC0001026,2025-05-11,Credit,79943.06,Jio,NEFT,Success,Jaipur,Branch
TXN000003956,ACC0001062,2024-06-28,Debit,42404.64,BigBasket,IMPS,Success,Ahmedabad,ATM
TXN000003957,ACC0000072,2024-07-28,Credit,134254.06,Insurance Premium,UPI,Success,Bengaluru,ATM
TXN000003958,ACC0000294,2024-10-03,Credit,20928.59,Reliance Digital,NetBanking,Success,Hyderabad,POS
TXN000003959,ACC0001094,2025-04-25,Debit,106127.63,Swiggy,NetBanking,Success,Ahmedabad,POS
TXN000003960,ACC0000574,2024-11-05,Debit,56090.77,Electricity Board,Cheque,Pending,Bhopal,Mobile
TXN000003961,ACC0001165,2024-09-30,Debit,61808.27,Jio,ATM,Success,Kochi,Branch
TXN000003962,ACC0000830,2026-04-05,Debit,18401.2,Myntra,POS,Success,Jaipur,ATM
TXN000003963,ACC0000901,2026-01-20,Debit,49974.2,Zomato,ATM,Success,Pune,Web
TXN000003964,ACC0001256,2025-02-04,Credit,34081.93,BigBasket,RTGS,Success,Bhopal,Mobile
TXN000003965,ACC0000508,2025-12-05,Debit,138821.92,Jio,NEFT,Success,Bhopal,ATM
TXN000003966,ACC0001316,2024-05-15,Debit,42844.82,Reliance Digital,NetBanking,Success,Lucknow,POS
TXN000003967,ACC0000018,2025-04-23,Debit,67844.52,BigBasket,NetBanking,Success,Kochi,Mobile
TXN000003968,ACC0000935,2024-04-29,Credit,60517.2,Zomato,UPI,Success,Jaipur,Branch
TXN000003969,ACC0000620,2025-02-03,Credit,47661.75,DMart,NetBanking,Success,Hyderabad,ATM
TXN000003970,ACC0000400,2026-02-12,Debit,82805.5,Swiggy,RTGS,Failed,Bengaluru,Web
TXN000003971,ACC0000361,2024-10-17,Credit,8764.75,IRCTC,NEFT,Success,Lucknow,POS
TXN000003972,ACC0001169,2024-02-01,Debit,27938.16,Ola,Cheque,Success,Bhopal,Web
TXN000003973,ACC0001021,2024-04-04,Debit,137321.56,IRCTC,RTGS,Success,Lucknow,POS
TXN000003974,ACC0000446,2025-12-26,Debit,94488.82,Airtel,UPI,Success,Ahmedabad,Web
TXN000003975,ACC0001208,2025-09-25,Debit,93170.5,Zomato,UPI,Success,Hyderabad,ATM
TXN000003976,ACC0000030,2025-04-30,Debit,48198.72,Uber,UPI,Success,Pune,Mobile
TXN000003977,ACC0000968,2024-03-21,Debit,90308.86,BigBasket,RTGS,Success,Kochi,Web
TXN000003978,ACC0000403,2025-03-08,Debit,61752.27,Ola,RTGS,Success,Bengaluru,ATM
TXN000003979,ACC0001149,2024-01-15,Credit,35825.94,Amazon,RTGS,Failed,Kochi,Web
TXN000003980,ACC0000482,2026-02-04,Debit,112445.88,Reliance Digital,NetBanking,Success,Bhopal,Mobile
TXN000003981,ACC0000582,2025-09-12,Debit,62136.54,Ola,POS,Failed,Jaipur,Mobile
TXN000003982,ACC0001372,2025-06-01,Debit,80413.69,Swiggy,NEFT,Success,Bhopal,POS
TXN000003983,ACC0001234,2026-03-28,Credit,134722.35,IRCTC,IMPS,Failed,Delhi,POS
TXN000003984,ACC0001005,2024-12-17,Debit,86934.37,Electricity Board,RTGS,Success,Bengaluru,Mobile
TXN000003985,ACC0000132,2025-11-27,Debit,5863.02,School Fees,NEFT,Failed,Lucknow,Web
TXN000003986,ACC0000471,2025-10-31,Credit,119629.71,Insurance Premium,ATM,Reversed,Lucknow,POS
TXN000003987,ACC0000486,2026-02-18,Debit,13643.19,Ola,ATM,Success,Kochi,POS
TXN000003988,ACC0000417,2024-09-13,Credit,141042.72,Zomato,POS,Success,Chennai,Web
TXN000003989,ACC0000547,2026-04-06,Debit,45048.04,Insurance Premium,POS,Success,Lucknow,ATM
TXN000003990,ACC0000089,2025-06-03,Credit,87584.45,Reliance Digital,NEFT,Success,Delhi,Branch
TXN000003991,ACC0000900,2024-04-05,Debit,89595.69,Amazon,ATM,Success,Bhopal,POS
TXN000003992,ACC0000911,2024-06-28,Debit,105614.81,DMart,ATM,Failed,Mumbai,Web
TXN000003993,ACC0000617,2025-09-13,Credit,6957.59,Jio,RTGS,Success,Jaipur,Web
TXN000003994,ACC0000868,2024-03-08,Debit,44049.98,School Fees,Cheque,Success,Lucknow,ATM
TXN000003995,ACC0001379,2024-03-30,Debit,91666.69,Insurance Premium,NetBanking,Success,Lucknow,Web
TXN000003996,ACC0001154,2024-01-21,Debit,18844.37,Ola,IMPS,Success,Lucknow,Branch
TXN000003997,ACC0001119,2024-04-05,Debit,8753.97,Ola,NEFT,Success,Mumbai,POS
TXN000003998,ACC0000308,2024-07-02,Credit,88866.44,Reliance Digital,UPI,Success,Delhi,Mobile
TXN000003999,ACC0000981,2026-05-09,Credit,24200.14,Netflix,NEFT,Success,Bengaluru,POS
TXN000004000,ACC0001053,2025-09-15,Credit,6356.3,Myntra,UPI,Success,Chennai,ATM
TXN000004001,ACC0001155,2025-06-02,Credit,126467.4,Ola,POS,Success,Delhi,ATM
TXN000004002,ACC0000030,2024-02-20,Debit,18908.17,Ola,Cheque,Success,Mumbai,POS
TXN000004003,ACC0000902,2024-12-05,Debit,123293.82,Zomato,NetBanking,Success,Bengaluru,POS
TXN000004004,ACC0000521,2025-11-26,Credit,34978.06,Reliance Digital,POS,Success,Mumbai,Web
TXN000004005,ACC0001400,2025-05-06,Debit,8988.45,Insurance Premium,UPI,Success,Hyderabad,Web
TXN000004006,ACC0000651,2026-04-03,Debit,29786.16,Amazon,NetBanking,Success,Chennai,Mobile
TXN000004007,ACC0000758,2025-06-04,Debit,8041.54,Electricity Board,RTGS,Success,Jaipur,Mobile
TXN000004008,ACC0000541,2024-08-18,Credit,15033.01,Netflix,ATM,Success,Bhopal,Branch
TXN000004009,ACC0001198,2025-10-25,Debit,107290.77,Electricity Board,IMPS,Success,Pune,Branch
TXN000004010,ACC0000927,2025-10-03,Debit,97662.95,Ola,RTGS,Success,Hyderabad,Mobile
TXN000004011,ACC0000558,2024-02-15,Debit,32587.66,Netflix,NEFT,Success,Pune,POS
TXN000004012,ACC0000717,2025-03-16,Credit,531.61,Zomato,IMPS,Success,Kochi,Mobile
TXN000004013,ACC0001222,2024-03-05,Debit,41435.07,Uber,RTGS,Success,Hyderabad,Web
TXN000004014,ACC0000438,2026-05-04,Credit,122159.4,Reliance Digital,NetBanking,Success,Pune,Branch
TXN000004015,ACC0000826,2025-11-04,Debit,51185.48,Flipkart,IMPS,Failed,Mumbai,POS
TXN000004016,ACC0000037,2024-10-31,Credit,81620.48,Insurance Premium,IMPS,Success,Pune,Mobile
TXN000004017,ACC0000435,2026-01-30,Debit,143342.51,Uber,NetBanking,Success,Kochi,Web
TXN000004018,ACC0001400,2024-04-11,Credit,140728.11,Uber,NetBanking,Success,Bengaluru,Mobile
TXN000004019,ACC0000235,2025-04-09,Debit,6142.56,Electricity Board,RTGS,Success,Mumbai,ATM
TXN000004020,ACC0000911,2025-10-29,Debit,120245.85,Myntra,UPI,Success,Mumbai,POS
TXN000004021,ACC0000452,2025-03-27,Debit,128174.73,DMart,ATM,Success,Bhopal,POS
TXN000004022,ACC0000882,2025-01-03,Credit,14344.98,DMart,RTGS,Success,Lucknow,Branch
TXN000004023,ACC0000414,2024-05-14,Credit,147309.87,School Fees,NetBanking,Success,Bengaluru,Web
TXN000004024,ACC0000524,2025-10-18,Debit,134649.33,Flipkart,UPI,Success,Ahmedabad,Web
TXN000004025,ACC0001012,2025-07-06,Debit,50150.65,BigBasket,RTGS,Success,Chandigarh,Mobile
TXN000004026,ACC0000379,2026-02-03,Credit,70968.38,Uber,UPI,Pending,Kochi,POS
TXN000004027,ACC0001006,2025-12-21,Credit,96777.91,Electricity Board,ATM,Success,Hyderabad,Branch
TXN000004028,ACC0000167,2024-02-08,Debit,140575.27,IRCTC,NetBanking,Success,Delhi,Branch
TXN000004029,ACC0001199,2025-06-06,Credit,79895.41,Ola,NEFT,Success,Hyderabad,Branch
TXN000004030,ACC0000585,2024-07-10,Debit,97512.49,Insurance Premium,NetBanking,Success,Bhopal,Web
TXN000004031,ACC0001265,2024-01-06,Debit,122918.61,Airtel,POS,Success,Pune,ATM
TXN000004032,ACC0000012,2026-01-03,Debit,121945.2,Reliance Digital,RTGS,Success,Hyderabad,Branch
TXN000004033,ACC0001277,2025-08-03,Credit,16787.35,School Fees,IMPS,Success,Kochi,ATM
TXN000004034,ACC0000600,2025-05-19,Credit,35894.85,Reliance Digital,NEFT,Pending,Chandigarh,Mobile
TXN000004035,ACC0000293,2024-01-21,Debit,34133.06,Flipkart,NEFT,Success,Mumbai,Web
TXN000004036,ACC0001244,2024-11-02,Credit,17468.58,Amazon,Cheque,Success,Ahmedabad,ATM
TXN000004037,ACC0001101,2025-03-02,Debit,25274.2,Reliance Digital,ATM,Success,Bhopal,Branch
TXN000004038,ACC0000480,2024-11-04,Debit,50071.03,Uber,Cheque,Pending,Pune,Mobile
TXN000004039,ACC0001055,2024-05-28,Credit,34418.13,Electricity Board,NEFT,Failed,Delhi,Web
TXN000004040,ACC0000937,2024-11-30,Debit,87203.67,Electricity Board,UPI,Success,Bengaluru,ATM
TXN000004041,ACC0000250,2024-12-17,Credit,33527.87,Ola,IMPS,Success,Jaipur,POS
TXN000004042,ACC0000849,2026-01-01,Credit,136793.68,School Fees,Cheque,Success,Hyderabad,Web
TXN000004043,ACC0000409,2026-02-09,Debit,114659.35,Zomato,Cheque,Success,Ahmedabad,Branch
TXN000004044,ACC0000490,2025-12-12,Debit,21134.08,Ola,UPI,Success,Pune,Branch
TXN000004045,ACC0001126,2025-01-10,Credit,27124.49,School Fees,UPI,Success,Bhopal,Web
TXN000004046,ACC0000248,2024-12-28,Credit,14958.85,Uber,UPI,Success,Bhopal,Mobile
TXN000004047,ACC0000519,2025-12-28,Credit,77454.89,IRCTC,Cheque,Success,Chandigarh,Branch
TXN000004048,ACC0001185,2025-11-03,Credit,86003.0,Uber,Cheque,Reversed,Kochi,Mobile
TXN000004049,ACC0000414,2026-02-16,Debit,21679.77,Flipkart,NetBanking,Success,Delhi,Branch
TXN000004050,ACC0000838,2024-09-23,Credit,32530.54,Fuel Station,RTGS,Success,Hyderabad,ATM
TXN000004051,ACC0000121,2024-11-25,Credit,115152.09,Airtel,NetBanking,Success,Chandigarh,POS
TXN000004052,ACC0000246,2025-10-24,Debit,17230.91,Airtel,Cheque,Pending,Chandigarh,Mobile
TXN000004053,ACC0001144,2024-09-14,Credit,67541.47,Zomato,IMPS,Success,Chandigarh,Web
TXN000004054,ACC0001268,2024-05-19,Debit,62141.43,School Fees,POS,Success,Chandigarh,Branch
TXN000004055,ACC0000218,2026-05-13,Debit,76899.3,IRCTC,Cheque,Success,Chandigarh,ATM
TXN000004056,ACC0000564,2025-08-18,Credit,52378.63,Zomato,POS,Success,Jaipur,Web
TXN000004057,ACC0000465,2024-08-24,Debit,103459.49,Myntra,ATM,Success,Hyderabad,Branch
TXN000004058,ACC0000473,2024-10-26,Debit,27155.28,Jio,RTGS,Success,Mumbai,Mobile
TXN000004059,ACC0001245,2026-04-05,Debit,79590.52,Amazon,ATM,Success,Kochi,ATM
TXN000004060,ACC0000445,2024-06-30,Credit,9982.71,Jio,POS,Success,Lucknow,Branch
TXN000004061,ACC0000978,2024-07-23,Credit,43724.38,Jio,NetBanking,Success,Pune,Web
TXN000004062,ACC0000204,2024-11-01,Credit,78069.12,Flipkart,IMPS,Failed,Kochi,POS
TXN000004063,ACC0000935,2025-09-24,Debit,117087.72,Reliance Digital,RTGS,Success,Ahmedabad,ATM
TXN000004064,ACC0000573,2024-07-20,Debit,118371.58,Airtel,RTGS,Success,Pune,ATM
TXN000004065,ACC0000336,2024-10-25,Debit,111293.08,Zomato,NetBanking,Success,Jaipur,ATM
TXN000004066,ACC0000167,2026-04-27,Debit,80810.79,IRCTC,NetBanking,Success,Mumbai,Mobile
TXN000004067,ACC0000428,2025-02-26,Debit,87507.12,Jio,Cheque,Success,Bengaluru,Mobile
TXN000004068,ACC0001317,2025-04-03,Debit,115445.17,Airtel,ATM,Success,Chennai,Branch
TXN000004069,ACC0000997,2026-02-25,Debit,26785.41,Uber,POS,Success,Hyderabad,ATM
TXN000004070,ACC0000794,2025-09-04,Debit,142097.37,Swiggy,NetBanking,Success,Jaipur,Web
TXN000004071,ACC0000560,2024-02-21,Credit,61438.43,Jio,RTGS,Success,Lucknow,POS
TXN000004072,ACC0001087,2025-12-26,Debit,25977.11,Reliance Digital,NEFT,Success,Lucknow,Web
TXN000004073,ACC0001361,2024-08-14,Debit,129569.56,IRCTC,NEFT,Success,Lucknow,POS
TXN000004074,ACC0000212,2025-10-20,Debit,21338.77,Electricity Board,Cheque,Success,Pune,Mobile
TXN000004075,ACC0000099,2026-04-11,Credit,102851.48,Fuel Station,RTGS,Success,Jaipur,POS
TXN000004076,ACC0000703,2025-09-27,Debit,348.84,Ola,Cheque,Success,Chennai,ATM
TXN000004077,ACC0001364,2025-08-22,Debit,88877.88,DMart,NetBanking,Success,Chandigarh,Mobile
TXN000004078,ACC0000795,2026-01-18,Debit,129665.28,Flipkart,Cheque,Success,Bengaluru,POS
TXN000004079,ACC0000807,2024-08-25,Debit,132280.64,Myntra,Cheque,Success,Jaipur,Web
TXN000004080,ACC0001277,2025-01-16,Credit,34583.36,Zomato,Cheque,Success,Mumbai,Mobile
TXN000004081,ACC0000928,2024-01-10,Credit,1726.07,School Fees,ATM,Success,Hyderabad,POS
TXN000004082,ACC0000474,2024-04-10,Debit,86077.52,BigBasket,Cheque,Success,Bengaluru,POS
TXN000004083,ACC0001323,2025-10-19,Credit,121592.04,Insurance Premium,UPI,Reversed,Lucknow,POS
TXN000004084,ACC0001345,2025-11-27,Debit,108919.59,Jio,NEFT,Failed,Bengaluru,Branch
TXN000004085,ACC0000849,2024-09-24,Debit,62160.52,Flipkart,IMPS,Success,Mumbai,Web
TXN000004086,ACC0001149,2024-07-02,Credit,25671.92,Ola,ATM,Success,Jaipur,Mobile
TXN000004087,ACC0000847,2026-04-27,Credit,70972.4,Airtel,NetBanking,Success,Bengaluru,ATM
TXN000004088,ACC0000727,2024-11-01,Debit,122162.94,Reliance Digital,RTGS,Success,Ahmedabad,Web
TXN000004089,ACC0000405,2025-06-18,Debit,101048.51,Uber,UPI,Success,Bhopal,Mobile
TXN000004090,ACC0000384,2024-03-20,Debit,133520.47,Fuel Station,NetBanking,Success,Ahmedabad,POS
TXN000004091,ACC0000749,2024-10-30,Debit,146324.14,IRCTC,Cheque,Success,Pune,POS
TXN000004092,ACC0001133,2025-11-26,Debit,142681.07,Fuel Station,UPI,Success,Pune,Branch
TXN000004093,ACC0000960,2024-05-16,Credit,112919.9,Myntra,ATM,Success,Jaipur,Branch
TXN000004094,ACC0000291,2026-01-04,Debit,61956.99,Uber,Cheque,Success,Ahmedabad,Mobile
TXN000004095,ACC0000880,2024-08-25,Credit,6576.42,Swiggy,UPI,Success,Delhi,ATM
TXN000004096,ACC0001166,2025-11-15,Debit,60288.4,Flipkart,UPI,Success,Mumbai,Mobile
TXN000004097,ACC0001328,2025-03-16,Debit,103355.3,Ola,IMPS,Success,Bengaluru,Web
TXN000004098,ACC0000509,2024-01-31,Credit,27142.54,Ola,NEFT,Success,Chennai,Branch
TXN000004099,ACC0001341,2025-10-02,Debit,27931.67,Swiggy,IMPS,Success,Mumbai,Web
TXN000004100,ACC0000740,2026-04-20,Credit,121965.86,Amazon,ATM,Success,Hyderabad,POS
TXN000004101,ACC0000825,2024-12-03,Credit,52254.14,Netflix,NEFT,Success,Jaipur,Branch
TXN000004102,ACC0000852,2025-03-07,Debit,84096.7,Ola,POS,Success,Ahmedabad,Web
TXN000004103,ACC0000835,2026-04-08,Credit,139157.61,Insurance Premium,POS,Success,Lucknow,Web
TXN000004104,ACC0000122,2024-07-15,Debit,99556.1,Swiggy,ATM,Success,Mumbai,ATM
TXN000004105,ACC0000208,2025-06-06,Credit,121768.1,Electricity Board,POS,Pending,Ahmedabad,POS
TXN000004106,ACC0000594,2025-08-19,Debit,89977.08,Amazon,NetBanking,Success,Bhopal,POS
TXN000004107,ACC0000233,2026-03-18,Debit,19332.89,Insurance Premium,NEFT,Success,Chennai,POS
TXN000004108,ACC0000121,2024-08-16,Debit,98546.77,Myntra,ATM,Success,Ahmedabad,Mobile
TXN000004109,ACC0000789,2025-04-23,Debit,134912.61,Electricity Board,POS,Success,Mumbai,Web
TXN000004110,ACC0001227,2025-04-16,Credit,96685.85,Insurance Premium,UPI,Success,Chandigarh,POS
TXN000004111,ACC0001024,2025-06-03,Credit,107852.61,Netflix,RTGS,Success,Chennai,Web
TXN000004112,ACC0001183,2024-08-23,Debit,142797.44,Fuel Station,Cheque,Success,Kochi,Mobile
TXN000004113,ACC0000063,2025-11-14,Credit,13605.54,Reliance Digital,IMPS,Success,Bhopal,ATM
TXN000004114,ACC0001322,2025-10-12,Debit,133028.64,Ola,NEFT,Success,Chennai,Web
TXN000004115,ACC0000421,2024-02-04,Debit,139769.08,School Fees,NetBanking,Success,Jaipur,Web
TXN000004116,ACC0000390,2025-05-12,Debit,38967.86,Electricity Board,NEFT,Success,Chennai,Web
TXN000004117,ACC0000191,2025-10-22,Credit,42744.58,Ola,NetBanking,Success,Lucknow,Web
TXN000004118,ACC0000347,2025-10-05,Debit,12733.85,Uber,NEFT,Success,Jaipur,Mobile
TXN000004119,ACC0000935,2024-06-30,Debit,129687.95,Uber,RTGS,Success,Bhopal,POS
TXN000004120,ACC0000939,2025-04-30,Debit,23118.77,Jio,NEFT,Success,Mumbai,Web
TXN000004121,ACC0000671,2024-02-08,Debit,30684.51,Flipkart,POS,Failed,Kochi,Branch
TXN000004122,ACC0000254,2024-08-03,Debit,23449.51,Uber,UPI,Success,Lucknow,Branch
TXN000004123,ACC0000539,2024-07-05,Credit,148372.56,Jio,RTGS,Success,Mumbai,Mobile
TXN000004124,ACC0000656,2025-07-18,Debit,136632.93,Zomato,IMPS,Success,Hyderabad,Mobile
TXN000004125,ACC0001210,2024-08-17,Credit,11376.0,Reliance Digital,Cheque,Success,Chandigarh,Branch
TXN000004126,ACC0000086,2025-02-23,Credit,149692.92,Amazon,Cheque,Success,Chennai,Web
TXN000004127,ACC0000072,2024-07-11,Credit,75601.87,Uber,POS,Success,Ahmedabad,Branch
TXN000004128,ACC0000240,2024-05-29,Debit,101107.21,School Fees,POS,Success,Jaipur,ATM
TXN000004129,ACC0001279,2024-02-10,Debit,17963.62,Zomato,Cheque,Success,Hyderabad,Branch
TXN000004130,ACC0001096,2026-03-07,Debit,122286.23,Airtel,NetBanking,Pending,Bhopal,Mobile
TXN000004131,ACC0000273,2025-02-22,Debit,8350.05,Airtel,POS,Success,Bengaluru,Mobile
TXN000004132,ACC0000216,2026-02-16,Credit,123483.36,Netflix,RTGS,Success,Delhi,Branch
TXN000004133,ACC0000784,2025-07-20,Debit,70817.36,Netflix,Cheque,Success,Hyderabad,Branch
TXN000004134,ACC0000149,2024-05-13,Credit,141915.38,Zomato,NEFT,Success,Bengaluru,Web
TXN000004135,ACC0001129,2024-07-04,Debit,48709.25,Uber,Cheque,Success,Pune,Branch
TXN000004136,ACC0000594,2025-05-28,Debit,6509.19,Netflix,POS,Success,Kochi,Branch
TXN000004137,ACC0001231,2025-10-09,Debit,123133.42,Flipkart,NetBanking,Success,Chennai,Web
TXN000004138,ACC0001187,2025-06-24,Debit,71284.49,School Fees,ATM,Success,Kochi,Branch
TXN000004139,ACC0000574,2024-05-29,Debit,59371.24,Jio,UPI,Success,Pune,POS
TXN000004140,ACC0000630,2024-05-15,Credit,101951.11,Swiggy,UPI,Success,Mumbai,ATM
TXN000004141,ACC0000953,2025-05-30,Debit,7709.51,BigBasket,POS,Success,Bengaluru,POS
TXN000004142,ACC0000452,2026-03-27,Credit,143023.49,Fuel Station,Cheque,Success,Bengaluru,POS
TXN000004143,ACC0001011,2025-07-07,Debit,53045.17,Ola,NEFT,Success,Bengaluru,ATM
TXN000004144,ACC0001205,2024-05-26,Debit,118123.32,Airtel,RTGS,Failed,Bengaluru,Branch
TXN000004145,ACC0001066,2024-09-23,Debit,76414.68,Amazon,ATM,Success,Jaipur,Web
TXN000004146,ACC0000996,2024-05-11,Credit,20613.06,Swiggy,NEFT,Success,Pune,Branch
TXN000004147,ACC0001335,2025-06-10,Credit,97068.06,Airtel,UPI,Success,Chennai,ATM
TXN000004148,ACC0000150,2025-02-02,Credit,103706.37,School Fees,NEFT,Failed,Lucknow,Mobile
TXN000004149,ACC0000506,2025-08-17,Debit,72716.26,Insurance Premium,RTGS,Success,Ahmedabad,Branch
TXN000004150,ACC0000196,2026-03-18,Debit,95161.27,Jio,UPI,Success,Lucknow,Web
TXN000004151,ACC0000117,2024-07-01,Credit,36537.58,Ola,UPI,Success,Mumbai,Mobile
TXN000004152,ACC0000325,2025-03-10,Credit,83385.81,Reliance Digital,ATM,Success,Delhi,Branch
TXN000004153,ACC0000691,2024-06-09,Credit,4944.09,Amazon,ATM,Success,Bengaluru,POS
TXN000004154,ACC0000891,2025-04-13,Debit,63755.34,Fuel Station,POS,Success,Jaipur,POS
TXN000004155,ACC0001028,2024-09-04,Debit,30226.65,Reliance Digital,IMPS,Success,Chennai,POS
TXN000004156,ACC0000194,2024-07-14,Credit,125873.21,BigBasket,UPI,Success,Lucknow,Mobile
TXN000004157,ACC0000138,2025-06-11,Debit,57091.76,Insurance Premium,UPI,Success,Bhopal,Web
TXN000004158,ACC0000976,2025-09-28,Debit,34302.44,Zomato,ATM,Success,Lucknow,POS
TXN000004159,ACC0000474,2026-03-12,Credit,145354.0,Jio,ATM,Success,Mumbai,POS
TXN000004160,ACC0001060,2026-03-03,Debit,35701.32,Uber,RTGS,Success,Ahmedabad,ATM
TXN000004161,ACC0001284,2025-11-18,Debit,146174.29,Fuel Station,Cheque,Success,Bengaluru,Web
TXN000004162,ACC0001008,2025-08-28,Credit,129747.12,IRCTC,IMPS,Success,Hyderabad,Web
TXN000004163,ACC0000284,2025-02-06,Credit,847.13,BigBasket,NetBanking,Success,Chandigarh,Branch
TXN000004164,ACC0000828,2026-04-12,Credit,59454.99,Zomato,Cheque,Success,Pune,Mobile
TXN000004165,ACC0000751,2025-01-02,Debit,61029.52,Electricity Board,IMPS,Success,Jaipur,POS
TXN000004166,ACC0000195,2025-10-05,Credit,145008.68,Electricity Board,NEFT,Success,Pune,POS
TXN000004167,ACC0000097,2024-06-22,Credit,129713.6,BigBasket,Cheque,Success,Jaipur,Mobile
TXN000004168,ACC0000614,2024-05-30,Debit,8791.26,Uber,NEFT,Success,Bhopal,ATM
TXN000004169,ACC0000646,2025-02-08,Credit,63389.19,Flipkart,ATM,Success,Hyderabad,Mobile
TXN000004170,ACC0000056,2025-02-06,Debit,45871.18,Jio,UPI,Pending,Pune,Web
TXN000004171,ACC0000147,2025-05-07,Debit,92528.17,Electricity Board,RTGS,Success,Lucknow,ATM
TXN000004172,ACC0000778,2024-08-17,Debit,90509.54,Insurance Premium,Cheque,Success,Bengaluru,Branch
TXN000004173,ACC0000361,2025-06-06,Debit,25372.7,Ola,NEFT,Success,Kochi,ATM
TXN000004174,ACC0001312,2026-03-14,Credit,137903.41,Swiggy,IMPS,Success,Kochi,Web
TXN000004175,ACC0000874,2026-05-04,Debit,23961.46,School Fees,Cheque,Success,Ahmedabad,POS
TXN000004176,ACC0000587,2025-06-01,Debit,124677.27,BigBasket,ATM,Success,Mumbai,ATM
TXN000004177,ACC0001130,2024-12-21,Credit,127041.09,Jio,NEFT,Success,Chennai,Mobile
TXN000004178,ACC0001145,2024-07-11,Debit,124997.03,Zomato,POS,Success,Jaipur,POS
TXN000004179,ACC0000546,2024-06-12,Debit,4578.48,Uber,Cheque,Success,Jaipur,Branch
TXN000004180,ACC0000803,2026-02-13,Debit,94357.82,School Fees,NetBanking,Failed,Delhi,Web
TXN000004181,ACC0000053,2026-03-21,Credit,16671.45,Zomato,UPI,Success,Kochi,ATM
TXN000004182,ACC0000614,2024-04-26,Debit,72545.16,Myntra,NetBanking,Reversed,Mumbai,Web
TXN000004183,ACC0001359,2025-05-18,Credit,57074.62,Amazon,NetBanking,Success,Hyderabad,POS
TXN000004184,ACC0000148,2025-08-30,Credit,70860.01,Netflix,NetBanking,Success,Hyderabad,Branch
TXN000004185,ACC0000604,2024-03-10,Debit,54845.02,IRCTC,UPI,Success,Kochi,POS
TXN000004186,ACC0000852,2026-05-09,Credit,82720.24,Airtel,IMPS,Success,Mumbai,Branch
TXN000004187,ACC0000081,2026-03-18,Credit,124156.98,BigBasket,UPI,Success,Chandigarh,ATM
TXN000004188,ACC0000835,2024-02-15,Credit,83445.33,Netflix,IMPS,Success,Hyderabad,POS
TXN000004189,ACC0001311,2024-12-10,Debit,75610.02,Electricity Board,RTGS,Success,Pune,ATM
TXN000004190,ACC0000115,2025-07-09,Credit,16141.05,Jio,NetBanking,Pending,Mumbai,Web
TXN000004191,ACC0001104,2024-07-05,Debit,141058.78,Electricity Board,NEFT,Success,Kochi,POS
TXN000004192,ACC0000807,2025-11-03,Debit,133294.1,Swiggy,Cheque,Success,Pune,Branch
TXN000004193,ACC0001384,2025-01-28,Debit,104817.74,BigBasket,NEFT,Success,Kochi,Web
TXN000004194,ACC0000456,2025-10-16,Debit,58323.71,Ola,ATM,Success,Chennai,ATM
TXN000004195,ACC0000578,2025-10-20,Credit,34955.4,Zomato,NetBanking,Pending,Lucknow,POS
TXN000004196,ACC0000550,2025-03-20,Debit,120206.87,BigBasket,NEFT,Success,Pune,ATM
TXN000004197,ACC0001152,2024-01-04,Debit,134104.11,Jio,ATM,Success,Pune,ATM
TXN000004198,ACC0001048,2024-01-29,Debit,64199.7,BigBasket,Cheque,Failed,Bengaluru,POS
TXN000004199,ACC0000781,2024-10-18,Debit,129892.34,Insurance Premium,RTGS,Success,Chennai,POS
TXN000004200,ACC0000059,2026-01-18,Credit,89804.67,Zomato,Cheque,Success,Delhi,POS
TXN000004201,ACC0001258,2025-08-21,Debit,118511.98,Ola,NetBanking,Success,Bengaluru,Mobile
TXN000004202,ACC0000974,2025-02-04,Credit,55813.96,Netflix,ATM,Success,Kochi,ATM
TXN000004203,ACC0001152,2024-08-19,Credit,45533.66,School Fees,UPI,Success,Kochi,Branch
TXN000004204,ACC0000218,2025-08-12,Debit,56110.53,Airtel,POS,Pending,Bhopal,ATM
TXN000004205,ACC0000404,2025-10-10,Debit,9890.88,Myntra,Cheque,Success,Ahmedabad,ATM
TXN000004206,ACC0001318,2025-03-10,Credit,12108.1,BigBasket,RTGS,Success,Bengaluru,Web
TXN000004207,ACC0000331,2025-02-16,Debit,130908.74,Reliance Digital,NEFT,Success,Chandigarh,POS
TXN000004208,ACC0000582,2026-02-28,Debit,74928.06,Fuel Station,NetBanking,Success,Chandigarh,ATM
TXN000004209,ACC0000751,2025-05-26,Debit,61308.93,Swiggy,NEFT,Success,Lucknow,Branch
TXN000004210,ACC0000465,2024-04-20,Credit,87162.91,Fuel Station,POS,Success,Lucknow,Branch
TXN000004211,ACC0000859,2024-10-16,Debit,123271.54,Uber,UPI,Success,Bengaluru,Mobile
TXN000004212,ACC0000072,2026-04-12,Debit,132962.48,IRCTC,NetBanking,Success,Ahmedabad,ATM
TXN000004213,ACC0000984,2026-03-18,Credit,116357.2,Electricity Board,RTGS,Success,Bengaluru,ATM
TXN000004214,ACC0000426,2025-08-01,Debit,29957.57,Myntra,IMPS,Success,Jaipur,POS
TXN000004215,ACC0001025,2024-02-17,Debit,113168.44,Flipkart,NetBanking,Success,Bhopal,POS
TXN000004216,ACC0000920,2025-01-14,Credit,68826.87,Myntra,NEFT,Success,Bhopal,ATM
TXN000004217,ACC0000031,2025-07-10,Credit,92817.06,Reliance Digital,ATM,Success,Chennai,Mobile
TXN000004218,ACC0000783,2025-12-03,Credit,4136.97,Swiggy,POS,Success,Jaipur,ATM
TXN000004219,ACC0000712,2024-07-24,Debit,82320.03,Flipkart,UPI,Success,Pune,ATM
TXN000004220,ACC0001339,2026-03-30,Debit,60041.57,Netflix,IMPS,Success,Bengaluru,Mobile
TXN000004221,ACC0000038,2024-12-20,Debit,139031.28,Insurance Premium,Cheque,Success,Delhi,Branch
TXN000004222,ACC0000558,2025-06-03,Credit,8478.43,Amazon,RTGS,Failed,Bengaluru,Mobile
TXN000004223,ACC0000776,2025-04-23,Debit,139512.99,IRCTC,NEFT,Failed,Mumbai,Branch
TXN000004224,ACC0000879,2025-10-19,Credit,149150.87,Amazon,NEFT,Success,Ahmedabad,ATM
TXN000004225,ACC0000291,2025-05-10,Credit,143348.05,Swiggy,IMPS,Success,Chennai,ATM
TXN000004226,ACC0000703,2025-02-10,Debit,146974.13,Airtel,UPI,Success,Chandigarh,Mobile
TXN000004227,ACC0000833,2026-04-15,Debit,53726.9,Swiggy,RTGS,Success,Jaipur,Web
TXN000004228,ACC0000343,2026-05-06,Debit,23010.03,Flipkart,NetBanking,Success,Chandigarh,Mobile
TXN000004229,ACC0000286,2025-12-27,Credit,128674.76,Airtel,UPI,Success,Jaipur,Web
TXN000004230,ACC0001234,2024-07-17,Debit,72755.66,Ola,NEFT,Success,Jaipur,Mobile
TXN000004231,ACC0001377,2024-09-23,Debit,83799.93,Fuel Station,ATM,Success,Bhopal,ATM
TXN000004232,ACC0001161,2024-07-31,Debit,45409.53,Ola,ATM,Success,Delhi,ATM
TXN000004233,ACC0000756,2024-04-01,Credit,127175.67,Jio,IMPS,Success,Bengaluru,Web
TXN000004234,ACC0001196,2024-01-11,Debit,93101.88,Swiggy,Cheque,Success,Delhi,Mobile
TXN000004235,ACC0000398,2024-12-13,Credit,15397.38,Electricity Board,UPI,Pending,Lucknow,Web
TXN000004236,ACC0000776,2025-12-12,Debit,101815.74,Netflix,NEFT,Success,Ahmedabad,Web
TXN000004237,ACC0001074,2024-03-04,Debit,139494.5,Amazon,ATM,Success,Kochi,Mobile
TXN000004238,ACC0000809,2024-07-10,Debit,70543.65,BigBasket,RTGS,Success,Bengaluru,Mobile
TXN000004239,ACC0000180,2024-03-03,Debit,54878.22,Airtel,IMPS,Success,Delhi,Mobile
TXN000004240,ACC0001127,2025-02-24,Debit,59065.67,Insurance Premium,IMPS,Success,Delhi,Web
TXN000004241,ACC0001046,2024-01-25,Credit,50335.45,DMart,ATM,Success,Delhi,POS
TXN000004242,ACC0000725,2025-09-10,Debit,87168.43,IRCTC,IMPS,Success,Ahmedabad,Web
TXN000004243,ACC0000556,2024-01-29,Credit,128551.15,Jio,NetBanking,Failed,Delhi,Branch
TXN000004244,ACC0001175,2024-05-17,Debit,104029.04,Flipkart,Cheque,Success,Bhopal,Branch
TXN000004245,ACC0001107,2026-02-05,Credit,82783.58,School Fees,IMPS,Success,Pune,POS
TXN000004246,ACC0000244,2024-03-17,Credit,26520.26,Swiggy,Cheque,Success,Pune,ATM
TXN000004247,ACC0000125,2024-06-28,Debit,11606.83,Flipkart,UPI,Success,Delhi,ATM
TXN000004248,ACC0001052,2024-04-23,Credit,74189.14,Reliance Digital,POS,Success,Kochi,Branch
TXN000004249,ACC0000906,2024-09-28,Debit,22475.8,Zomato,UPI,Failed,Bhopal,Branch
TXN000004250,ACC0000951,2025-01-07,Credit,33530.06,Airtel,IMPS,Success,Mumbai,ATM
TXN000004251,ACC0000383,2025-10-31,Debit,71947.71,IRCTC,UPI,Success,Bhopal,ATM
TXN000004252,ACC0001180,2026-02-13,Debit,92318.03,BigBasket,NEFT,Success,Bengaluru,Mobile
TXN000004253,ACC0001331,2024-07-04,Debit,72044.35,Myntra,NEFT,Success,Delhi,ATM
TXN000004254,ACC0000973,2024-06-03,Credit,74656.67,Zomato,ATM,Success,Bengaluru,ATM
TXN000004255,ACC0000332,2024-01-14,Credit,80198.42,School Fees,RTGS,Success,Mumbai,POS
TXN000004256,ACC0000178,2024-05-05,Credit,33993.83,DMart,ATM,Success,Pune,Web
TXN000004257,ACC0000186,2025-06-12,Debit,106035.13,IRCTC,RTGS,Success,Hyderabad,Mobile
TXN000004258,ACC0000472,2025-07-07,Debit,21443.32,Electricity Board,Cheque,Success,Kochi,ATM
TXN000004259,ACC0000945,2026-02-05,Credit,137178.41,Flipkart,ATM,Success,Hyderabad,POS
TXN000004260,ACC0000961,2024-01-24,Debit,75673.86,Amazon,UPI,Success,Lucknow,ATM
TXN000004261,ACC0001263,2025-04-16,Debit,23633.96,Fuel Station,UPI,Success,Lucknow,POS
TXN000004262,ACC0000755,2026-02-25,Credit,36916.66,BigBasket,RTGS,Failed,Pune,Branch
TXN000004263,ACC0000140,2025-04-16,Credit,129250.25,Uber,ATM,Success,Chandigarh,Branch
TXN000004264,ACC0000249,2024-10-14,Debit,53828.37,IRCTC,RTGS,Success,Chennai,Mobile
TXN000004265,ACC0000359,2025-06-02,Credit,83483.59,Airtel,POS,Failed,Mumbai,POS
TXN000004266,ACC0001076,2024-04-15,Debit,95029.01,Fuel Station,NEFT,Reversed,Kochi,ATM
TXN000004267,ACC0000561,2024-12-13,Debit,36546.72,Myntra,ATM,Success,Jaipur,Mobile
TXN000004268,ACC0001146,2026-04-24,Debit,102084.72,Netflix,ATM,Success,Lucknow,ATM
TXN000004269,ACC0000678,2025-07-14,Credit,76737.97,Swiggy,Cheque,Success,Kochi,Web
TXN000004270,ACC0000755,2025-06-20,Credit,41341.43,BigBasket,NEFT,Success,Chandigarh,Mobile
TXN000004271,ACC0000875,2025-06-16,Credit,146176.49,Insurance Premium,ATM,Success,Chennai,ATM
TXN000004272,ACC0001190,2025-03-05,Debit,30269.69,School Fees,NEFT,Success,Bhopal,Branch
TXN000004273,ACC0001389,2025-09-22,Debit,58279.75,Swiggy,UPI,Success,Chandigarh,Branch
TXN000004274,ACC0000570,2025-01-20,Credit,89912.71,Ola,IMPS,Success,Mumbai,ATM
TXN000004275,ACC0000872,2025-09-23,Credit,120426.23,Amazon,NEFT,Success,Chennai,POS
TXN000004276,ACC0000601,2024-10-02,Credit,48048.81,Myntra,Cheque,Success,Hyderabad,Mobile
TXN000004277,ACC0000784,2026-03-31,Debit,145612.4,Ola,Cheque,Failed,Bhopal,POS
TXN000004278,ACC0000051,2024-07-16,Debit,71920.44,Netflix,RTGS,Success,Chennai,Web
TXN000004279,ACC0000675,2026-01-10,Debit,139173.79,Airtel,NEFT,Success,Hyderabad,Mobile
TXN000004280,ACC0000837,2024-10-01,Debit,55938.08,Reliance Digital,IMPS,Success,Chennai,ATM
TXN000004281,ACC0001162,2025-03-04,Credit,53427.47,Insurance Premium,RTGS,Success,Lucknow,ATM
TXN000004282,ACC0000987,2024-11-11,Debit,114024.77,DMart,Cheque,Success,Kochi,POS
TXN000004283,ACC0001124,2026-05-16,Debit,21300.44,Swiggy,NetBanking,Success,Jaipur,Branch
TXN000004284,ACC0000853,2026-01-21,Credit,53318.45,Reliance Digital,IMPS,Success,Mumbai,Web
TXN000004285,ACC0000546,2025-02-15,Debit,140330.14,Ola,POS,Success,Chennai,Mobile
TXN000004286,ACC0000856,2025-08-28,Credit,143300.73,Ola,IMPS,Success,Bengaluru,POS
TXN000004287,ACC0000387,2025-10-02,Credit,34870.15,School Fees,UPI,Success,Chandigarh,POS
TXN000004288,ACC0001003,2025-08-04,Credit,97637.86,School Fees,RTGS,Success,Bengaluru,Mobile
TXN000004289,ACC0000060,2025-10-04,Debit,144945.73,Netflix,Cheque,Failed,Bengaluru,Web
TXN000004290,ACC0001100,2026-01-21,Debit,18507.45,Flipkart,NEFT,Success,Jaipur,Mobile
TXN000004291,ACC0001192,2026-04-27,Credit,127862.45,Myntra,ATM,Pending,Bhopal,ATM
TXN000004292,ACC0001214,2026-03-11,Credit,81169.62,Airtel,NEFT,Success,Chennai,Mobile
TXN000004293,ACC0000607,2024-09-04,Debit,136253.64,Airtel,UPI,Success,Delhi,POS
TXN000004294,ACC0001084,2024-10-27,Credit,69024.02,BigBasket,NetBanking,Success,Bengaluru,POS
TXN000004295,ACC0000641,2024-08-16,Credit,128598.29,DMart,NetBanking,Success,Chandigarh,Mobile
TXN000004296,ACC0000377,2026-01-15,Credit,22063.94,BigBasket,Cheque,Success,Chandigarh,Web
TXN000004297,ACC0000217,2025-07-01,Credit,83741.84,BigBasket,RTGS,Success,Bhopal,Branch
TXN000004298,ACC0000152,2025-09-17,Credit,68033.63,Amazon,POS,Failed,Kochi,Mobile
TXN000004299,ACC0000544,2025-08-11,Debit,130095.55,Myntra,UPI,Success,Jaipur,Web
TXN000004300,ACC0000499,2025-08-27,Debit,32578.85,Uber,Cheque,Success,Bhopal,ATM
TXN000004301,ACC0000828,2026-01-13,Debit,79023.85,Uber,RTGS,Success,Chandigarh,ATM
TXN000004302,ACC0000561,2024-11-27,Credit,23380.41,Uber,NetBanking,Success,Lucknow,Web
TXN000004303,ACC0000509,2024-08-16,Credit,1528.54,Amazon,ATM,Success,Jaipur,ATM
TXN000004304,ACC0000311,2024-06-29,Credit,149630.62,Airtel,RTGS,Success,Mumbai,Mobile
TXN000004305,ACC0000258,2026-04-03,Debit,121127.49,BigBasket,ATM,Success,Mumbai,Mobile
TXN000004306,ACC0000184,2024-02-22,Credit,51626.2,Insurance Premium,NEFT,Success,Bhopal,Branch
TXN000004307,ACC0000201,2026-04-26,Credit,52224.39,Myntra,RTGS,Success,Lucknow,Mobile
TXN000004308,ACC0001294,2025-10-17,Credit,103556.37,Insurance Premium,RTGS,Success,Lucknow,Branch
TXN000004309,ACC0000167,2024-09-02,Credit,56092.06,Netflix,POS,Success,Jaipur,Web
TXN000004310,ACC0000259,2025-12-27,Credit,80337.06,Ola,Cheque,Success,Jaipur,ATM
TXN000004311,ACC0000073,2026-03-12,Credit,73069.57,Amazon,NEFT,Success,Jaipur,Mobile
TXN000004312,ACC0001243,2025-01-12,Credit,83254.72,Swiggy,ATM,Success,Pune,POS
TXN000004313,ACC0000609,2025-06-05,Credit,46658.33,Jio,POS,Success,Kochi,Branch
TXN000004314,ACC0000792,2024-10-05,Debit,40662.54,Netflix,NetBanking,Success,Ahmedabad,ATM
TXN000004315,ACC0000947,2026-02-20,Credit,64291.7,BigBasket,IMPS,Success,Mumbai,Mobile
TXN000004316,ACC0000168,2024-07-02,Debit,49212.08,Amazon,ATM,Success,Delhi,Branch
TXN000004317,ACC0000053,2026-01-05,Debit,24791.28,Uber,IMPS,Success,Bengaluru,Mobile
TXN000004318,ACC0000941,2025-08-29,Credit,27859.12,Ola,RTGS,Success,Bengaluru,Mobile
TXN000004319,ACC0001061,2024-03-27,Debit,44602.63,School Fees,POS,Success,Bhopal,POS
TXN000004320,ACC0000973,2026-01-02,Credit,16602.11,DMart,Cheque,Success,Mumbai,ATM
TXN000004321,ACC0000463,2024-08-05,Credit,14978.59,Jio,NEFT,Success,Lucknow,Branch
TXN000004322,ACC0001184,2025-08-29,Debit,136488.94,Airtel,RTGS,Success,Chandigarh,Branch
TXN000004323,ACC0000334,2024-09-09,Credit,47851.91,Netflix,POS,Success,Ahmedabad,POS
TXN000004324,ACC0000698,2024-10-25,Credit,40574.46,DMart,NetBanking,Failed,Chennai,Web
TXN000004325,ACC0001122,2024-08-28,Debit,133490.45,Amazon,ATM,Success,Jaipur,Mobile
TXN000004326,ACC0000873,2024-11-01,Debit,97567.09,Ola,IMPS,Success,Bhopal,Mobile
TXN000004327,ACC0001163,2024-07-15,Debit,57286.33,DMart,Cheque,Success,Lucknow,POS
TXN000004328,ACC0001399,2024-12-30,Credit,48993.7,Amazon,UPI,Success,Hyderabad,POS
TXN000004329,ACC0000696,2024-12-21,Debit,49881.24,Amazon,POS,Failed,Chandigarh,Web
TXN000004330,ACC0001236,2024-02-17,Credit,35877.92,Uber,Cheque,Success,Kochi,Mobile
TXN000004331,ACC0001246,2025-02-09,Debit,142079.32,School Fees,RTGS,Failed,Mumbai,Branch
TXN000004332,ACC0000201,2024-11-11,Debit,35615.45,Amazon,IMPS,Success,Pune,Branch
TXN000004333,ACC0001300,2024-10-09,Debit,7980.53,IRCTC,POS,Success,Chandigarh,Web
TXN000004334,ACC0000877,2024-08-18,Debit,57152.65,Ola,UPI,Success,Delhi,Mobile
TXN000004335,ACC0000060,2025-08-07,Credit,44747.33,Electricity Board,UPI,Success,Chandigarh,Branch
TXN000004336,ACC0000797,2024-11-09,Credit,53955.07,Reliance Digital,UPI,Success,Jaipur,ATM
TXN000004337,ACC0000405,2025-01-19,Credit,18686.55,Flipkart,POS,Success,Lucknow,ATM
TXN000004338,ACC0000390,2024-09-24,Debit,86269.96,Airtel,POS,Success,Hyderabad,ATM
TXN000004339,ACC0000382,2025-09-06,Debit,28981.97,Reliance Digital,NEFT,Success,Chandigarh,Mobile
TXN000004340,ACC0000096,2024-02-11,Debit,17675.46,Reliance Digital,Cheque,Success,Bhopal,POS
TXN000004341,ACC0000054,2026-01-28,Debit,142075.28,Insurance Premium,NEFT,Success,Bhopal,ATM
TXN000004342,ACC0001131,2024-01-12,Debit,67960.11,Myntra,NetBanking,Pending,Kochi,POS
TXN000004343,ACC0000612,2024-03-31,Debit,123434.5,Myntra,POS,Success,Kochi,Web
TXN000004344,ACC0000462,2024-07-03,Debit,9950.73,Insurance Premium,IMPS,Success,Ahmedabad,Mobile
TXN000004345,ACC0000222,2025-01-03,Debit,40452.91,Ola,RTGS,Reversed,Hyderabad,Branch
TXN000004346,ACC0000772,2025-06-17,Debit,77523.69,Uber,Cheque,Success,Kochi,Branch
TXN000004347,ACC0000509,2025-05-13,Debit,122380.38,IRCTC,POS,Success,Mumbai,Mobile
TXN000004348,ACC0000689,2025-01-12,Debit,99939.6,Electricity Board,ATM,Success,Bengaluru,Mobile
TXN000004349,ACC0000073,2024-02-06,Credit,125998.63,IRCTC,UPI,Success,Bhopal,POS
TXN000004350,ACC0000278,2025-02-12,Credit,80412.18,Flipkart,NEFT,Success,Kochi,Branch
TXN000004351,ACC0000663,2024-02-20,Debit,54552.31,Airtel,NEFT,Success,Delhi,ATM
TXN000004352,ACC0001386,2024-04-03,Debit,140347.9,Ola,IMPS,Success,Jaipur,Web
TXN000004353,ACC0000606,2025-05-03,Credit,61814.24,Amazon,ATM,Success,Bhopal,Mobile
TXN000004354,ACC0000178,2025-10-08,Credit,6088.45,IRCTC,NetBanking,Failed,Ahmedabad,Mobile
TXN000004355,ACC0000416,2025-05-03,Debit,98473.71,Uber,POS,Pending,Chennai,Web
TXN000004356,ACC0000762,2024-08-07,Credit,50849.41,BigBasket,Cheque,Success,Ahmedabad,Mobile
TXN000004357,ACC0000014,2024-06-28,Credit,34672.76,Airtel,NetBanking,Success,Hyderabad,Web
TXN000004358,ACC0001018,2026-05-18,Credit,38638.79,Ola,NEFT,Success,Mumbai,Mobile
TXN000004359,ACC0000051,2026-03-20,Credit,26586.47,BigBasket,IMPS,Success,Jaipur,Mobile
TXN000004360,ACC0000797,2024-05-16,Debit,148609.24,Airtel,POS,Pending,Lucknow,POS
TXN000004361,ACC0000968,2024-05-12,Credit,16721.51,Electricity Board,ATM,Success,Bengaluru,Mobile
TXN000004362,ACC0000992,2026-03-19,Debit,26353.52,Insurance Premium,ATM,Success,Chandigarh,Web
TXN000004363,ACC0000160,2024-02-26,Debit,93316.47,Ola,Cheque,Success,Ahmedabad,Mobile
TXN000004364,ACC0000415,2024-03-12,Debit,16651.85,Myntra,ATM,Success,Chandigarh,POS
TXN000004365,ACC0001288,2025-10-20,Debit,85022.79,BigBasket,IMPS,Success,Hyderabad,POS
TXN000004366,ACC0000260,2024-03-29,Debit,89185.99,Ola,POS,Success,Pune,Mobile
TXN000004367,ACC0001210,2024-08-04,Debit,131029.09,Reliance Digital,UPI,Success,Kochi,ATM
TXN000004368,ACC0000096,2024-06-14,Credit,138167.68,Uber,IMPS,Failed,Kochi,Branch
TXN000004369,ACC0000320,2025-04-01,Debit,43860.64,DMart,ATM,Success,Chennai,ATM
TXN000004370,ACC0000430,2024-09-24,Debit,44217.35,Insurance Premium,ATM,Success,Pune,POS
TXN000004371,ACC0000249,2024-03-13,Credit,12506.81,Airtel,IMPS,Success,Bhopal,Mobile
TXN000004372,ACC0001281,2026-02-12,Debit,52700.27,Airtel,NEFT,Success,Jaipur,POS
TXN000004373,ACC0001079,2025-11-03,Credit,5012.25,School Fees,IMPS,Success,Hyderabad,Branch
TXN000004374,ACC0000208,2024-12-02,Credit,98506.29,IRCTC,IMPS,Success,Chennai,POS
TXN000004375,ACC0001398,2024-01-20,Debit,54271.47,Reliance Digital,NEFT,Success,Kochi,Mobile
TXN000004376,ACC0000115,2026-02-13,Debit,123016.62,Reliance Digital,IMPS,Success,Mumbai,ATM
TXN000004377,ACC0000386,2024-03-21,Credit,14883.1,Uber,IMPS,Pending,Lucknow,Branch
TXN000004378,ACC0000898,2025-11-27,Debit,106302.61,Uber,POS,Success,Delhi,ATM
TXN000004379,ACC0000475,2024-03-09,Debit,29107.66,Myntra,POS,Success,Chennai,POS
TXN000004380,ACC0000933,2024-04-02,Credit,67334.7,Airtel,NEFT,Success,Pune,Branch
TXN000004381,ACC0001303,2025-03-25,Debit,13989.39,Zomato,NetBanking,Success,Delhi,Web
TXN000004382,ACC0000890,2024-04-05,Credit,17103.58,Ola,Cheque,Failed,Bengaluru,Web
TXN000004383,ACC0001383,2026-03-25,Credit,144420.55,Ola,POS,Success,Delhi,POS
TXN000004384,ACC0000831,2025-01-28,Debit,47640.87,Ola,ATM,Success,Delhi,POS
TXN000004385,ACC0001356,2024-01-11,Credit,50043.77,Amazon,POS,Success,Kochi,Mobile
TXN000004386,ACC0001362,2024-06-12,Debit,41017.88,Amazon,Cheque,Success,Jaipur,Mobile
TXN000004387,ACC0001257,2025-09-22,Debit,129085.21,Fuel Station,NetBanking,Success,Ahmedabad,Mobile
TXN000004388,ACC0000464,2025-05-26,Credit,83420.41,Amazon,Cheque,Success,Delhi,Branch
TXN000004389,ACC0000917,2025-11-28,Debit,104128.06,Swiggy,NetBanking,Success,Delhi,ATM
TXN000004390,ACC0000657,2025-08-12,Debit,7416.18,Electricity Board,NetBanking,Success,Kochi,POS
TXN000004391,ACC0000676,2024-07-01,Credit,63847.78,Amazon,RTGS,Pending,Pune,Web
TXN000004392,ACC0001341,2024-11-02,Debit,70242.69,Flipkart,NEFT,Success,Pune,Branch
TXN000004393,ACC0000171,2025-02-12,Debit,141028.82,Electricity Board,POS,Success,Kochi,POS
TXN000004394,ACC0001313,2026-03-13,Credit,57109.02,Insurance Premium,Cheque,Success,Kochi,Mobile
TXN000004395,ACC0001146,2024-09-15,Debit,17554.0,Jio,NetBanking,Success,Lucknow,Mobile
TXN000004396,ACC0000780,2024-05-23,Debit,43599.02,Reliance Digital,NEFT,Reversed,Hyderabad,Branch
TXN000004397,ACC0000378,2025-09-19,Debit,84049.36,Jio,POS,Success,Hyderabad,POS
TXN000004398,ACC0000724,2025-03-08,Debit,6863.22,School Fees,ATM,Success,Chandigarh,Web
TXN000004399,ACC0000345,2024-03-04,Debit,132684.95,IRCTC,RTGS,Success,Lucknow,POS
TXN000004400,ACC0001258,2024-07-26,Debit,28405.54,School Fees,NEFT,Failed,Bhopal,ATM
TXN000004401,ACC0000804,2024-01-03,Debit,7747.96,Jio,IMPS,Success,Jaipur,Web
TXN000004402,ACC0001154,2026-03-10,Debit,22635.67,Airtel,RTGS,Success,Bengaluru,Mobile
TXN000004403,ACC0000012,2025-01-03,Debit,82486.98,Reliance Digital,IMPS,Success,Bengaluru,ATM
TXN000004404,ACC0000279,2025-02-10,Debit,6074.75,Fuel Station,POS,Pending,Ahmedabad,Mobile
TXN000004405,ACC0000746,2024-01-17,Debit,74690.02,DMart,Cheque,Success,Hyderabad,ATM
TXN000004406,ACC0000524,2025-12-06,Credit,118267.09,Flipkart,RTGS,Success,Jaipur,POS
TXN000004407,ACC0000285,2025-03-28,Debit,77471.3,Flipkart,ATM,Pending,Bhopal,ATM
TXN000004408,ACC0001000,2025-04-01,Credit,44819.61,BigBasket,NEFT,Success,Hyderabad,ATM
TXN000004409,ACC0001262,2024-02-06,Debit,140905.89,Uber,Cheque,Success,Bengaluru,POS
TXN000004410,ACC0001102,2024-08-06,Debit,25354.28,Fuel Station,Cheque,Success,Kochi,ATM
TXN000004411,ACC0000976,2025-11-14,Credit,10410.35,IRCTC,ATM,Success,Chennai,Branch
TXN000004412,ACC0000510,2024-05-09,Credit,138523.83,Reliance Digital,IMPS,Success,Hyderabad,ATM
TXN000004413,ACC0000967,2024-02-06,Debit,39639.81,Flipkart,IMPS,Reversed,Pune,Branch
TXN000004414,ACC0000302,2025-06-11,Debit,119022.95,Reliance Digital,NEFT,Success,Kochi,Mobile
TXN000004415,ACC0001117,2024-07-11,Credit,116468.27,Amazon,Cheque,Success,Kochi,POS
TXN000004416,ACC0001316,2024-12-04,Credit,6333.67,Ola,POS,Success,Kochi,Web
TXN000004417,ACC0001012,2025-09-05,Debit,102847.85,School Fees,NetBanking,Success,Kochi,Mobile
TXN000004418,ACC0001219,2025-07-18,Debit,42057.3,Ola,NetBanking,Success,Chennai,POS
TXN000004419,ACC0000320,2025-07-04,Credit,25689.65,Jio,ATM,Success,Pune,Mobile
TXN000004420,ACC0000621,2024-04-05,Credit,143973.91,Insurance Premium,ATM,Success,Pune,POS
TXN000004421,ACC0001116,2024-02-24,Debit,44800.39,Myntra,NetBanking,Success,Bengaluru,Branch
TXN000004422,ACC0000707,2025-11-15,Credit,10574.55,Flipkart,NEFT,Success,Chandigarh,Branch
TXN000004423,ACC0000235,2025-12-08,Debit,15808.14,Myntra,UPI,Success,Bengaluru,Mobile
TXN000004424,ACC0000048,2025-09-17,Debit,122377.77,IRCTC,NetBanking,Success,Delhi,ATM
TXN000004425,ACC0001149,2024-01-20,Credit,27131.58,IRCTC,UPI,Success,Delhi,Branch
TXN000004426,ACC0000139,2024-05-13,Debit,137701.18,Uber,ATM,Success,Ahmedabad,Branch
TXN000004427,ACC0000609,2025-03-22,Credit,51638.38,Electricity Board,NetBanking,Success,Ahmedabad,ATM
TXN000004428,ACC0000253,2026-02-24,Debit,73759.22,Uber,Cheque,Failed,Bengaluru,ATM
TXN000004429,ACC0001383,2025-07-22,Credit,78744.69,Insurance Premium,UPI,Success,Mumbai,Branch
TXN000004430,ACC0000548,2025-03-29,Credit,2648.96,Ola,ATM,Success,Lucknow,Mobile
TXN000004431,ACC0001182,2025-11-27,Debit,100065.72,Insurance Premium,RTGS,Success,Bengaluru,Mobile
TXN000004432,ACC0000521,2024-10-12,Credit,13771.96,Amazon,Cheque,Success,Delhi,Web
TXN000004433,ACC0000895,2025-09-03,Debit,123208.45,Zomato,UPI,Success,Hyderabad,POS
TXN000004434,ACC0000455,2025-04-18,Debit,43832.37,Swiggy,RTGS,Success,Bengaluru,Branch
TXN000004435,ACC0001003,2024-10-31,Credit,100132.81,Zomato,IMPS,Success,Pune,ATM
TXN000004436,ACC0000200,2024-02-20,Debit,132542.62,Amazon,ATM,Success,Bhopal,POS
TXN000004437,ACC0000738,2024-09-29,Debit,39577.63,DMart,ATM,Success,Bhopal,Branch
TXN000004438,ACC0000879,2024-08-11,Credit,137480.52,Insurance Premium,NEFT,Success,Mumbai,Mobile
TXN000004439,ACC0000286,2024-07-31,Debit,6746.91,DMart,POS,Failed,Lucknow,Branch
TXN000004440,ACC0001304,2025-09-26,Debit,106879.3,Uber,Cheque,Success,Jaipur,ATM
TXN000004441,ACC0000730,2025-03-08,Credit,56834.03,Insurance Premium,NetBanking,Success,Lucknow,Branch
TXN000004442,ACC0001178,2025-12-20,Debit,33000.12,Electricity Board,NEFT,Success,Ahmedabad,Branch
TXN000004443,ACC0000025,2024-05-25,Credit,45298.37,IRCTC,NEFT,Success,Bhopal,Branch
TXN000004444,ACC0000724,2025-11-26,Credit,20412.98,Ola,ATM,Success,Bengaluru,Mobile
TXN000004445,ACC0000628,2024-10-17,Credit,2029.05,Electricity Board,RTGS,Success,Ahmedabad,Mobile
TXN000004446,ACC0000109,2026-02-21,Credit,75356.21,School Fees,RTGS,Success,Delhi,Branch
TXN000004447,ACC0000820,2025-11-13,Debit,48436.3,BigBasket,RTGS,Success,Pune,Web
TXN000004448,ACC0001269,2024-02-07,Debit,112773.88,Netflix,Cheque,Reversed,Hyderabad,Branch
TXN000004449,ACC0000187,2025-01-01,Credit,7463.36,Flipkart,POS,Success,Hyderabad,Branch
TXN000004450,ACC0000558,2024-08-02,Debit,55892.51,Myntra,ATM,Success,Bhopal,POS
TXN000004451,ACC0000611,2025-12-05,Credit,109221.72,Flipkart,POS,Success,Mumbai,Web
TXN000004452,ACC0000205,2026-05-06,Credit,113605.55,Swiggy,POS,Success,Ahmedabad,Branch
TXN000004453,ACC0001177,2025-01-12,Debit,136981.22,IRCTC,ATM,Success,Bhopal,ATM
TXN000004454,ACC0000228,2026-03-31,Debit,50743.86,Reliance Digital,NetBanking,Success,Delhi,POS
TXN000004455,ACC0000177,2024-01-01,Credit,70585.73,Reliance Digital,IMPS,Success,Chandigarh,Web
TXN000004456,ACC0000310,2024-07-23,Debit,30203.89,Jio,NEFT,Success,Chennai,POS
TXN000004457,ACC0000249,2024-03-13,Debit,23451.28,Myntra,POS,Success,Kochi,Mobile
TXN000004458,ACC0000130,2024-10-28,Credit,142239.83,Myntra,Cheque,Pending,Jaipur,Mobile
TXN000004459,ACC0000243,2024-06-26,Debit,71758.09,Swiggy,POS,Success,Chennai,Branch
TXN000004460,ACC0000086,2025-10-04,Debit,54410.35,Jio,Cheque,Success,Hyderabad,Mobile
TXN000004461,ACC0000311,2026-04-07,Credit,120507.17,BigBasket,IMPS,Success,Chennai,ATM
TXN000004462,ACC0000778,2025-09-11,Debit,19264.21,Swiggy,RTGS,Failed,Jaipur,Web
TXN000004463,ACC0000161,2024-09-21,Credit,88891.39,Amazon,NetBanking,Success,Chennai,ATM
TXN000004464,ACC0000232,2026-01-05,Debit,1452.62,School Fees,ATM,Success,Chennai,Branch
TXN000004465,ACC0000926,2025-03-11,Credit,92881.08,Flipkart,UPI,Success,Kochi,Mobile
TXN000004466,ACC0000414,2024-08-29,Debit,28368.59,Reliance Digital,RTGS,Pending,Ahmedabad,Branch
TXN000004467,ACC0000130,2025-05-28,Debit,52553.94,Amazon,UPI,Success,Pune,ATM
TXN000004468,ACC0000753,2024-12-01,Debit,50448.95,Uber,RTGS,Success,Kochi,ATM
TXN000004469,ACC0000181,2025-11-27,Credit,133778.69,Netflix,Cheque,Success,Pune,Mobile
TXN000004470,ACC0000982,2026-01-25,Debit,6334.72,Flipkart,Cheque,Success,Ahmedabad,Branch
TXN000004471,ACC0001399,2026-03-25,Debit,47098.14,DMart,NetBanking,Success,Lucknow,Web
TXN000004472,ACC0000201,2025-09-08,Debit,32096.28,Jio,IMPS,Success,Jaipur,Web
TXN000004473,ACC0000419,2024-11-11,Debit,68860.0,Insurance Premium,UPI,Success,Delhi,Web
TXN000004474,ACC0000172,2025-01-02,Credit,127162.81,Reliance Digital,RTGS,Success,Bengaluru,ATM
TXN000004475,ACC0000349,2024-06-01,Debit,111807.91,School Fees,NEFT,Success,Jaipur,Branch
TXN000004476,ACC0001280,2024-10-27,Debit,57321.29,Flipkart,IMPS,Success,Lucknow,Branch
TXN000004477,ACC0000625,2025-01-28,Debit,137159.5,Uber,NEFT,Success,Pune,ATM
TXN000004478,ACC0001071,2026-05-16,Debit,23812.33,Zomato,ATM,Success,Chennai,Web
TXN000004479,ACC0000475,2025-02-19,Debit,116200.16,School Fees,ATM,Success,Ahmedabad,Web
TXN000004480,ACC0001210,2026-04-15,Debit,99978.47,Jio,UPI,Success,Bengaluru,ATM
TXN000004481,ACC0000403,2025-09-27,Debit,22184.7,Swiggy,IMPS,Success,Lucknow,POS
TXN000004482,ACC0001347,2024-09-19,Debit,53263.52,Airtel,NetBanking,Success,Bhopal,Mobile
TXN000004483,ACC0000394,2026-05-09,Debit,97372.66,School Fees,NetBanking,Success,Jaipur,Branch
TXN000004484,ACC0001193,2025-09-03,Credit,89635.44,Ola,NEFT,Success,Bengaluru,POS
TXN000004485,ACC0001313,2024-10-18,Credit,48356.5,Electricity Board,IMPS,Success,Delhi,POS
TXN000004486,ACC0000712,2024-05-04,Debit,142756.42,Uber,NEFT,Success,Hyderabad,ATM
TXN000004487,ACC0000610,2024-06-13,Credit,66841.12,Swiggy,NEFT,Success,Chennai,Branch
TXN000004488,ACC0000089,2024-09-18,Debit,17482.12,Fuel Station,UPI,Success,Hyderabad,Mobile
TXN000004489,ACC0001212,2025-10-26,Debit,16584.37,Zomato,POS,Success,Kochi,Web
TXN000004490,ACC0001399,2024-09-25,Debit,38801.26,IRCTC,Cheque,Pending,Chandigarh,POS
TXN000004491,ACC0000060,2024-04-03,Credit,48929.11,IRCTC,POS,Success,Delhi,ATM
TXN000004492,ACC0000627,2024-11-11,Debit,95780.45,Fuel Station,POS,Pending,Bhopal,Web
TXN000004493,ACC0000802,2024-08-10,Credit,127851.62,Insurance Premium,UPI,Success,Mumbai,Web
TXN000004494,ACC0000395,2025-11-02,Debit,114561.58,IRCTC,POS,Success,Kochi,Web
TXN000004495,ACC0000228,2024-08-12,Debit,20638.22,Airtel,NEFT,Success,Ahmedabad,ATM
TXN000004496,ACC0001269,2026-03-23,Debit,12490.31,Myntra,IMPS,Success,Pune,Web
TXN000004497,ACC0000542,2025-08-02,Credit,54358.66,Fuel Station,IMPS,Success,Pune,POS
TXN000004498,ACC0000130,2025-11-13,Debit,85267.03,Electricity Board,POS,Success,Pune,Web
TXN000004499,ACC0000348,2025-05-09,Debit,91727.85,Flipkart,IMPS,Success,Ahmedabad,POS
TXN000004500,ACC0000581,2024-11-17,Credit,121327.52,Ola,IMPS,Success,Mumbai,Branch
TXN000004501,ACC0000603,2025-04-08,Debit,75323.46,IRCTC,NEFT,Success,Kochi,POS
TXN000004502,ACC0000824,2025-01-09,Debit,37307.97,DMart,Cheque,Success,Chandigarh,ATM
TXN000004503,ACC0000442,2025-10-03,Credit,7721.63,BigBasket,Cheque,Success,Bhopal,Branch
TXN000004504,ACC0000730,2025-03-16,Debit,71575.68,Reliance Digital,IMPS,Success,Pune,Mobile
TXN000004505,ACC0000805,2024-12-22,Debit,18982.88,Myntra,Cheque,Success,Kochi,ATM
TXN000004506,ACC0000421,2024-02-22,Debit,122495.79,DMart,UPI,Success,Jaipur,Web
TXN000004507,ACC0001058,2024-05-10,Debit,105871.06,Jio,Cheque,Success,Chandigarh,ATM
TXN000004508,ACC0000684,2024-01-21,Debit,38713.76,Netflix,RTGS,Pending,Delhi,POS
TXN000004509,ACC0001284,2024-11-29,Debit,49833.47,IRCTC,IMPS,Success,Chandigarh,ATM
TXN000004510,ACC0000800,2025-04-18,Debit,66945.38,Uber,NetBanking,Success,Hyderabad,Branch
TXN000004511,ACC0000185,2025-07-28,Credit,56083.96,School Fees,IMPS,Success,Lucknow,Mobile
TXN000004512,ACC0000483,2025-08-26,Credit,71544.44,Uber,Cheque,Success,Mumbai,Mobile
TXN000004513,ACC0001237,2025-11-07,Debit,64114.79,Uber,UPI,Success,Bhopal,ATM
TXN000004514,ACC0001352,2025-11-27,Debit,96038.3,Netflix,RTGS,Success,Jaipur,Mobile
TXN000004515,ACC0000199,2025-10-02,Credit,126967.38,Netflix,IMPS,Success,Chennai,Mobile
TXN000004516,ACC0000282,2025-11-26,Debit,84043.1,IRCTC,UPI,Success,Kochi,Mobile
TXN000004517,ACC0000235,2025-06-10,Credit,4560.18,DMart,POS,Success,Delhi,ATM
TXN000004518,ACC0001306,2026-05-09,Debit,95349.66,Swiggy,POS,Success,Bengaluru,Web
TXN000004519,ACC0000539,2026-05-01,Credit,115532.41,School Fees,NetBanking,Success,Lucknow,Mobile
TXN000004520,ACC0000445,2025-01-27,Debit,142857.15,Jio,Cheque,Success,Kochi,Mobile
TXN000004521,ACC0000787,2024-12-17,Debit,64227.42,Flipkart,NetBanking,Success,Pune,Mobile
TXN000004522,ACC0000181,2026-01-17,Debit,26740.43,Uber,UPI,Success,Bhopal,Mobile
TXN000004523,ACC0001351,2025-04-10,Credit,42103.67,Amazon,ATM,Success,Kochi,POS
TXN000004524,ACC0000393,2024-07-13,Credit,15233.42,Zomato,ATM,Success,Pune,Branch
TXN000004525,ACC0000321,2024-03-23,Credit,97677.3,BigBasket,RTGS,Failed,Delhi,Branch
TXN000004526,ACC0001131,2025-02-28,Debit,15642.4,School Fees,IMPS,Success,Jaipur,Branch
TXN000004527,ACC0001105,2025-10-13,Debit,49225.04,IRCTC,Cheque,Success,Hyderabad,POS
TXN000004528,ACC0000840,2025-02-21,Debit,81948.81,Amazon,NetBanking,Pending,Ahmedabad,Branch
TXN000004529,ACC0000666,2026-05-18,Debit,76633.6,Uber,Cheque,Success,Ahmedabad,Web
TXN000004530,ACC0000166,2025-11-12,Debit,73772.35,Myntra,POS,Success,Bengaluru,Web
TXN000004531,ACC0001218,2026-04-18,Debit,130590.1,Uber,RTGS,Success,Chandigarh,POS
TXN000004532,ACC0000633,2025-05-29,Credit,128642.52,Uber,ATM,Success,Bhopal,Mobile
TXN000004533,ACC0000346,2025-05-06,Debit,35117.54,Insurance Premium,NEFT,Success,Chennai,ATM
TXN000004534,ACC0000676,2025-11-22,Debit,4791.07,Zomato,NetBanking,Success,Delhi,Mobile
TXN000004535,ACC0001040,2025-09-22,Credit,61317.77,BigBasket,UPI,Success,Kochi,POS
TXN000004536,ACC0001106,2024-08-12,Credit,97213.7,Insurance Premium,UPI,Success,Mumbai,Branch
TXN000004537,ACC0000941,2024-10-01,Credit,98213.37,Uber,ATM,Success,Hyderabad,Web
TXN000004538,ACC0000715,2026-04-27,Credit,20124.26,BigBasket,POS,Success,Delhi,Mobile
TXN000004539,ACC0001164,2025-11-26,Credit,108980.09,Zomato,NetBanking,Success,Kochi,Web
TXN000004540,ACC0000146,2024-11-03,Credit,53537.38,Myntra,IMPS,Success,Mumbai,Mobile
TXN000004541,ACC0000015,2026-02-05,Debit,76882.02,Electricity Board,Cheque,Success,Chennai,Mobile
TXN000004542,ACC0000632,2024-06-18,Credit,134488.54,IRCTC,IMPS,Success,Pune,ATM
TXN000004543,ACC0001187,2024-03-21,Debit,102743.97,Uber,RTGS,Success,Kochi,POS
TXN000004544,ACC0000148,2025-05-19,Debit,108179.09,Reliance Digital,IMPS,Success,Bhopal,Mobile
TXN000004545,ACC0001211,2024-02-11,Debit,91145.0,DMart,Cheque,Pending,Lucknow,Web
TXN000004546,ACC0000182,2026-04-17,Credit,118965.75,Netflix,RTGS,Success,Chandigarh,Branch
TXN000004547,ACC0001189,2025-07-10,Credit,49563.21,Netflix,NEFT,Success,Pune,Mobile
TXN000004548,ACC0001282,2025-11-11,Credit,41148.6,Amazon,Cheque,Success,Jaipur,ATM
TXN000004549,ACC0000276,2025-09-29,Credit,68742.81,Electricity Board,NEFT,Success,Kochi,Web
TXN000004550,ACC0000198,2024-02-18,Debit,112281.0,Fuel Station,NetBanking,Success,Chandigarh,Mobile
TXN000004551,ACC0000664,2025-01-07,Debit,115029.34,Netflix,Cheque,Reversed,Mumbai,Branch
TXN000004552,ACC0000296,2025-04-24,Credit,103858.79,Myntra,NetBanking,Success,Hyderabad,Web
TXN000004553,ACC0000765,2025-01-26,Debit,88156.07,Amazon,Cheque,Success,Bengaluru,POS
TXN000004554,ACC0001299,2026-03-25,Debit,142931.95,Insurance Premium,IMPS,Success,Mumbai,Branch
TXN000004555,ACC0000934,2025-02-16,Credit,23419.9,Myntra,IMPS,Success,Chandigarh,ATM
TXN000004556,ACC0001070,2025-05-04,Debit,103258.13,DMart,ATM,Success,Ahmedabad,Mobile
TXN000004557,ACC0001339,2025-07-09,Debit,25561.37,Netflix,ATM,Success,Mumbai,ATM
TXN000004558,ACC0001037,2025-06-02,Debit,49805.22,DMart,IMPS,Success,Delhi,Web
TXN000004559,ACC0000387,2024-10-31,Debit,138177.92,Zomato,NEFT,Success,Pune,Web
TXN000004560,ACC0000614,2024-12-20,Debit,79822.17,Myntra,ATM,Success,Bhopal,Mobile
TXN000004561,ACC0000581,2024-01-26,Credit,25295.6,Ola,ATM,Reversed,Delhi,ATM
TXN000004562,ACC0000442,2026-01-03,Credit,108729.76,Jio,ATM,Success,Lucknow,Mobile
TXN000004563,ACC0000109,2025-08-23,Credit,32880.3,Amazon,ATM,Pending,Lucknow,Branch
TXN000004564,ACC0000257,2024-02-10,Credit,112294.47,Myntra,NetBanking,Success,Chandigarh,POS
TXN000004565,ACC0000054,2024-11-29,Debit,80326.96,Myntra,UPI,Success,Bhopal,POS
TXN000004566,ACC0001366,2024-02-23,Debit,94117.42,Electricity Board,UPI,Success,Bengaluru,Branch
TXN000004567,ACC0000308,2024-08-28,Debit,71631.85,Amazon,Cheque,Success,Bengaluru,Web
TXN000004568,ACC0000777,2025-02-04,Debit,63583.81,Fuel Station,RTGS,Success,Pune,POS
TXN000004569,ACC0000894,2024-11-28,Debit,13444.49,Flipkart,UPI,Success,Kochi,Branch
TXN000004570,ACC0000556,2025-12-07,Debit,106800.03,Jio,POS,Success,Lucknow,POS
TXN000004571,ACC0000346,2024-03-07,Debit,21490.18,Netflix,IMPS,Success,Lucknow,Mobile
TXN000004572,ACC0001052,2025-08-22,Credit,9065.99,Myntra,RTGS,Success,Bhopal,ATM
TXN000004573,ACC0000288,2026-03-01,Debit,149724.75,Myntra,ATM,Success,Pune,Branch
TXN000004574,ACC0000948,2025-11-12,Credit,32853.88,Netflix,NEFT,Success,Bhopal,ATM
TXN000004575,ACC0000428,2024-08-21,Credit,132206.28,Amazon,UPI,Success,Hyderabad,ATM
TXN000004576,ACC0000295,2025-02-04,Debit,96295.35,Swiggy,POS,Success,Bhopal,POS
TXN000004577,ACC0001385,2026-03-17,Credit,51572.71,BigBasket,Cheque,Success,Bengaluru,Branch
TXN000004578,ACC0000007,2024-04-04,Credit,64307.73,Amazon,NEFT,Success,Chandigarh,Mobile
TXN000004579,ACC0001173,2024-03-10,Credit,76129.8,Jio,NEFT,Success,Hyderabad,Web
TXN000004580,ACC0001176,2024-07-16,Debit,64677.72,Myntra,NetBanking,Success,Chennai,Branch
TXN000004581,ACC0000036,2025-07-28,Debit,83035.96,Insurance Premium,POS,Success,Hyderabad,ATM
TXN000004582,ACC0000617,2025-10-23,Debit,30459.98,BigBasket,IMPS,Success,Chennai,Web
TXN000004583,ACC0001353,2024-04-09,Debit,107517.48,Electricity Board,NEFT,Success,Delhi,Branch
TXN000004584,ACC0000328,2025-10-30,Credit,12154.51,DMart,RTGS,Success,Hyderabad,Mobile
TXN000004585,ACC0000093,2024-08-28,Debit,5885.76,IRCTC,Cheque,Success,Bhopal,Branch
TXN000004586,ACC0000945,2025-04-17,Credit,111405.5,Airtel,NetBanking,Pending,Bhopal,Branch
TXN000004587,ACC0001318,2024-11-11,Credit,82536.44,Airtel,IMPS,Success,Bengaluru,Branch
TXN000004588,ACC0001248,2024-07-16,Debit,111652.29,Insurance Premium,NetBanking,Success,Chennai,Mobile
TXN000004589,ACC0000396,2025-08-30,Debit,141129.87,Electricity Board,ATM,Success,Pune,Web
TXN000004590,ACC0000277,2025-09-28,Debit,48593.58,Uber,IMPS,Success,Pune,Mobile
TXN000004591,ACC0000531,2025-02-05,Credit,35296.12,Reliance Digital,IMPS,Success,Pune,POS
TXN000004592,ACC0000884,2026-01-22,Debit,35317.39,Reliance Digital,RTGS,Success,Jaipur,Mobile
TXN000004593,ACC0001288,2024-05-06,Debit,16228.26,DMart,Cheque,Success,Hyderabad,ATM
TXN000004594,ACC0000962,2025-06-07,Debit,93088.22,IRCTC,NEFT,Pending,Bhopal,Branch
TXN000004595,ACC0001295,2024-03-19,Credit,138647.03,Swiggy,NEFT,Success,Ahmedabad,Mobile
TXN000004596,ACC0001173,2024-02-20,Debit,99413.0,Electricity Board,Cheque,Success,Hyderabad,Web
TXN000004597,ACC0000424,2024-03-05,Credit,97904.53,Reliance Digital,NEFT,Success,Ahmedabad,POS
TXN000004598,ACC0000866,2024-01-19,Debit,3199.59,Electricity Board,IMPS,Success,Jaipur,POS
TXN000004599,ACC0001303,2024-08-29,Credit,17924.84,Reliance Digital,POS,Failed,Chandigarh,POS
TXN000004600,ACC0000864,2025-01-13,Credit,81374.19,Electricity Board,UPI,Success,Kochi,POS
TXN000004601,ACC0000926,2025-08-30,Debit,142684.18,Myntra,UPI,Success,Kochi,ATM
TXN000004602,ACC0001166,2025-03-04,Credit,41957.24,Uber,ATM,Success,Hyderabad,Branch
TXN000004603,ACC0001178,2026-01-08,Debit,147753.82,Jio,ATM,Success,Mumbai,POS
TXN000004604,ACC0000381,2024-05-28,Debit,70796.16,Flipkart,Cheque,Failed,Chennai,Web
TXN000004605,ACC0000314,2025-07-21,Debit,96088.24,School Fees,UPI,Success,Lucknow,ATM
TXN000004606,ACC0001108,2026-04-14,Debit,116331.71,Reliance Digital,NetBanking,Success,Chandigarh,POS
TXN000004607,ACC0000221,2024-12-31,Credit,93443.48,Electricity Board,NetBanking,Success,Kochi,Mobile
TXN000004608,ACC0000560,2024-10-04,Credit,37008.06,School Fees,ATM,Failed,Chennai,Branch
TXN000004609,ACC0000495,2026-05-13,Debit,85024.64,Reliance Digital,IMPS,Failed,Hyderabad,Web
TXN000004610,ACC0000534,2025-06-02,Credit,66768.71,BigBasket,NEFT,Failed,Pune,POS
TXN000004611,ACC0000774,2025-12-21,Credit,13077.22,Ola,ATM,Success,Jaipur,Branch
TXN000004612,ACC0001064,2024-03-01,Debit,140155.17,Electricity Board,POS,Success,Mumbai,ATM
TXN000004613,ACC0000089,2024-01-15,Credit,14432.14,IRCTC,IMPS,Success,Chandigarh,Branch
TXN000004614,ACC0001207,2024-12-25,Credit,56583.21,Electricity Board,POS,Success,Bengaluru,Web
TXN000004615,ACC0001203,2024-01-24,Debit,146873.15,Ola,ATM,Success,Mumbai,Branch
TXN000004616,ACC0001094,2025-06-30,Debit,147633.3,Jio,NEFT,Success,Lucknow,Branch
TXN000004617,ACC0000662,2025-02-16,Debit,47467.22,Electricity Board,IMPS,Success,Hyderabad,ATM
TXN000004618,ACC0001226,2024-02-07,Debit,1832.22,Electricity Board,Cheque,Pending,Hyderabad,Mobile
TXN000004619,ACC0000453,2025-12-17,Debit,144924.96,Flipkart,Cheque,Success,Jaipur,ATM
TXN000004620,ACC0000514,2024-01-07,Credit,44651.67,Fuel Station,UPI,Success,Pune,Mobile
TXN000004621,ACC0000226,2024-07-23,Debit,100834.29,Reliance Digital,RTGS,Success,Chennai,Web
TXN000004622,ACC0000183,2024-05-17,Debit,70515.5,Insurance Premium,ATM,Success,Jaipur,Web
TXN000004623,ACC0000198,2024-08-28,Debit,76010.3,Uber,UPI,Success,Jaipur,Mobile
TXN000004624,ACC0001390,2025-06-17,Credit,49786.52,Netflix,IMPS,Success,Bengaluru,Web
TXN000004625,ACC0000172,2026-03-20,Credit,105419.97,Electricity Board,POS,Success,Kochi,POS
TXN000004626,ACC0000577,2025-01-15,Credit,144949.34,Ola,IMPS,Success,Bhopal,Mobile
TXN000004627,ACC0000185,2025-06-06,Debit,58913.93,IRCTC,Cheque,Success,Hyderabad,Branch
TXN000004628,ACC0000095,2024-04-04,Credit,76424.59,Ola,Cheque,Success,Lucknow,Branch
TXN000004629,ACC0000222,2025-05-30,Debit,11232.86,Zomato,Cheque,Success,Pune,Mobile
TXN000004630,ACC0000397,2025-06-22,Debit,88511.1,IRCTC,IMPS,Success,Bhopal,Web
TXN000004631,ACC0000554,2025-03-18,Credit,89448.06,DMart,POS,Success,Delhi,POS
TXN000004632,ACC0001083,2024-07-20,Credit,80628.78,Netflix,ATM,Success,Hyderabad,ATM
TXN000004633,ACC0000585,2026-05-04,Credit,16701.01,Fuel Station,IMPS,Success,Chandigarh,ATM
TXN000004634,ACC0001220,2025-12-05,Debit,18632.87,School Fees,UPI,Success,Bengaluru,Web
TXN000004635,ACC0000390,2025-12-01,Debit,76939.11,Zomato,NEFT,Success,Chennai,Web
TXN000004636,ACC0000450,2025-08-28,Debit,88386.9,Fuel Station,Cheque,Success,Mumbai,Branch
TXN000004637,ACC0001389,2024-12-10,Credit,124823.47,School Fees,NetBanking,Success,Jaipur,Branch
TXN000004638,ACC0000399,2026-02-09,Credit,55213.59,Flipkart,NetBanking,Success,Kochi,ATM
TXN000004639,ACC0000926,2024-09-23,Credit,50926.54,Electricity Board,ATM,Success,Mumbai,Branch
TXN000004640,ACC0000308,2026-03-12,Credit,616.28,Insurance Premium,POS,Success,Bhopal,Mobile
TXN000004641,ACC0000142,2025-03-03,Debit,60927.82,Jio,Cheque,Success,Ahmedabad,POS
TXN000004642,ACC0000384,2024-07-18,Debit,80645.65,Jio,UPI,Success,Bhopal,ATM
TXN000004643,ACC0001192,2026-05-20,Debit,6278.47,Insurance Premium,IMPS,Success,Lucknow,POS
TXN000004644,ACC0001048,2025-12-17,Debit,141987.08,DMart,NEFT,Success,Delhi,Web
TXN000004645,ACC0000828,2025-06-03,Debit,42107.25,Reliance Digital,NEFT,Success,Chandigarh,Web
TXN000004646,ACC0000776,2024-10-19,Credit,59318.83,Uber,POS,Success,Hyderabad,Web
TXN000004647,ACC0000297,2024-12-02,Debit,137292.72,Amazon,POS,Success,Jaipur,ATM
TXN000004648,ACC0001070,2024-10-21,Debit,124484.14,Electricity Board,UPI,Success,Pune,POS
TXN000004649,ACC0000679,2024-01-08,Credit,43061.74,Amazon,IMPS,Success,Ahmedabad,Web
TXN000004650,ACC0000460,2025-11-08,Credit,149340.68,Fuel Station,NEFT,Pending,Bengaluru,Branch
TXN000004651,ACC0000395,2024-03-02,Debit,98931.69,Swiggy,RTGS,Failed,Lucknow,Web
TXN000004652,ACC0001352,2025-07-19,Credit,23579.01,Ola,UPI,Success,Ahmedabad,ATM
TXN000004653,ACC0001243,2024-08-16,Debit,47511.7,Electricity Board,POS,Success,Lucknow,Branch
TXN000004654,ACC0000224,2025-05-11,Credit,22695.58,Zomato,NEFT,Success,Pune,POS
TXN000004655,ACC0001392,2024-12-03,Debit,139621.49,Jio,UPI,Success,Bengaluru,Web
TXN000004656,ACC0000552,2024-06-21,Debit,5367.59,BigBasket,RTGS,Success,Bhopal,Web
TXN000004657,ACC0000951,2024-03-01,Debit,133193.93,Jio,ATM,Success,Chandigarh,ATM
TXN000004658,ACC0000569,2026-04-20,Debit,22305.55,DMart,POS,Success,Mumbai,ATM
TXN000004659,ACC0001285,2026-02-17,Debit,26330.6,Amazon,UPI,Success,Bhopal,POS
TXN000004660,ACC0000274,2024-11-02,Debit,120198.41,Uber,NEFT,Success,Chandigarh,ATM
TXN000004661,ACC0000207,2025-11-03,Credit,55680.64,Insurance Premium,UPI,Success,Ahmedabad,Web
TXN000004662,ACC0000835,2025-01-26,Credit,121475.11,Uber,NEFT,Success,Delhi,Mobile
TXN000004663,ACC0001043,2024-04-25,Credit,25563.94,DMart,IMPS,Success,Ahmedabad,Branch
TXN000004664,ACC0000127,2024-07-02,Credit,19115.76,Reliance Digital,IMPS,Success,Delhi,Web
TXN000004665,ACC0001166,2026-01-03,Debit,102290.74,School Fees,POS,Failed,Kochi,Mobile
TXN000004666,ACC0000580,2024-11-20,Debit,74261.71,Flipkart,IMPS,Success,Bhopal,Branch
TXN000004667,ACC0001265,2024-02-23,Credit,127228.78,BigBasket,POS,Success,Bengaluru,Mobile
TXN000004668,ACC0000001,2025-10-18,Credit,71939.22,Ola,IMPS,Success,Chandigarh,POS
TXN000004669,ACC0000182,2024-09-09,Debit,139837.03,Netflix,NEFT,Success,Ahmedabad,Branch
TXN000004670,ACC0000251,2025-09-12,Debit,85673.81,School Fees,NEFT,Success,Hyderabad,Mobile
TXN000004671,ACC0001362,2026-02-04,Credit,122263.07,Swiggy,NEFT,Success,Hyderabad,Mobile
TXN000004672,ACC0000891,2024-03-21,Debit,149923.63,Ola,NEFT,Pending,Mumbai,Branch
TXN000004673,ACC0001381,2025-06-18,Debit,122052.91,Zomato,UPI,Success,Chandigarh,Branch
TXN000004674,ACC0000780,2024-01-31,Debit,97165.25,Amazon,RTGS,Success,Bhopal,ATM
TXN000004675,ACC0000391,2025-10-25,Debit,55243.92,Reliance Digital,Cheque,Success,Chandigarh,Web
TXN000004676,ACC0000106,2025-01-22,Debit,95667.06,Airtel,NetBanking,Success,Lucknow,POS
TXN000004677,ACC0000194,2026-05-10,Debit,63874.46,BigBasket,IMPS,Success,Ahmedabad,Branch
TXN000004678,ACC0000556,2024-01-23,Debit,14583.25,Airtel,Cheque,Success,Hyderabad,Web
TXN000004679,ACC0001329,2025-10-07,Debit,46458.94,Fuel Station,UPI,Success,Hyderabad,Mobile
TXN000004680,ACC0000812,2025-06-05,Debit,130000.96,Insurance Premium,NetBanking,Success,Ahmedabad,Web
TXN000004681,ACC0000125,2024-05-19,Debit,142977.48,Zomato,POS,Success,Chennai,Mobile
TXN000004682,ACC0000290,2025-02-03,Credit,13894.2,Electricity Board,ATM,Success,Mumbai,Mobile
TXN000004683,ACC0000654,2024-05-13,Debit,112283.4,IRCTC,POS,Success,Chennai,POS
TXN000004684,ACC0000236,2024-01-14,Debit,2729.88,Ola,POS,Success,Bhopal,POS
TXN000004685,ACC0001113,2024-03-07,Credit,65859.04,Ola,Cheque,Pending,Pune,ATM
TXN000004686,ACC0000617,2024-04-08,Debit,69182.67,Insurance Premium,IMPS,Success,Bengaluru,ATM
TXN000004687,ACC0001154,2024-09-06,Debit,47076.84,DMart,ATM,Pending,Pune,Web
TXN000004688,ACC0000394,2024-01-22,Debit,122731.82,Zomato,NetBanking,Success,Kochi,POS
TXN000004689,ACC0001335,2025-12-30,Credit,17726.29,IRCTC,UPI,Success,Bhopal,Web
TXN000004690,ACC0000089,2024-12-12,Debit,60044.38,Electricity Board,UPI,Reversed,Chennai,Branch
TXN000004691,ACC0000107,2025-03-23,Credit,121159.14,Airtel,POS,Success,Lucknow,Branch
TXN000004692,ACC0000500,2024-02-05,Debit,115592.29,Uber,ATM,Success,Chandigarh,Branch
TXN000004693,ACC0001154,2026-02-12,Debit,119188.21,Amazon,POS,Success,Pune,Branch
TXN000004694,ACC0001235,2024-08-03,Credit,113175.84,BigBasket,NEFT,Success,Bhopal,POS
TXN000004695,ACC0000584,2024-10-03,Debit,87571.22,Zomato,IMPS,Success,Hyderabad,Web
TXN000004696,ACC0001279,2025-05-27,Debit,50291.4,Fuel Station,ATM,Success,Ahmedabad,ATM
TXN000004697,ACC0000450,2024-11-24,Credit,41772.9,Netflix,UPI,Success,Chennai,ATM
TXN000004698,ACC0001089,2024-10-18,Debit,57006.54,BigBasket,NetBanking,Success,Kochi,Web
TXN000004699,ACC0001037,2026-01-08,Debit,9570.92,Netflix,IMPS,Success,Bengaluru,Mobile
TXN000004700,ACC0000247,2026-01-15,Debit,75616.82,Ola,NetBanking,Success,Delhi,Mobile
TXN000004701,ACC0000889,2026-04-28,Debit,56431.67,Airtel,NetBanking,Success,Chandigarh,ATM
TXN000004702,ACC0000456,2024-10-29,Credit,140231.23,Reliance Digital,RTGS,Success,Mumbai,Mobile
TXN000004703,ACC0000714,2025-04-14,Credit,44333.12,Airtel,POS,Success,Ahmedabad,Branch
TXN000004704,ACC0000188,2026-01-15,Credit,58515.41,Fuel Station,RTGS,Success,Bengaluru,POS
TXN000004705,ACC0000400,2025-01-27,Debit,125112.14,Zomato,POS,Success,Lucknow,Branch
TXN000004706,ACC0000208,2026-04-18,Debit,18426.56,Myntra,POS,Success,Jaipur,Branch
TXN000004707,ACC0000949,2024-08-05,Credit,2094.56,DMart,NetBanking,Success,Kochi,ATM
TXN000004708,ACC0000235,2025-03-08,Debit,12680.78,Myntra,Cheque,Success,Ahmedabad,Web
TXN000004709,ACC0001262,2025-08-21,Debit,27592.12,Myntra,IMPS,Success,Chennai,Web
TXN000004710,ACC0000867,2024-11-19,Debit,25862.91,BigBasket,POS,Success,Bhopal,POS
TXN000004711,ACC0000423,2024-10-18,Debit,89793.76,Fuel Station,Cheque,Success,Delhi,ATM
TXN000004712,ACC0000442,2026-01-27,Credit,37131.43,Flipkart,NEFT,Success,Lucknow,POS
TXN000004713,ACC0000871,2024-02-16,Debit,115887.02,Airtel,RTGS,Success,Pune,Mobile
TXN000004714,ACC0000420,2025-12-08,Credit,82167.95,Swiggy,NetBanking,Success,Chandigarh,Branch
TXN000004715,ACC0000634,2025-10-04,Debit,132983.53,Flipkart,NetBanking,Success,Chennai,ATM
TXN000004716,ACC0000618,2025-01-20,Debit,127974.25,Amazon,POS,Success,Jaipur,Branch
TXN000004717,ACC0000879,2025-01-19,Debit,3895.76,Reliance Digital,IMPS,Failed,Bengaluru,POS
TXN000004718,ACC0000883,2024-04-10,Credit,21589.55,Zomato,NEFT,Success,Jaipur,ATM
TXN000004719,ACC0000690,2024-08-25,Debit,62845.52,Flipkart,NetBanking,Failed,Mumbai,ATM
TXN000004720,ACC0000326,2024-06-16,Debit,74247.87,Reliance Digital,NetBanking,Success,Lucknow,ATM
TXN000004721,ACC0000154,2025-03-18,Debit,68957.58,Myntra,POS,Success,Bhopal,ATM
TXN000004722,ACC0001288,2024-06-09,Credit,38309.51,IRCTC,NetBanking,Success,Bhopal,Web
TXN000004723,ACC0000401,2025-12-23,Credit,137247.15,Uber,POS,Success,Bengaluru,Branch
TXN000004724,ACC0000538,2025-03-16,Debit,13147.07,Uber,IMPS,Success,Chennai,POS
TXN000004725,ACC0001304,2024-12-14,Credit,86764.02,Insurance Premium,NEFT,Pending,Hyderabad,Web
TXN000004726,ACC0001064,2024-01-13,Debit,2586.36,DMart,RTGS,Success,Pune,ATM
TXN000004727,ACC0000856,2024-07-16,Debit,1468.61,DMart,UPI,Success,Pune,Mobile
TXN000004728,ACC0001228,2025-01-29,Debit,81486.09,Flipkart,NetBanking,Success,Bhopal,Web
TXN000004729,ACC0000630,2025-09-11,Debit,82149.8,Airtel,NetBanking,Success,Delhi,Mobile
TXN000004730,ACC0000088,2025-07-09,Debit,2067.34,Fuel Station,POS,Success,Hyderabad,POS
TXN000004731,ACC0001344,2024-02-26,Debit,139988.68,Ola,ATM,Success,Jaipur,Mobile
TXN000004732,ACC0000812,2025-11-22,Credit,96365.01,Swiggy,RTGS,Success,Jaipur,Web
TXN000004733,ACC0000672,2025-08-10,Credit,52449.61,Myntra,NEFT,Success,Mumbai,Branch
TXN000004734,ACC0001055,2024-01-07,Debit,77272.51,Netflix,Cheque,Failed,Chandigarh,POS
TXN000004735,ACC0001071,2025-06-26,Debit,72745.25,Uber,UPI,Success,Ahmedabad,Web
TXN000004736,ACC0001028,2025-07-05,Debit,124031.34,Zomato,Cheque,Success,Hyderabad,Branch
TXN000004737,ACC0001371,2024-09-26,Credit,129523.61,Uber,POS,Success,Kochi,POS
TXN000004738,ACC0000048,2026-04-11,Credit,110202.97,Reliance Digital,UPI,Pending,Ahmedabad,POS
TXN000004739,ACC0000661,2024-10-10,Credit,11287.57,Airtel,Cheque,Success,Bengaluru,Branch
TXN000004740,ACC0000754,2024-08-21,Debit,60307.78,Myntra,RTGS,Success,Delhi,Web
TXN000004741,ACC0001059,2026-04-30,Debit,61711.37,Fuel Station,NetBanking,Success,Delhi,ATM
TXN000004742,ACC0000497,2025-07-27,Credit,138902.4,Airtel,NetBanking,Success,Hyderabad,ATM
TXN000004743,ACC0001170,2024-02-10,Debit,50047.17,Flipkart,NEFT,Success,Mumbai,Web
TXN000004744,ACC0000554,2025-03-14,Credit,149272.59,Zomato,IMPS,Success,Pune,ATM
TXN000004745,ACC0000378,2026-04-14,Credit,35830.7,Reliance Digital,RTGS,Success,Lucknow,Mobile
TXN000004746,ACC0000355,2025-05-14,Credit,147706.98,Ola,IMPS,Success,Hyderabad,POS
TXN000004747,ACC0000871,2025-06-27,Credit,75657.63,Fuel Station,IMPS,Success,Chandigarh,POS
TXN000004748,ACC0000920,2025-01-13,Credit,147452.02,Jio,ATM,Success,Pune,Web
TXN000004749,ACC0000245,2025-02-11,Debit,7563.72,Flipkart,Cheque,Success,Chandigarh,POS
TXN000004750,ACC0000790,2025-04-21,Credit,86127.1,Ola,ATM,Success,Pune,POS
TXN000004751,ACC0000463,2025-05-19,Credit,142963.65,BigBasket,NetBanking,Success,Delhi,Branch
TXN000004752,ACC0001332,2024-09-08,Debit,63883.81,Jio,UPI,Success,Delhi,Mobile
TXN000004753,ACC0001378,2024-06-16,Credit,36424.56,Reliance Digital,NEFT,Success,Mumbai,Web
TXN000004754,ACC0000818,2024-10-16,Debit,64119.75,Fuel Station,RTGS,Reversed,Mumbai,POS
TXN000004755,ACC0000177,2024-07-21,Credit,146793.3,Netflix,UPI,Success,Bhopal,Branch
TXN000004756,ACC0000263,2026-01-06,Credit,21913.14,Netflix,UPI,Success,Chennai,POS
TXN000004757,ACC0000677,2025-10-05,Debit,136673.22,BigBasket,NetBanking,Success,Kochi,Web
TXN000004758,ACC0001198,2024-11-15,Credit,122007.39,DMart,NetBanking,Success,Pune,POS
TXN000004759,ACC0000925,2026-01-31,Credit,145918.72,Uber,NetBanking,Success,Lucknow,ATM
TXN000004760,ACC0000818,2024-02-25,Debit,92380.47,Amazon,Cheque,Success,Mumbai,Web
TXN000004761,ACC0001035,2024-10-24,Debit,119262.47,Myntra,ATM,Success,Chandigarh,Branch
TXN000004762,ACC0000035,2025-01-15,Debit,127859.48,Fuel Station,UPI,Success,Bhopal,Branch
TXN000004763,ACC0000714,2025-01-11,Credit,83722.94,Electricity Board,Cheque,Success,Bengaluru,Mobile
TXN000004764,ACC0000097,2025-07-10,Debit,35049.27,Flipkart,POS,Success,Chandigarh,ATM
TXN000004765,ACC0001210,2025-06-07,Debit,39635.29,Electricity Board,RTGS,Success,Delhi,POS
TXN000004766,ACC0000872,2024-01-30,Debit,136554.86,Fuel Station,POS,Success,Hyderabad,POS
TXN000004767,ACC0000470,2025-07-19,Debit,109029.11,Airtel,NetBanking,Success,Jaipur,Mobile
TXN000004768,ACC0000060,2024-07-04,Debit,105646.45,Insurance Premium,UPI,Success,Hyderabad,POS
TXN000004769,ACC0000843,2026-01-24,Debit,50362.79,Electricity Board,ATM,Success,Chandigarh,Web
TXN000004770,ACC0001053,2026-01-18,Debit,1292.59,Airtel,RTGS,Failed,Jaipur,Web
TXN000004771,ACC0000516,2024-03-22,Debit,137266.32,Jio,Cheque,Success,Chennai,ATM
TXN000004772,ACC0001336,2024-03-04,Debit,147457.14,Airtel,ATM,Success,Bengaluru,POS
TXN000004773,ACC0000352,2024-09-25,Credit,27998.38,Swiggy,ATM,Success,Kochi,ATM
TXN000004774,ACC0000531,2025-10-28,Credit,25976.7,Electricity Board,RTGS,Success,Bhopal,Mobile
TXN000004775,ACC0000710,2026-02-23,Debit,72102.0,Electricity Board,NetBanking,Success,Bhopal,Branch
TXN000004776,ACC0000779,2026-05-15,Credit,140013.71,BigBasket,NetBanking,Success,Lucknow,Mobile
TXN000004777,ACC0000533,2025-07-18,Credit,74870.66,Fuel Station,ATM,Pending,Chandigarh,Mobile
TXN000004778,ACC0000062,2024-05-12,Credit,61735.57,Myntra,IMPS,Success,Jaipur,Web
TXN000004779,ACC0000066,2026-02-10,Credit,115189.95,Insurance Premium,NetBanking,Success,Hyderabad,Branch
TXN000004780,ACC0000985,2025-04-16,Debit,62891.98,Reliance Digital,NetBanking,Success,Mumbai,Web
TXN000004781,ACC0000298,2025-11-23,Debit,16726.05,IRCTC,ATM,Success,Jaipur,Mobile
TXN000004782,ACC0000734,2025-08-14,Debit,72399.9,Electricity Board,ATM,Failed,Bhopal,Mobile
TXN000004783,ACC0001116,2025-08-31,Debit,9995.59,Myntra,RTGS,Success,Lucknow,ATM
TXN000004784,ACC0000290,2026-05-01,Debit,137672.76,School Fees,UPI,Success,Hyderabad,ATM
TXN000004785,ACC0000225,2024-01-12,Credit,88851.94,IRCTC,RTGS,Success,Ahmedabad,POS
TXN000004786,ACC0000042,2024-09-08,Credit,106230.28,Zomato,Cheque,Success,Bengaluru,Web
TXN000004787,ACC0000559,2025-05-16,Credit,136475.66,Netflix,NEFT,Success,Bengaluru,Branch
TXN000004788,ACC0001175,2026-05-09,Credit,111691.96,Fuel Station,NEFT,Success,Delhi,Mobile
TXN000004789,ACC0000550,2025-03-28,Debit,148790.13,Fuel Station,NEFT,Success,Delhi,Branch
TXN000004790,ACC0001261,2025-08-31,Debit,78565.47,Jio,IMPS,Success,Lucknow,POS
TXN000004791,ACC0000808,2025-06-14,Debit,16738.05,BigBasket,IMPS,Success,Chandigarh,Branch
TXN000004792,ACC0000550,2025-10-18,Credit,19633.96,Flipkart,RTGS,Success,Kochi,POS
TXN000004793,ACC0001161,2024-08-05,Debit,95143.55,Airtel,ATM,Success,Kochi,Branch
TXN000004794,ACC0001124,2024-11-02,Credit,127089.82,Airtel,ATM,Failed,Bengaluru,POS
TXN000004795,ACC0001015,2024-12-13,Credit,70171.32,Myntra,Cheque,Success,Kochi,ATM
TXN000004796,ACC0000838,2024-12-16,Debit,11474.85,Reliance Digital,IMPS,Success,Delhi,Web
TXN000004797,ACC0000416,2024-06-26,Debit,28255.45,Jio,ATM,Success,Kochi,Mobile
TXN000004798,ACC0001231,2025-07-29,Debit,46555.53,Flipkart,IMPS,Success,Chennai,Web
TXN000004799,ACC0000958,2024-04-21,Credit,91547.23,Zomato,NEFT,Success,Chandigarh,POS
TXN000004800,ACC0000877,2024-10-09,Debit,38617.1,Electricity Board,IMPS,Success,Jaipur,Mobile
TXN000004801,ACC0000344,2024-05-31,Credit,144245.53,Electricity Board,Cheque,Success,Delhi,POS
TXN000004802,ACC0000098,2025-03-12,Credit,148409.95,Airtel,IMPS,Failed,Delhi,Web
TXN000004803,ACC0000311,2024-10-24,Credit,23079.17,DMart,Cheque,Success,Bengaluru,POS
TXN000004804,ACC0000320,2025-03-10,Debit,137685.82,Myntra,POS,Success,Jaipur,ATM
TXN000004805,ACC0001015,2024-02-19,Credit,28487.03,Fuel Station,UPI,Success,Mumbai,POS
TXN000004806,ACC0000768,2025-05-10,Debit,131901.06,Airtel,RTGS,Failed,Kochi,Web
TXN000004807,ACC0000702,2024-09-18,Debit,67993.71,Reliance Digital,Cheque,Success,Delhi,ATM
TXN000004808,ACC0001326,2025-12-06,Debit,126401.49,School Fees,POS,Success,Bhopal,ATM
TXN000004809,ACC0001266,2026-01-06,Credit,9434.44,Insurance Premium,NEFT,Success,Lucknow,Branch
TXN000004810,ACC0001035,2025-08-26,Debit,53945.38,Swiggy,NetBanking,Success,Ahmedabad,Web
TXN000004811,ACC0000956,2025-10-25,Debit,8601.72,Fuel Station,NEFT,Success,Lucknow,Mobile
TXN000004812,ACC0000706,2024-06-30,Debit,148014.84,Swiggy,UPI,Pending,Mumbai,Branch
TXN000004813,ACC0000998,2025-08-07,Debit,10542.69,Ola,UPI,Success,Pune,ATM
TXN000004814,ACC0001057,2026-04-09,Credit,88778.03,Flipkart,RTGS,Failed,Mumbai,POS
TXN000004815,ACC0000854,2024-11-05,Debit,131387.7,Myntra,RTGS,Success,Mumbai,Web
TXN000004816,ACC0000942,2025-04-27,Debit,26042.38,Electricity Board,RTGS,Success,Chandigarh,ATM
TXN000004817,ACC0000283,2024-10-08,Debit,16643.89,Insurance Premium,UPI,Reversed,Bengaluru,ATM
TXN000004818,ACC0000037,2025-12-23,Debit,132483.29,IRCTC,IMPS,Success,Ahmedabad,Web
TXN000004819,ACC0000479,2024-04-06,Credit,7877.65,DMart,ATM,Success,Delhi,Branch
TXN000004820,ACC0001044,2024-02-01,Debit,65599.17,Zomato,NetBanking,Reversed,Kochi,Mobile
TXN000004821,ACC0000167,2025-08-25,Debit,30359.73,Jio,POS,Success,Ahmedabad,Mobile
TXN000004822,ACC0000393,2024-07-10,Debit,138928.04,Myntra,RTGS,Success,Bhopal,Branch
TXN000004823,ACC0000915,2025-12-17,Debit,78513.82,Electricity Board,IMPS,Success,Chandigarh,POS
TXN000004824,ACC0000256,2024-04-25,Debit,74779.53,Reliance Digital,RTGS,Success,Lucknow,Web
TXN000004825,ACC0000405,2024-06-10,Debit,83067.28,DMart,IMPS,Success,Lucknow,Branch
TXN000004826,ACC0000628,2025-06-26,Credit,30554.34,Insurance Premium,UPI,Success,Pune,Branch
TXN000004827,ACC0000577,2025-12-06,Credit,138968.74,Ola,Cheque,Success,Hyderabad,Web
TXN000004828,ACC0000605,2025-03-07,Debit,138148.93,Flipkart,Cheque,Success,Bengaluru,Branch
TXN000004829,ACC0001196,2025-11-21,Debit,17637.71,Swiggy,UPI,Success,Delhi,ATM
TXN000004830,ACC0001129,2025-05-22,Debit,84766.52,Airtel,RTGS,Success,Mumbai,Mobile
TXN000004831,ACC0000566,2026-02-07,Debit,142777.28,Ola,POS,Success,Chennai,Web
TXN000004832,ACC0001017,2024-08-07,Debit,34574.46,Fuel Station,RTGS,Success,Jaipur,POS
TXN000004833,ACC0000708,2024-11-15,Credit,22127.28,Uber,Cheque,Success,Delhi,Web
TXN000004834,ACC0000326,2024-03-15,Credit,88757.21,Ola,RTGS,Success,Bengaluru,Mobile
TXN000004835,ACC0000124,2024-12-20,Debit,116489.07,Electricity Board,POS,Success,Chennai,Mobile
TXN000004836,ACC0000276,2025-06-04,Debit,136686.22,Airtel,RTGS,Success,Bhopal,POS
TXN000004837,ACC0000967,2024-09-23,Credit,65320.53,Flipkart,NEFT,Success,Lucknow,Branch
TXN000004838,ACC0001136,2025-07-24,Debit,125004.58,Zomato,NetBanking,Success,Lucknow,ATM
TXN000004839,ACC0001247,2024-01-07,Credit,59684.22,Netflix,RTGS,Success,Mumbai,Branch
TXN000004840,ACC0001367,2024-10-18,Credit,72682.12,Amazon,POS,Success,Bhopal,Branch
TXN000004841,ACC0000212,2024-01-14,Credit,41017.04,Myntra,UPI,Success,Pune,ATM
TXN000004842,ACC0001298,2024-01-11,Debit,24220.44,Jio,NEFT,Success,Pune,Mobile
TXN000004843,ACC0000120,2025-05-12,Debit,89901.28,Swiggy,POS,Success,Bengaluru,POS
TXN000004844,ACC0000197,2024-09-25,Debit,149332.05,Amazon,ATM,Success,Lucknow,Branch
TXN000004845,ACC0001346,2026-01-06,Credit,117548.51,Swiggy,POS,Success,Chennai,Branch
TXN000004846,ACC0000132,2024-09-06,Debit,32223.24,Electricity Board,IMPS,Success,Hyderabad,ATM
TXN000004847,ACC0000946,2025-04-11,Debit,6127.81,Uber,NEFT,Success,Kochi,POS
TXN000004848,ACC0000851,2025-07-19,Debit,20638.51,Insurance Premium,POS,Success,Delhi,POS
TXN000004849,ACC0001381,2026-04-22,Debit,82047.8,IRCTC,RTGS,Success,Lucknow,Branch
TXN000004850,ACC0000711,2025-02-20,Debit,124331.1,Swiggy,NetBanking,Success,Kochi,Branch
TXN000004851,ACC0000206,2024-01-07,Debit,29520.82,Flipkart,RTGS,Failed,Bengaluru,Mobile
TXN000004852,ACC0000836,2025-03-06,Credit,26727.31,Myntra,Cheque,Success,Kochi,Web
TXN000004853,ACC0000854,2024-11-08,Debit,88851.26,BigBasket,UPI,Success,Kochi,Web
TXN000004854,ACC0001223,2025-06-07,Credit,108289.37,Amazon,IMPS,Success,Ahmedabad,Web
TXN000004855,ACC0001146,2024-04-19,Credit,11225.54,IRCTC,IMPS,Success,Pune,POS
TXN000004856,ACC0000175,2024-06-27,Debit,66277.11,IRCTC,POS,Success,Hyderabad,ATM
TXN000004857,ACC0000480,2024-05-10,Debit,79705.78,DMart,UPI,Success,Hyderabad,Web
TXN000004858,ACC0000671,2024-03-11,Credit,7341.5,BigBasket,NEFT,Failed,Hyderabad,Mobile
TXN000004859,ACC0000984,2026-04-24,Credit,78966.22,School Fees,UPI,Failed,Delhi,Web
TXN000004860,ACC0000341,2024-07-22,Credit,39623.79,Myntra,POS,Pending,Delhi,Mobile
TXN000004861,ACC0000159,2024-10-06,Credit,120403.9,Netflix,IMPS,Failed,Mumbai,Branch
TXN000004862,ACC0000105,2024-03-22,Credit,137773.86,BigBasket,Cheque,Success,Kochi,Mobile
TXN000004863,ACC0001046,2024-03-26,Debit,94185.17,BigBasket,POS,Success,Bhopal,Branch
TXN000004864,ACC0000220,2024-12-17,Credit,24282.01,Flipkart,NEFT,Success,Bengaluru,POS
TXN000004865,ACC0000934,2024-03-02,Debit,139931.76,Electricity Board,IMPS,Success,Mumbai,Web
TXN000004866,ACC0001160,2025-07-25,Credit,72778.5,Amazon,Cheque,Success,Delhi,Branch
TXN000004867,ACC0001240,2024-04-20,Debit,73953.14,BigBasket,UPI,Success,Delhi,Branch
TXN000004868,ACC0000251,2025-05-28,Credit,105654.16,Swiggy,Cheque,Success,Jaipur,Mobile
TXN000004869,ACC0000087,2026-03-23,Debit,83353.45,Ola,RTGS,Success,Ahmedabad,Mobile
TXN000004870,ACC0000327,2025-03-03,Debit,131389.93,IRCTC,ATM,Failed,Lucknow,POS
TXN000004871,ACC0001265,2026-02-22,Debit,53126.71,DMart,RTGS,Pending,Chandigarh,Branch
TXN000004872,ACC0000976,2026-02-15,Credit,120771.9,BigBasket,Cheque,Success,Pune,ATM
TXN000004873,ACC0000393,2026-05-11,Debit,56602.14,Uber,UPI,Reversed,Chandigarh,Branch
TXN000004874,ACC0001081,2024-03-15,Debit,75923.85,Swiggy,POS,Success,Lucknow,Mobile
TXN000004875,ACC0000965,2025-04-07,Debit,66404.15,Airtel,Cheque,Success,Jaipur,Web
TXN000004876,ACC0000946,2025-12-27,Credit,127642.79,Jio,NEFT,Pending,Chennai,Web
TXN000004877,ACC0000068,2025-12-21,Credit,70941.85,Airtel,RTGS,Success,Kochi,Web
TXN000004878,ACC0001026,2025-04-23,Credit,93407.95,School Fees,UPI,Success,Lucknow,POS
TXN000004879,ACC0000787,2025-03-15,Debit,137874.65,Amazon,UPI,Success,Pune,Web
TXN000004880,ACC0000534,2024-03-03,Debit,49123.7,Fuel Station,ATM,Pending,Delhi,Branch
TXN000004881,ACC0000613,2025-08-27,Debit,35584.79,Uber,ATM,Success,Ahmedabad,Web
TXN000004882,ACC0000819,2024-08-09,Credit,62138.71,Airtel,NEFT,Success,Bhopal,POS
TXN000004883,ACC0000221,2024-08-26,Debit,34275.11,Reliance Digital,ATM,Failed,Ahmedabad,Branch
TXN000004884,ACC0000163,2024-07-03,Credit,50609.68,IRCTC,Cheque,Success,Chandigarh,ATM
TXN000004885,ACC0000183,2025-09-11,Credit,80031.99,Myntra,NEFT,Failed,Jaipur,Mobile
TXN000004886,ACC0000120,2024-09-05,Credit,15705.71,Insurance Premium,Cheque,Success,Kochi,ATM
TXN000004887,ACC0001349,2025-12-26,Debit,69209.31,Electricity Board,IMPS,Success,Hyderabad,Mobile
TXN000004888,ACC0001177,2025-04-28,Credit,116867.94,Zomato,POS,Success,Mumbai,Mobile
TXN000004889,ACC0001242,2024-07-10,Debit,128435.67,Netflix,UPI,Success,Chennai,ATM
TXN000004890,ACC0000787,2024-01-02,Debit,610.9,Myntra,UPI,Failed,Bengaluru,Branch
TXN000004891,ACC0000758,2025-06-17,Debit,129254.63,Fuel Station,RTGS,Success,Kochi,Branch
TXN000004892,ACC0000053,2024-04-27,Debit,1707.74,Amazon,IMPS,Reversed,Delhi,ATM
TXN000004893,ACC0001391,2025-04-03,Debit,15666.0,Zomato,RTGS,Pending,Ahmedabad,ATM
TXN000004894,ACC0000470,2024-12-02,Credit,126887.35,DMart,RTGS,Success,Delhi,POS
TXN000004895,ACC0000329,2025-06-23,Credit,127198.13,Myntra,ATM,Success,Chennai,POS
TXN000004896,ACC0000764,2024-06-23,Debit,47659.79,Reliance Digital,NEFT,Success,Lucknow,Branch
TXN000004897,ACC0000555,2024-12-18,Debit,18082.99,Jio,POS,Success,Lucknow,Mobile
TXN000004898,ACC0000663,2024-02-01,Debit,106167.05,Amazon,Cheque,Success,Kochi,Web
TXN000004899,ACC0001046,2026-04-26,Credit,80710.49,Flipkart,NEFT,Success,Bengaluru,Mobile
TXN000004900,ACC0000653,2024-06-26,Debit,60708.92,Flipkart,Cheque,Success,Chandigarh,ATM
TXN000004901,ACC0000967,2025-05-19,Debit,106852.86,Netflix,Cheque,Success,Kochi,ATM
TXN000004902,ACC0001229,2025-01-11,Debit,67303.24,Amazon,UPI,Success,Ahmedabad,ATM
TXN000004903,ACC0000502,2025-06-11,Debit,140728.79,Fuel Station,ATM,Success,Bengaluru,Web
TXN000004904,ACC0000245,2024-01-09,Debit,16302.96,School Fees,NEFT,Success,Kochi,Web
TXN000004905,ACC0000161,2025-04-14,Debit,49528.89,BigBasket,UPI,Success,Hyderabad,ATM
TXN000004906,ACC0000871,2025-02-23,Debit,72618.03,Airtel,NEFT,Success,Kochi,Web
TXN000004907,ACC0000954,2025-03-07,Debit,146649.65,BigBasket,Cheque,Success,Pune,Branch
TXN000004908,ACC0000114,2024-09-28,Debit,51662.85,Reliance Digital,NEFT,Success,Lucknow,POS
TXN000004909,ACC0000327,2024-09-29,Debit,133841.59,Flipkart,RTGS,Success,Chandigarh,Branch
TXN000004910,ACC0000629,2025-06-13,Credit,9261.03,Electricity Board,POS,Success,Pune,POS
TXN000004911,ACC0001218,2025-04-12,Debit,8517.09,Fuel Station,NEFT,Success,Jaipur,ATM
TXN000004912,ACC0001397,2024-01-02,Credit,73502.48,Reliance Digital,NEFT,Success,Kochi,Web
TXN000004913,ACC0000331,2026-01-18,Credit,70179.93,Reliance Digital,NetBanking,Success,Chennai,Web
TXN000004914,ACC0000912,2025-02-07,Credit,18422.66,IRCTC,Cheque,Success,Bengaluru,Branch
TXN000004915,ACC0001172,2025-09-17,Debit,61151.71,DMart,ATM,Success,Lucknow,ATM
TXN000004916,ACC0001319,2024-08-15,Debit,6592.22,Swiggy,UPI,Success,Kochi,ATM
TXN000004917,ACC0000270,2024-05-06,Credit,29637.59,Netflix,Cheque,Success,Bengaluru,ATM
TXN000004918,ACC0000688,2024-04-29,Credit,129955.2,Amazon,NetBanking,Success,Jaipur,ATM
TXN000004919,ACC0000894,2025-07-08,Credit,62647.51,Uber,UPI,Success,Chandigarh,POS
TXN000004920,ACC0000172,2025-03-29,Debit,32292.76,Uber,Cheque,Success,Chennai,Branch
TXN000004921,ACC0000850,2026-04-23,Debit,11097.77,BigBasket,IMPS,Success,Kochi,ATM
TXN000004922,ACC0000886,2024-11-25,Debit,45158.91,Airtel,Cheque,Success,Bhopal,Web
TXN000004923,ACC0000249,2024-03-07,Debit,143675.22,BigBasket,RTGS,Success,Jaipur,POS
TXN000004924,ACC0000496,2024-02-18,Debit,130684.06,IRCTC,IMPS,Success,Jaipur,ATM
TXN000004925,ACC0000362,2026-04-09,Credit,2502.43,BigBasket,NEFT,Success,Pune,Mobile
TXN000004926,ACC0001315,2025-02-26,Debit,28377.13,Electricity Board,ATM,Success,Chennai,POS
TXN000004927,ACC0000289,2025-05-02,Debit,30875.78,Insurance Premium,ATM,Success,Hyderabad,Web
TXN000004928,ACC0000594,2025-08-09,Credit,17193.34,Netflix,POS,Success,Jaipur,POS
TXN000004929,ACC0000519,2025-12-04,Debit,148689.66,Jio,UPI,Success,Bhopal,Web
TXN000004930,ACC0001113,2025-05-12,Credit,75011.62,BigBasket,NetBanking,Reversed,Ahmedabad,Branch
TXN000004931,ACC0000557,2025-07-28,Credit,96947.11,Reliance Digital,NetBanking,Success,Bengaluru,Branch
TXN000004932,ACC0001010,2024-06-20,Credit,1715.0,Airtel,POS,Failed,Bhopal,Branch
TXN000004933,ACC0000962,2024-02-07,Debit,24825.08,Fuel Station,RTGS,Pending,Delhi,ATM
TXN000004934,ACC0001138,2026-03-21,Credit,6603.86,School Fees,IMPS,Success,Hyderabad,POS
TXN000004935,ACC0001300,2025-02-05,Debit,95802.04,Insurance Premium,POS,Success,Ahmedabad,POS
TXN000004936,ACC0001161,2025-07-18,Debit,86651.23,Insurance Premium,POS,Success,Mumbai,Branch
TXN000004937,ACC0001029,2025-08-20,Debit,141209.49,Ola,IMPS,Success,Chennai,Mobile
TXN000004938,ACC0000137,2026-05-11,Debit,78308.41,DMart,ATM,Success,Mumbai,Mobile
TXN000004939,ACC0000866,2024-08-07,Credit,63409.17,School Fees,ATM,Success,Kochi,Mobile
TXN000004940,ACC0000061,2025-05-25,Debit,59478.1,Amazon,Cheque,Success,Kochi,Branch
TXN000004941,ACC0000075,2024-03-07,Debit,20574.49,Jio,RTGS,Success,Pune,Branch
TXN000004942,ACC0000799,2024-11-30,Credit,76126.96,Amazon,NEFT,Success,Bengaluru,Branch
TXN000004943,ACC0000126,2025-04-10,Debit,1228.88,Airtel,POS,Success,Ahmedabad,Web
TXN000004944,ACC0000667,2024-04-05,Debit,17312.88,Zomato,Cheque,Pending,Mumbai,Mobile
TXN000004945,ACC0000739,2025-06-17,Credit,143882.24,Insurance Premium,IMPS,Success,Hyderabad,POS
TXN000004946,ACC0000345,2026-04-23,Debit,136256.68,DMart,NEFT,Success,Delhi,POS
TXN000004947,ACC0001005,2024-02-16,Credit,97924.99,Flipkart,Cheque,Success,Bengaluru,ATM
TXN000004948,ACC0000337,2024-09-15,Debit,109063.25,Reliance Digital,IMPS,Pending,Chandigarh,ATM
TXN000004949,ACC0000788,2026-05-20,Credit,109030.22,Reliance Digital,POS,Success,Bengaluru,POS
TXN000004950,ACC0000572,2026-04-18,Credit,21870.7,Insurance Premium,IMPS,Success,Bengaluru,ATM
TXN000004951,ACC0000587,2024-09-10,Debit,22427.85,DMart,RTGS,Success,Hyderabad,Web
TXN000004952,ACC0001296,2025-12-03,Credit,115997.09,Reliance Digital,IMPS,Success,Chandigarh,ATM
TXN000004953,ACC0000677,2024-12-28,Credit,74860.14,Electricity Board,RTGS,Success,Chennai,Mobile
TXN000004954,ACC0000935,2026-04-04,Credit,93493.15,Electricity Board,NEFT,Success,Kochi,Mobile
TXN000004955,ACC0001177,2024-10-22,Debit,140593.31,Zomato,ATM,Success,Bengaluru,POS
TXN000004956,ACC0000896,2025-09-08,Debit,53462.51,Insurance Premium,POS,Success,Kochi,POS
TXN000004957,ACC0000467,2024-08-13,Credit,114129.82,Insurance Premium,ATM,Success,Mumbai,Mobile
TXN000004958,ACC0001242,2025-03-29,Credit,34614.36,Fuel Station,POS,Success,Chennai,Branch
TXN000004959,ACC0000704,2024-11-15,Credit,110305.04,Ola,ATM,Success,Bengaluru,POS
TXN000004960,ACC0001323,2024-05-30,Debit,33413.14,Myntra,RTGS,Success,Hyderabad,Web
TXN000004961,ACC0000520,2025-11-20,Debit,30460.89,Airtel,POS,Reversed,Lucknow,Web
TXN000004962,ACC0001009,2025-08-31,Debit,13901.07,Reliance Digital,NEFT,Success,Jaipur,Branch
TXN000004963,ACC0000442,2025-03-06,Credit,129009.5,Uber,POS,Failed,Bhopal,POS
TXN000004964,ACC0000775,2025-03-29,Debit,52831.5,Flipkart,POS,Success,Lucknow,Mobile
TXN000004965,ACC0000741,2025-07-06,Debit,13073.57,DMart,RTGS,Success,Hyderabad,Web
TXN000004966,ACC0000750,2025-10-31,Credit,115876.61,Airtel,POS,Success,Hyderabad,Branch
TXN000004967,ACC0001129,2024-02-26,Credit,114139.86,DMart,ATM,Success,Hyderabad,ATM
TXN000004968,ACC0000395,2025-11-08,Debit,20873.68,Zomato,IMPS,Success,Lucknow,Web
TXN000004969,ACC0001107,2025-10-07,Debit,127509.09,Myntra,UPI,Pending,Jaipur,POS
TXN000004970,ACC0000807,2025-07-23,Debit,130692.24,Myntra,NetBanking,Success,Lucknow,Mobile
TXN000004971,ACC0001280,2024-10-17,Debit,62002.44,School Fees,NetBanking,Success,Ahmedabad,POS
TXN000004972,ACC0001044,2025-03-15,Debit,46946.03,School Fees,NEFT,Success,Ahmedabad,POS
TXN000004973,ACC0000680,2024-03-29,Debit,144236.69,Amazon,IMPS,Success,Kochi,Branch
TXN000004974,ACC0001192,2024-07-13,Debit,78926.86,Netflix,UPI,Success,Hyderabad,Web
TXN000004975,ACC0000908,2026-01-06,Credit,19318.68,Jio,ATM,Success,Bhopal,ATM
TXN000004976,ACC0000392,2024-02-26,Debit,99077.92,BigBasket,RTGS,Success,Mumbai,ATM
TXN000004977,ACC0000662,2024-08-30,Debit,30274.15,Jio,NEFT,Success,Chandigarh,POS
TXN000004978,ACC0000773,2026-02-21,Credit,132611.88,Swiggy,NEFT,Success,Bhopal,ATM
TXN000004979,ACC0000601,2026-04-21,Debit,116294.24,Uber,NetBanking,Success,Ahmedabad,Web
TXN000004980,ACC0000393,2025-09-01,Debit,116557.89,Insurance Premium,IMPS,Success,Mumbai,Mobile
TXN000004981,ACC0001080,2024-01-04,Credit,42307.67,Reliance Digital,IMPS,Success,Mumbai,Mobile
TXN000004982,ACC0001082,2024-11-09,Debit,129103.43,Reliance Digital,NEFT,Success,Chennai,POS
TXN000004983,ACC0000942,2026-04-26,Credit,132159.68,Amazon,POS,Success,Kochi,POS
TXN000004984,ACC0001322,2026-02-19,Debit,33287.03,IRCTC,UPI,Success,Bhopal,Branch
TXN000004985,ACC0000331,2024-05-28,Debit,124965.55,DMart,NetBanking,Success,Mumbai,Mobile
TXN000004986,ACC0000043,2025-05-18,Debit,93243.5,Zomato,RTGS,Success,Bengaluru,Mobile
TXN000004987,ACC0000259,2024-04-06,Debit,122646.12,Flipkart,NEFT,Pending,Delhi,Mobile
TXN000004988,ACC0000850,2025-09-05,Debit,127709.57,Insurance Premium,ATM,Success,Chandigarh,Mobile
TXN000004989,ACC0000577,2025-12-17,Debit,96029.32,Flipkart,Cheque,Success,Lucknow,ATM
TXN000004990,ACC0000874,2024-02-03,Debit,36198.76,Flipkart,ATM,Success,Delhi,POS
TXN000004991,ACC0001295,2024-08-07,Credit,20212.78,Jio,POS,Success,Hyderabad,Web
TXN000004992,ACC0000969,2025-05-08,Credit,133308.49,IRCTC,POS,Success,Jaipur,Web
TXN000004993,ACC0000402,2026-03-07,Credit,19151.82,Fuel Station,POS,Success,Chandigarh,Branch
TXN000004994,ACC0000633,2025-06-10,Debit,138073.45,DMart,NEFT,Success,Chandigarh,Branch
TXN000004995,ACC0001191,2025-03-01,Debit,32160.27,Amazon,NEFT,Success,Jaipur,POS
TXN000004996,ACC0000972,2025-12-29,Debit,117529.2,Jio,RTGS,Success,Lucknow,Web
TXN000004997,ACC0000953,2025-11-04,Credit,126116.76,Netflix,Cheque,Success,Chennai,POS
TXN000004998,ACC0000494,2025-03-30,Credit,89977.84,Flipkart,NEFT,Success,Kochi,POS
TXN000004999,ACC0001142,2025-08-05,Debit,935.1,Netflix,Cheque,Success,Bengaluru,Web
TXN000005000,ACC0001378,2025-11-24,Credit,147246.45,Netflix,NetBanking,Success,Chennai,Web
TXN000005001,ACC0001345,2026-02-18,Credit,123652.54,Zomato,IMPS,Success,Delhi,Mobile
TXN000005002,ACC0000250,2026-03-30,Credit,41238.09,Zomato,RTGS,Failed,Pune,ATM
TXN000005003,ACC0000800,2025-04-07,Debit,113250.98,Myntra,UPI,Success,Jaipur,Mobile
TXN000005004,ACC0001295,2024-05-07,Debit,53606.6,Insurance Premium,ATM,Success,Bengaluru,Mobile
TXN000005005,ACC0000058,2025-09-23,Debit,35213.89,School Fees,RTGS,Success,Ahmedabad,Mobile
TXN000005006,ACC0000510,2025-02-25,Debit,65318.67,Uber,NetBanking,Success,Kochi,Mobile
TXN000005007,ACC0000308,2026-01-18,Debit,58892.02,School Fees,Cheque,Success,Kochi,Branch
TXN000005008,ACC0000228,2026-04-26,Debit,15454.64,Myntra,NetBanking,Success,Chennai,ATM
TXN000005009,ACC0000770,2024-11-29,Debit,147749.13,Fuel Station,NetBanking,Success,Jaipur,POS
TXN000005010,ACC0000323,2025-11-24,Debit,55172.18,Flipkart,IMPS,Success,Bengaluru,ATM
TXN000005011,ACC0000932,2026-02-09,Debit,61617.85,Uber,IMPS,Success,Chennai,Branch
TXN000005012,ACC0000959,2026-04-10,Credit,44201.33,Fuel Station,IMPS,Success,Delhi,Web
TXN000005013,ACC0001005,2025-01-05,Debit,76781.55,IRCTC,NEFT,Success,Bengaluru,Branch
TXN000005014,ACC0000355,2024-10-21,Debit,6983.39,Myntra,POS,Success,Pune,Web
TXN000005015,ACC0000137,2024-12-11,Debit,95453.65,Insurance Premium,IMPS,Success,Lucknow,ATM
TXN000005016,ACC0001173,2026-04-06,Debit,133103.12,Flipkart,IMPS,Success,Mumbai,Web
TXN000005017,ACC0000079,2026-03-20,Credit,30155.77,Insurance Premium,Cheque,Success,Mumbai,Mobile
TXN000005018,ACC0001305,2026-05-10,Credit,136674.96,Airtel,RTGS,Success,Kochi,POS
TXN000005019,ACC0000633,2024-12-12,Credit,85524.89,Airtel,POS,Success,Jaipur,Web
TXN000005020,ACC0000995,2025-01-28,Credit,18558.78,Reliance Digital,NEFT,Success,Pune,Branch
TXN000005021,ACC0000565,2025-02-02,Debit,8123.76,Fuel Station,NetBanking,Success,Jaipur,Web
TXN000005022,ACC0001304,2024-02-03,Debit,102556.74,Myntra,POS,Success,Pune,Mobile
TXN000005023,ACC0000272,2024-09-13,Debit,47916.33,Insurance Premium,RTGS,Success,Chennai,Web
TXN000005024,ACC0001332,2025-01-07,Credit,45539.2,Zomato,RTGS,Success,Lucknow,POS
TXN000005025,ACC0001010,2024-01-07,Debit,115090.48,Electricity Board,POS,Success,Pune,Mobile
TXN000005026,ACC0000834,2024-12-14,Debit,30811.36,Insurance Premium,NetBanking,Success,Hyderabad,POS
TXN000005027,ACC0001342,2024-11-27,Credit,29163.45,Ola,RTGS,Pending,Chandigarh,Web
TXN000005028,ACC0000881,2024-01-06,Credit,58952.22,Reliance Digital,Cheque,Pending,Mumbai,Web
TXN000005029,ACC0001307,2024-02-02,Debit,94512.33,Fuel Station,RTGS,Success,Jaipur,ATM
TXN000005030,ACC0001100,2026-05-04,Credit,13631.0,Fuel Station,NetBanking,Success,Bhopal,POS
TXN000005031,ACC0000029,2025-03-17,Credit,57702.61,Amazon,UPI,Success,Ahmedabad,Web
TXN000005032,ACC0000133,2024-07-11,Debit,41820.37,Uber,ATM,Success,Ahmedabad,Mobile
TXN000005033,ACC0001338,2025-09-24,Debit,12858.93,Flipkart,IMPS,Success,Lucknow,POS
TXN000005034,ACC0001150,2024-06-26,Debit,62505.43,Zomato,POS,Success,Pune,ATM
TXN000005035,ACC0000624,2024-09-24,Debit,16139.9,Airtel,UPI,Success,Ahmedabad,Mobile
TXN000005036,ACC0000889,2024-08-26,Credit,34858.86,Uber,UPI,Success,Delhi,ATM
TXN000005037,ACC0000161,2024-05-06,Debit,84884.19,DMart,RTGS,Success,Hyderabad,Branch
TXN000005038,ACC0000662,2024-02-01,Debit,25927.08,Uber,RTGS,Success,Bhopal,ATM
TXN000005039,ACC0000528,2026-03-13,Credit,122181.79,Electricity Board,NEFT,Success,Ahmedabad,Branch
TXN000005040,ACC0000852,2024-06-10,Debit,118609.93,Electricity Board,NetBanking,Success,Pune,POS
TXN000005041,ACC0000224,2025-10-29,Credit,69975.72,Amazon,Cheque,Success,Ahmedabad,Branch
TXN000005042,ACC0001170,2025-09-17,Credit,98090.97,Amazon,NetBanking,Success,Bhopal,POS
TXN000005043,ACC0000204,2024-03-04,Credit,65975.51,Jio,UPI,Success,Ahmedabad,POS
TXN000005044,ACC0000340,2025-07-17,Debit,39868.1,Fuel Station,NEFT,Success,Mumbai,ATM
TXN000005045,ACC0001000,2024-12-03,Credit,58913.78,Flipkart,UPI,Success,Chandigarh,Mobile
TXN000005046,ACC0000374,2026-02-01,Debit,101929.23,Fuel Station,Cheque,Failed,Bhopal,ATM
TXN000005047,ACC0000622,2025-10-29,Debit,66764.78,Ola,NetBanking,Success,Delhi,ATM
TXN000005048,ACC0000699,2025-03-22,Credit,21299.01,Myntra,IMPS,Success,Ahmedabad,Branch
TXN000005049,ACC0000132,2025-03-08,Credit,55786.41,Zomato,UPI,Success,Delhi,Branch
TXN000005050,ACC0000367,2025-11-09,Debit,121961.97,Ola,Cheque,Success,Ahmedabad,ATM
TXN000005051,ACC0001068,2025-03-08,Credit,18392.45,Electricity Board,NEFT,Success,Kochi,Mobile
TXN000005052,ACC0001314,2024-08-25,Credit,110085.45,Netflix,UPI,Success,Bhopal,Web
TXN000005053,ACC0000922,2024-04-05,Debit,20600.95,Fuel Station,NEFT,Success,Delhi,Web
TXN000005054,ACC0000224,2024-12-20,Debit,91531.27,Electricity Board,ATM,Success,Hyderabad,ATM
TXN000005055,ACC0001297,2025-01-19,Debit,138991.76,Reliance Digital,NEFT,Success,Bhopal,Branch
TXN000005056,ACC0001199,2025-06-08,Credit,4171.12,BigBasket,IMPS,Success,Bengaluru,Mobile
TXN000005057,ACC0001208,2024-12-16,Debit,81638.96,IRCTC,IMPS,Success,Ahmedabad,Web
TXN000005058,ACC0000250,2024-07-08,Debit,46699.58,DMart,NEFT,Success,Chennai,ATM
TXN000005059,ACC0001192,2026-04-24,Debit,94505.11,Amazon,ATM,Success,Bhopal,POS
TXN000005060,ACC0001093,2024-08-21,Debit,141158.97,BigBasket,IMPS,Success,Chandigarh,Mobile
TXN000005061,ACC0000644,2026-03-23,Debit,87402.67,Ola,RTGS,Success,Bengaluru,POS
TXN000005062,ACC0000568,2024-05-13,Credit,96671.99,Reliance Digital,Cheque,Success,Kochi,Branch
TXN000005063,ACC0000414,2025-08-08,Credit,65758.87,BigBasket,ATM,Pending,Kochi,ATM
TXN000005064,ACC0000850,2024-08-10,Debit,26829.73,Amazon,UPI,Success,Mumbai,Mobile
TXN000005065,ACC0001092,2026-03-07,Debit,72931.49,Myntra,RTGS,Success,Ahmedabad,Web
TXN000005066,ACC0000557,2024-06-25,Credit,17306.41,Electricity Board,UPI,Success,Jaipur,POS
TXN000005067,ACC0000071,2024-06-24,Debit,69676.08,Electricity Board,NEFT,Success,Lucknow,Branch
TXN000005068,ACC0001282,2025-04-10,Debit,108143.71,Insurance Premium,IMPS,Success,Kochi,POS
TXN000005069,ACC0000038,2024-12-24,Debit,135986.6,Flipkart,POS,Success,Pune,Web
TXN000005070,ACC0000573,2024-02-21,Debit,139135.95,Zomato,NetBanking,Success,Lucknow,Mobile
TXN000005071,ACC0000844,2025-04-13,Credit,20263.83,Fuel Station,POS,Success,Ahmedabad,POS
TXN000005072,ACC0000678,2024-04-05,Credit,31545.95,Myntra,NEFT,Success,Kochi,ATM
TXN000005073,ACC0001210,2026-03-06,Debit,132564.32,IRCTC,NEFT,Success,Ahmedabad,Web
TXN000005074,ACC0001161,2024-01-26,Debit,7779.37,Ola,ATM,Success,Bengaluru,POS
TXN000005075,ACC0000546,2025-10-01,Credit,130283.29,Fuel Station,NetBanking,Success,Jaipur,ATM
TXN000005076,ACC0000256,2024-02-07,Credit,55854.14,Flipkart,NEFT,Success,Ahmedabad,Web
TXN000005077,ACC0000123,2024-08-24,Debit,119636.44,Fuel Station,NetBanking,Success,Pune,ATM
TXN000005078,ACC0000237,2024-12-05,Debit,147780.27,Insurance Premium,IMPS,Success,Hyderabad,Branch
TXN000005079,ACC0000142,2026-04-11,Debit,81983.67,Netflix,NEFT,Success,Lucknow,Web
TXN000005080,ACC0001329,2024-06-23,Debit,119556.14,Airtel,UPI,Success,Hyderabad,Branch
TXN000005081,ACC0001255,2026-03-01,Debit,18189.8,Swiggy,POS,Success,Mumbai,Mobile
TXN000005082,ACC0001241,2024-06-27,Debit,90575.09,Electricity Board,IMPS,Reversed,Chennai,POS
TXN000005083,ACC0000886,2024-04-09,Credit,102629.84,Amazon,RTGS,Failed,Kochi,Mobile
TXN000005084,ACC0000932,2024-02-28,Debit,103181.96,BigBasket,IMPS,Success,Chandigarh,Branch
TXN000005085,ACC0000700,2025-06-07,Debit,87075.39,Insurance Premium,POS,Success,Jaipur,Web
TXN000005086,ACC0001069,2024-11-29,Debit,48367.43,Uber,NetBanking,Success,Delhi,POS
TXN000005087,ACC0000855,2026-04-15,Credit,124080.42,Flipkart,UPI,Success,Lucknow,Web
TXN000005088,ACC0000801,2025-11-29,Credit,116983.93,Airtel,Cheque,Failed,Mumbai,POS
TXN000005089,ACC0000143,2026-04-28,Credit,104240.17,Amazon,Cheque,Success,Kochi,Web
TXN000005090,ACC0000439,2025-02-24,Debit,78988.46,BigBasket,ATM,Success,Bhopal,Branch
TXN000005091,ACC0000813,2024-12-29,Credit,116270.7,Airtel,Cheque,Success,Hyderabad,Mobile
TXN000005092,ACC0000127,2025-02-24,Debit,140050.56,Myntra,Cheque,Success,Bengaluru,ATM
TXN000005093,ACC0000654,2025-06-19,Debit,10666.99,BigBasket,IMPS,Reversed,Pune,Web
TXN000005094,ACC0001270,2024-07-26,Credit,60846.59,Insurance Premium,ATM,Success,Chennai,Mobile
TXN000005095,ACC0000135,2024-12-07,Debit,108099.94,School Fees,NetBanking,Success,Jaipur,POS
TXN000005096,ACC0000579,2025-03-31,Debit,122448.72,IRCTC,POS,Success,Bengaluru,POS
TXN000005097,ACC0000388,2026-04-13,Debit,108589.74,Zomato,ATM,Success,Bengaluru,Web
TXN000005098,ACC0000067,2026-01-08,Debit,110205.0,BigBasket,IMPS,Success,Bhopal,POS
TXN000005099,ACC0000578,2026-02-03,Credit,66030.24,Netflix,UPI,Success,Bengaluru,Web
TXN000005100,ACC0001171,2024-05-13,Credit,46324.88,Flipkart,UPI,Success,Chennai,Mobile
TXN000005101,ACC0000249,2026-01-14,Debit,72453.23,Uber,NEFT,Success,Kochi,Web
TXN000005102,ACC0000288,2024-04-09,Credit,55545.47,Swiggy,UPI,Success,Jaipur,ATM
TXN000005103,ACC0000064,2024-10-30,Debit,26610.23,BigBasket,NEFT,Success,Ahmedabad,POS
TXN000005104,ACC0000458,2025-10-21,Debit,108239.45,School Fees,Cheque,Success,Bengaluru,POS
TXN000005105,ACC0000967,2025-03-27,Credit,137260.06,Reliance Digital,UPI,Success,Lucknow,Web
TXN000005106,ACC0000242,2025-05-12,Debit,110255.15,School Fees,IMPS,Success,Ahmedabad,Web
TXN000005107,ACC0000991,2026-04-03,Debit,4238.74,Flipkart,NetBanking,Success,Chandigarh,Branch
TXN000005108,ACC0000806,2024-09-10,Credit,79966.9,Ola,POS,Success,Jaipur,Web
TXN000005109,ACC0001385,2026-01-16,Debit,76962.58,Fuel Station,RTGS,Success,Delhi,Web
TXN000005110,ACC0000750,2024-11-17,Credit,91828.52,School Fees,NetBanking,Success,Pune,ATM
TXN000005111,ACC0000596,2024-07-29,Credit,33697.43,IRCTC,NEFT,Success,Pune,ATM
TXN000005112,ACC0000160,2024-08-12,Credit,75036.28,DMart,IMPS,Success,Mumbai,Branch
TXN000005113,ACC0000882,2024-10-26,Credit,77635.36,Jio,Cheque,Pending,Mumbai,ATM
TXN000005114,ACC0000273,2026-04-22,Credit,116531.73,Flipkart,NEFT,Success,Ahmedabad,POS
TXN000005115,ACC0001239,2025-05-14,Debit,117204.14,Amazon,ATM,Success,Pune,Web
TXN000005116,ACC0001004,2025-01-02,Debit,15939.2,IRCTC,Cheque,Success,Mumbai,ATM
TXN000005117,ACC0001299,2026-02-14,Debit,30708.11,Myntra,NEFT,Success,Hyderabad,Web
TXN000005118,ACC0000073,2026-05-09,Credit,120056.64,Jio,RTGS,Success,Bengaluru,Web
TXN000005119,ACC0000794,2024-04-07,Credit,75985.11,Fuel Station,NEFT,Success,Delhi,Web
TXN000005120,ACC0000054,2025-01-31,Debit,148608.36,BigBasket,NetBanking,Success,Delhi,POS
TXN000005121,ACC0000901,2026-03-16,Debit,144211.73,Fuel Station,NEFT,Success,Jaipur,ATM
TXN000005122,ACC0001003,2025-03-19,Credit,40662.58,School Fees,IMPS,Success,Bhopal,Branch
TXN000005123,ACC0001190,2024-08-08,Debit,8196.87,IRCTC,NEFT,Reversed,Bengaluru,ATM
TXN000005124,ACC0000150,2024-03-28,Debit,138323.78,Airtel,NEFT,Success,Lucknow,Mobile
TXN000005125,ACC0001243,2025-04-14,Debit,113201.54,DMart,NEFT,Success,Lucknow,Web
TXN000005126,ACC0000518,2025-07-21,Debit,93174.25,Uber,IMPS,Success,Kochi,ATM
TXN000005127,ACC0000189,2024-10-13,Debit,75057.61,Amazon,POS,Success,Pune,Mobile
TXN000005128,ACC0000263,2026-01-24,Credit,15925.21,Jio,Cheque,Success,Lucknow,Mobile
TXN000005129,ACC0000218,2026-05-06,Credit,92810.41,Electricity Board,Cheque,Success,Bhopal,Branch
TXN000005130,ACC0001078,2026-02-02,Debit,144035.11,Zomato,Cheque,Success,Delhi,Web
TXN000005131,ACC0000733,2026-01-05,Debit,35092.47,BigBasket,Cheque,Failed,Chandigarh,POS
TXN000005132,ACC0000439,2026-04-18,Credit,63114.69,Uber,IMPS,Success,Delhi,Mobile
TXN000005133,ACC0000274,2024-01-08,Debit,58655.95,BigBasket,IMPS,Success,Bengaluru,ATM
TXN000005134,ACC0000998,2024-12-25,Credit,98766.5,Reliance Digital,RTGS,Pending,Jaipur,ATM
TXN000005135,ACC0000468,2026-02-11,Debit,23562.16,Ola,IMPS,Success,Jaipur,ATM
TXN000005136,ACC0000907,2024-05-16,Credit,13092.27,Reliance Digital,POS,Success,Lucknow,POS
TXN000005137,ACC0001381,2025-04-13,Credit,42431.0,BigBasket,NetBanking,Success,Bhopal,ATM
TXN000005138,ACC0000821,2025-12-31,Debit,72149.96,Ola,NetBanking,Success,Pune,ATM
TXN000005139,ACC0000514,2024-03-22,Debit,17700.25,Amazon,NetBanking,Success,Mumbai,Web
TXN000005140,ACC0001256,2025-09-22,Debit,74426.8,Ola,POS,Success,Bhopal,Branch
TXN000005141,ACC0000842,2024-03-18,Credit,88826.04,Uber,UPI,Success,Delhi,Mobile
TXN000005142,ACC0000879,2026-05-02,Debit,129829.53,Airtel,UPI,Pending,Chandigarh,ATM
TXN000005143,ACC0000446,2024-06-24,Debit,22115.05,DMart,Cheque,Success,Pune,Branch
TXN000005144,ACC0000430,2025-03-05,Credit,27767.23,Amazon,IMPS,Success,Chennai,ATM
TXN000005145,ACC0000374,2025-12-05,Credit,8389.37,Electricity Board,RTGS,Pending,Pune,POS
TXN000005146,ACC0000531,2026-05-18,Debit,78823.15,Flipkart,IMPS,Success,Mumbai,ATM
TXN000005147,ACC0001308,2024-12-02,Debit,6509.24,Jio,ATM,Success,Mumbai,ATM
TXN000005148,ACC0000922,2025-06-21,Debit,15940.59,Jio,Cheque,Success,Chandigarh,Web
TXN000005149,ACC0000588,2025-05-22,Debit,94983.51,Uber,NEFT,Success,Chandigarh,Branch
TXN000005150,ACC0000035,2025-02-28,Debit,73806.2,Uber,ATM,Success,Chandigarh,Web
TXN000005151,ACC0001173,2026-03-27,Credit,45661.81,Swiggy,NetBanking,Success,Chennai,Mobile
TXN000005152,ACC0000579,2024-10-24,Debit,60114.0,Netflix,NEFT,Success,Delhi,ATM
TXN000005153,ACC0000104,2024-05-21,Credit,26601.82,Zomato,NetBanking,Success,Pune,ATM
TXN000005154,ACC0001010,2025-03-06,Debit,92817.47,Jio,IMPS,Success,Chennai,Mobile
TXN000005155,ACC0000950,2024-03-07,Debit,148551.58,Ola,UPI,Success,Bhopal,ATM
TXN000005156,ACC0000739,2025-07-25,Debit,97485.18,Jio,NEFT,Success,Ahmedabad,Web
TXN000005157,ACC0001346,2024-04-29,Debit,123684.63,BigBasket,RTGS,Success,Jaipur,POS
TXN000005158,ACC0000951,2024-04-02,Debit,71862.24,IRCTC,IMPS,Success,Lucknow,ATM
TXN000005159,ACC0000995,2024-11-11,Credit,37635.78,Insurance Premium,NEFT,Success,Ahmedabad,Branch
TXN000005160,ACC0001351,2024-02-23,Credit,134305.41,Uber,UPI,Success,Kochi,ATM
TXN000005161,ACC0000288,2026-04-02,Debit,78123.7,DMart,POS,Success,Pune,ATM
TXN000005162,ACC0000207,2025-08-23,Credit,70059.97,Reliance Digital,NEFT,Success,Bhopal,Web
TXN000005163,ACC0000131,2025-08-19,Credit,117888.51,Netflix,RTGS,Pending,Hyderabad,Web
TXN000005164,ACC0000591,2025-02-28,Credit,129484.29,Jio,IMPS,Pending,Mumbai,ATM
TXN000005165,ACC0001151,2026-03-11,Debit,58834.5,Flipkart,UPI,Success,Kochi,POS
TXN000005166,ACC0000679,2026-05-03,Debit,10340.26,BigBasket,NEFT,Success,Mumbai,Mobile
TXN000005167,ACC0000735,2024-04-02,Credit,117260.11,Netflix,POS,Success,Chennai,Web
TXN000005168,ACC0000950,2025-11-17,Debit,103679.89,BigBasket,ATM,Success,Mumbai,Branch
TXN000005169,ACC0000733,2025-04-28,Credit,78240.53,Myntra,ATM,Success,Kochi,POS
TXN000005170,ACC0000044,2024-01-26,Debit,129316.26,Uber,POS,Success,Mumbai,Branch
TXN000005171,ACC0000224,2025-01-12,Debit,111192.17,Ola,NetBanking,Success,Delhi,Web
TXN000005172,ACC0000996,2024-04-19,Credit,114957.6,Swiggy,IMPS,Success,Delhi,Branch
TXN000005173,ACC0000537,2024-08-22,Debit,60932.93,Myntra,NetBanking,Success,Bengaluru,POS
TXN000005174,ACC0000651,2024-12-17,Credit,138134.4,Fuel Station,POS,Success,Bengaluru,ATM
TXN000005175,ACC0000710,2024-02-08,Debit,114456.07,Flipkart,POS,Success,Kochi,Branch
TXN000005176,ACC0000582,2026-03-11,Debit,28968.41,Zomato,UPI,Success,Kochi,Mobile
TXN000005177,ACC0000191,2025-09-01,Debit,106973.65,Myntra,IMPS,Success,Hyderabad,POS
TXN000005178,ACC0000669,2025-10-14,Debit,132651.51,Myntra,NEFT,Success,Delhi,Branch
TXN000005179,ACC0000210,2024-07-27,Credit,115279.4,Insurance Premium,ATM,Success,Ahmedabad,Web
TXN000005180,ACC0000255,2025-09-26,Debit,149261.38,Myntra,NetBanking,Success,Bhopal,ATM
TXN000005181,ACC0000956,2024-04-05,Debit,49220.0,Airtel,POS,Success,Pune,ATM
TXN000005182,ACC0000284,2025-12-01,Debit,28303.03,Ola,Cheque,Success,Jaipur,POS
TXN000005183,ACC0000129,2025-04-12,Debit,125219.78,Electricity Board,POS,Success,Bhopal,Mobile
TXN000005184,ACC0001187,2025-07-17,Credit,90370.38,Amazon,POS,Success,Mumbai,Branch
TXN000005185,ACC0000771,2024-05-11,Credit,32319.43,Jio,NetBanking,Success,Bengaluru,Branch
TXN000005186,ACC0000200,2024-09-11,Credit,14595.18,Amazon,Cheque,Success,Hyderabad,Web
TXN000005187,ACC0000002,2025-02-24,Debit,24375.65,Insurance Premium,Cheque,Success,Ahmedabad,ATM
TXN000005188,ACC0001134,2025-04-01,Debit,138155.68,Amazon,NetBanking,Failed,Delhi,Mobile
TXN000005189,ACC0001041,2025-11-07,Credit,148304.08,BigBasket,UPI,Success,Bengaluru,POS
TXN000005190,ACC0001258,2024-06-29,Debit,74346.97,Ola,POS,Success,Pune,ATM
TXN000005191,ACC0000074,2024-10-16,Debit,38771.04,BigBasket,Cheque,Success,Delhi,Mobile
TXN000005192,ACC0000109,2024-12-16,Credit,94023.23,Insurance Premium,UPI,Success,Kochi,Web
TXN000005193,ACC0001337,2026-03-25,Credit,139942.05,Ola,ATM,Success,Lucknow,Branch
TXN000005194,ACC0001005,2025-02-15,Credit,64471.77,School Fees,POS,Success,Ahmedabad,Web
TXN000005195,ACC0001039,2025-08-19,Credit,30791.75,DMart,ATM,Reversed,Delhi,Mobile
TXN000005196,ACC0000746,2026-03-20,Credit,62812.39,Swiggy,NetBanking,Success,Mumbai,ATM
TXN000005197,ACC0000608,2024-01-27,Credit,34153.86,Airtel,ATM,Success,Bhopal,ATM
TXN000005198,ACC0001168,2025-06-07,Debit,15031.42,Zomato,NetBanking,Success,Kochi,Web
TXN000005199,ACC0000935,2026-05-13,Credit,60987.84,DMart,RTGS,Success,Ahmedabad,Web
TXN000005200,ACC0001397,2024-03-15,Credit,129208.0,BigBasket,Cheque,Success,Pune,Branch
TXN000005201,ACC0000394,2024-04-25,Debit,73627.53,Insurance Premium,ATM,Pending,Delhi,Mobile
TXN000005202,ACC0000701,2026-03-22,Credit,114913.93,IRCTC,NetBanking,Success,Hyderabad,ATM
TXN000005203,ACC0000015,2025-04-26,Debit,74318.73,Reliance Digital,POS,Success,Hyderabad,Mobile
TXN000005204,ACC0000049,2025-08-05,Debit,94535.71,School Fees,NetBanking,Success,Kochi,ATM
TXN000005205,ACC0000399,2024-05-24,Credit,44275.71,DMart,UPI,Success,Lucknow,Branch
TXN000005206,ACC0000776,2024-09-12,Debit,45292.98,Fuel Station,Cheque,Success,Jaipur,Branch
TXN000005207,ACC0000319,2025-06-04,Credit,62066.3,Airtel,NEFT,Success,Hyderabad,Mobile
TXN000005208,ACC0000317,2024-03-24,Credit,92889.75,Ola,ATM,Success,Hyderabad,POS
TXN000005209,ACC0000162,2024-02-28,Credit,126153.45,DMart,IMPS,Success,Chennai,Mobile
TXN000005210,ACC0000702,2024-06-07,Credit,37716.49,Airtel,POS,Success,Bengaluru,ATM
TXN000005211,ACC0000152,2025-10-07,Debit,27532.86,Amazon,Cheque,Success,Delhi,Mobile
TXN000005212,ACC0000602,2025-09-14,Debit,57762.95,Insurance Premium,RTGS,Reversed,Chandigarh,POS
TXN000005213,ACC0000586,2026-02-14,Credit,78140.05,IRCTC,NEFT,Failed,Jaipur,ATM
TXN000005214,ACC0000118,2025-12-05,Debit,104482.87,Amazon,RTGS,Success,Kochi,ATM
TXN000005215,ACC0000086,2025-01-11,Credit,21770.03,BigBasket,ATM,Success,Lucknow,Branch
TXN000005216,ACC0000531,2024-11-21,Debit,9360.16,Uber,RTGS,Success,Chandigarh,Web
TXN000005217,ACC0000261,2024-11-02,Credit,123930.46,IRCTC,RTGS,Success,Bengaluru,Branch
TXN000005218,ACC0001300,2025-11-18,Credit,102904.19,Airtel,UPI,Success,Hyderabad,POS
TXN000005219,ACC0001184,2025-03-10,Debit,45727.79,Uber,POS,Success,Hyderabad,Web
TXN000005220,ACC0000654,2025-10-23,Credit,70966.34,Ola,IMPS,Success,Jaipur,ATM
TXN000005221,ACC0000130,2024-09-04,Credit,82282.61,Airtel,NEFT,Success,Chennai,ATM
TXN000005222,ACC0000276,2024-08-22,Credit,48462.18,Electricity Board,POS,Failed,Pune,POS
TXN000005223,ACC0001025,2024-04-10,Credit,85752.67,Electricity Board,UPI,Success,Chennai,ATM
TXN000005224,ACC0000941,2026-02-01,Debit,37844.75,Airtel,POS,Success,Ahmedabad,Mobile
TXN000005225,ACC0000254,2024-03-12,Debit,119536.27,DMart,UPI,Success,Hyderabad,Web
TXN000005226,ACC0000168,2026-05-05,Debit,15748.34,Myntra,NEFT,Failed,Chandigarh,ATM
TXN000005227,ACC0000860,2026-02-16,Credit,141846.98,Fuel Station,RTGS,Success,Delhi,Mobile
TXN000005228,ACC0000304,2025-06-13,Debit,99354.93,DMart,RTGS,Reversed,Bengaluru,ATM
TXN000005229,ACC0000668,2025-05-27,Debit,21236.03,Swiggy,UPI,Reversed,Lucknow,Branch
TXN000005230,ACC0001251,2025-07-05,Debit,99165.42,Insurance Premium,NEFT,Failed,Pune,Branch
TXN000005231,ACC0001071,2024-09-08,Credit,41132.23,School Fees,UPI,Success,Jaipur,ATM
TXN000005232,ACC0000841,2024-03-20,Credit,143226.14,Netflix,RTGS,Success,Jaipur,Web
TXN000005233,ACC0000300,2024-09-03,Debit,36282.09,Reliance Digital,NetBanking,Success,Jaipur,POS
TXN000005234,ACC0000716,2025-03-17,Credit,102002.88,Airtel,IMPS,Success,Chennai,POS
TXN000005235,ACC0001142,2024-08-05,Debit,7760.15,Zomato,POS,Success,Delhi,ATM
TXN000005236,ACC0000379,2024-02-28,Debit,92922.79,Insurance Premium,Cheque,Success,Ahmedabad,Web
TXN000005237,ACC0000747,2024-02-10,Credit,138320.03,Jio,NetBanking,Success,Bengaluru,Branch
TXN000005238,ACC0000069,2026-03-02,Debit,10450.77,Flipkart,UPI,Success,Chennai,Mobile
TXN000005239,ACC0000975,2025-06-08,Credit,136151.8,IRCTC,IMPS,Success,Bengaluru,Branch
TXN000005240,ACC0001050,2024-03-05,Credit,92569.79,Insurance Premium,POS,Success,Kochi,ATM
TXN000005241,ACC0000421,2024-08-26,Credit,149747.28,School Fees,NetBanking,Failed,Bhopal,ATM
TXN000005242,ACC0000900,2024-07-11,Debit,1877.41,Insurance Premium,RTGS,Success,Jaipur,ATM
TXN000005243,ACC0000290,2025-02-22,Debit,5921.12,Fuel Station,NEFT,Success,Ahmedabad,POS
TXN000005244,ACC0001181,2025-01-13,Credit,60651.71,Flipkart,NEFT,Success,Pune,ATM
TXN000005245,ACC0001078,2025-10-17,Credit,26194.87,Uber,Cheque,Failed,Kochi,Web
TXN000005246,ACC0000627,2024-05-24,Credit,22804.35,Airtel,RTGS,Success,Chennai,Mobile
TXN000005247,ACC0000556,2025-05-16,Debit,71077.94,Fuel Station,ATM,Success,Bhopal,POS
TXN000005248,ACC0000565,2025-01-23,Credit,80459.91,Electricity Board,UPI,Success,Kochi,POS
TXN000005249,ACC0000127,2024-01-21,Debit,28995.64,Fuel Station,NetBanking,Success,Bhopal,POS
TXN000005250,ACC0000134,2026-04-26,Debit,53334.11,Airtel,IMPS,Success,Bhopal,Web
TXN000005251,ACC0001231,2026-02-21,Debit,93981.32,Airtel,POS,Success,Pune,Mobile
TXN000005252,ACC0000057,2025-07-11,Debit,28908.8,Fuel Station,RTGS,Pending,Lucknow,ATM
TXN000005253,ACC0000104,2025-06-14,Debit,70584.65,Insurance Premium,UPI,Pending,Hyderabad,Web
TXN000005254,ACC0000233,2025-05-27,Debit,50843.35,Reliance Digital,NetBanking,Success,Hyderabad,POS
TXN000005255,ACC0000258,2026-01-22,Debit,51763.99,Myntra,Cheque,Pending,Hyderabad,ATM
TXN000005256,ACC0000047,2025-06-27,Credit,102753.27,Electricity Board,RTGS,Success,Bengaluru,POS
TXN000005257,ACC0001329,2026-01-19,Credit,148829.07,Netflix,UPI,Success,Mumbai,POS
TXN000005258,ACC0000602,2024-03-07,Debit,69735.46,School Fees,UPI,Success,Jaipur,POS
TXN000005259,ACC0001315,2024-08-26,Debit,10845.18,BigBasket,NEFT,Failed,Chennai,Web
TXN000005260,ACC0001157,2026-03-08,Credit,149627.21,Amazon,Cheque,Success,Kochi,ATM
TXN000005261,ACC0000419,2025-02-02,Debit,56655.12,BigBasket,UPI,Failed,Bhopal,ATM
TXN000005262,ACC0001124,2025-04-07,Debit,14876.72,Fuel Station,ATM,Success,Lucknow,ATM
TXN000005263,ACC0000667,2025-06-08,Debit,48022.46,School Fees,IMPS,Success,Ahmedabad,Mobile
TXN000005264,ACC0000839,2024-10-27,Debit,72412.36,Swiggy,ATM,Pending,Delhi,POS
TXN000005265,ACC0000744,2024-08-30,Credit,19221.66,Reliance Digital,RTGS,Success,Lucknow,Web
TXN000005266,ACC0001190,2024-05-23,Credit,35233.32,Ola,Cheque,Success,Bhopal,POS
TXN000005267,ACC0001358,2025-01-01,Credit,108832.08,BigBasket,RTGS,Success,Chennai,Branch
TXN000005268,ACC0000752,2025-10-12,Credit,89928.82,Amazon,RTGS,Success,Bengaluru,Mobile
TXN000005269,ACC0000751,2024-02-04,Debit,97006.12,School Fees,RTGS,Success,Bengaluru,Web
TXN000005270,ACC0000852,2024-07-29,Credit,108942.89,Flipkart,Cheque,Success,Hyderabad,ATM
TXN000005271,ACC0000136,2024-09-23,Debit,61448.34,Zomato,ATM,Success,Jaipur,Mobile
TXN000005272,ACC0000301,2026-04-04,Debit,52968.33,Insurance Premium,NEFT,Success,Bengaluru,Web
TXN000005273,ACC0000389,2025-03-07,Debit,17649.93,Amazon,RTGS,Success,Bhopal,POS
TXN000005274,ACC0001231,2025-01-15,Credit,113151.6,Jio,RTGS,Failed,Delhi,Mobile
TXN000005275,ACC0000598,2026-01-14,Debit,128832.8,Swiggy,POS,Success,Mumbai,POS
TXN000005276,ACC0000031,2025-04-15,Debit,8343.42,Myntra,NEFT,Success,Lucknow,POS
TXN000005277,ACC0000208,2025-06-09,Credit,103653.93,DMart,RTGS,Success,Chennai,Branch
TXN000005278,ACC0000526,2026-01-20,Credit,21935.0,Reliance Digital,NEFT,Success,Chandigarh,ATM
TXN000005279,ACC0001059,2026-03-29,Credit,58275.13,Swiggy,ATM,Pending,Lucknow,ATM
TXN000005280,ACC0000744,2026-05-01,Debit,50822.61,Amazon,Cheque,Success,Delhi,Branch
TXN000005281,ACC0000248,2024-02-26,Credit,129759.5,Zomato,NEFT,Success,Delhi,Mobile
TXN000005282,ACC0000773,2024-09-26,Debit,18345.7,BigBasket,UPI,Success,Jaipur,Branch
TXN000005283,ACC0000659,2024-01-07,Credit,75530.78,Amazon,ATM,Success,Bhopal,Web
TXN000005284,ACC0000554,2024-04-09,Credit,18708.51,Ola,NetBanking,Success,Lucknow,Mobile
TXN000005285,ACC0001280,2025-11-15,Credit,111839.82,Insurance Premium,RTGS,Success,Bengaluru,Web
TXN000005286,ACC0000348,2025-12-29,Debit,125971.4,Jio,Cheque,Success,Mumbai,POS
TXN000005287,ACC0001129,2024-11-01,Debit,55624.67,Zomato,POS,Success,Delhi,ATM
TXN000005288,ACC0000123,2024-11-20,Credit,121529.1,Electricity Board,NEFT,Success,Delhi,Branch
TXN000005289,ACC0000767,2024-05-17,Debit,138827.08,Uber,RTGS,Success,Kochi,ATM
TXN000005290,ACC0000253,2025-02-17,Credit,113938.05,BigBasket,UPI,Success,Delhi,Mobile
TXN000005291,ACC0000372,2024-05-13,Debit,9871.21,Jio,NEFT,Success,Chandigarh,Mobile
TXN000005292,ACC0000871,2026-03-17,Debit,7326.59,Zomato,NetBanking,Success,Jaipur,POS
TXN000005293,ACC0000962,2024-10-18,Debit,3834.35,Reliance Digital,NEFT,Success,Hyderabad,POS
TXN000005294,ACC0000441,2024-08-29,Debit,45624.63,Airtel,POS,Success,Ahmedabad,Mobile
TXN000005295,ACC0001110,2025-05-14,Credit,44998.26,BigBasket,Cheque,Success,Pune,Branch
TXN000005296,ACC0000840,2025-01-20,Credit,86308.85,Uber,RTGS,Success,Bhopal,Branch
TXN000005297,ACC0000804,2026-04-09,Debit,34946.04,School Fees,NEFT,Success,Kochi,POS
TXN000005298,ACC0001256,2024-07-20,Debit,87985.67,IRCTC,NetBanking,Success,Hyderabad,Mobile
TXN000005299,ACC0001227,2026-04-12,Credit,23663.26,Ola,IMPS,Success,Delhi,Branch
TXN000005300,ACC0000298,2025-07-06,Credit,115083.03,Swiggy,UPI,Success,Kochi,POS
TXN000005301,ACC0000911,2025-10-02,Credit,30895.17,IRCTC,ATM,Success,Delhi,Branch
TXN000005302,ACC0001352,2025-08-22,Credit,83581.79,Jio,Cheque,Success,Hyderabad,POS
TXN000005303,ACC0000124,2025-08-05,Credit,113287.01,Fuel Station,IMPS,Success,Delhi,POS
TXN000005304,ACC0001045,2024-09-13,Credit,129767.24,Flipkart,Cheque,Success,Chennai,Web
TXN000005305,ACC0000170,2026-03-16,Debit,136669.68,School Fees,POS,Success,Bhopal,Web
TXN000005306,ACC0000566,2026-02-14,Credit,145321.17,Electricity Board,NetBanking,Success,Pune,POS
TXN000005307,ACC0001218,2024-12-03,Debit,14008.23,Ola,IMPS,Failed,Bengaluru,ATM
TXN000005308,ACC0000082,2025-01-11,Debit,136054.0,Airtel,Cheque,Success,Chandigarh,Web
TXN000005309,ACC0000072,2026-01-07,Debit,132010.21,Netflix,RTGS,Success,Kochi,POS
TXN000005310,ACC0001221,2024-10-06,Credit,86459.81,DMart,POS,Failed,Hyderabad,POS
TXN000005311,ACC0000361,2025-05-15,Credit,80937.2,Myntra,Cheque,Success,Bengaluru,POS
TXN000005312,ACC0000551,2026-01-17,Debit,146980.61,BigBasket,NEFT,Success,Chandigarh,Mobile
TXN000005313,ACC0001261,2026-01-12,Credit,105401.74,Flipkart,Cheque,Success,Jaipur,ATM
TXN000005314,ACC0000366,2025-10-23,Credit,144895.58,Zomato,Cheque,Success,Chennai,ATM
TXN000005315,ACC0000025,2026-02-20,Debit,87243.39,Myntra,Cheque,Success,Mumbai,ATM
TXN000005316,ACC0000133,2024-06-07,Debit,34970.32,Airtel,IMPS,Success,Pune,Branch
TXN000005317,ACC0000682,2024-12-12,Debit,66644.88,Fuel Station,NetBanking,Failed,Kochi,Mobile
TXN000005318,ACC0000228,2024-01-08,Credit,127909.65,Flipkart,POS,Success,Pune,Branch
TXN000005319,ACC0000709,2025-11-11,Debit,7343.26,Uber,UPI,Success,Bhopal,Branch
TXN000005320,ACC0000408,2025-06-27,Debit,89356.6,Fuel Station,IMPS,Failed,Lucknow,Mobile
TXN000005321,ACC0000974,2026-01-04,Debit,54250.15,Reliance Digital,RTGS,Success,Chandigarh,Web
TXN000005322,ACC0000586,2024-09-13,Credit,83806.95,School Fees,IMPS,Success,Bengaluru,POS
TXN000005323,ACC0001208,2024-03-05,Credit,111597.26,Flipkart,NetBanking,Success,Kochi,Mobile
TXN000005324,ACC0000251,2025-08-24,Debit,78347.72,DMart,RTGS,Success,Bhopal,Branch
TXN000005325,ACC0000534,2026-03-01,Credit,94135.93,Insurance Premium,NEFT,Success,Kochi,Branch
TXN000005326,ACC0000114,2024-09-26,Debit,113699.02,Flipkart,POS,Success,Kochi,ATM
TXN000005327,ACC0000014,2024-04-04,Credit,92017.26,Reliance Digital,NEFT,Success,Lucknow,Web
TXN000005328,ACC0000266,2024-04-14,Credit,28857.54,Netflix,UPI,Success,Bengaluru,Web
TXN000005329,ACC0000505,2025-01-07,Credit,3928.32,DMart,RTGS,Success,Hyderabad,Web
TXN000005330,ACC0000913,2025-11-15,Debit,73023.95,DMart,POS,Success,Mumbai,Branch
TXN000005331,ACC0001126,2026-04-08,Credit,94369.77,Electricity Board,POS,Success,Kochi,Mobile
TXN000005332,ACC0000580,2024-11-27,Debit,80461.04,Netflix,NEFT,Success,Jaipur,ATM
TXN000005333,ACC0000562,2024-07-06,Credit,20045.62,Fuel Station,RTGS,Success,Jaipur,Web
TXN000005334,ACC0000802,2026-04-04,Credit,5771.42,Electricity Board,Cheque,Success,Bengaluru,POS
TXN000005335,ACC0001283,2025-11-15,Credit,40702.27,School Fees,NEFT,Success,Ahmedabad,Branch
TXN000005336,ACC0001290,2024-07-19,Credit,63329.13,Fuel Station,Cheque,Success,Ahmedabad,Web
TXN000005337,ACC0001046,2025-04-04,Credit,38163.28,Flipkart,NEFT,Success,Mumbai,Web
TXN000005338,ACC0000930,2024-10-03,Debit,1688.54,Swiggy,NEFT,Success,Ahmedabad,POS
TXN000005339,ACC0000959,2025-08-16,Credit,49793.6,Fuel Station,RTGS,Success,Kochi,Mobile
TXN000005340,ACC0000355,2024-08-21,Debit,10489.83,Myntra,IMPS,Success,Bengaluru,Branch
TXN000005341,ACC0000753,2025-07-31,Debit,42382.02,Amazon,RTGS,Success,Bengaluru,Mobile
TXN000005342,ACC0000240,2025-06-04,Credit,104655.06,Myntra,NEFT,Success,Jaipur,Mobile
TXN000005343,ACC0000968,2024-03-22,Credit,119225.68,Netflix,Cheque,Success,Chennai,Mobile
TXN000005344,ACC0000842,2025-11-07,Debit,111309.71,Uber,POS,Success,Hyderabad,ATM
TXN000005345,ACC0001161,2024-03-16,Debit,146646.81,Flipkart,POS,Success,Chennai,Mobile
TXN000005346,ACC0000745,2024-10-19,Credit,74559.64,IRCTC,RTGS,Success,Kochi,Mobile
TXN000005347,ACC0000103,2026-03-19,Debit,93348.52,DMart,ATM,Success,Pune,Mobile
TXN000005348,ACC0000460,2025-04-25,Debit,4006.89,IRCTC,NetBanking,Success,Chennai,Branch
TXN000005349,ACC0000511,2024-05-14,Debit,92246.06,Netflix,NEFT,Success,Kochi,Mobile
TXN000005350,ACC0001339,2024-04-10,Debit,27382.01,Netflix,IMPS,Success,Lucknow,Web
TXN000005351,ACC0000987,2026-01-18,Debit,105204.35,Zomato,NetBanking,Success,Kochi,ATM
TXN000005352,ACC0000229,2025-01-24,Debit,70198.88,School Fees,NEFT,Success,Kochi,Web
TXN000005353,ACC0000695,2025-06-03,Debit,117982.51,Swiggy,UPI,Success,Bengaluru,Branch
TXN000005354,ACC0001319,2024-11-17,Debit,1915.71,Fuel Station,RTGS,Success,Bengaluru,Mobile
TXN000005355,ACC0000239,2025-10-29,Debit,131194.87,Netflix,Cheque,Success,Jaipur,Mobile
TXN000005356,ACC0000635,2024-03-02,Debit,44548.79,Netflix,Cheque,Success,Lucknow,POS
TXN000005357,ACC0001124,2024-12-15,Credit,12464.02,IRCTC,IMPS,Success,Ahmedabad,Mobile
TXN000005358,ACC0000226,2025-03-21,Credit,69969.61,Airtel,POS,Failed,Jaipur,Branch
TXN000005359,ACC0000485,2024-01-07,Credit,98147.69,Amazon,NetBanking,Success,Jaipur,Branch
TXN000005360,ACC0001335,2024-11-06,Credit,23513.38,Zomato,UPI,Success,Bengaluru,Web
TXN000005361,ACC0000571,2024-09-24,Debit,123747.85,IRCTC,ATM,Success,Pune,Mobile
TXN000005362,ACC0000155,2024-10-29,Credit,72411.16,Netflix,UPI,Success,Hyderabad,Web
TXN000005363,ACC0000110,2026-01-29,Debit,79206.56,School Fees,Cheque,Success,Delhi,POS
TXN000005364,ACC0000464,2024-10-10,Credit,90913.93,Jio,ATM,Success,Mumbai,Web
TXN000005365,ACC0001206,2024-05-17,Credit,132376.9,Amazon,Cheque,Success,Pune,POS
TXN000005366,ACC0000439,2025-10-21,Debit,73966.72,Insurance Premium,NetBanking,Success,Kochi,POS
TXN000005367,ACC0000353,2025-09-22,Debit,86552.99,Reliance Digital,ATM,Success,Bengaluru,POS
TXN000005368,ACC0000517,2024-05-24,Debit,73883.08,Jio,UPI,Success,Pune,Mobile
TXN000005369,ACC0000196,2025-04-07,Debit,52255.75,Airtel,UPI,Success,Delhi,ATM
TXN000005370,ACC0001296,2025-06-11,Debit,126686.73,Swiggy,POS,Success,Jaipur,ATM
TXN000005371,ACC0000638,2025-09-15,Debit,100432.97,Myntra,UPI,Success,Mumbai,Mobile
TXN000005372,ACC0000431,2025-06-26,Debit,144261.92,Swiggy,Cheque,Success,Chandigarh,Branch
TXN000005373,ACC0000908,2024-12-06,Credit,144281.1,Ola,ATM,Failed,Kochi,POS
TXN000005374,ACC0001140,2024-07-20,Debit,132568.2,Insurance Premium,IMPS,Success,Ahmedabad,Web
TXN000005375,ACC0000056,2026-03-17,Credit,13826.16,Amazon,ATM,Success,Ahmedabad,ATM
TXN000005376,ACC0000036,2024-06-09,Debit,42785.91,Flipkart,Cheque,Success,Kochi,Branch
TXN000005377,ACC0000452,2026-02-21,Credit,15001.9,Jio,RTGS,Success,Chennai,Web
TXN000005378,ACC0001239,2026-05-20,Debit,72953.97,Electricity Board,IMPS,Success,Bengaluru,Web
TXN000005379,ACC0001039,2025-04-29,Credit,114992.79,Ola,RTGS,Success,Chandigarh,POS
TXN000005380,ACC0001228,2025-04-03,Credit,48842.53,Airtel,POS,Success,Kochi,Web
TXN000005381,ACC0000743,2025-12-12,Credit,136531.88,Uber,NEFT,Success,Ahmedabad,Mobile
TXN000005382,ACC0000966,2024-09-14,Debit,41157.81,DMart,IMPS,Success,Ahmedabad,Web
TXN000005383,ACC0000006,2024-05-20,Credit,113061.67,IRCTC,NEFT,Success,Hyderabad,ATM
TXN000005384,ACC0001345,2025-10-11,Credit,34498.11,Zomato,Cheque,Success,Chandigarh,Web
TXN000005385,ACC0001383,2025-10-12,Debit,4598.74,Airtel,IMPS,Success,Delhi,Mobile
TXN000005386,ACC0001074,2026-04-08,Credit,131839.37,Jio,Cheque,Success,Chandigarh,ATM
TXN000005387,ACC0000691,2025-07-16,Credit,20967.62,Jio,RTGS,Success,Lucknow,ATM
TXN000005388,ACC0000421,2024-05-28,Debit,109688.87,Swiggy,Cheque,Success,Bhopal,ATM
TXN000005389,ACC0000329,2025-11-11,Debit,77246.65,Amazon,ATM,Success,Hyderabad,ATM
TXN000005390,ACC0001233,2024-10-28,Credit,144883.73,IRCTC,RTGS,Success,Mumbai,POS
TXN000005391,ACC0000893,2024-03-25,Debit,13370.29,Electricity Board,UPI,Success,Kochi,Mobile
TXN000005392,ACC0000972,2024-05-14,Credit,49400.8,Fuel Station,POS,Success,Lucknow,Mobile
TXN000005393,ACC0000050,2024-02-04,Credit,16674.22,IRCTC,RTGS,Success,Jaipur,Web
TXN000005394,ACC0001150,2024-03-11,Credit,140734.51,Jio,IMPS,Success,Chandigarh,Mobile
TXN000005395,ACC0000500,2025-11-25,Debit,89209.23,BigBasket,RTGS,Pending,Chandigarh,ATM
TXN000005396,ACC0001344,2024-09-06,Credit,3149.07,Myntra,POS,Success,Jaipur,POS
TXN000005397,ACC0001064,2025-10-28,Debit,22197.15,DMart,NEFT,Success,Delhi,Mobile
TXN000005398,ACC0000171,2024-10-05,Debit,144000.27,Amazon,POS,Success,Chennai,Branch
TXN000005399,ACC0001057,2024-08-13,Debit,3475.88,School Fees,NEFT,Success,Lucknow,Mobile
TXN000005400,ACC0000991,2025-09-07,Debit,72560.74,Amazon,Cheque,Success,Hyderabad,Web
TXN000005401,ACC0001078,2025-05-10,Credit,35244.8,DMart,NetBanking,Success,Mumbai,Branch
TXN000005402,ACC0000911,2026-03-27,Credit,138997.86,Flipkart,Cheque,Success,Jaipur,POS
TXN000005403,ACC0000497,2025-01-09,Credit,79993.45,Electricity Board,POS,Success,Bhopal,Mobile
TXN000005404,ACC0001068,2025-09-07,Debit,55449.27,Airtel,NetBanking,Success,Chennai,POS
TXN000005405,ACC0001008,2024-07-27,Credit,20108.88,Ola,UPI,Success,Hyderabad,Branch
TXN000005406,ACC0000292,2026-03-04,Credit,115121.31,IRCTC,NetBanking,Success,Chennai,Branch
TXN000005407,ACC0000614,2024-04-24,Debit,1009.88,Amazon,POS,Reversed,Pune,POS
TXN000005408,ACC0001252,2024-08-18,Credit,10571.67,Fuel Station,Cheque,Success,Bengaluru,POS
TXN000005409,ACC0000798,2026-02-12,Debit,47578.68,Myntra,NetBanking,Success,Mumbai,ATM
TXN000005410,ACC0000399,2026-02-01,Credit,104523.29,Fuel Station,NEFT,Success,Delhi,ATM
TXN000005411,ACC0001051,2024-11-27,Credit,149392.72,Flipkart,IMPS,Success,Lucknow,Web
TXN000005412,ACC0000274,2025-02-26,Credit,39252.26,Ola,IMPS,Success,Mumbai,ATM
TXN000005413,ACC0000809,2025-03-16,Credit,73134.73,Jio,Cheque,Success,Delhi,Web
TXN000005414,ACC0000614,2024-10-04,Credit,44476.74,Fuel Station,Cheque,Success,Jaipur,Web
TXN000005415,ACC0000475,2025-01-29,Credit,104678.9,Myntra,RTGS,Success,Jaipur,Mobile
TXN000005416,ACC0000373,2024-09-24,Debit,833.89,Airtel,Cheque,Success,Jaipur,ATM
TXN000005417,ACC0001315,2024-09-15,Debit,37925.26,Airtel,UPI,Success,Chandigarh,POS
TXN000005418,ACC0000342,2025-09-10,Credit,12807.18,Swiggy,NEFT,Success,Pune,ATM
TXN000005419,ACC0000704,2024-06-30,Debit,120303.74,Zomato,Cheque,Success,Delhi,Web
TXN000005420,ACC0000830,2024-01-12,Credit,102199.56,Uber,NetBanking,Success,Ahmedabad,Web
TXN000005421,ACC0000408,2026-03-17,Debit,87483.34,Flipkart,IMPS,Success,Lucknow,POS
TXN000005422,ACC0000792,2025-11-22,Debit,143002.52,Jio,RTGS,Success,Delhi,Branch
TXN000005423,ACC0000184,2024-02-04,Credit,111524.82,Reliance Digital,Cheque,Success,Pune,Mobile
TXN000005424,ACC0000614,2026-05-12,Debit,26535.72,BigBasket,NEFT,Success,Mumbai,ATM
TXN000005425,ACC0001012,2025-03-03,Debit,34556.23,School Fees,POS,Success,Hyderabad,ATM
TXN000005426,ACC0001315,2025-04-20,Debit,139121.13,Myntra,NEFT,Success,Pune,POS
TXN000005427,ACC0000580,2025-05-04,Debit,100109.97,Reliance Digital,ATM,Success,Kochi,Mobile
TXN000005428,ACC0000154,2024-05-24,Debit,53503.26,BigBasket,IMPS,Success,Chandigarh,ATM
TXN000005429,ACC0000867,2025-01-22,Debit,72303.16,Swiggy,NetBanking,Success,Jaipur,Branch
TXN000005430,ACC0000724,2025-04-11,Credit,77558.06,DMart,RTGS,Success,Lucknow,Branch
TXN000005431,ACC0000897,2024-03-29,Credit,147830.82,Flipkart,Cheque,Success,Hyderabad,Branch
TXN000005432,ACC0000505,2024-03-22,Credit,61447.62,Uber,ATM,Success,Lucknow,Branch
TXN000005433,ACC0000983,2025-07-19,Debit,85342.39,Amazon,IMPS,Success,Bengaluru,Mobile
TXN000005434,ACC0001258,2024-12-05,Debit,102677.18,IRCTC,POS,Success,Mumbai,POS
TXN000005435,ACC0001087,2024-12-14,Debit,124656.35,Ola,NetBanking,Success,Bhopal,Mobile
TXN000005436,ACC0000022,2025-07-14,Credit,53101.78,Fuel Station,UPI,Success,Delhi,Web
TXN000005437,ACC0001063,2024-02-03,Credit,84291.46,Reliance Digital,ATM,Success,Delhi,ATM
TXN000005438,ACC0000402,2024-04-03,Debit,11131.68,Amazon,RTGS,Success,Pune,Web
TXN000005439,ACC0000703,2024-05-21,Debit,101176.64,Fuel Station,UPI,Success,Bhopal,Branch
TXN000005440,ACC0000837,2025-02-21,Debit,76345.87,Reliance Digital,ATM,Success,Jaipur,Web
TXN000005441,ACC0001116,2025-09-05,Credit,15933.29,Uber,ATM,Success,Jaipur,POS
TXN000005442,ACC0000060,2024-06-19,Debit,74361.63,DMart,IMPS,Success,Delhi,POS
TXN000005443,ACC0000406,2025-12-22,Debit,72156.86,School Fees,POS,Success,Ahmedabad,Web
TXN000005444,ACC0000389,2024-09-30,Credit,18949.29,Swiggy,POS,Success,Kochi,ATM
TXN000005445,ACC0000481,2024-07-02,Credit,97569.4,Fuel Station,NetBanking,Success,Kochi,Branch
TXN000005446,ACC0000845,2025-08-05,Debit,108409.38,Jio,Cheque,Success,Lucknow,POS
TXN000005447,ACC0001256,2026-04-07,Credit,80189.34,Flipkart,POS,Success,Ahmedabad,ATM
TXN000005448,ACC0000894,2025-01-25,Credit,17812.02,Reliance Digital,ATM,Success,Kochi,ATM
TXN000005449,ACC0000551,2025-06-17,Debit,138221.8,Amazon,NEFT,Success,Delhi,Mobile
TXN000005450,ACC0001036,2025-11-08,Credit,138854.35,Jio,ATM,Success,Mumbai,Web
TXN000005451,ACC0000300,2025-07-01,Debit,7621.99,DMart,POS,Success,Pune,ATM
TXN000005452,ACC0001133,2024-08-16,Debit,104364.8,Airtel,IMPS,Success,Bengaluru,ATM
TXN000005453,ACC0000501,2025-07-05,Debit,99658.77,IRCTC,Cheque,Success,Mumbai,ATM
TXN000005454,ACC0000934,2024-01-05,Credit,21827.79,BigBasket,Cheque,Success,Ahmedabad,Web
TXN000005455,ACC0000827,2025-12-25,Debit,14168.82,School Fees,UPI,Success,Pune,ATM
TXN000005456,ACC0000124,2025-09-16,Debit,97225.66,DMart,IMPS,Success,Bhopal,Web
TXN000005457,ACC0000884,2025-02-13,Debit,138395.95,Netflix,ATM,Success,Mumbai,Mobile
TXN000005458,ACC0001153,2024-05-02,Debit,71517.74,BigBasket,NEFT,Success,Mumbai,Web
TXN000005459,ACC0000951,2024-09-04,Credit,17076.57,BigBasket,Cheque,Success,Chandigarh,Mobile
TXN000005460,ACC0001267,2025-07-14,Debit,33441.43,Zomato,Cheque,Success,Chennai,Mobile
TXN000005461,ACC0001242,2024-09-07,Debit,80879.93,Netflix,ATM,Success,Bengaluru,Web
TXN000005462,ACC0000286,2025-03-15,Credit,119622.4,Zomato,ATM,Success,Bhopal,POS
TXN000005463,ACC0000870,2026-04-19,Debit,145755.46,DMart,UPI,Success,Lucknow,Branch
TXN000005464,ACC0000270,2024-08-03,Debit,63498.48,Electricity Board,NEFT,Success,Kochi,Mobile
TXN000005465,ACC0000020,2025-04-28,Credit,33415.12,Flipkart,NetBanking,Success,Chandigarh,Web
TXN000005466,ACC0000147,2024-09-08,Credit,68766.38,DMart,NetBanking,Success,Hyderabad,POS
TXN000005467,ACC0000446,2025-08-28,Credit,13685.67,Uber,POS,Reversed,Chennai,POS
TXN000005468,ACC0000905,2026-03-12,Credit,12225.91,Netflix,IMPS,Success,Kochi,Branch
TXN000005469,ACC0001149,2024-01-22,Debit,22688.17,Jio,Cheque,Success,Hyderabad,Web
TXN000005470,ACC0000273,2025-04-06,Debit,113974.04,Amazon,UPI,Failed,Delhi,Web
TXN000005471,ACC0000633,2024-08-20,Debit,46880.51,Amazon,NEFT,Success,Hyderabad,Web
TXN000005472,ACC0001184,2026-05-09,Debit,84097.65,Reliance Digital,IMPS,Success,Jaipur,Branch
TXN000005473,ACC0000081,2024-06-27,Debit,2007.42,Electricity Board,NEFT,Success,Chandigarh,POS
TXN000005474,ACC0001255,2024-12-07,Credit,58155.08,Flipkart,RTGS,Success,Chandigarh,Mobile
TXN000005475,ACC0000118,2026-03-11,Credit,139333.95,BigBasket,RTGS,Success,Kochi,Mobile
TXN000005476,ACC0000782,2024-12-21,Debit,4178.91,Jio,NEFT,Success,Chandigarh,ATM
TXN000005477,ACC0000638,2025-05-11,Debit,149689.04,IRCTC,RTGS,Success,Mumbai,ATM
TXN000005478,ACC0001105,2025-05-23,Debit,107549.65,Zomato,Cheque,Success,Pune,Web
TXN000005479,ACC0001123,2025-12-07,Credit,82430.93,Insurance Premium,UPI,Reversed,Hyderabad,Branch
TXN000005480,ACC0001325,2024-01-17,Debit,15376.84,Electricity Board,RTGS,Success,Ahmedabad,POS
TXN000005481,ACC0000277,2024-07-23,Debit,128257.71,Insurance Premium,POS,Success,Bhopal,Branch
TXN000005482,ACC0000274,2024-12-03,Debit,138264.59,Myntra,NetBanking,Success,Lucknow,Web
TXN000005483,ACC0000735,2025-04-06,Debit,25819.6,Netflix,NetBanking,Success,Bengaluru,POS
TXN000005484,ACC0001389,2025-01-18,Debit,139700.48,DMart,UPI,Success,Jaipur,Mobile
TXN000005485,ACC0000019,2025-10-03,Debit,133842.98,Myntra,UPI,Success,Pune,Mobile
TXN000005486,ACC0000005,2025-07-31,Debit,14625.68,Netflix,UPI,Success,Kochi,ATM
TXN000005487,ACC0000348,2024-05-26,Credit,130798.29,Fuel Station,NEFT,Success,Lucknow,Branch
TXN000005488,ACC0000267,2024-09-07,Debit,54223.07,Netflix,ATM,Success,Lucknow,Web
TXN000005489,ACC0000482,2024-09-14,Debit,39022.44,Fuel Station,ATM,Success,Pune,POS
TXN000005490,ACC0001205,2025-12-25,Credit,128656.44,Netflix,Cheque,Success,Jaipur,Branch
TXN000005491,ACC0000184,2025-11-28,Debit,44501.44,Airtel,NetBanking,Success,Bhopal,Mobile
TXN000005492,ACC0000811,2025-10-20,Credit,30596.48,School Fees,ATM,Success,Ahmedabad,ATM
TXN000005493,ACC0001143,2024-04-17,Debit,91770.55,Insurance Premium,IMPS,Success,Hyderabad,Branch
TXN000005494,ACC0000274,2025-05-29,Debit,20672.88,Amazon,IMPS,Success,Delhi,Branch
TXN000005495,ACC0000395,2024-02-09,Debit,130880.5,Zomato,POS,Success,Mumbai,Web
TXN000005496,ACC0001178,2025-09-30,Debit,127217.05,Amazon,ATM,Success,Jaipur,POS
TXN000005497,ACC0001121,2024-06-26,Credit,71775.99,Netflix,RTGS,Success,Lucknow,Mobile
TXN000005498,ACC0001202,2025-11-07,Debit,66561.83,Electricity Board,POS,Success,Jaipur,Mobile
TXN000005499,ACC0000785,2024-06-03,Credit,17713.21,Swiggy,Cheque,Failed,Kochi,POS
TXN000005500,ACC0001066,2025-03-20,Debit,94039.3,IRCTC,NetBanking,Success,Jaipur,POS
TXN000005501,ACC0001041,2024-05-23,Debit,113433.26,IRCTC,RTGS,Success,Hyderabad,POS
TXN000005502,ACC0000589,2024-03-11,Credit,46778.92,BigBasket,Cheque,Success,Pune,Branch
TXN000005503,ACC0001217,2025-04-14,Debit,138454.3,BigBasket,NEFT,Success,Mumbai,Branch
TXN000005504,ACC0001262,2024-11-12,Debit,96562.05,BigBasket,POS,Failed,Jaipur,Mobile
TXN000005505,ACC0000528,2025-11-11,Credit,10839.1,School Fees,RTGS,Success,Hyderabad,Web
TXN000005506,ACC0000194,2025-12-17,Debit,79022.94,Jio,Cheque,Success,Chennai,POS
TXN000005507,ACC0000213,2024-04-21,Debit,59006.6,Amazon,UPI,Failed,Bengaluru,ATM
TXN000005508,ACC0000127,2025-11-29,Debit,57140.91,Airtel,NEFT,Success,Chennai,Mobile
TXN000005509,ACC0001313,2024-02-22,Debit,43227.04,Netflix,ATM,Pending,Pune,Mobile
TXN000005510,ACC0000276,2025-05-08,Debit,25742.13,Zomato,ATM,Success,Kochi,POS
TXN000005511,ACC0001115,2025-03-18,Credit,126707.85,Ola,Cheque,Success,Chennai,POS
TXN000005512,ACC0000505,2025-09-07,Debit,47374.53,Netflix,Cheque,Success,Kochi,Branch
TXN000005513,ACC0001274,2024-08-12,Credit,144709.42,Reliance Digital,Cheque,Success,Ahmedabad,Web
TXN000005514,ACC0000458,2024-07-10,Credit,118133.88,Reliance Digital,NEFT,Success,Delhi,ATM
TXN000005515,ACC0001211,2026-02-23,Credit,111819.32,Airtel,NetBanking,Success,Ahmedabad,Web
TXN000005516,ACC0001237,2025-10-24,Debit,27287.45,Fuel Station,NetBanking,Success,Lucknow,Web
TXN000005517,ACC0000676,2024-12-31,Debit,85604.13,BigBasket,RTGS,Success,Bhopal,Branch
TXN000005518,ACC0000857,2025-03-08,Credit,74827.55,Zomato,NEFT,Success,Jaipur,Mobile
TXN000005519,ACC0000888,2025-12-25,Credit,42808.41,Uber,ATM,Success,Bengaluru,ATM
TXN000005520,ACC0000277,2025-05-13,Credit,48405.67,Jio,Cheque,Success,Delhi,POS
TXN000005521,ACC0000585,2025-11-21,Debit,128880.37,Reliance Digital,RTGS,Success,Hyderabad,POS
TXN000005522,ACC0001160,2024-01-31,Debit,64770.39,BigBasket,ATM,Pending,Lucknow,Mobile
TXN000005523,ACC0000747,2025-08-10,Debit,111033.77,Fuel Station,Cheque,Success,Delhi,POS
TXN000005524,ACC0000530,2025-09-29,Debit,41023.61,Airtel,NetBanking,Success,Mumbai,POS
TXN000005525,ACC0000931,2025-06-04,Debit,46374.57,Ola,NEFT,Success,Bengaluru,ATM
TXN000005526,ACC0000517,2024-09-09,Debit,48873.91,Airtel,IMPS,Pending,Hyderabad,Web
TXN000005527,ACC0000277,2025-12-17,Debit,60883.56,Insurance Premium,RTGS,Success,Mumbai,Branch
TXN000005528,ACC0000932,2024-10-12,Credit,76538.18,Netflix,RTGS,Success,Jaipur,Mobile
TXN000005529,ACC0000824,2026-04-10,Debit,70330.47,Uber,RTGS,Success,Ahmedabad,Branch
TXN000005530,ACC0000707,2025-12-27,Debit,24957.77,Swiggy,UPI,Success,Chennai,ATM
TXN000005531,ACC0000105,2026-05-12,Credit,129109.22,School Fees,Cheque,Pending,Bhopal,Mobile
TXN000005532,ACC0001281,2025-10-30,Credit,84414.77,Zomato,UPI,Success,Bhopal,ATM
TXN000005533,ACC0001327,2024-09-22,Credit,137976.62,Flipkart,Cheque,Success,Kochi,Web
TXN000005534,ACC0000908,2026-02-03,Credit,99054.66,School Fees,IMPS,Failed,Jaipur,Web
TXN000005535,ACC0000252,2026-02-10,Credit,85264.2,School Fees,Cheque,Failed,Pune,Branch
TXN000005536,ACC0000096,2024-09-15,Debit,115495.37,School Fees,NEFT,Pending,Jaipur,POS
TXN000005537,ACC0000311,2024-06-16,Debit,41869.37,Electricity Board,NEFT,Success,Lucknow,ATM
TXN000005538,ACC0000447,2025-04-19,Credit,68321.77,Ola,IMPS,Success,Kochi,POS
TXN000005539,ACC0001314,2025-07-11,Debit,28438.77,School Fees,Cheque,Success,Bengaluru,ATM
TXN000005540,ACC0000716,2024-01-26,Debit,12176.67,Jio,POS,Success,Bhopal,Branch
TXN000005541,ACC0001119,2025-08-08,Credit,108135.57,Airtel,RTGS,Success,Chennai,ATM
TXN000005542,ACC0000098,2024-09-26,Credit,134606.63,School Fees,Cheque,Success,Bhopal,Branch
TXN000005543,ACC0000074,2024-08-09,Debit,94777.26,IRCTC,ATM,Success,Kochi,POS
TXN000005544,ACC0001381,2026-05-12,Debit,21577.98,Electricity Board,NEFT,Success,Lucknow,Mobile
TXN000005545,ACC0000073,2026-04-29,Debit,21496.69,School Fees,NEFT,Success,Mumbai,Web
TXN000005546,ACC0000416,2025-04-13,Credit,104757.23,Airtel,RTGS,Success,Lucknow,POS
TXN000005547,ACC0000475,2024-10-15,Credit,82660.99,Netflix,ATM,Success,Chandigarh,POS
TXN000005548,ACC0000840,2024-04-06,Debit,129591.29,Reliance Digital,IMPS,Success,Bhopal,Mobile
TXN000005549,ACC0000203,2025-05-26,Debit,121389.6,Jio,ATM,Success,Chandigarh,POS
TXN000005550,ACC0000511,2025-01-23,Debit,53448.28,DMart,IMPS,Failed,Bengaluru,Web
TXN000005551,ACC0000915,2025-11-25,Credit,59892.17,Insurance Premium,Cheque,Success,Hyderabad,Mobile
TXN000005552,ACC0001091,2025-08-15,Debit,146648.11,Electricity Board,POS,Failed,Lucknow,ATM
TXN000005553,ACC0000080,2025-07-06,Debit,31877.95,BigBasket,UPI,Success,Chennai,ATM
TXN000005554,ACC0000474,2026-01-31,Credit,36703.55,Amazon,NEFT,Failed,Pune,Branch
TXN000005555,ACC0000770,2026-01-18,Credit,10956.34,BigBasket,IMPS,Success,Kochi,ATM
TXN000005556,ACC0001387,2025-08-27,Debit,15630.49,Uber,NEFT,Success,Chandigarh,POS
TXN000005557,ACC0000525,2025-10-22,Debit,143719.67,Myntra,POS,Success,Delhi,POS
TXN000005558,ACC0000679,2024-02-26,Debit,143556.19,IRCTC,UPI,Success,Hyderabad,Mobile
TXN000005559,ACC0000664,2024-04-13,Debit,96936.35,School Fees,UPI,Success,Jaipur,Mobile
TXN000005560,ACC0000320,2024-03-04,Credit,91727.33,Swiggy,ATM,Success,Pune,POS
TXN000005561,ACC0000972,2025-09-27,Debit,1852.33,Electricity Board,UPI,Success,Lucknow,Web
TXN000005562,ACC0000989,2024-04-15,Debit,77977.96,Myntra,POS,Success,Pune,ATM
TXN000005563,ACC0000398,2024-12-20,Credit,37628.01,Ola,UPI,Success,Hyderabad,ATM
TXN000005564,ACC0000002,2024-04-12,Credit,63337.21,Netflix,ATM,Success,Ahmedabad,POS
TXN000005565,ACC0000747,2025-12-21,Debit,14513.75,Insurance Premium,IMPS,Success,Ahmedabad,ATM
TXN000005566,ACC0000267,2024-08-20,Debit,86768.61,Ola,NetBanking,Success,Kochi,Branch
TXN000005567,ACC0000558,2024-07-13,Credit,98668.14,Zomato,Cheque,Success,Mumbai,ATM
TXN000005568,ACC0000808,2025-12-22,Debit,94557.79,Jio,Cheque,Success,Chennai,Mobile
TXN000005569,ACC0000027,2026-01-01,Credit,77887.61,Ola,Cheque,Success,Chandigarh,ATM
TXN000005570,ACC0000790,2025-01-09,Debit,123373.98,Reliance Digital,POS,Success,Mumbai,ATM
TXN000005571,ACC0000180,2026-05-15,Credit,135407.97,Flipkart,ATM,Success,Jaipur,Branch
TXN000005572,ACC0000317,2024-12-21,Debit,115041.37,Jio,IMPS,Success,Chennai,ATM
TXN000005573,ACC0000256,2025-10-14,Debit,28166.19,Electricity Board,NEFT,Success,Chennai,Web
TXN000005574,ACC0000935,2026-01-04,Credit,135363.5,Netflix,IMPS,Success,Ahmedabad,ATM
TXN000005575,ACC0000074,2025-04-10,Debit,3972.31,Netflix,UPI,Success,Ahmedabad,ATM
TXN000005576,ACC0000689,2024-06-13,Debit,142570.1,BigBasket,Cheque,Success,Jaipur,ATM
TXN000005577,ACC0001012,2025-05-27,Debit,45678.81,BigBasket,RTGS,Success,Chandigarh,Mobile
TXN000005578,ACC0000817,2026-03-15,Credit,100361.15,Myntra,ATM,Success,Jaipur,Web
TXN000005579,ACC0000434,2025-08-23,Debit,82090.02,Swiggy,RTGS,Success,Ahmedabad,ATM
TXN000005580,ACC0000746,2025-07-17,Debit,69832.27,Insurance Premium,NEFT,Success,Kochi,Branch
TXN000005581,ACC0001381,2025-04-20,Credit,45675.55,Jio,IMPS,Success,Chandigarh,Web
TXN000005582,ACC0001044,2026-02-19,Credit,58984.51,Insurance Premium,UPI,Success,Ahmedabad,Branch
TXN000005583,ACC0000834,2025-11-25,Credit,63903.81,Insurance Premium,NEFT,Success,Jaipur,Branch
TXN000005584,ACC0000149,2025-03-06,Debit,39453.83,Flipkart,ATM,Failed,Chandigarh,POS
TXN000005585,ACC0001186,2024-08-15,Credit,87924.11,Myntra,RTGS,Success,Bengaluru,POS
TXN000005586,ACC0000061,2025-09-13,Debit,99245.15,Fuel Station,UPI,Success,Delhi,Web
TXN000005587,ACC0000609,2024-02-13,Debit,112140.67,Myntra,Cheque,Failed,Kochi,ATM
TXN000005588,ACC0000794,2025-03-17,Debit,10173.66,Airtel,RTGS,Success,Jaipur,ATM
TXN000005589,ACC0000052,2026-01-08,Credit,93624.55,IRCTC,Cheque,Success,Ahmedabad,Mobile
TXN000005590,ACC0000609,2025-09-23,Credit,81700.25,Fuel Station,POS,Success,Pune,Web
TXN000005591,ACC0000029,2024-08-05,Debit,93784.38,Jio,UPI,Failed,Chennai,ATM
TXN000005592,ACC0001004,2024-03-25,Debit,52600.13,School Fees,IMPS,Success,Mumbai,Web
TXN000005593,ACC0000327,2026-01-09,Debit,25501.1,Electricity Board,NEFT,Success,Mumbai,Branch
TXN000005594,ACC0000400,2025-04-04,Debit,51680.57,Jio,NetBanking,Success,Bhopal,Web
TXN000005595,ACC0001167,2024-03-28,Debit,2721.88,Zomato,Cheque,Success,Kochi,Branch
TXN000005596,ACC0001067,2025-01-12,Debit,73331.84,Ola,Cheque,Success,Bengaluru,ATM
TXN000005597,ACC0001373,2025-08-28,Debit,7874.3,Zomato,ATM,Success,Lucknow,Branch
TXN000005598,ACC0001254,2025-10-07,Credit,125246.2,Jio,RTGS,Success,Delhi,Mobile
TXN000005599,ACC0001231,2025-04-19,Credit,17786.61,Amazon,Cheque,Failed,Jaipur,Branch
TXN000005600,ACC0000109,2025-04-23,Debit,145643.73,Flipkart,RTGS,Success,Lucknow,ATM
TXN000005601,ACC0000140,2024-06-05,Credit,24502.13,School Fees,NEFT,Success,Chennai,Branch
TXN000005602,ACC0000493,2024-09-22,Debit,106449.62,Netflix,POS,Success,Chandigarh,ATM
TXN000005603,ACC0000274,2025-03-24,Credit,95952.1,Airtel,RTGS,Success,Chandigarh,POS
TXN000005604,ACC0000917,2026-01-31,Debit,87416.57,Zomato,UPI,Success,Kochi,Web
TXN000005605,ACC0001254,2025-09-17,Credit,144753.42,IRCTC,POS,Success,Bhopal,POS
TXN000005606,ACC0000781,2024-11-25,Debit,145700.4,Amazon,NetBanking,Success,Delhi,Mobile
TXN000005607,ACC0000824,2025-02-12,Credit,78937.35,Airtel,NEFT,Success,Mumbai,Web
TXN000005608,ACC0000664,2026-03-31,Credit,82896.8,School Fees,UPI,Success,Chandigarh,Mobile
TXN000005609,ACC0000852,2025-03-09,Credit,4509.15,Insurance Premium,Cheque,Success,Bengaluru,Mobile
TXN000005610,ACC0000385,2025-07-04,Debit,2706.22,Uber,RTGS,Success,Mumbai,ATM
TXN000005611,ACC0000504,2024-08-27,Debit,90412.03,Insurance Premium,IMPS,Success,Hyderabad,ATM
TXN000005612,ACC0001199,2025-09-09,Debit,17153.65,Insurance Premium,Cheque,Success,Delhi,POS
TXN000005613,ACC0000204,2024-01-07,Debit,29730.64,Swiggy,NetBanking,Success,Jaipur,POS
TXN000005614,ACC0000086,2024-07-07,Credit,123800.2,Swiggy,POS,Success,Lucknow,Mobile
TXN000005615,ACC0000042,2025-04-05,Debit,49583.6,BigBasket,Cheque,Failed,Bengaluru,Mobile
TXN000005616,ACC0000108,2024-12-01,Debit,52735.01,Airtel,UPI,Success,Delhi,POS
TXN000005617,ACC0000924,2024-02-28,Debit,86859.03,Netflix,IMPS,Success,Chennai,Web
TXN000005618,ACC0000461,2024-09-28,Credit,51958.28,Reliance Digital,RTGS,Success,Bengaluru,Web
TXN000005619,ACC0000357,2024-06-26,Debit,12610.44,Ola,RTGS,Success,Bengaluru,Branch
TXN000005620,ACC0001056,2024-09-09,Debit,136995.69,Amazon,RTGS,Success,Delhi,Web
TXN000005621,ACC0000277,2025-03-08,Credit,73724.29,Amazon,ATM,Success,Chandigarh,ATM
TXN000005622,ACC0001342,2025-11-01,Credit,74499.69,DMart,UPI,Success,Bhopal,POS
TXN000005623,ACC0000209,2026-01-29,Credit,4648.37,Fuel Station,UPI,Success,Kochi,ATM
TXN000005624,ACC0000859,2024-11-08,Debit,72099.37,Netflix,RTGS,Reversed,Hyderabad,Branch
TXN000005625,ACC0001307,2024-12-25,Debit,109382.44,Fuel Station,ATM,Success,Mumbai,Mobile
TXN000005626,ACC0001391,2025-11-30,Credit,113988.99,Flipkart,RTGS,Success,Jaipur,Mobile
TXN000005627,ACC0000420,2024-11-30,Credit,72146.78,Amazon,NetBanking,Success,Mumbai,Web
TXN000005628,ACC0000499,2024-04-09,Debit,139405.42,Swiggy,NetBanking,Success,Bhopal,ATM
TXN000005629,ACC0001140,2024-12-28,Debit,125921.59,Fuel Station,RTGS,Success,Bengaluru,Branch
TXN000005630,ACC0000494,2025-10-27,Credit,40145.04,Zomato,NetBanking,Success,Mumbai,Web
TXN000005631,ACC0000903,2024-05-11,Debit,28023.0,Jio,IMPS,Pending,Lucknow,Web
TXN000005632,ACC0001304,2024-07-07,Debit,3956.53,Ola,UPI,Success,Bhopal,ATM
TXN000005633,ACC0000677,2024-01-04,Credit,134316.45,IRCTC,RTGS,Success,Bhopal,Branch
TXN000005634,ACC0000024,2025-02-26,Debit,118590.32,Airtel,NetBanking,Success,Kochi,POS
TXN000005635,ACC0000734,2026-01-28,Debit,41230.3,Airtel,NEFT,Success,Lucknow,Mobile
TXN000005636,ACC0000432,2024-06-13,Debit,5704.27,Zomato,ATM,Success,Bhopal,Web
TXN000005637,ACC0000220,2024-07-27,Credit,43894.57,Reliance Digital,IMPS,Success,Hyderabad,Web
TXN000005638,ACC0000077,2024-10-23,Debit,96995.2,IRCTC,POS,Success,Hyderabad,Mobile
TXN000005639,ACC0000265,2025-08-18,Debit,102393.98,Netflix,Cheque,Success,Mumbai,Web
TXN000005640,ACC0000049,2024-02-21,Debit,53364.55,Amazon,IMPS,Success,Jaipur,POS
TXN000005641,ACC0000434,2024-01-08,Credit,148127.64,Myntra,IMPS,Success,Chandigarh,Mobile
TXN000005642,ACC0000545,2024-11-04,Credit,72005.22,DMart,Cheque,Success,Mumbai,Branch
TXN000005643,ACC0000467,2024-05-15,Debit,92397.71,Insurance Premium,NetBanking,Success,Mumbai,POS
TXN000005644,ACC0001004,2026-03-02,Credit,34440.39,IRCTC,POS,Success,Chandigarh,Web
TXN000005645,ACC0001244,2026-02-27,Debit,57892.53,Uber,NEFT,Success,Ahmedabad,Mobile
TXN000005646,ACC0000562,2025-05-25,Credit,1228.29,Airtel,NetBanking,Success,Chennai,Mobile
TXN000005647,ACC0000634,2024-01-30,Credit,125409.69,Swiggy,RTGS,Success,Kochi,ATM
TXN000005648,ACC0001149,2025-01-11,Credit,145085.96,DMart,RTGS,Success,Lucknow,Mobile
TXN000005649,ACC0001054,2026-02-09,Debit,38375.97,IRCTC,ATM,Success,Kochi,POS
TXN000005650,ACC0001038,2025-05-28,Credit,100984.4,Amazon,IMPS,Success,Pune,Web
TXN000005651,ACC0000142,2026-04-24,Credit,7708.91,Ola,NEFT,Success,Kochi,Branch
TXN000005652,ACC0000191,2025-08-04,Debit,55215.12,Jio,ATM,Success,Lucknow,Mobile
TXN000005653,ACC0000386,2024-05-03,Debit,20357.28,Electricity Board,Cheque,Success,Ahmedabad,Branch
TXN000005654,ACC0000084,2025-07-17,Debit,82232.23,School Fees,ATM,Success,Hyderabad,Branch
TXN000005655,ACC0001266,2026-03-30,Credit,20323.12,BigBasket,NetBanking,Success,Bhopal,Mobile
TXN000005656,ACC0000872,2025-10-04,Debit,34162.82,Jio,RTGS,Success,Jaipur,Web
TXN000005657,ACC0000293,2026-02-28,Credit,43107.48,IRCTC,NetBanking,Success,Jaipur,Mobile
TXN000005658,ACC0000748,2024-05-11,Debit,98537.56,DMart,POS,Success,Delhi,ATM
TXN000005659,ACC0000271,2025-07-16,Debit,142668.05,Ola,Cheque,Failed,Chandigarh,Web
TXN000005660,ACC0000957,2025-09-05,Credit,53026.85,Uber,ATM,Success,Lucknow,Web
TXN000005661,ACC0000646,2025-12-24,Credit,8455.78,Electricity Board,ATM,Pending,Lucknow,Mobile
TXN000005662,ACC0000865,2024-01-05,Debit,73420.35,BigBasket,IMPS,Success,Bengaluru,POS
TXN000005663,ACC0000933,2026-01-13,Debit,8238.05,Fuel Station,NEFT,Success,Jaipur,Branch
TXN000005664,ACC0001042,2026-03-06,Credit,114599.62,Reliance Digital,IMPS,Pending,Chandigarh,POS
TXN000005665,ACC0000813,2025-06-06,Debit,120972.29,Amazon,UPI,Success,Kochi,Mobile
TXN000005666,ACC0000583,2025-09-10,Debit,81181.2,Ola,NetBanking,Success,Pune,Branch
TXN000005667,ACC0000151,2026-01-03,Debit,27084.84,IRCTC,IMPS,Success,Mumbai,ATM
TXN000005668,ACC0001271,2024-07-04,Credit,117996.27,Swiggy,Cheque,Success,Bhopal,POS
TXN000005669,ACC0000641,2025-07-25,Debit,103149.03,Myntra,NetBanking,Success,Bengaluru,Web
TXN000005670,ACC0001351,2025-03-16,Debit,72475.82,Fuel Station,NetBanking,Success,Ahmedabad,Branch
TXN000005671,ACC0001140,2025-04-28,Credit,67511.26,Electricity Board,POS,Success,Bhopal,ATM
TXN000005672,ACC0000226,2026-02-27,Debit,136278.97,Electricity Board,Cheque,Success,Chennai,POS
TXN000005673,ACC0000233,2025-03-19,Debit,66575.47,Reliance Digital,RTGS,Success,Kochi,ATM
TXN000005674,ACC0000536,2025-02-25,Debit,22955.98,Fuel Station,RTGS,Success,Jaipur,POS
TXN000005675,ACC0000225,2025-11-04,Credit,9890.93,DMart,NetBanking,Success,Lucknow,ATM
TXN000005676,ACC0000274,2026-04-24,Credit,146288.19,IRCTC,IMPS,Pending,Bhopal,Mobile
TXN000005677,ACC0000987,2024-11-25,Credit,149247.08,Myntra,IMPS,Success,Chennai,Mobile
TXN000005678,ACC0001313,2024-10-13,Credit,117126.29,Netflix,NEFT,Success,Hyderabad,Mobile
TXN000005679,ACC0000585,2024-06-22,Debit,12638.36,BigBasket,POS,Success,Pune,Branch
TXN000005680,ACC0000701,2024-04-30,Debit,102790.17,Uber,RTGS,Success,Kochi,Web
TXN000005681,ACC0000708,2026-01-14,Credit,79105.07,Jio,IMPS,Pending,Pune,Mobile
TXN000005682,ACC0000123,2024-03-17,Credit,103996.4,Airtel,ATM,Success,Ahmedabad,Web
TXN000005683,ACC0001113,2024-06-04,Credit,87000.0,Electricity Board,RTGS,Success,Bengaluru,ATM
TXN000005684,ACC0000125,2025-10-24,Credit,66938.98,BigBasket,ATM,Success,Lucknow,ATM
TXN000005685,ACC0000597,2025-09-19,Credit,59379.23,Swiggy,Cheque,Failed,Chandigarh,Mobile
TXN000005686,ACC0000481,2024-06-26,Debit,19796.84,IRCTC,RTGS,Success,Lucknow,ATM
TXN000005687,ACC0001203,2024-06-04,Debit,147080.07,BigBasket,NEFT,Success,Mumbai,Branch
TXN000005688,ACC0000334,2025-02-06,Credit,128965.53,Amazon,UPI,Success,Lucknow,Mobile
TXN000005689,ACC0000986,2025-11-19,Credit,5750.06,School Fees,ATM,Failed,Bengaluru,ATM
TXN000005690,ACC0000071,2024-07-20,Debit,86268.31,BigBasket,POS,Success,Delhi,POS
TXN000005691,ACC0001266,2025-06-19,Debit,18446.83,Myntra,IMPS,Success,Chandigarh,ATM
TXN000005692,ACC0000186,2025-07-22,Credit,36151.23,School Fees,NetBanking,Success,Chandigarh,ATM
TXN000005693,ACC0001302,2024-10-18,Debit,97100.99,Netflix,NetBanking,Success,Mumbai,ATM
TXN000005694,ACC0000328,2026-04-17,Debit,34206.81,Insurance Premium,ATM,Success,Kochi,Mobile
TXN000005695,ACC0001083,2024-03-19,Debit,144454.54,BigBasket,RTGS,Failed,Jaipur,Web
TXN000005696,ACC0000719,2024-04-30,Debit,28708.23,DMart,RTGS,Pending,Delhi,Web
TXN000005697,ACC0001002,2026-03-20,Debit,65546.74,Ola,POS,Success,Kochi,Web
TXN000005698,ACC0001170,2024-01-21,Debit,85036.11,Uber,Cheque,Success,Delhi,Mobile
TXN000005699,ACC0000490,2026-04-28,Credit,31497.59,Insurance Premium,NEFT,Success,Kochi,Branch
TXN000005700,ACC0000004,2025-03-25,Credit,69450.43,Flipkart,NetBanking,Success,Mumbai,POS
TXN000005701,ACC0000430,2024-11-23,Debit,105309.54,Insurance Premium,Cheque,Success,Bhopal,Mobile
TXN000005702,ACC0000596,2026-01-28,Debit,57512.19,Zomato,NetBanking,Success,Pune,Branch
TXN000005703,ACC0000317,2025-05-15,Debit,32271.42,Uber,UPI,Success,Kochi,Branch
TXN000005704,ACC0000219,2024-10-24,Debit,39867.01,BigBasket,RTGS,Reversed,Kochi,POS
TXN000005705,ACC0000266,2026-01-06,Credit,97337.47,DMart,POS,Success,Jaipur,Web
TXN000005706,ACC0000942,2024-03-01,Credit,80325.98,Jio,NEFT,Success,Ahmedabad,POS
TXN000005707,ACC0001050,2026-02-17,Debit,42401.2,Reliance Digital,NEFT,Failed,Mumbai,ATM
TXN000005708,ACC0000442,2025-09-02,Credit,47298.99,Airtel,UPI,Success,Jaipur,Mobile
TXN000005709,ACC0000523,2025-03-15,Credit,39463.61,Electricity Board,Cheque,Success,Chandigarh,ATM
TXN000005710,ACC0001221,2024-09-04,Credit,140953.95,DMart,IMPS,Success,Mumbai,POS
TXN000005711,ACC0000373,2024-04-29,Credit,93196.26,Uber,IMPS,Success,Jaipur,POS
TXN000005712,ACC0000715,2025-06-07,Debit,86116.0,Uber,Cheque,Success,Ahmedabad,POS
TXN000005713,ACC0001314,2024-09-20,Credit,57776.02,Jio,UPI,Success,Jaipur,Mobile
TXN000005714,ACC0000029,2024-08-27,Debit,5375.26,Electricity Board,IMPS,Failed,Bengaluru,Web
TXN000005715,ACC0001132,2024-09-02,Debit,24913.58,Airtel,RTGS,Success,Pune,ATM
TXN000005716,ACC0000279,2025-09-18,Debit,5618.56,Zomato,POS,Success,Delhi,POS
TXN000005717,ACC0001290,2024-02-17,Debit,66669.97,Myntra,NetBanking,Success,Lucknow,ATM
TXN000005718,ACC0000832,2025-04-21,Debit,109161.66,School Fees,Cheque,Success,Mumbai,POS
TXN000005719,ACC0001284,2024-08-03,Credit,142874.22,Insurance Premium,IMPS,Success,Mumbai,ATM
TXN000005720,ACC0000871,2025-03-13,Credit,92605.98,Electricity Board,NetBanking,Success,Chennai,POS
TXN000005721,ACC0001201,2025-02-14,Debit,146109.12,Fuel Station,UPI,Success,Delhi,POS
TXN000005722,ACC0001013,2024-08-10,Debit,1282.75,Electricity Board,NEFT,Success,Chennai,Mobile
TXN000005723,ACC0000528,2024-01-03,Credit,83773.23,BigBasket,POS,Success,Delhi,Branch
TXN000005724,ACC0000013,2025-06-29,Credit,54091.83,Reliance Digital,POS,Success,Chennai,POS
TXN000005725,ACC0000658,2026-03-15,Debit,83233.55,IRCTC,POS,Success,Delhi,Branch
TXN000005726,ACC0000130,2025-06-17,Debit,66251.39,Ola,RTGS,Failed,Lucknow,ATM
TXN000005727,ACC0000058,2024-07-21,Credit,78280.53,IRCTC,POS,Success,Ahmedabad,POS
TXN000005728,ACC0000241,2024-12-29,Debit,57690.95,DMart,POS,Success,Chandigarh,ATM
TXN000005729,ACC0001215,2024-02-22,Credit,103105.27,Uber,IMPS,Success,Ahmedabad,Mobile
TXN000005730,ACC0000529,2025-12-28,Debit,102123.36,Amazon,NEFT,Success,Hyderabad,POS
TXN000005731,ACC0000641,2025-06-05,Debit,84033.46,BigBasket,ATM,Success,Bengaluru,Branch
TXN000005732,ACC0000630,2025-12-29,Debit,54340.9,Ola,RTGS,Success,Bengaluru,Branch
TXN000005733,ACC0001211,2024-06-08,Credit,11365.51,School Fees,NetBanking,Success,Pune,Web
TXN000005734,ACC0001197,2026-01-25,Debit,33358.15,Electricity Board,IMPS,Success,Mumbai,ATM
TXN000005735,ACC0000316,2024-12-20,Debit,82905.1,Zomato,NEFT,Success,Mumbai,ATM
TXN000005736,ACC0000459,2024-07-26,Credit,4918.93,IRCTC,POS,Success,Lucknow,Mobile
TXN000005737,ACC0001324,2024-03-27,Debit,43091.4,Uber,IMPS,Success,Hyderabad,Mobile
TXN000005738,ACC0000376,2025-05-31,Debit,92189.84,Electricity Board,POS,Failed,Pune,ATM
TXN000005739,ACC0000428,2025-05-15,Debit,33058.26,Uber,IMPS,Success,Jaipur,Mobile
TXN000005740,ACC0001114,2025-11-10,Credit,6713.97,Jio,IMPS,Success,Pune,POS
TXN000005741,ACC0001253,2026-02-22,Credit,113868.63,DMart,POS,Success,Ahmedabad,Branch
TXN000005742,ACC0001220,2026-05-10,Debit,61116.85,Swiggy,Cheque,Pending,Mumbai,ATM
TXN000005743,ACC0000127,2025-09-25,Credit,105355.71,School Fees,RTGS,Success,Jaipur,Web
TXN000005744,ACC0000099,2024-07-06,Credit,134157.25,Insurance Premium,Cheque,Pending,Lucknow,Branch
TXN000005745,ACC0001111,2025-06-28,Debit,13998.88,Ola,ATM,Success,Kochi,POS
TXN000005746,ACC0000035,2025-07-09,Credit,86188.72,Ola,ATM,Success,Mumbai,Mobile
TXN000005747,ACC0000344,2025-06-12,Credit,48259.33,Fuel Station,IMPS,Success,Lucknow,Web
TXN000005748,ACC0000225,2024-06-09,Debit,3382.51,Amazon,RTGS,Success,Hyderabad,Branch
TXN000005749,ACC0000618,2025-10-17,Credit,117266.0,DMart,RTGS,Success,Chennai,Mobile
TXN000005750,ACC0000197,2026-05-07,Credit,145856.52,Fuel Station,POS,Success,Bhopal,ATM
TXN000005751,ACC0000065,2024-07-21,Debit,108075.6,Insurance Premium,NEFT,Success,Jaipur,Branch
TXN000005752,ACC0001036,2024-05-13,Debit,10688.74,BigBasket,ATM,Success,Chennai,POS
TXN000005753,ACC0000216,2024-07-29,Debit,114919.76,IRCTC,IMPS,Success,Mumbai,ATM
TXN000005754,ACC0000138,2024-01-31,Credit,102679.19,BigBasket,NEFT,Success,Ahmedabad,POS
TXN000005755,ACC0000906,2024-11-02,Debit,3180.12,Fuel Station,UPI,Success,Jaipur,Web
TXN000005756,ACC0000288,2024-02-15,Credit,125832.51,BigBasket,Cheque,Success,Pune,POS
TXN000005757,ACC0000160,2025-07-13,Debit,42316.78,Flipkart,IMPS,Success,Ahmedabad,Web
TXN000005758,ACC0000838,2025-10-18,Debit,105115.28,Uber,Cheque,Success,Bhopal,Mobile
TXN000005759,ACC0000860,2025-05-19,Debit,109115.37,Jio,POS,Success,Hyderabad,POS
TXN000005760,ACC0001142,2024-04-07,Credit,10636.2,IRCTC,POS,Success,Bengaluru,Web
TXN000005761,ACC0000176,2025-04-04,Debit,89687.99,Amazon,NEFT,Success,Bengaluru,Branch
TXN000005762,ACC0000522,2025-09-14,Credit,10624.51,Myntra,NEFT,Success,Mumbai,Web
TXN000005763,ACC0000536,2024-10-15,Credit,81205.13,Insurance Premium,POS,Success,Pune,Mobile
TXN000005764,ACC0000285,2025-10-13,Debit,93833.63,Ola,RTGS,Success,Ahmedabad,Mobile
TXN000005765,ACC0001153,2024-12-26,Credit,111072.54,Uber,POS,Success,Kochi,Mobile
TXN000005766,ACC0000841,2024-11-19,Credit,86734.36,Zomato,Cheque,Success,Kochi,ATM
TXN000005767,ACC0000122,2026-05-11,Debit,53102.89,Reliance Digital,RTGS,Success,Chandigarh,Web
TXN000005768,ACC0000045,2026-02-27,Credit,121701.63,School Fees,IMPS,Success,Mumbai,Branch
TXN000005769,ACC0000440,2024-10-16,Debit,146507.96,Netflix,IMPS,Success,Hyderabad,Branch
TXN000005770,ACC0001174,2026-04-18,Debit,47553.38,Fuel Station,POS,Success,Hyderabad,Web
TXN000005771,ACC0000773,2024-08-02,Credit,146464.19,School Fees,IMPS,Success,Kochi,ATM
TXN000005772,ACC0000355,2026-02-13,Credit,47966.42,Flipkart,IMPS,Success,Pune,Mobile
TXN000005773,ACC0000497,2025-10-06,Credit,84597.98,Jio,IMPS,Success,Bengaluru,ATM
TXN000005774,ACC0000596,2025-05-18,Debit,74755.77,Amazon,Cheque,Success,Chennai,Branch
TXN000005775,ACC0000774,2024-12-04,Credit,53427.28,Zomato,Cheque,Failed,Bengaluru,Mobile
TXN000005776,ACC0000818,2024-12-31,Debit,15498.18,Insurance Premium,POS,Success,Chennai,Mobile
TXN000005777,ACC0001358,2024-11-26,Debit,2338.52,Uber,UPI,Success,Chennai,ATM
TXN000005778,ACC0001078,2024-05-30,Debit,22016.89,Ola,UPI,Success,Kochi,POS
TXN000005779,ACC0000793,2025-11-06,Debit,60506.41,Swiggy,Cheque,Success,Mumbai,ATM
TXN000005780,ACC0000552,2025-09-13,Debit,114253.08,Amazon,UPI,Success,Kochi,Mobile
TXN000005781,ACC0000314,2024-04-27,Debit,137027.02,Airtel,POS,Success,Lucknow,ATM
TXN000005782,ACC0000650,2025-02-24,Credit,147613.33,Reliance Digital,POS,Success,Bengaluru,Branch
TXN000005783,ACC0000574,2024-01-30,Credit,117132.26,Fuel Station,NetBanking,Reversed,Chennai,ATM
TXN000005784,ACC0001082,2024-04-09,Debit,76841.01,Netflix,POS,Success,Ahmedabad,POS
TXN000005785,ACC0001198,2025-11-28,Debit,141628.46,Swiggy,ATM,Success,Bhopal,POS
TXN000005786,ACC0000044,2024-06-11,Debit,44400.84,Swiggy,IMPS,Success,Hyderabad,ATM
TXN000005787,ACC0000438,2024-04-18,Debit,1874.56,Ola,POS,Success,Hyderabad,Web
TXN000005788,ACC0000501,2026-02-15,Credit,93517.72,Ola,IMPS,Success,Mumbai,Branch
TXN000005789,ACC0000206,2025-08-09,Debit,31867.15,Netflix,RTGS,Success,Hyderabad,Mobile
TXN000005790,ACC0000991,2025-02-24,Credit,76616.02,Myntra,UPI,Success,Hyderabad,Branch
TXN000005791,ACC0000226,2025-10-31,Debit,89624.26,Reliance Digital,RTGS,Failed,Delhi,Web
TXN000005792,ACC0001166,2024-02-06,Credit,57231.71,Airtel,Cheque,Success,Mumbai,ATM
TXN000005793,ACC0000413,2025-11-19,Credit,54214.18,Myntra,Cheque,Success,Jaipur,Web
TXN000005794,ACC0000488,2025-06-28,Debit,64144.72,Zomato,NetBanking,Success,Mumbai,Mobile
TXN000005795,ACC0000772,2024-07-12,Debit,75605.32,Flipkart,RTGS,Success,Ahmedabad,Branch
TXN000005796,ACC0000323,2024-10-16,Credit,101221.98,Amazon,POS,Success,Lucknow,Branch
TXN000005797,ACC0000763,2025-11-09,Credit,125820.49,Jio,RTGS,Reversed,Bengaluru,Web
TXN000005798,ACC0001248,2026-04-08,Debit,10884.09,School Fees,NEFT,Success,Chandigarh,Mobile
TXN000005799,ACC0001247,2025-07-31,Debit,121310.35,BigBasket,Cheque,Success,Mumbai,Mobile
TXN000005800,ACC0001179,2026-05-07,Debit,78927.73,Insurance Premium,Cheque,Success,Delhi,ATM
TXN000005801,ACC0001210,2024-12-03,Credit,74475.58,School Fees,Cheque,Success,Jaipur,Mobile
TXN000005802,ACC0000317,2026-01-01,Credit,67599.64,Ola,ATM,Success,Pune,ATM
TXN000005803,ACC0000738,2026-05-14,Debit,32189.76,Insurance Premium,POS,Reversed,Ahmedabad,POS
TXN000005804,ACC0000377,2024-08-08,Credit,79962.41,Zomato,NEFT,Success,Mumbai,Mobile
TXN000005805,ACC0000371,2025-05-29,Debit,54942.03,Uber,ATM,Success,Hyderabad,Branch
TXN000005806,ACC0000341,2025-04-02,Credit,5283.93,Swiggy,ATM,Success,Ahmedabad,Mobile
TXN000005807,ACC0000405,2026-01-12,Credit,39741.16,Airtel,IMPS,Success,Mumbai,Branch
TXN000005808,ACC0000729,2026-03-24,Debit,48179.21,Reliance Digital,NEFT,Success,Ahmedabad,Mobile
TXN000005809,ACC0000488,2024-11-22,Debit,26514.55,Swiggy,IMPS,Success,Chennai,ATM
TXN000005810,ACC0000380,2026-02-28,Debit,19752.43,DMart,RTGS,Success,Chandigarh,Mobile
TXN000005811,ACC0001227,2026-04-26,Credit,10464.14,BigBasket,IMPS,Success,Bengaluru,ATM
TXN000005812,ACC0000888,2026-03-08,Credit,82973.14,Zomato,POS,Success,Delhi,POS
TXN000005813,ACC0000971,2024-06-10,Debit,139465.5,DMart,NEFT,Success,Kochi,Web
TXN000005814,ACC0000180,2024-06-24,Debit,113486.6,Insurance Premium,POS,Success,Hyderabad,Branch
TXN000005815,ACC0000059,2026-01-16,Debit,128136.25,School Fees,NEFT,Success,Kochi,Branch
TXN000005816,ACC0000632,2025-10-15,Credit,60316.81,Fuel Station,ATM,Success,Bhopal,Mobile
TXN000005817,ACC0001150,2026-01-12,Debit,17439.28,School Fees,POS,Success,Lucknow,ATM
TXN000005818,ACC0000596,2024-09-16,Credit,138677.32,Jio,POS,Success,Bengaluru,ATM
TXN000005819,ACC0000135,2026-02-25,Debit,139326.25,Airtel,NetBanking,Success,Bengaluru,ATM
TXN000005820,ACC0000581,2026-04-29,Credit,91826.17,Flipkart,RTGS,Success,Delhi,ATM
TXN000005821,ACC0000249,2024-04-20,Credit,76806.77,Swiggy,NEFT,Success,Chennai,Mobile
TXN000005822,ACC0000594,2025-11-02,Debit,74488.71,Insurance Premium,RTGS,Success,Kochi,Mobile
TXN000005823,ACC0000766,2025-04-19,Credit,108843.2,Amazon,IMPS,Success,Hyderabad,POS
TXN000005824,ACC0000990,2024-03-22,Debit,8473.46,Myntra,RTGS,Pending,Jaipur,Web
TXN000005825,ACC0001186,2024-02-23,Credit,141799.43,Fuel Station,Cheque,Success,Jaipur,ATM
TXN000005826,ACC0000890,2024-09-19,Debit,112124.42,BigBasket,NetBanking,Success,Mumbai,ATM
TXN000005827,ACC0000546,2025-11-27,Debit,131090.6,Electricity Board,ATM,Success,Chennai,Branch
TXN000005828,ACC0001364,2024-10-06,Credit,51218.88,Electricity Board,NetBanking,Success,Pune,Web
TXN000005829,ACC0001029,2026-02-04,Debit,148338.81,Ola,POS,Success,Jaipur,Branch
TXN000005830,ACC0000364,2025-03-31,Debit,62358.74,DMart,NEFT,Success,Bengaluru,Branch
TXN000005831,ACC0000553,2025-07-06,Credit,69952.57,Reliance Digital,IMPS,Success,Bengaluru,ATM
TXN000005832,ACC0001104,2025-06-13,Debit,82941.65,Airtel,UPI,Success,Jaipur,Web
TXN000005833,ACC0000611,2025-11-22,Credit,144103.29,Netflix,NetBanking,Success,Ahmedabad,ATM
TXN000005834,ACC0000993,2025-10-30,Credit,43375.69,Jio,IMPS,Success,Bhopal,Web
TXN000005835,ACC0000620,2024-07-29,Credit,45620.33,Airtel,IMPS,Success,Kochi,ATM
TXN000005836,ACC0000024,2024-12-23,Debit,49818.78,BigBasket,RTGS,Success,Lucknow,Web
TXN000005837,ACC0000671,2024-04-30,Debit,130790.24,Electricity Board,IMPS,Success,Chandigarh,Branch
TXN000005838,ACC0000022,2026-01-14,Debit,41023.41,Electricity Board,Cheque,Success,Jaipur,Mobile
TXN000005839,ACC0000711,2024-04-29,Debit,46773.38,IRCTC,NEFT,Success,Jaipur,Web
TXN000005840,ACC0000968,2024-09-03,Credit,94612.41,IRCTC,UPI,Success,Delhi,Mobile
TXN000005841,ACC0001322,2025-03-21,Debit,118334.89,School Fees,POS,Failed,Ahmedabad,ATM
TXN000005842,ACC0000581,2024-01-11,Debit,116859.45,IRCTC,RTGS,Success,Pune,Web
TXN000005843,ACC0000492,2024-09-16,Credit,77512.22,Airtel,NetBanking,Success,Kochi,Web
TXN000005844,ACC0001364,2024-03-04,Debit,46237.18,Fuel Station,ATM,Success,Delhi,ATM
TXN000005845,ACC0001251,2024-11-30,Debit,18627.12,Netflix,NetBanking,Success,Ahmedabad,ATM
TXN000005846,ACC0000106,2025-10-23,Debit,46661.17,Netflix,NEFT,Success,Mumbai,Branch
TXN000005847,ACC0000379,2025-07-23,Credit,20609.64,Uber,NetBanking,Success,Ahmedabad,POS
TXN000005848,ACC0000429,2024-12-12,Credit,118824.36,Insurance Premium,NEFT,Success,Jaipur,POS
TXN000005849,ACC0000738,2024-10-04,Credit,123606.07,Uber,UPI,Success,Chennai,ATM
TXN000005850,ACC0000952,2025-04-08,Debit,70356.18,Zomato,UPI,Success,Bengaluru,ATM
TXN000005851,ACC0000937,2024-01-01,Debit,11079.04,Amazon,ATM,Success,Chennai,Mobile
TXN000005852,ACC0001081,2025-04-30,Debit,81300.17,DMart,NetBanking,Success,Kochi,Branch
TXN000005853,ACC0000922,2025-01-07,Debit,22370.18,IRCTC,NEFT,Success,Bengaluru,Mobile
TXN000005854,ACC0000192,2025-06-21,Credit,77621.42,IRCTC,POS,Success,Kochi,Branch
TXN000005855,ACC0000274,2024-03-24,Credit,141244.0,Zomato,NEFT,Pending,Bhopal,Branch
TXN000005856,ACC0001181,2024-09-08,Debit,118002.52,Reliance Digital,RTGS,Success,Bhopal,ATM
TXN000005857,ACC0001166,2025-03-24,Debit,37894.83,Myntra,UPI,Success,Lucknow,Mobile
TXN000005858,ACC0000769,2026-03-28,Debit,7823.58,Netflix,RTGS,Failed,Lucknow,Mobile
TXN000005859,ACC0000253,2024-08-20,Debit,35470.14,Electricity Board,NetBanking,Success,Delhi,Branch
TXN000005860,ACC0001312,2025-02-21,Debit,139747.05,Uber,NetBanking,Success,Jaipur,POS
TXN000005861,ACC0000114,2024-07-03,Credit,107724.21,BigBasket,UPI,Success,Bengaluru,ATM
TXN000005862,ACC0000972,2025-07-03,Credit,144634.45,Uber,UPI,Success,Lucknow,ATM
TXN000005863,ACC0000120,2026-04-10,Debit,98612.46,Amazon,Cheque,Success,Chennai,ATM
TXN000005864,ACC0000099,2025-04-16,Credit,73196.96,Uber,UPI,Success,Lucknow,ATM
TXN000005865,ACC0001057,2024-09-21,Credit,57330.71,Zomato,POS,Success,Ahmedabad,Web
TXN000005866,ACC0000506,2025-01-25,Credit,133425.34,Netflix,ATM,Success,Mumbai,Mobile
TXN000005867,ACC0000257,2025-09-19,Credit,2268.2,Fuel Station,NetBanking,Success,Pune,Web
TXN000005868,ACC0000142,2025-11-12,Debit,74677.37,Airtel,POS,Success,Bengaluru,ATM
TXN000005869,ACC0000542,2024-11-03,Credit,32458.28,Swiggy,IMPS,Success,Hyderabad,Branch
TXN000005870,ACC0000488,2024-09-03,Debit,70619.75,Fuel Station,POS,Success,Ahmedabad,ATM
TXN000005871,ACC0001050,2025-09-03,Credit,53476.86,BigBasket,NetBanking,Success,Delhi,Web
TXN000005872,ACC0001274,2025-09-15,Credit,82647.74,DMart,RTGS,Success,Jaipur,ATM
TXN000005873,ACC0000181,2025-05-28,Credit,32697.04,Uber,NEFT,Success,Lucknow,Web
TXN000005874,ACC0000305,2024-11-28,Credit,26209.78,Insurance Premium,ATM,Success,Pune,Web
TXN000005875,ACC0000368,2025-10-14,Credit,95104.49,Jio,RTGS,Success,Delhi,POS
TXN000005876,ACC0000012,2024-06-25,Debit,52672.12,Flipkart,NetBanking,Success,Chandigarh,POS
TXN000005877,ACC0000512,2025-02-08,Debit,93809.35,Flipkart,UPI,Success,Kochi,POS
TXN000005878,ACC0000529,2024-12-12,Debit,114071.29,Amazon,NetBanking,Success,Lucknow,ATM
TXN000005879,ACC0000371,2024-05-17,Debit,134443.37,Flipkart,Cheque,Success,Delhi,Web
TXN000005880,ACC0000615,2025-04-06,Debit,64595.8,Myntra,NEFT,Success,Bengaluru,Mobile
TXN000005881,ACC0000282,2025-05-13,Credit,500.41,DMart,IMPS,Success,Pune,POS
TXN000005882,ACC0001287,2024-11-11,Debit,113700.94,Reliance Digital,NEFT,Success,Chandigarh,ATM
TXN000005883,ACC0001001,2025-09-24,Credit,104988.99,Ola,UPI,Reversed,Hyderabad,ATM
TXN000005884,ACC0001124,2024-04-29,Credit,42739.15,Airtel,Cheque,Success,Hyderabad,ATM
TXN000005885,ACC0000103,2024-08-25,Debit,61860.27,Uber,UPI,Success,Delhi,Web
TXN000005886,ACC0000075,2024-08-26,Credit,69453.29,Airtel,RTGS,Success,Ahmedabad,Mobile
TXN000005887,ACC0001040,2024-05-06,Credit,33113.48,Myntra,Cheque,Success,Bengaluru,POS
TXN000005888,ACC0001188,2025-12-14,Credit,142104.12,School Fees,NEFT,Success,Pune,Branch
TXN000005889,ACC0001139,2026-04-16,Debit,43113.74,Zomato,RTGS,Success,Bengaluru,Mobile
TXN000005890,ACC0000646,2025-11-18,Credit,21154.21,IRCTC,ATM,Failed,Lucknow,Branch
TXN000005891,ACC0000812,2025-05-06,Debit,79062.46,Zomato,Cheque,Success,Pune,Branch
TXN000005892,ACC0000147,2025-12-20,Credit,8184.91,Airtel,Cheque,Failed,Ahmedabad,ATM
TXN000005893,ACC0001111,2025-07-26,Debit,136284.14,Insurance Premium,ATM,Success,Kochi,ATM
TXN000005894,ACC0000966,2025-09-22,Debit,117401.45,Reliance Digital,NetBanking,Success,Ahmedabad,Branch
TXN000005895,ACC0001219,2025-05-18,Debit,49426.8,IRCTC,UPI,Success,Hyderabad,Branch
TXN000005896,ACC0000335,2024-04-08,Credit,45383.92,Swiggy,ATM,Failed,Kochi,Mobile
TXN000005897,ACC0000497,2026-03-26,Debit,127180.42,DMart,RTGS,Success,Kochi,ATM
TXN000005898,ACC0000408,2024-10-22,Debit,99011.75,Zomato,RTGS,Success,Bhopal,Web
TXN000005899,ACC0000571,2026-04-03,Debit,73172.86,Swiggy,UPI,Failed,Delhi,ATM
TXN000005900,ACC0000815,2024-12-06,Credit,137720.08,Swiggy,UPI,Success,Mumbai,Mobile
TXN000005901,ACC0000844,2024-09-30,Credit,6328.42,Amazon,RTGS,Reversed,Bhopal,ATM
TXN000005902,ACC0001347,2025-06-24,Credit,17350.73,School Fees,UPI,Success,Mumbai,Branch
TXN000005903,ACC0000501,2024-03-22,Debit,75591.64,Swiggy,ATM,Success,Bengaluru,Mobile
TXN000005904,ACC0001247,2024-06-22,Debit,121516.28,Amazon,NetBanking,Success,Chennai,Branch
TXN000005905,ACC0000131,2024-03-11,Debit,112619.37,Myntra,NetBanking,Success,Chandigarh,Mobile
TXN000005906,ACC0000697,2025-09-19,Debit,2794.94,Airtel,Cheque,Success,Pune,ATM
TXN000005907,ACC0001080,2024-08-22,Debit,11143.72,Uber,RTGS,Success,Hyderabad,Web
TXN000005908,ACC0001232,2025-08-21,Credit,14114.33,DMart,IMPS,Failed,Kochi,Web
TXN000005909,ACC0000321,2026-05-20,Credit,105630.84,Jio,RTGS,Success,Bhopal,ATM
TXN000005910,ACC0000343,2026-01-17,Debit,64405.86,Uber,Cheque,Success,Ahmedabad,Web
TXN000005911,ACC0001171,2024-06-19,Credit,47710.43,Fuel Station,Cheque,Success,Hyderabad,Mobile
TXN000005912,ACC0001115,2024-09-15,Debit,20325.87,Amazon,RTGS,Success,Kochi,Mobile
TXN000005913,ACC0000026,2024-12-29,Debit,24813.73,Ola,UPI,Success,Chennai,ATM
TXN000005914,ACC0001371,2024-03-07,Debit,63400.06,Insurance Premium,IMPS,Success,Lucknow,Branch
TXN000005915,ACC0000450,2024-05-14,Credit,16985.87,Reliance Digital,NetBanking,Success,Pune,ATM
TXN000005916,ACC0000600,2024-07-19,Credit,39100.66,Amazon,UPI,Success,Pune,POS
TXN000005917,ACC0000003,2024-09-17,Credit,84062.4,Amazon,RTGS,Success,Bengaluru,Web
TXN000005918,ACC0001379,2024-07-25,Debit,117330.47,Jio,ATM,Pending,Pune,ATM
TXN000005919,ACC0000870,2026-05-12,Credit,89042.39,Flipkart,NetBanking,Success,Pune,POS
TXN000005920,ACC0000109,2025-09-18,Debit,43071.71,Uber,UPI,Failed,Jaipur,Branch
TXN000005921,ACC0000638,2024-12-05,Credit,55352.36,Fuel Station,NEFT,Success,Ahmedabad,Web
TXN000005922,ACC0000475,2024-05-20,Debit,1946.29,Electricity Board,RTGS,Failed,Chennai,POS
TXN000005923,ACC0001348,2026-04-05,Credit,80475.99,Ola,POS,Success,Mumbai,ATM
TXN000005924,ACC0000636,2026-04-17,Debit,122186.99,Electricity Board,IMPS,Success,Mumbai,Web
TXN000005925,ACC0001000,2024-10-01,Debit,102660.36,Amazon,UPI,Success,Mumbai,Branch
TXN000005926,ACC0000888,2025-05-10,Debit,135495.56,Insurance Premium,UPI,Success,Bhopal,ATM
TXN000005927,ACC0000528,2024-11-07,Debit,91406.74,Ola,IMPS,Pending,Bengaluru,Mobile
TXN000005928,ACC0000825,2025-06-19,Debit,124563.59,IRCTC,NetBanking,Success,Ahmedabad,ATM
TXN000005929,ACC0001190,2024-11-23,Credit,44046.24,Myntra,RTGS,Success,Lucknow,Web
TXN000005930,ACC0000264,2026-01-12,Debit,99906.11,BigBasket,POS,Success,Chandigarh,ATM
TXN000005931,ACC0000069,2025-08-30,Credit,149004.19,Ola,NEFT,Success,Pune,POS
TXN000005932,ACC0000245,2026-02-04,Debit,5395.0,Airtel,ATM,Success,Pune,Mobile
TXN000005933,ACC0000368,2024-08-28,Credit,55715.07,Insurance Premium,ATM,Success,Mumbai,Mobile
TXN000005934,ACC0000301,2024-08-16,Debit,121239.92,IRCTC,Cheque,Success,Mumbai,ATM
TXN000005935,ACC0001070,2026-01-01,Debit,128635.61,BigBasket,Cheque,Success,Hyderabad,Web
TXN000005936,ACC0001358,2025-11-12,Debit,20008.63,Flipkart,NEFT,Success,Bhopal,Branch
TXN000005937,ACC0000927,2024-05-28,Credit,26701.7,IRCTC,RTGS,Success,Jaipur,Mobile
TXN000005938,ACC0000185,2024-05-27,Debit,53868.15,Jio,RTGS,Success,Ahmedabad,POS
TXN000005939,ACC0001293,2024-08-01,Credit,40921.14,Ola,RTGS,Success,Chandigarh,Mobile
TXN000005940,ACC0000857,2026-02-27,Credit,77555.39,Netflix,NetBanking,Success,Lucknow,Web
TXN000005941,ACC0000898,2024-01-24,Debit,71962.12,Zomato,RTGS,Success,Ahmedabad,Branch
TXN000005942,ACC0001142,2024-03-22,Credit,104610.07,Uber,NetBanking,Success,Hyderabad,POS
TXN000005943,ACC0000100,2026-02-04,Debit,18360.83,Fuel Station,UPI,Success,Hyderabad,Web
TXN000005944,ACC0000995,2026-04-01,Credit,136463.39,Reliance Digital,NEFT,Success,Chennai,ATM
TXN000005945,ACC0000550,2025-06-27,Credit,12931.67,Swiggy,POS,Success,Lucknow,ATM
TXN000005946,ACC0001384,2025-01-15,Debit,143593.47,BigBasket,POS,Failed,Bengaluru,Mobile
TXN000005947,ACC0001048,2024-12-14,Credit,39147.1,School Fees,IMPS,Success,Chennai,Mobile
TXN000005948,ACC0000748,2024-09-08,Credit,61260.64,Electricity Board,NetBanking,Success,Chandigarh,POS
TXN000005949,ACC0000056,2024-01-09,Debit,45200.99,DMart,UPI,Success,Pune,Web
TXN000005950,ACC0000758,2026-01-11,Credit,88515.39,Airtel,RTGS,Success,Bengaluru,Mobile
TXN000005951,ACC0000665,2025-10-13,Debit,2424.12,Myntra,ATM,Success,Mumbai,POS
TXN000005952,ACC0000356,2025-08-04,Debit,127190.17,Insurance Premium,RTGS,Success,Jaipur,ATM
TXN000005953,ACC0000097,2024-03-29,Debit,134123.7,Flipkart,NetBanking,Success,Mumbai,Mobile
TXN000005954,ACC0000175,2024-01-05,Debit,94685.5,DMart,IMPS,Success,Chandigarh,Web
TXN000005955,ACC0000512,2024-07-22,Credit,45753.19,Insurance Premium,ATM,Success,Jaipur,Branch
TXN000005956,ACC0000818,2025-05-01,Credit,20669.04,Ola,NEFT,Success,Delhi,ATM
TXN000005957,ACC0000452,2024-11-17,Debit,24835.7,Jio,IMPS,Success,Hyderabad,POS
TXN000005958,ACC0001304,2025-07-04,Debit,41790.29,Uber,RTGS,Success,Bhopal,Mobile
TXN000005959,ACC0001224,2024-02-25,Debit,57016.73,Fuel Station,RTGS,Success,Delhi,Mobile
TXN000005960,ACC0000717,2024-02-01,Debit,53011.97,Fuel Station,NEFT,Success,Mumbai,POS
TXN000005961,ACC0000159,2025-01-14,Credit,124050.01,Reliance Digital,POS,Success,Chandigarh,POS
TXN000005962,ACC0000742,2025-01-08,Debit,9501.79,Reliance Digital,IMPS,Success,Ahmedabad,Web
TXN000005963,ACC0001144,2024-10-05,Credit,55843.01,Zomato,ATM,Success,Pune,Mobile
TXN000005964,ACC0000164,2026-01-03,Credit,144888.18,School Fees,UPI,Success,Jaipur,Branch
TXN000005965,ACC0001080,2025-10-02,Debit,18368.02,Netflix,Cheque,Success,Ahmedabad,POS
TXN000005966,ACC0000434,2024-10-01,Debit,101451.44,Jio,NetBanking,Success,Ahmedabad,Web
TXN000005967,ACC0001072,2026-02-25,Debit,65048.67,Electricity Board,NetBanking,Success,Delhi,Web
TXN000005968,ACC0000863,2024-07-16,Credit,108298.98,Flipkart,UPI,Success,Lucknow,ATM
TXN000005969,ACC0000573,2026-01-27,Debit,118604.09,Ola,ATM,Success,Bhopal,POS
TXN000005970,ACC0000366,2025-06-10,Debit,13601.22,Reliance Digital,IMPS,Success,Delhi,Web
TXN000005971,ACC0000769,2025-08-31,Credit,146899.6,BigBasket,Cheque,Success,Bengaluru,ATM
TXN000005972,ACC0000322,2024-04-25,Debit,129383.0,DMart,NetBanking,Success,Mumbai,POS
TXN000005973,ACC0000808,2024-05-12,Debit,25299.2,Jio,RTGS,Success,Pune,Mobile
TXN000005974,ACC0000240,2024-03-02,Debit,41294.59,Ola,UPI,Success,Hyderabad,Branch
TXN000005975,ACC0000199,2025-11-11,Debit,62687.34,Insurance Premium,NEFT,Success,Lucknow,ATM
TXN000005976,ACC0000984,2025-01-22,Debit,32523.31,Ola,UPI,Success,Mumbai,Branch
TXN000005977,ACC0000311,2026-05-20,Credit,81567.03,Myntra,NetBanking,Success,Lucknow,POS
TXN000005978,ACC0000858,2025-12-03,Credit,104831.69,Uber,RTGS,Success,Bhopal,Mobile
TXN000005979,ACC0000305,2024-04-30,Credit,90679.89,Netflix,RTGS,Success,Chennai,Web
TXN000005980,ACC0000250,2024-01-14,Debit,121574.25,Airtel,UPI,Success,Bengaluru,Web
TXN000005981,ACC0000134,2026-01-10,Debit,129725.85,Airtel,RTGS,Success,Bengaluru,Branch
TXN000005982,ACC0000018,2025-06-17,Debit,132941.26,Ola,UPI,Failed,Lucknow,Branch
TXN000005983,ACC0001176,2024-03-22,Credit,36484.01,Myntra,IMPS,Failed,Bengaluru,Branch
TXN000005984,ACC0001325,2024-10-09,Debit,76504.54,Ola,UPI,Success,Delhi,Web
TXN000005985,ACC0000432,2024-01-21,Credit,71807.39,Reliance Digital,IMPS,Success,Ahmedabad,Mobile
TXN000005986,ACC0000842,2024-02-08,Debit,75101.45,Jio,ATM,Failed,Chandigarh,POS
TXN000005987,ACC0000761,2024-05-22,Debit,111056.79,Electricity Board,NetBanking,Success,Hyderabad,Mobile
TXN000005988,ACC0001059,2024-09-07,Debit,48477.4,Amazon,Cheque,Success,Mumbai,Branch
TXN000005989,ACC0000770,2025-05-24,Credit,47436.06,Insurance Premium,RTGS,Pending,Delhi,POS
TXN000005990,ACC0001099,2025-04-24,Credit,93206.37,Fuel Station,POS,Success,Pune,POS
TXN000005991,ACC0001371,2025-08-06,Debit,95591.77,Netflix,RTGS,Reversed,Hyderabad,Web
TXN000005992,ACC0001321,2024-09-10,Credit,94108.44,Reliance Digital,POS,Success,Jaipur,POS
TXN000005993,ACC0001078,2024-09-06,Debit,129594.83,Reliance Digital,UPI,Success,Chennai,ATM
TXN000005994,ACC0000184,2025-07-10,Debit,26445.84,Amazon,NetBanking,Success,Chennai,POS
TXN000005995,ACC0000748,2026-04-10,Debit,145226.46,Insurance Premium,NetBanking,Success,Bengaluru,ATM
TXN000005996,ACC0001025,2024-05-30,Credit,47435.9,Insurance Premium,UPI,Success,Delhi,POS
TXN000005997,ACC0000418,2024-08-19,Debit,59342.92,Insurance Premium,UPI,Success,Chandigarh,Branch
TXN000005998,ACC0000690,2024-12-10,Credit,61460.38,Swiggy,POS,Success,Delhi,Branch
TXN000005999,ACC0000361,2025-07-05,Debit,104767.76,Myntra,NEFT,Pending,Pune,Mobile
TXN000006000,ACC0001245,2025-10-30,Credit,33752.2,School Fees,IMPS,Success,Pune,POS
TXN000006001,ACC0000132,2025-10-13,Credit,5103.9,Amazon,NEFT,Success,Ahmedabad,Mobile
TXN000006002,ACC0000706,2024-11-11,Credit,45444.51,IRCTC,NEFT,Success,Pune,POS
TXN000006003,ACC0000072,2024-02-05,Debit,79191.36,Jio,RTGS,Failed,Pune,Mobile
TXN000006004,ACC0001186,2024-07-13,Debit,21522.72,Ola,ATM,Success,Jaipur,Branch
TXN000006005,ACC0001130,2025-07-24,Credit,74139.41,Zomato,POS,Failed,Chennai,Branch
TXN000006006,ACC0001207,2025-01-14,Debit,22395.94,Flipkart,NEFT,Success,Jaipur,Mobile
TXN000006007,ACC0000046,2024-11-04,Debit,64211.15,Myntra,Cheque,Success,Lucknow,ATM
TXN000006008,ACC0000249,2025-08-15,Debit,7193.32,Fuel Station,NetBanking,Success,Lucknow,Branch
TXN000006009,ACC0000712,2025-03-29,Debit,99537.28,Ola,RTGS,Success,Chandigarh,POS
TXN000006010,ACC0000388,2025-03-31,Debit,146984.98,BigBasket,NEFT,Success,Pune,Web
TXN000006011,ACC0000687,2026-04-20,Credit,147373.82,DMart,NetBanking,Success,Ahmedabad,Mobile
TXN000006012,ACC0001099,2025-11-05,Debit,87748.23,Fuel Station,POS,Success,Hyderabad,ATM
TXN000006013,ACC0001300,2024-04-11,Credit,53186.31,Reliance Digital,NEFT,Success,Pune,POS
TXN000006014,ACC0000777,2024-03-15,Credit,3533.9,Reliance Digital,ATM,Success,Lucknow,POS
TXN000006015,ACC0000689,2025-03-30,Credit,95208.95,Uber,POS,Success,Hyderabad,Branch
TXN000006016,ACC0000174,2025-02-21,Credit,142466.63,Ola,NetBanking,Success,Chandigarh,POS
TXN000006017,ACC0000664,2025-04-12,Credit,86027.86,Zomato,UPI,Success,Chennai,ATM
TXN000006018,ACC0000630,2025-12-26,Credit,51109.54,Amazon,RTGS,Success,Mumbai,Mobile
TXN000006019,ACC0000839,2026-02-03,Credit,54693.19,Flipkart,ATM,Success,Kochi,ATM
TXN000006020,ACC0001369,2024-08-25,Credit,135201.03,Insurance Premium,IMPS,Success,Bhopal,Web
TXN000006021,ACC0000741,2025-06-15,Debit,124884.48,Airtel,NetBanking,Success,Ahmedabad,ATM
TXN000006022,ACC0000712,2025-08-16,Credit,117895.56,Flipkart,POS,Success,Delhi,ATM
TXN000006023,ACC0000899,2024-04-08,Debit,131854.93,Myntra,NetBanking,Success,Bhopal,Branch
TXN000006024,ACC0001077,2025-12-07,Debit,59199.62,Netflix,NEFT,Success,Jaipur,Mobile
TXN000006025,ACC0000036,2024-07-27,Debit,38243.19,Airtel,RTGS,Success,Bhopal,Mobile
TXN000006026,ACC0000004,2025-04-27,Credit,100403.87,Flipkart,Cheque,Success,Mumbai,Web
TXN000006027,ACC0000544,2024-01-20,Debit,54981.05,Flipkart,Cheque,Success,Chennai,Mobile
TXN000006028,ACC0000737,2025-11-10,Credit,41473.72,Zomato,NEFT,Reversed,Kochi,Mobile
TXN000006029,ACC0000504,2024-10-30,Credit,8919.93,DMart,UPI,Success,Kochi,Mobile
TXN000006030,ACC0001107,2024-12-26,Debit,131154.18,Reliance Digital,Cheque,Pending,Delhi,Web
TXN000006031,ACC0000856,2025-03-09,Credit,139274.7,Fuel Station,ATM,Success,Kochi,ATM
TXN000006032,ACC0000151,2025-11-06,Debit,85491.44,Uber,IMPS,Success,Jaipur,Web
TXN000006033,ACC0000603,2024-05-12,Debit,68571.67,Amazon,IMPS,Success,Bengaluru,Branch
TXN000006034,ACC0000400,2026-03-25,Debit,64450.01,Netflix,IMPS,Success,Pune,Web
TXN000006035,ACC0001103,2024-08-27,Credit,78594.1,Amazon,IMPS,Pending,Delhi,Branch
TXN000006036,ACC0000955,2026-03-19,Debit,58759.37,BigBasket,POS,Success,Jaipur,ATM
TXN000006037,ACC0000311,2025-11-03,Credit,2309.84,Ola,ATM,Success,Pune,Mobile
TXN000006038,ACC0000910,2024-07-31,Credit,113176.81,Electricity Board,RTGS,Success,Chandigarh,Branch
TXN000006039,ACC0000137,2024-10-24,Credit,37055.18,Fuel Station,NetBanking,Success,Chennai,POS
TXN000006040,ACC0001136,2024-11-02,Debit,48452.35,Fuel Station,NetBanking,Success,Jaipur,POS
TXN000006041,ACC0000474,2026-03-09,Debit,138103.47,Electricity Board,NetBanking,Failed,Hyderabad,ATM
TXN000006042,ACC0000035,2025-12-24,Debit,27794.75,Insurance Premium,NetBanking,Success,Lucknow,Branch
TXN000006043,ACC0000411,2026-01-07,Credit,63169.72,BigBasket,Cheque,Success,Chandigarh,Web
TXN000006044,ACC0000738,2025-07-20,Credit,43952.79,Electricity Board,POS,Success,Kochi,Web
TXN000006045,ACC0001199,2025-09-18,Debit,148976.86,BigBasket,UPI,Failed,Mumbai,Web
TXN000006046,ACC0000776,2025-11-27,Credit,144010.61,Flipkart,UPI,Success,Delhi,POS
TXN000006047,ACC0001194,2025-08-04,Credit,107858.32,Uber,RTGS,Success,Hyderabad,POS
TXN000006048,ACC0000075,2025-11-03,Debit,179.42,Insurance Premium,NEFT,Failed,Lucknow,Web
TXN000006049,ACC0001219,2024-11-17,Debit,28465.68,Flipkart,POS,Success,Chandigarh,POS
TXN000006050,ACC0000347,2024-09-15,Debit,25757.02,Jio,ATM,Success,Hyderabad,POS
TXN000006051,ACC0001293,2024-10-24,Debit,113946.2,IRCTC,IMPS,Success,Lucknow,POS
TXN000006052,ACC0001046,2025-10-21,Credit,46432.56,Zomato,NEFT,Success,Hyderabad,POS
TXN000006053,ACC0000329,2024-06-21,Debit,29576.76,BigBasket,RTGS,Success,Mumbai,Mobile
TXN000006054,ACC0001216,2025-10-13,Credit,116294.11,Electricity Board,IMPS,Success,Lucknow,Web
TXN000006055,ACC0000506,2025-09-03,Credit,15108.51,Ola,RTGS,Success,Chennai,ATM
TXN000006056,ACC0000671,2025-07-25,Credit,87993.32,School Fees,IMPS,Success,Pune,Web
TXN000006057,ACC0000145,2025-10-18,Debit,140194.08,Uber,ATM,Success,Bhopal,ATM
TXN000006058,ACC0001229,2024-07-24,Credit,77206.43,Netflix,NetBanking,Success,Chennai,ATM
TXN000006059,ACC0000203,2025-10-21,Debit,64623.39,Electricity Board,UPI,Success,Lucknow,ATM
TXN000006060,ACC0000177,2025-03-18,Credit,81782.04,Jio,POS,Success,Jaipur,Branch
TXN000006061,ACC0000055,2025-02-16,Credit,29638.68,Ola,NEFT,Success,Mumbai,ATM
TXN000006062,ACC0000929,2024-05-26,Credit,37873.84,BigBasket,UPI,Success,Hyderabad,Branch
TXN000006063,ACC0000176,2024-08-27,Credit,15091.74,Uber,Cheque,Success,Ahmedabad,Web
TXN000006064,ACC0000315,2025-07-13,Debit,8838.81,Flipkart,Cheque,Success,Pune,POS
TXN000006065,ACC0000663,2025-09-05,Debit,144142.65,BigBasket,IMPS,Success,Chandigarh,Web
TXN000006066,ACC0000242,2026-05-05,Debit,69334.98,Myntra,UPI,Failed,Hyderabad,POS
TXN000006067,ACC0000483,2025-06-21,Credit,144930.6,Myntra,IMPS,Success,Jaipur,Mobile
TXN000006068,ACC0000812,2024-02-23,Credit,97793.5,BigBasket,NetBanking,Success,Mumbai,Web
TXN000006069,ACC0000670,2026-01-18,Debit,132580.11,Amazon,Cheque,Success,Jaipur,Mobile
TXN000006070,ACC0000198,2024-01-23,Debit,128219.9,Fuel Station,NetBanking,Success,Hyderabad,Branch
TXN000006071,ACC0001345,2024-05-14,Debit,5164.03,Jio,RTGS,Success,Chennai,ATM
TXN000006072,ACC0000579,2024-12-21,Credit,20407.66,Flipkart,Cheque,Success,Jaipur,Web
TXN000006073,ACC0000192,2026-01-25,Debit,125671.93,DMart,RTGS,Success,Pune,POS
TXN000006074,ACC0000471,2026-03-13,Credit,58950.2,Uber,Cheque,Success,Delhi,POS
TXN000006075,ACC0001203,2024-05-02,Credit,72531.59,Swiggy,Cheque,Success,Chennai,Mobile
TXN000006076,ACC0000394,2025-04-12,Credit,80520.79,Netflix,NetBanking,Success,Bhopal,Mobile
TXN000006077,ACC0000218,2025-01-28,Debit,18780.92,Jio,UPI,Failed,Bengaluru,ATM
TXN000006078,ACC0001254,2025-02-28,Credit,19962.88,BigBasket,POS,Success,Ahmedabad,POS
TXN000006079,ACC0001348,2024-03-25,Credit,90326.33,Amazon,RTGS,Success,Hyderabad,Branch
TXN000006080,ACC0001146,2024-07-14,Credit,8897.21,Ola,POS,Success,Ahmedabad,Web
TXN000006081,ACC0000227,2024-05-12,Debit,46521.93,Zomato,NEFT,Success,Ahmedabad,POS
TXN000006082,ACC0000198,2026-03-08,Credit,110380.16,Insurance Premium,NEFT,Failed,Jaipur,ATM
TXN000006083,ACC0001364,2024-12-15,Debit,98067.6,DMart,Cheque,Success,Kochi,Mobile
TXN000006084,ACC0000800,2025-01-26,Debit,92732.86,School Fees,IMPS,Success,Delhi,ATM
TXN000006085,ACC0001304,2025-05-19,Debit,27950.2,Swiggy,RTGS,Success,Chandigarh,Branch
TXN000006086,ACC0001055,2025-07-05,Debit,49194.91,Ola,RTGS,Success,Bengaluru,Mobile
TXN000006087,ACC0000241,2025-07-13,Debit,14256.01,IRCTC,IMPS,Success,Chennai,Branch
TXN000006088,ACC0000637,2025-10-22,Debit,70253.43,Netflix,ATM,Failed,Hyderabad,Web
TXN000006089,ACC0000192,2025-01-02,Credit,88423.22,Ola,RTGS,Success,Bhopal,Branch
TXN000006090,ACC0000599,2024-07-06,Debit,110968.87,IRCTC,UPI,Reversed,Kochi,Mobile
TXN000006091,ACC0000051,2026-05-08,Credit,133793.69,School Fees,ATM,Success,Mumbai,POS
TXN000006092,ACC0000170,2024-06-13,Credit,149921.44,DMart,RTGS,Success,Hyderabad,Branch
TXN000006093,ACC0000205,2024-08-10,Debit,6611.5,Electricity Board,POS,Success,Hyderabad,Branch
TXN000006094,ACC0001288,2026-03-16,Credit,63662.57,Ola,NEFT,Success,Chandigarh,Mobile
TXN000006095,ACC0001261,2024-10-10,Credit,14373.94,Airtel,POS,Success,Lucknow,POS
TXN000006096,ACC0000079,2024-04-09,Credit,72690.12,Netflix,NEFT,Success,Mumbai,Mobile
TXN000006097,ACC0000812,2025-03-04,Credit,5362.47,Swiggy,IMPS,Success,Ahmedabad,POS
TXN000006098,ACC0000337,2026-03-19,Credit,22364.98,DMart,NetBanking,Success,Delhi,Branch
TXN000006099,ACC0000900,2024-10-21,Debit,66453.37,Zomato,RTGS,Success,Bhopal,POS
TXN000006100,ACC0000648,2025-12-24,Credit,137130.29,Amazon,ATM,Success,Pune,Web
TXN000006101,ACC0000404,2024-09-06,Debit,1476.06,Reliance Digital,POS,Success,Mumbai,Mobile
TXN000006102,ACC0000366,2026-04-25,Credit,85385.66,Flipkart,NEFT,Success,Bhopal,Web
TXN000006103,ACC0000546,2025-10-07,Debit,42058.49,Airtel,IMPS,Success,Bengaluru,Mobile
TXN000006104,ACC0000760,2025-07-07,Credit,6600.51,Amazon,POS,Failed,Jaipur,ATM
TXN000006105,ACC0000764,2024-08-19,Debit,105681.16,Netflix,NetBanking,Success,Bhopal,Branch
TXN000006106,ACC0000120,2024-11-04,Credit,108597.68,Airtel,IMPS,Failed,Kochi,ATM
TXN000006107,ACC0000024,2026-04-06,Credit,88920.54,BigBasket,Cheque,Success,Chennai,ATM
TXN000006108,ACC0000034,2025-11-15,Debit,37762.54,Netflix,IMPS,Success,Ahmedabad,POS
TXN000006109,ACC0000541,2025-08-16,Debit,97113.85,Fuel Station,NetBanking,Failed,Ahmedabad,Mobile
TXN000006110,ACC0000775,2025-08-05,Credit,67349.03,Ola,NEFT,Success,Pune,POS
TXN000006111,ACC0000952,2024-12-22,Credit,133866.49,Zomato,POS,Success,Jaipur,Web
TXN000006112,ACC0000689,2026-04-25,Credit,95227.32,Myntra,Cheque,Success,Chandigarh,Branch
TXN000006113,ACC0000456,2025-01-31,Credit,45690.27,Fuel Station,POS,Success,Kochi,Mobile
TXN000006114,ACC0001137,2024-09-06,Debit,124223.52,Zomato,ATM,Success,Hyderabad,Web
TXN000006115,ACC0000653,2025-11-02,Credit,80485.92,Airtel,NEFT,Success,Bengaluru,ATM
TXN000006116,ACC0000533,2025-12-29,Debit,138550.55,Swiggy,NetBanking,Success,Bhopal,POS
TXN000006117,ACC0001086,2024-01-26,Credit,136928.27,Netflix,NetBanking,Success,Mumbai,Branch
TXN000006118,ACC0001179,2024-07-17,Debit,109774.73,Zomato,NEFT,Success,Chennai,ATM
TXN000006119,ACC0000768,2025-10-08,Debit,31030.58,Electricity Board,IMPS,Success,Ahmedabad,Mobile
TXN000006120,ACC0000323,2025-02-06,Debit,66603.82,BigBasket,Cheque,Pending,Jaipur,POS
TXN000006121,ACC0000192,2026-03-19,Credit,84569.61,Swiggy,UPI,Success,Mumbai,POS
TXN000006122,ACC0001023,2025-06-29,Debit,4930.12,DMart,NetBanking,Success,Bhopal,Mobile
TXN000006123,ACC0000087,2024-09-12,Debit,140137.19,BigBasket,UPI,Success,Lucknow,POS
TXN000006124,ACC0001139,2024-05-24,Credit,78590.06,IRCTC,UPI,Success,Chandigarh,ATM
TXN000006125,ACC0000729,2025-05-25,Credit,8005.98,Ola,NetBanking,Success,Pune,ATM
TXN000006126,ACC0000476,2024-04-05,Debit,76284.09,BigBasket,NetBanking,Reversed,Mumbai,POS
TXN000006127,ACC0000897,2024-06-25,Credit,66277.73,Electricity Board,POS,Success,Lucknow,ATM
TXN000006128,ACC0001208,2024-09-17,Debit,40047.21,Amazon,POS,Success,Bengaluru,POS
TXN000006129,ACC0000854,2024-05-08,Credit,90254.23,Fuel Station,IMPS,Success,Mumbai,ATM
TXN000006130,ACC0000695,2026-02-25,Debit,76407.74,Myntra,Cheque,Success,Bengaluru,Branch
TXN000006131,ACC0000215,2025-12-16,Debit,142312.59,Fuel Station,NetBanking,Success,Mumbai,Branch
TXN000006132,ACC0000346,2025-11-29,Debit,73521.02,IRCTC,POS,Success,Kochi,ATM
TXN000006133,ACC0000902,2024-05-04,Debit,104050.25,Airtel,ATM,Failed,Chandigarh,Branch
TXN000006134,ACC0000969,2025-02-17,Credit,65442.58,Jio,Cheque,Success,Kochi,POS
TXN000006135,ACC0000281,2026-02-22,Credit,64236.19,Airtel,POS,Success,Delhi,Branch
TXN000006136,ACC0000883,2025-06-01,Debit,91011.78,DMart,NEFT,Success,Mumbai,POS
TXN000006137,ACC0001218,2024-04-15,Debit,34360.97,School Fees,RTGS,Success,Chandigarh,Branch
TXN000006138,ACC0000510,2026-01-09,Credit,99713.81,Jio,POS,Success,Hyderabad,Web
TXN000006139,ACC0001370,2025-05-26,Debit,6717.32,Swiggy,NEFT,Success,Bengaluru,Branch
TXN000006140,ACC0000169,2025-09-30,Debit,98884.33,Fuel Station,POS,Success,Jaipur,ATM
TXN000006141,ACC0000208,2025-11-02,Debit,116545.44,Airtel,IMPS,Success,Chandigarh,Mobile
TXN000006142,ACC0001257,2025-01-20,Debit,52626.44,Swiggy,RTGS,Success,Ahmedabad,Web
TXN000006143,ACC0000561,2025-11-11,Debit,39025.41,Airtel,UPI,Reversed,Chennai,Branch
TXN000006144,ACC0000132,2024-02-27,Debit,53731.13,Amazon,NetBanking,Success,Mumbai,ATM
TXN000006145,ACC0001344,2024-09-01,Debit,77923.06,Jio,RTGS,Success,Kochi,ATM
TXN000006146,ACC0000170,2025-07-12,Credit,64292.04,Electricity Board,Cheque,Success,Hyderabad,Branch
TXN000006147,ACC0000064,2025-02-06,Debit,38555.99,DMart,ATM,Success,Lucknow,Mobile
TXN000006148,ACC0000907,2025-11-05,Debit,4364.53,Reliance Digital,UPI,Success,Delhi,Branch
TXN000006149,ACC0000136,2025-01-31,Credit,22522.35,Flipkart,NetBanking,Success,Jaipur,POS
TXN000006150,ACC0000343,2025-04-30,Debit,109082.72,Fuel Station,NetBanking,Success,Chandigarh,ATM
TXN000006151,ACC0001024,2025-05-24,Credit,141691.92,Ola,IMPS,Success,Mumbai,Mobile
TXN000006152,ACC0001092,2024-02-07,Credit,1440.14,BigBasket,IMPS,Success,Mumbai,ATM
TXN000006153,ACC0000380,2025-09-21,Credit,17728.32,Amazon,NetBanking,Success,Kochi,ATM
TXN000006154,ACC0000010,2025-08-19,Debit,91008.49,Flipkart,ATM,Success,Bengaluru,ATM
TXN000006155,ACC0001307,2024-10-14,Debit,33547.17,Airtel,NetBanking,Success,Mumbai,Branch
TXN000006156,ACC0000069,2024-10-27,Debit,88797.66,Zomato,POS,Success,Bengaluru,Web
TXN000006157,ACC0000032,2025-10-01,Credit,143823.37,Netflix,IMPS,Success,Jaipur,Branch
TXN000006158,ACC0001395,2024-08-09,Debit,51579.7,Zomato,POS,Success,Delhi,POS
TXN000006159,ACC0000415,2024-05-07,Debit,70488.97,Netflix,Cheque,Success,Lucknow,Branch
TXN000006160,ACC0000637,2025-03-09,Credit,63309.59,Zomato,NEFT,Success,Pune,POS
TXN000006161,ACC0001054,2026-04-20,Credit,98293.62,Uber,Cheque,Success,Jaipur,POS
TXN000006162,ACC0000458,2025-05-20,Debit,109317.5,Netflix,NetBanking,Success,Bengaluru,ATM
TXN000006163,ACC0001096,2026-02-25,Debit,9648.71,Uber,NEFT,Pending,Pune,Mobile
TXN000006164,ACC0000177,2025-04-11,Debit,50328.33,Amazon,UPI,Success,Mumbai,Mobile
TXN000006165,ACC0000994,2025-04-13,Debit,96152.06,Netflix,NEFT,Success,Bengaluru,POS
TXN000006166,ACC0001282,2024-05-02,Debit,11700.83,Electricity Board,RTGS,Success,Pune,ATM
TXN000006167,ACC0000074,2025-03-13,Credit,4343.58,BigBasket,POS,Success,Chennai,Web
TXN000006168,ACC0000712,2024-05-20,Debit,48769.43,Airtel,RTGS,Success,Ahmedabad,Branch
TXN000006169,ACC0000319,2025-01-01,Credit,106214.17,Netflix,ATM,Pending,Mumbai,POS
TXN000006170,ACC0000025,2025-07-27,Debit,87314.97,Zomato,IMPS,Success,Chandigarh,Branch
TXN000006171,ACC0000628,2025-10-21,Debit,86891.42,Myntra,RTGS,Reversed,Kochi,Web
TXN000006172,ACC0001246,2025-05-04,Debit,71833.9,Zomato,POS,Success,Kochi,POS
TXN000006173,ACC0000469,2025-08-27,Credit,143174.01,Netflix,RTGS,Success,Ahmedabad,Mobile
TXN000006174,ACC0000070,2025-09-03,Credit,58321.31,School Fees,NetBanking,Success,Hyderabad,Branch
TXN000006175,ACC0000604,2025-05-12,Credit,92877.71,Amazon,Cheque,Success,Pune,Branch
TXN000006176,ACC0000741,2024-06-23,Credit,82008.46,Zomato,RTGS,Success,Chennai,Mobile
TXN000006177,ACC0001158,2025-05-29,Credit,5060.63,Netflix,Cheque,Reversed,Chennai,Web
TXN000006178,ACC0001078,2024-06-02,Credit,74592.11,School Fees,IMPS,Success,Ahmedabad,POS
TXN000006179,ACC0000927,2025-04-21,Credit,131796.74,School Fees,NEFT,Success,Pune,Mobile
TXN000006180,ACC0000474,2026-04-12,Credit,65566.17,IRCTC,RTGS,Success,Chandigarh,POS
TXN000006181,ACC0000772,2025-01-01,Debit,32556.86,Electricity Board,Cheque,Success,Jaipur,Web
TXN000006182,ACC0001339,2026-02-06,Credit,78792.19,Electricity Board,ATM,Failed,Ahmedabad,POS
TXN000006183,ACC0000152,2026-05-13,Credit,95981.24,Airtel,Cheque,Success,Bhopal,ATM
TXN000006184,ACC0000458,2025-07-12,Debit,132628.53,Electricity Board,UPI,Success,Bhopal,ATM
TXN000006185,ACC0000618,2024-07-01,Credit,18534.32,Ola,Cheque,Success,Kochi,ATM
TXN000006186,ACC0000174,2024-02-09,Debit,2837.04,Amazon,RTGS,Success,Mumbai,Web
TXN000006187,ACC0000699,2025-05-01,Debit,128637.73,Netflix,NEFT,Success,Bengaluru,POS
TXN000006188,ACC0000805,2024-11-09,Credit,41931.24,School Fees,Cheque,Success,Bhopal,POS
TXN000006189,ACC0000491,2024-02-08,Debit,113668.01,Flipkart,IMPS,Success,Chennai,Branch
TXN000006190,ACC0001322,2026-04-05,Credit,81677.73,Electricity Board,NEFT,Success,Jaipur,Mobile
TXN000006191,ACC0000954,2026-05-09,Debit,110319.38,Insurance Premium,UPI,Success,Ahmedabad,Mobile
TXN000006192,ACC0000430,2024-05-08,Debit,74232.45,Swiggy,Cheque,Success,Chandigarh,POS
TXN000006193,ACC0000503,2025-01-24,Credit,65073.13,Myntra,ATM,Success,Kochi,ATM
TXN000006194,ACC0001200,2025-04-07,Credit,36396.77,Reliance Digital,RTGS,Failed,Bengaluru,Mobile
TXN000006195,ACC0000836,2025-12-25,Debit,41848.04,School Fees,UPI,Success,Bengaluru,ATM
TXN000006196,ACC0000583,2025-11-25,Credit,125606.84,Airtel,NetBanking,Success,Bengaluru,POS
TXN000006197,ACC0001002,2025-12-20,Debit,145923.88,DMart,ATM,Success,Mumbai,Branch
TXN000006198,ACC0000035,2025-08-20,Credit,8351.49,Amazon,POS,Success,Chandigarh,Web
TXN000006199,ACC0000584,2026-05-03,Credit,29436.89,Fuel Station,RTGS,Success,Ahmedabad,Web
TXN000006200,ACC0001336,2024-06-25,Credit,116755.42,Netflix,IMPS,Success,Lucknow,Branch
TXN000006201,ACC0000172,2025-06-19,Credit,38355.12,School Fees,IMPS,Failed,Bengaluru,POS
TXN000006202,ACC0000925,2024-08-10,Credit,21461.17,Myntra,NEFT,Success,Ahmedabad,POS
TXN000006203,ACC0000349,2025-08-23,Credit,139681.1,Electricity Board,Cheque,Success,Chennai,Branch
TXN000006204,ACC0000673,2024-06-13,Credit,128878.61,Zomato,Cheque,Success,Chandigarh,Mobile
TXN000006205,ACC0000924,2024-01-08,Debit,62873.37,Fuel Station,NetBanking,Success,Chandigarh,Web
TXN000006206,ACC0000008,2025-05-15,Debit,5686.18,Swiggy,RTGS,Failed,Pune,POS
TXN000006207,ACC0001253,2024-09-09,Credit,35240.32,BigBasket,IMPS,Success,Ahmedabad,POS
TXN000006208,ACC0000648,2025-03-16,Credit,76235.67,Amazon,POS,Success,Hyderabad,Mobile
TXN000006209,ACC0000208,2024-05-23,Debit,56599.5,Airtel,Cheque,Success,Kochi,POS
TXN000006210,ACC0000576,2024-11-08,Credit,105842.96,Jio,POS,Success,Pune,ATM
TXN000006211,ACC0000642,2024-08-25,Debit,85343.32,Uber,IMPS,Success,Kochi,Web
TXN000006212,ACC0001299,2025-07-02,Credit,1372.28,Airtel,NEFT,Success,Chennai,POS
TXN000006213,ACC0000544,2025-01-17,Debit,124528.36,Amazon,ATM,Success,Pune,Web
TXN000006214,ACC0000525,2025-10-31,Debit,51177.06,Zomato,IMPS,Success,Kochi,Mobile
TXN000006215,ACC0001340,2024-01-03,Credit,23004.45,IRCTC,Cheque,Success,Bhopal,Branch
TXN000006216,ACC0001149,2025-08-31,Credit,48436.29,Myntra,Cheque,Success,Hyderabad,Web
TXN000006217,ACC0000706,2025-07-17,Credit,15015.49,Fuel Station,NetBanking,Success,Delhi,Mobile
TXN000006218,ACC0001227,2024-07-24,Debit,64963.59,Flipkart,IMPS,Success,Jaipur,ATM
TXN000006219,ACC0001320,2024-09-06,Debit,97467.17,Airtel,NEFT,Success,Ahmedabad,POS
TXN000006220,ACC0000726,2025-09-25,Debit,136162.12,Swiggy,Cheque,Success,Chennai,POS
TXN000006221,ACC0000820,2024-08-29,Debit,24727.94,School Fees,POS,Success,Chandigarh,Branch
TXN000006222,ACC0000209,2025-08-21,Credit,100377.75,DMart,ATM,Success,Lucknow,Web
TXN000006223,ACC0000101,2024-01-07,Debit,81151.69,Uber,UPI,Success,Bengaluru,ATM
TXN000006224,ACC0000263,2025-03-16,Debit,104437.77,Amazon,UPI,Success,Delhi,Mobile
TXN000006225,ACC0000749,2025-03-01,Debit,137294.79,DMart,NEFT,Pending,Delhi,Mobile
TXN000006226,ACC0001044,2025-04-12,Credit,55570.23,Reliance Digital,RTGS,Success,Kochi,Mobile
TXN000006227,ACC0000304,2024-10-19,Credit,15649.11,Insurance Premium,NetBanking,Success,Jaipur,Branch
TXN000006228,ACC0001123,2024-12-05,Credit,13104.94,Swiggy,UPI,Success,Pune,Web
TXN000006229,ACC0001176,2024-04-14,Debit,98440.97,Fuel Station,RTGS,Success,Chennai,Web
TXN000006230,ACC0001380,2024-03-12,Debit,139409.42,Reliance Digital,Cheque,Success,Mumbai,POS
TXN000006231,ACC0000392,2025-02-24,Credit,463.51,Swiggy,Cheque,Success,Bhopal,Branch
TXN000006232,ACC0001362,2024-05-05,Debit,92560.19,Insurance Premium,Cheque,Success,Delhi,ATM
TXN000006233,ACC0000783,2026-03-23,Debit,8909.14,BigBasket,NetBanking,Pending,Pune,POS
TXN000006234,ACC0000701,2024-10-02,Credit,38348.02,Fuel Station,Cheque,Success,Bhopal,Mobile
TXN000006235,ACC0001028,2024-07-18,Debit,113456.56,Insurance Premium,IMPS,Success,Pune,ATM
TXN000006236,ACC0000219,2026-04-27,Credit,80270.51,School Fees,RTGS,Success,Chandigarh,Branch
TXN000006237,ACC0000036,2024-05-07,Credit,83073.2,Flipkart,IMPS,Success,Chandigarh,Web
TXN000006238,ACC0000814,2024-12-26,Debit,107334.14,Insurance Premium,NetBanking,Success,Chandigarh,Mobile
TXN000006239,ACC0000738,2024-06-26,Debit,122135.04,Reliance Digital,Cheque,Success,Chennai,Web
TXN000006240,ACC0000665,2025-12-01,Credit,72353.64,Flipkart,NEFT,Success,Jaipur,Mobile
TXN000006241,ACC0001004,2026-01-01,Credit,57762.7,Reliance Digital,POS,Success,Kochi,Web
TXN000006242,ACC0001169,2024-09-29,Debit,82818.09,Fuel Station,NEFT,Reversed,Bhopal,ATM
TXN000006243,ACC0000819,2024-03-23,Debit,85686.4,Ola,ATM,Success,Mumbai,Web
TXN000006244,ACC0000367,2024-09-26,Debit,18566.67,Electricity Board,NEFT,Success,Bengaluru,ATM
TXN000006245,ACC0000542,2025-06-01,Credit,102021.33,Swiggy,POS,Success,Jaipur,Branch
TXN000006246,ACC0000614,2024-06-03,Credit,101906.45,Insurance Premium,RTGS,Success,Bengaluru,Mobile
TXN000006247,ACC0000529,2025-08-23,Credit,76163.01,Reliance Digital,ATM,Success,Delhi,POS
TXN000006248,ACC0000656,2025-08-24,Debit,43484.01,Flipkart,UPI,Success,Jaipur,ATM
TXN000006249,ACC0000027,2025-02-12,Debit,106120.9,Zomato,ATM,Success,Bengaluru,POS
TXN000006250,ACC0000441,2024-02-23,Debit,32377.06,Amazon,IMPS,Success,Hyderabad,POS
TXN000006251,ACC0000660,2026-05-10,Credit,133944.71,IRCTC,POS,Success,Bengaluru,ATM
TXN000006252,ACC0001388,2024-06-20,Debit,10081.85,Airtel,Cheque,Failed,Delhi,Branch
TXN000006253,ACC0000927,2025-05-06,Debit,108522.82,Netflix,RTGS,Success,Hyderabad,POS
TXN000006254,ACC0000911,2025-08-31,Debit,57411.28,Flipkart,RTGS,Success,Kochi,Branch
TXN000006255,ACC0000492,2024-06-18,Debit,61365.53,IRCTC,RTGS,Pending,Jaipur,POS
TXN000006256,ACC0000152,2025-05-02,Debit,66225.69,School Fees,RTGS,Success,Bhopal,Web
TXN000006257,ACC0000058,2024-09-14,Debit,56870.04,BigBasket,POS,Success,Jaipur,POS
TXN000006258,ACC0001188,2024-11-09,Debit,72798.8,Electricity Board,IMPS,Success,Kochi,ATM
TXN000006259,ACC0000650,2024-08-01,Debit,80450.46,Reliance Digital,NEFT,Reversed,Chandigarh,Web
TXN000006260,ACC0001375,2024-05-12,Debit,111862.88,BigBasket,POS,Success,Hyderabad,Web
TXN000006261,ACC0000014,2025-02-24,Debit,31396.77,Swiggy,NetBanking,Success,Bengaluru,POS
TXN000006262,ACC0000961,2024-03-30,Debit,70898.51,BigBasket,UPI,Success,Bengaluru,Mobile
TXN000006263,ACC0000604,2024-04-07,Debit,16814.3,BigBasket,RTGS,Success,Bengaluru,POS
TXN000006264,ACC0001125,2025-01-13,Debit,110466.32,Insurance Premium,UPI,Success,Kochi,POS
TXN000006265,ACC0000835,2024-12-22,Debit,85407.11,IRCTC,NetBanking,Success,Bhopal,Mobile
TXN000006266,ACC0000340,2025-03-06,Debit,60998.92,Electricity Board,UPI,Success,Bengaluru,ATM
TXN000006267,ACC0000429,2025-08-01,Debit,109878.12,Myntra,NetBanking,Success,Ahmedabad,Mobile
TXN000006268,ACC0001183,2024-10-15,Credit,68510.73,BigBasket,IMPS,Success,Hyderabad,POS
TXN000006269,ACC0001400,2025-11-14,Credit,66320.96,Jio,Cheque,Success,Pune,Mobile
TXN000006270,ACC0001399,2024-01-11,Debit,19594.35,Uber,Cheque,Success,Bhopal,Web
TXN000006271,ACC0000046,2025-08-12,Credit,19635.19,Amazon,Cheque,Success,Kochi,POS
TXN000006272,ACC0000362,2024-08-06,Credit,130303.53,Reliance Digital,POS,Success,Bengaluru,Mobile
TXN000006273,ACC0000971,2026-04-04,Debit,102388.99,Amazon,NEFT,Success,Lucknow,Web
TXN000006274,ACC0000567,2024-06-26,Debit,21001.31,IRCTC,UPI,Success,Pune,POS
TXN000006275,ACC0000022,2025-01-04,Debit,98500.46,BigBasket,Cheque,Success,Chandigarh,POS
TXN000006276,ACC0001215,2024-01-20,Debit,19920.97,Myntra,NetBanking,Success,Jaipur,Branch
TXN000006277,ACC0000489,2024-03-06,Debit,89484.49,Airtel,IMPS,Success,Ahmedabad,POS
TXN000006278,ACC0000375,2024-03-04,Debit,145510.67,Zomato,UPI,Success,Jaipur,ATM
TXN000006279,ACC0000755,2025-04-19,Debit,54454.48,Uber,Cheque,Success,Bengaluru,Web
TXN000006280,ACC0001374,2025-03-16,Credit,147880.14,Jio,NetBanking,Success,Ahmedabad,POS
TXN000006281,ACC0001346,2025-03-17,Debit,43696.65,Netflix,UPI,Success,Pune,Mobile
TXN000006282,ACC0000546,2024-02-18,Credit,116641.74,Swiggy,POS,Success,Lucknow,ATM
TXN000006283,ACC0000716,2024-02-04,Credit,120071.93,DMart,UPI,Success,Pune,POS
TXN000006284,ACC0000703,2024-07-25,Credit,99835.71,Myntra,RTGS,Failed,Bengaluru,Web
TXN000006285,ACC0001205,2024-09-22,Debit,18457.28,Netflix,Cheque,Failed,Hyderabad,Branch
TXN000006286,ACC0000448,2026-03-02,Debit,89753.1,Insurance Premium,NEFT,Success,Jaipur,Web
TXN000006287,ACC0000077,2026-04-14,Debit,91064.0,Fuel Station,Cheque,Success,Mumbai,ATM
TXN000006288,ACC0000245,2025-07-01,Debit,126374.48,Flipkart,NEFT,Success,Chandigarh,Mobile
TXN000006289,ACC0000843,2025-08-06,Debit,98206.64,Reliance Digital,ATM,Success,Mumbai,Branch
TXN000006290,ACC0000698,2024-06-17,Credit,114693.43,Uber,IMPS,Pending,Chennai,Web
TXN000006291,ACC0000072,2026-04-17,Debit,97573.51,Electricity Board,ATM,Success,Lucknow,Mobile
TXN000006292,ACC0000939,2025-03-25,Debit,9556.7,Netflix,NetBanking,Success,Kochi,ATM
TXN000006293,ACC0000904,2026-04-27,Debit,16908.44,DMart,NetBanking,Success,Kochi,POS
TXN000006294,ACC0000474,2025-04-17,Debit,12559.14,Netflix,UPI,Failed,Kochi,ATM
TXN000006295,ACC0000027,2024-04-20,Credit,23374.32,Electricity Board,IMPS,Success,Jaipur,Mobile
TXN000006296,ACC0000343,2024-08-29,Debit,136789.95,Uber,ATM,Success,Delhi,Mobile
TXN000006297,ACC0000352,2025-07-30,Credit,11072.68,Zomato,NEFT,Success,Chandigarh,POS
TXN000006298,ACC0000286,2025-09-18,Credit,79156.25,Reliance Digital,Cheque,Success,Ahmedabad,POS
TXN000006299,ACC0000998,2024-09-07,Debit,139706.81,DMart,IMPS,Success,Hyderabad,Mobile
TXN000006300,ACC0000025,2025-07-09,Credit,30602.95,Netflix,IMPS,Success,Chennai,Mobile
TXN000006301,ACC0000084,2024-10-04,Credit,20735.79,Swiggy,Cheque,Pending,Bhopal,POS
TXN000006302,ACC0000830,2026-03-30,Credit,60179.74,Electricity Board,IMPS,Success,Bhopal,ATM
TXN000006303,ACC0001248,2024-06-22,Credit,129593.78,Amazon,IMPS,Success,Ahmedabad,POS
TXN000006304,ACC0001191,2024-10-01,Credit,118397.4,Netflix,UPI,Success,Kochi,Web
TXN000006305,ACC0000034,2026-03-03,Debit,136779.5,Myntra,IMPS,Success,Bengaluru,POS
TXN000006306,ACC0001006,2024-12-05,Credit,110194.51,Reliance Digital,RTGS,Success,Lucknow,Branch
TXN000006307,ACC0000648,2024-03-17,Credit,40018.92,IRCTC,NetBanking,Success,Ahmedabad,Mobile
TXN000006308,ACC0001099,2024-05-26,Credit,43910.42,Amazon,NetBanking,Success,Pune,POS
TXN000006309,ACC0000465,2025-06-14,Credit,148194.93,DMart,IMPS,Pending,Ahmedabad,Mobile
TXN000006310,ACC0000800,2026-03-01,Debit,47485.04,Ola,POS,Success,Chennai,POS
TXN000006311,ACC0000674,2024-05-18,Credit,32629.45,DMart,NetBanking,Success,Delhi,ATM
TXN000006312,ACC0000376,2024-02-02,Debit,27368.92,School Fees,NEFT,Success,Lucknow,Web
TXN000006313,ACC0000394,2025-09-21,Debit,95430.98,Ola,POS,Success,Mumbai,Branch
TXN000006314,ACC0000729,2025-11-02,Debit,42071.67,Flipkart,POS,Success,Chandigarh,ATM
TXN000006315,ACC0000414,2025-09-17,Debit,115812.91,Amazon,Cheque,Success,Bhopal,Mobile
TXN000006316,ACC0000510,2026-02-27,Credit,103979.11,Insurance Premium,NetBanking,Success,Chandigarh,POS
TXN000006317,ACC0000693,2026-04-11,Credit,6328.28,IRCTC,IMPS,Success,Bengaluru,ATM
TXN000006318,ACC0000934,2025-03-04,Debit,83569.83,Airtel,NEFT,Success,Bhopal,Mobile
TXN000006319,ACC0000643,2025-05-09,Debit,106746.81,Reliance Digital,UPI,Success,Hyderabad,POS
TXN000006320,ACC0000376,2024-01-09,Debit,8842.98,Flipkart,RTGS,Success,Delhi,Mobile
TXN000006321,ACC0000126,2024-06-26,Debit,7629.84,School Fees,IMPS,Success,Mumbai,Web
TXN000006322,ACC0001114,2025-06-07,Debit,79498.25,Swiggy,POS,Success,Chennai,Mobile
TXN000006323,ACC0000954,2025-03-11,Debit,126400.75,Airtel,ATM,Pending,Delhi,ATM
TXN000006324,ACC0000361,2025-08-31,Debit,129798.85,Airtel,POS,Success,Hyderabad,POS
TXN000006325,ACC0000988,2025-08-18,Credit,71762.46,BigBasket,POS,Success,Bengaluru,Web
TXN000006326,ACC0000106,2024-05-21,Credit,99310.99,Electricity Board,RTGS,Success,Bhopal,Branch
TXN000006327,ACC0001086,2024-09-17,Debit,49438.32,Jio,RTGS,Success,Bengaluru,Branch
TXN000006328,ACC0000803,2024-07-04,Credit,46843.91,Uber,ATM,Success,Mumbai,POS
TXN000006329,ACC0000048,2024-08-17,Credit,111896.17,Swiggy,UPI,Pending,Jaipur,Mobile
TXN000006330,ACC0001236,2025-03-17,Debit,3929.51,Fuel Station,UPI,Success,Hyderabad,Mobile
TXN000006331,ACC0000329,2025-09-22,Credit,142324.04,Reliance Digital,POS,Success,Bhopal,Mobile
TXN000006332,ACC0000760,2024-08-13,Credit,26288.15,Airtel,Cheque,Success,Pune,Mobile
TXN000006333,ACC0001127,2024-05-05,Debit,146239.24,DMart,ATM,Pending,Chandigarh,POS
TXN000006334,ACC0001309,2025-11-04,Debit,54376.52,Uber,Cheque,Success,Hyderabad,POS
TXN000006335,ACC0001179,2025-08-16,Credit,33583.31,Swiggy,POS,Success,Pune,ATM
TXN000006336,ACC0000307,2025-07-17,Debit,72472.99,Ola,NEFT,Success,Delhi,ATM
TXN000006337,ACC0000261,2024-04-27,Debit,28118.81,Reliance Digital,NetBanking,Success,Hyderabad,Branch
TXN000006338,ACC0001359,2025-11-17,Credit,12743.49,Reliance Digital,POS,Success,Bengaluru,POS
TXN000006339,ACC0000739,2026-01-23,Debit,39988.92,Amazon,POS,Success,Chennai,ATM
TXN000006340,ACC0000485,2024-07-05,Debit,13061.47,Fuel Station,UPI,Success,Jaipur,Web
TXN000006341,ACC0000880,2026-05-09,Debit,63270.35,Flipkart,ATM,Success,Lucknow,ATM
TXN000006342,ACC0000078,2025-09-07,Debit,145405.59,Electricity Board,NetBanking,Success,Bengaluru,POS
TXN000006343,ACC0000848,2024-08-25,Debit,43756.66,Reliance Digital,POS,Success,Bengaluru,Branch
TXN000006344,ACC0001139,2025-11-02,Debit,46060.61,Jio,IMPS,Success,Pune,Branch
TXN000006345,ACC0001141,2024-04-25,Credit,37146.49,Netflix,RTGS,Success,Pune,Web
TXN000006346,ACC0000133,2024-08-05,Debit,29223.05,Airtel,IMPS,Success,Bhopal,POS
TXN000006347,ACC0000684,2024-03-18,Debit,146553.99,Fuel Station,ATM,Success,Delhi,POS
TXN000006348,ACC0000380,2024-05-11,Debit,94547.51,BigBasket,Cheque,Success,Hyderabad,Mobile
TXN000006349,ACC0000612,2025-10-27,Credit,27182.87,Airtel,ATM,Success,Kochi,ATM
TXN000006350,ACC0000805,2025-12-03,Credit,17644.51,Uber,NetBanking,Failed,Delhi,Mobile
TXN000006351,ACC0000868,2024-01-19,Credit,17232.16,Insurance Premium,ATM,Success,Bengaluru,Branch
TXN000006352,ACC0000624,2025-02-17,Debit,81877.81,Swiggy,POS,Success,Kochi,Branch
TXN000006353,ACC0000669,2025-10-10,Credit,7397.05,School Fees,UPI,Success,Hyderabad,Mobile
TXN000006354,ACC0000822,2025-05-04,Debit,52040.52,BigBasket,UPI,Pending,Lucknow,POS
TXN000006355,ACC0000953,2025-10-03,Debit,9151.13,Fuel Station,NEFT,Success,Delhi,Mobile
TXN000006356,ACC0001200,2025-12-10,Credit,20094.28,Fuel Station,NEFT,Success,Hyderabad,ATM
TXN000006357,ACC0000790,2024-01-10,Debit,137621.89,Myntra,RTGS,Success,Bhopal,ATM
TXN000006358,ACC0001269,2024-12-25,Debit,9826.58,Uber,POS,Success,Bhopal,Mobile
TXN000006359,ACC0000808,2024-11-27,Debit,129856.28,Swiggy,POS,Success,Chennai,Web
TXN000006360,ACC0000971,2025-09-14,Debit,99876.29,Amazon,NEFT,Success,Chandigarh,Mobile
TXN000006361,ACC0000690,2025-02-04,Credit,93901.26,Uber,ATM,Success,Delhi,ATM
TXN000006362,ACC0000337,2026-05-09,Credit,147859.8,DMart,UPI,Success,Chandigarh,Branch
TXN000006363,ACC0001330,2025-06-23,Credit,146136.04,IRCTC,RTGS,Success,Ahmedabad,ATM
TXN000006364,ACC0001051,2025-12-03,Debit,112297.24,School Fees,RTGS,Success,Chennai,POS
TXN000006365,ACC0000832,2025-05-22,Credit,76342.95,Myntra,ATM,Failed,Chennai,Branch
TXN000006366,ACC0000135,2024-04-25,Debit,139013.1,BigBasket,Cheque,Success,Jaipur,Web
TXN000006367,ACC0000296,2025-08-21,Debit,74975.32,Ola,IMPS,Failed,Jaipur,Mobile
TXN000006368,ACC0000403,2026-01-07,Credit,1109.33,Reliance Digital,UPI,Success,Delhi,Branch
TXN000006369,ACC0000634,2025-12-18,Credit,91288.31,Zomato,RTGS,Success,Bhopal,POS
TXN000006370,ACC0000209,2024-12-09,Credit,17304.79,Insurance Premium,UPI,Failed,Delhi,Web
TXN000006371,ACC0000535,2025-12-20,Debit,134245.94,Reliance Digital,NetBanking,Success,Bengaluru,Branch
TXN000006372,ACC0000851,2024-07-02,Debit,147705.78,IRCTC,NEFT,Success,Bengaluru,Web
TXN000006373,ACC0000383,2026-01-06,Credit,134300.88,Netflix,POS,Failed,Mumbai,POS
TXN000006374,ACC0000400,2026-01-03,Credit,135003.91,Electricity Board,NetBanking,Success,Chennai,POS
TXN000006375,ACC0000114,2025-02-23,Credit,58863.73,Airtel,NetBanking,Success,Hyderabad,Mobile
TXN000006376,ACC0000056,2024-09-10,Debit,91260.59,Electricity Board,Cheque,Success,Pune,ATM
TXN000006377,ACC0000921,2024-09-29,Credit,12085.21,IRCTC,IMPS,Success,Chennai,Branch
TXN000006378,ACC0000482,2025-05-01,Debit,104178.29,BigBasket,ATM,Success,Bengaluru,Mobile
TXN000006379,ACC0000711,2025-09-09,Credit,122994.08,Airtel,ATM,Success,Chennai,POS
TXN000006380,ACC0000228,2025-10-21,Debit,149488.72,BigBasket,NEFT,Success,Chennai,Web
TXN000006381,ACC0000653,2025-10-19,Debit,119943.42,BigBasket,NetBanking,Success,Hyderabad,Web
TXN000006382,ACC0001302,2024-05-25,Credit,79955.1,Airtel,NEFT,Success,Lucknow,ATM
TXN000006383,ACC0000293,2025-09-07,Debit,148897.11,Amazon,POS,Success,Ahmedabad,Mobile
TXN000006384,ACC0001051,2024-04-20,Credit,77634.25,Amazon,RTGS,Success,Chennai,ATM
TXN000006385,ACC0001219,2025-04-06,Credit,8663.22,Ola,IMPS,Success,Lucknow,ATM
TXN000006386,ACC0001029,2025-06-08,Credit,21799.19,Electricity Board,UPI,Failed,Delhi,Web
TXN000006387,ACC0000301,2024-12-27,Credit,93324.06,BigBasket,UPI,Success,Jaipur,Web
TXN000006388,ACC0001242,2024-01-27,Debit,45385.25,Airtel,IMPS,Failed,Hyderabad,Mobile
TXN000006389,ACC0000865,2026-05-19,Debit,132166.96,Swiggy,IMPS,Success,Pune,Web
TXN000006390,ACC0000448,2025-06-02,Debit,131549.67,Amazon,UPI,Success,Jaipur,Mobile
TXN000006391,ACC0000632,2024-09-21,Debit,44234.09,Zomato,NEFT,Success,Pune,Branch
TXN000006392,ACC0001099,2026-03-11,Credit,14921.59,School Fees,UPI,Success,Lucknow,ATM
TXN000006393,ACC0001196,2024-06-09,Credit,84771.19,Airtel,ATM,Success,Chandigarh,Mobile
TXN000006394,ACC0000986,2025-03-13,Debit,17400.62,Airtel,UPI,Success,Mumbai,Branch
TXN000006395,ACC0000549,2024-03-29,Debit,115448.33,Fuel Station,ATM,Success,Jaipur,Web
TXN000006396,ACC0001322,2024-02-21,Debit,54094.26,Insurance Premium,UPI,Success,Ahmedabad,ATM
TXN000006397,ACC0000588,2024-09-02,Credit,131937.06,Insurance Premium,RTGS,Success,Delhi,Mobile
TXN000006398,ACC0001188,2024-07-23,Credit,126339.6,Reliance Digital,NEFT,Success,Bhopal,POS
TXN000006399,ACC0000493,2024-11-26,Debit,78561.35,BigBasket,ATM,Success,Ahmedabad,Web
TXN000006400,ACC0000805,2025-02-02,Credit,108057.39,DMart,NEFT,Success,Ahmedabad,Mobile
TXN000006401,ACC0000087,2024-01-01,Debit,75133.32,Insurance Premium,RTGS,Success,Delhi,POS
TXN000006402,ACC0001211,2024-05-06,Debit,93821.78,Uber,NEFT,Success,Bhopal,Web
TXN000006403,ACC0000569,2024-02-02,Debit,78863.59,Fuel Station,NEFT,Success,Bhopal,ATM
TXN000006404,ACC0000641,2024-01-19,Credit,116102.27,Insurance Premium,POS,Failed,Jaipur,POS
TXN000006405,ACC0001348,2026-03-07,Debit,4029.11,Insurance Premium,Cheque,Failed,Ahmedabad,Mobile
TXN000006406,ACC0000119,2024-07-13,Credit,144924.12,School Fees,POS,Success,Chandigarh,POS
TXN000006407,ACC0000944,2024-04-02,Debit,86801.14,DMart,IMPS,Success,Lucknow,Mobile
TXN000006408,ACC0000667,2025-01-20,Debit,44075.99,Jio,NEFT,Pending,Chennai,ATM
TXN000006409,ACC0001186,2024-07-22,Debit,100400.13,Electricity Board,IMPS,Success,Chennai,POS
TXN000006410,ACC0000190,2025-01-17,Credit,37140.18,Zomato,POS,Success,Chennai,Mobile
TXN000006411,ACC0001295,2024-10-24,Debit,52466.89,Netflix,RTGS,Success,Bengaluru,Mobile
TXN000006412,ACC0000585,2026-04-19,Debit,108487.28,BigBasket,NetBanking,Success,Pune,Mobile
TXN000006413,ACC0001144,2026-03-02,Debit,132235.79,Uber,UPI,Success,Chandigarh,Branch
TXN000006414,ACC0000093,2024-04-02,Credit,81172.49,Myntra,Cheque,Failed,Kochi,Web
TXN000006415,ACC0000435,2024-01-19,Credit,23739.62,Amazon,RTGS,Success,Kochi,Branch
TXN000006416,ACC0001041,2025-08-02,Debit,71382.47,Swiggy,POS,Success,Pune,Web
TXN000006417,ACC0000216,2025-02-21,Debit,113952.11,Zomato,RTGS,Failed,Mumbai,POS
TXN000006418,ACC0000165,2025-12-28,Debit,69361.6,Jio,UPI,Failed,Lucknow,ATM
TXN000006419,ACC0000182,2024-02-21,Credit,19356.95,Ola,ATM,Success,Jaipur,POS
TXN000006420,ACC0000280,2024-03-02,Debit,97305.13,Insurance Premium,IMPS,Success,Ahmedabad,POS
TXN000006421,ACC0001276,2025-12-09,Debit,44107.51,Uber,UPI,Success,Delhi,POS
TXN000006422,ACC0001266,2024-06-27,Debit,86652.51,Jio,NetBanking,Success,Ahmedabad,Web
TXN000006423,ACC0001324,2025-06-02,Credit,37821.39,Myntra,POS,Success,Bhopal,Mobile
TXN000006424,ACC0000064,2024-07-02,Debit,130174.41,Netflix,Cheque,Success,Chennai,POS
TXN000006425,ACC0000393,2024-10-03,Credit,56279.85,Swiggy,Cheque,Success,Lucknow,POS
TXN000006426,ACC0001069,2025-09-15,Debit,71360.5,DMart,NetBanking,Success,Ahmedabad,Mobile
TXN000006427,ACC0001229,2026-05-17,Credit,6687.24,Electricity Board,ATM,Success,Hyderabad,Branch
TXN000006428,ACC0001008,2024-12-21,Debit,38661.14,Ola,NetBanking,Success,Chandigarh,Web
TXN000006429,ACC0000620,2024-05-05,Debit,140000.18,Flipkart,NEFT,Success,Mumbai,Web
TXN000006430,ACC0001188,2025-08-12,Credit,30187.07,Uber,IMPS,Success,Lucknow,Branch
TXN000006431,ACC0001027,2025-09-08,Credit,50369.9,Fuel Station,IMPS,Success,Jaipur,Branch
TXN000006432,ACC0000280,2025-09-11,Credit,132199.51,Zomato,NetBanking,Success,Mumbai,ATM
TXN000006433,ACC0000762,2025-08-07,Debit,98119.01,Jio,Cheque,Success,Hyderabad,Web
TXN000006434,ACC0001067,2025-06-23,Debit,106327.84,Amazon,NetBanking,Success,Lucknow,Web
TXN000006435,ACC0000407,2025-05-09,Debit,148623.53,Electricity Board,NEFT,Success,Lucknow,Web
TXN000006436,ACC0000404,2024-07-05,Debit,145517.46,School Fees,NEFT,Success,Delhi,Web
TXN000006437,ACC0000887,2025-06-01,Debit,90866.73,Insurance Premium,NEFT,Pending,Mumbai,Mobile
TXN000006438,ACC0000368,2026-03-11,Credit,118121.1,Insurance Premium,Cheque,Success,Chennai,Web
TXN000006439,ACC0000138,2026-03-03,Credit,53274.58,Airtel,NEFT,Success,Kochi,POS
TXN000006440,ACC0001034,2025-09-16,Debit,26798.69,Fuel Station,NEFT,Success,Lucknow,Branch
TXN000006441,ACC0000544,2024-03-20,Debit,81876.87,Swiggy,NEFT,Success,Mumbai,POS
TXN000006442,ACC0001145,2025-12-02,Credit,65502.18,Amazon,NEFT,Success,Bengaluru,POS
TXN000006443,ACC0000229,2024-09-29,Credit,72535.84,DMart,ATM,Pending,Delhi,Mobile
TXN000006444,ACC0000695,2025-12-03,Debit,42555.97,Reliance Digital,RTGS,Failed,Ahmedabad,ATM
TXN000006445,ACC0001196,2025-04-15,Credit,131943.55,Flipkart,POS,Success,Mumbai,POS
TXN000006446,ACC0000878,2025-04-02,Debit,109552.45,BigBasket,NetBanking,Success,Jaipur,POS
TXN000006447,ACC0000408,2025-03-08,Credit,66701.0,IRCTC,NetBanking,Success,Chandigarh,Branch
TXN000006448,ACC0001276,2025-05-06,Credit,107514.34,Ola,POS,Success,Ahmedabad,Branch
TXN000006449,ACC0001323,2025-07-17,Credit,124105.85,IRCTC,NetBanking,Success,Bhopal,Mobile
TXN000006450,ACC0000825,2026-03-01,Debit,84119.73,Amazon,ATM,Success,Ahmedabad,Branch
TXN000006451,ACC0001139,2024-08-11,Debit,109261.36,Flipkart,RTGS,Success,Mumbai,Mobile
TXN000006452,ACC0000441,2024-02-04,Debit,59043.42,IRCTC,POS,Success,Hyderabad,POS
TXN000006453,ACC0000574,2024-03-23,Debit,116666.11,Amazon,NetBanking,Success,Ahmedabad,ATM
TXN000006454,ACC0000397,2024-09-10,Debit,141131.79,Myntra,Cheque,Success,Bengaluru,Web
TXN000006455,ACC0000162,2025-12-30,Credit,100986.56,Amazon,ATM,Failed,Ahmedabad,ATM
TXN000006456,ACC0000727,2024-04-21,Debit,37452.81,IRCTC,UPI,Success,Hyderabad,Mobile
TXN000006457,ACC0001114,2024-10-22,Credit,30076.36,Electricity Board,NEFT,Success,Pune,Mobile
TXN000006458,ACC0000276,2026-04-20,Debit,114768.99,Netflix,Cheque,Success,Lucknow,Web
TXN000006459,ACC0000888,2025-06-28,Credit,90701.97,Ola,RTGS,Failed,Delhi,Web
TXN000006460,ACC0001017,2025-01-01,Credit,52592.89,School Fees,IMPS,Success,Chennai,POS
TXN000006461,ACC0000314,2024-01-08,Credit,137861.95,Electricity Board,POS,Success,Bengaluru,Web
TXN000006462,ACC0000789,2025-02-23,Credit,86431.11,Swiggy,RTGS,Reversed,Pune,Mobile
TXN000006463,ACC0000293,2026-01-14,Credit,129332.42,Netflix,POS,Success,Bengaluru,Branch
TXN000006464,ACC0000801,2025-12-09,Debit,66948.87,Flipkart,UPI,Success,Hyderabad,Branch
TXN000006465,ACC0000983,2025-05-30,Debit,119457.97,School Fees,IMPS,Success,Pune,Branch
TXN000006466,ACC0000192,2026-01-24,Credit,139714.66,IRCTC,IMPS,Success,Bengaluru,ATM
TXN000006467,ACC0000172,2024-04-23,Credit,42586.3,Jio,POS,Failed,Chandigarh,POS
TXN000006468,ACC0000121,2024-09-28,Credit,61610.93,BigBasket,NEFT,Success,Jaipur,Mobile
TXN000006469,ACC0000338,2026-01-31,Debit,129329.22,BigBasket,IMPS,Success,Delhi,Web
TXN000006470,ACC0000728,2024-11-11,Debit,133170.34,Insurance Premium,IMPS,Success,Lucknow,Branch
TXN000006471,ACC0001055,2025-08-07,Debit,42809.84,DMart,NetBanking,Success,Kochi,Mobile
TXN000006472,ACC0000264,2025-07-30,Credit,146822.42,Swiggy,RTGS,Success,Bhopal,ATM
TXN000006473,ACC0001351,2025-04-26,Debit,13754.95,Uber,IMPS,Success,Delhi,Branch
TXN000006474,ACC0000161,2025-08-04,Credit,70576.71,Airtel,IMPS,Success,Mumbai,Branch
TXN000006475,ACC0000827,2025-07-03,Debit,51499.64,IRCTC,NetBanking,Success,Mumbai,Branch
TXN000006476,ACC0000595,2025-11-17,Debit,72903.37,Myntra,NEFT,Success,Chennai,POS
TXN000006477,ACC0000545,2024-03-04,Credit,2014.05,BigBasket,RTGS,Success,Jaipur,POS
TXN000006478,ACC0000207,2025-11-24,Debit,45917.98,Airtel,Cheque,Success,Chennai,Branch
TXN000006479,ACC0000345,2025-06-08,Credit,55555.91,Fuel Station,IMPS,Success,Pune,Branch
TXN000006480,ACC0000007,2024-05-30,Credit,54746.26,Uber,NEFT,Success,Kochi,ATM
TXN000006481,ACC0001317,2024-01-11,Debit,48692.89,IRCTC,IMPS,Success,Chandigarh,Web
TXN000006482,ACC0000593,2025-04-06,Credit,25227.23,IRCTC,POS,Success,Chennai,POS
TXN000006483,ACC0000459,2026-01-03,Credit,119188.18,Netflix,Cheque,Success,Hyderabad,Branch
TXN000006484,ACC0001064,2026-04-27,Debit,121813.19,Netflix,UPI,Success,Hyderabad,Mobile
TXN000006485,ACC0001247,2024-06-11,Debit,69266.7,Jio,Cheque,Success,Bengaluru,POS
TXN000006486,ACC0000813,2024-05-20,Credit,85937.23,Electricity Board,POS,Success,Chennai,Mobile
TXN000006487,ACC0000858,2024-11-09,Credit,85416.17,DMart,ATM,Success,Bengaluru,Web
TXN000006488,ACC0000036,2024-02-22,Credit,99471.42,Swiggy,NEFT,Success,Jaipur,Web
TXN000006489,ACC0000506,2025-06-11,Debit,82863.3,Ola,NetBanking,Success,Kochi,ATM
TXN000006490,ACC0000989,2026-01-22,Credit,148897.32,Electricity Board,NEFT,Success,Chandigarh,Web
TXN000006491,ACC0001172,2024-07-06,Debit,121848.62,IRCTC,NEFT,Success,Chennai,Web
TXN000006492,ACC0001347,2024-11-20,Debit,4913.88,Myntra,UPI,Success,Hyderabad,ATM
TXN000006493,ACC0000621,2026-01-11,Debit,38218.15,Jio,ATM,Success,Chandigarh,Mobile
TXN000006494,ACC0000156,2025-09-22,Credit,66481.28,Flipkart,POS,Success,Mumbai,Web
TXN000006495,ACC0000351,2025-10-03,Credit,133266.36,BigBasket,POS,Success,Kochi,ATM
TXN000006496,ACC0000211,2026-04-30,Credit,3012.85,Ola,ATM,Failed,Chennai,ATM
TXN000006497,ACC0000469,2024-06-04,Debit,83926.1,Zomato,ATM,Success,Delhi,Branch
TXN000006498,ACC0000526,2025-05-11,Debit,92435.66,Flipkart,POS,Success,Chandigarh,Web
TXN000006499,ACC0000668,2024-10-02,Debit,49885.53,Swiggy,NetBanking,Success,Kochi,POS
TXN000006500,ACC0000328,2024-12-31,Debit,66557.7,Flipkart,UPI,Success,Chandigarh,POS
TXN000006501,ACC0000325,2025-11-01,Credit,28480.21,Amazon,UPI,Pending,Mumbai,ATM
TXN000006502,ACC0000991,2026-02-24,Debit,149175.66,Electricity Board,NEFT,Success,Lucknow,POS
TXN000006503,ACC0001101,2025-11-23,Debit,8300.84,DMart,UPI,Success,Ahmedabad,Web
TXN000006504,ACC0000989,2026-04-28,Credit,96174.41,Electricity Board,NEFT,Success,Bhopal,Mobile
TXN000006505,ACC0000205,2024-01-24,Debit,13501.08,Ola,ATM,Success,Lucknow,Mobile
TXN000006506,ACC0001104,2024-03-03,Credit,38245.33,IRCTC,UPI,Success,Jaipur,POS
TXN000006507,ACC0000202,2024-12-06,Debit,81531.57,Reliance Digital,NetBanking,Reversed,Mumbai,ATM
TXN000006508,ACC0001023,2025-08-25,Credit,146895.75,Jio,Cheque,Reversed,Bengaluru,Branch
TXN000006509,ACC0001084,2025-05-01,Debit,127116.51,Swiggy,Cheque,Success,Bengaluru,ATM
TXN000006510,ACC0001104,2025-10-20,Debit,106973.88,Insurance Premium,NEFT,Success,Pune,Web
TXN000006511,ACC0001030,2026-04-14,Debit,9451.52,School Fees,NetBanking,Success,Delhi,POS
TXN000006512,ACC0000729,2025-03-01,Credit,99395.26,Fuel Station,NetBanking,Success,Kochi,ATM
TXN000006513,ACC0001250,2026-01-28,Debit,454.02,Ola,NEFT,Failed,Jaipur,ATM
TXN000006514,ACC0001221,2025-01-01,Debit,13008.47,Reliance Digital,ATM,Success,Chandigarh,Branch
TXN000006515,ACC0000297,2026-05-13,Debit,20866.6,Myntra,NetBanking,Success,Lucknow,ATM
TXN000006516,ACC0001058,2026-04-15,Debit,117931.85,Amazon,UPI,Reversed,Kochi,Web
TXN000006517,ACC0001031,2026-04-21,Debit,17915.08,Amazon,ATM,Success,Hyderabad,ATM
TXN000006518,ACC0001209,2024-10-04,Debit,96398.91,Flipkart,ATM,Failed,Lucknow,Mobile
TXN000006519,ACC0000432,2024-01-03,Debit,45781.65,DMart,NEFT,Success,Delhi,Branch
TXN000006520,ACC0000730,2025-05-07,Debit,95666.39,Flipkart,NEFT,Success,Mumbai,ATM
TXN000006521,ACC0001040,2025-05-31,Credit,137742.51,IRCTC,ATM,Reversed,Jaipur,Mobile
TXN000006522,ACC0001272,2024-06-04,Credit,34697.67,Amazon,NEFT,Pending,Mumbai,Web
TXN000006523,ACC0000263,2024-09-12,Credit,115314.98,Airtel,ATM,Success,Pune,ATM
TXN000006524,ACC0000168,2025-07-27,Credit,29792.23,Uber,ATM,Success,Chandigarh,ATM
TXN000006525,ACC0001131,2025-09-02,Credit,119473.12,Jio,POS,Reversed,Bhopal,ATM
TXN000006526,ACC0000476,2024-11-25,Debit,137126.17,Ola,NetBanking,Success,Jaipur,ATM
TXN000006527,ACC0000127,2025-02-23,Debit,148701.27,Uber,Cheque,Success,Chennai,Web
TXN000006528,ACC0000593,2026-04-18,Debit,60763.85,School Fees,RTGS,Success,Pune,Branch
TXN000006529,ACC0001215,2024-12-02,Debit,16125.3,Insurance Premium,UPI,Success,Kochi,Web
TXN000006530,ACC0000304,2025-10-13,Debit,87676.55,DMart,NetBanking,Success,Hyderabad,Mobile
TXN000006531,ACC0000145,2025-06-16,Debit,134509.24,Zomato,NEFT,Success,Ahmedabad,Branch
TXN000006532,ACC0001278,2024-09-06,Credit,83115.36,DMart,IMPS,Success,Ahmedabad,ATM
TXN000006533,ACC0001149,2024-04-29,Credit,39298.64,BigBasket,NetBanking,Success,Delhi,Mobile
TXN000006534,ACC0000787,2024-04-06,Credit,47077.26,Reliance Digital,IMPS,Failed,Bengaluru,Web
TXN000006535,ACC0000851,2025-01-23,Credit,115634.36,Netflix,RTGS,Success,Bhopal,POS
TXN000006536,ACC0001260,2024-06-02,Credit,7161.55,Flipkart,ATM,Success,Bengaluru,Branch
TXN000006537,ACC0000298,2025-11-28,Credit,101685.56,BigBasket,RTGS,Success,Kochi,Branch
TXN000006538,ACC0000187,2024-10-18,Credit,60208.81,Flipkart,ATM,Success,Lucknow,Mobile
TXN000006539,ACC0001083,2025-09-17,Debit,20686.86,BigBasket,Cheque,Success,Lucknow,ATM
TXN000006540,ACC0000859,2025-01-01,Credit,54408.37,Electricity Board,UPI,Reversed,Chandigarh,ATM
TXN000006541,ACC0000216,2024-01-28,Debit,66193.66,BigBasket,RTGS,Success,Delhi,Web
TXN000006542,ACC0000379,2025-01-04,Credit,63204.96,Fuel Station,NetBanking,Success,Hyderabad,ATM
TXN000006543,ACC0000635,2025-12-01,Debit,27407.18,Netflix,POS,Success,Chennai,Web
TXN000006544,ACC0000207,2025-09-08,Debit,19524.19,Electricity Board,POS,Success,Pune,Branch
TXN000006545,ACC0000210,2025-10-15,Credit,5588.8,Uber,IMPS,Success,Lucknow,Web
TXN000006546,ACC0000819,2026-04-03,Credit,22376.86,Swiggy,POS,Success,Mumbai,Branch
TXN000006547,ACC0001326,2024-10-25,Credit,81346.08,Netflix,RTGS,Success,Mumbai,Web
TXN000006548,ACC0000664,2025-01-15,Debit,44280.79,Ola,Cheque,Success,Delhi,ATM
TXN000006549,ACC0000224,2024-11-25,Debit,51767.13,BigBasket,ATM,Pending,Ahmedabad,Mobile
TXN000006550,ACC0000970,2026-04-22,Credit,45225.02,BigBasket,IMPS,Success,Ahmedabad,POS
TXN000006551,ACC0000311,2024-03-28,Debit,118332.61,School Fees,Cheque,Success,Hyderabad,Web
TXN000006552,ACC0000480,2024-12-19,Credit,63543.52,Fuel Station,NetBanking,Success,Pune,Branch
TXN000006553,ACC0000269,2024-06-06,Debit,732.38,Zomato,Cheque,Success,Delhi,ATM
TXN000006554,ACC0000936,2024-03-30,Debit,4186.02,IRCTC,UPI,Success,Bhopal,Branch
TXN000006555,ACC0000140,2024-10-04,Debit,97561.82,School Fees,RTGS,Success,Bhopal,Mobile
TXN000006556,ACC0000189,2025-07-17,Debit,85819.55,DMart,POS,Success,Pune,Web
TXN000006557,ACC0001388,2024-09-17,Credit,59521.5,Amazon,NetBanking,Success,Pune,ATM
TXN000006558,ACC0000630,2025-09-13,Debit,136696.21,Amazon,UPI,Success,Ahmedabad,Branch
TXN000006559,ACC0000021,2025-05-26,Debit,10416.88,IRCTC,Cheque,Failed,Mumbai,ATM
TXN000006560,ACC0000507,2024-06-05,Debit,61979.98,School Fees,IMPS,Success,Bengaluru,Branch
TXN000006561,ACC0000025,2024-11-23,Credit,76376.2,Reliance Digital,NEFT,Success,Pune,POS
TXN000006562,ACC0000545,2024-03-03,Debit,39869.25,Uber,NEFT,Success,Chennai,Branch
TXN000006563,ACC0000884,2026-03-03,Debit,23516.43,Flipkart,ATM,Success,Bengaluru,Branch
TXN000006564,ACC0000691,2025-08-22,Debit,74954.02,Fuel Station,IMPS,Success,Delhi,Web
TXN000006565,ACC0001371,2026-04-25,Debit,142211.43,BigBasket,NEFT,Success,Mumbai,POS
TXN000006566,ACC0001320,2025-08-28,Debit,23995.8,DMart,UPI,Success,Hyderabad,POS
TXN000006567,ACC0000704,2026-05-04,Debit,96800.36,IRCTC,UPI,Success,Bengaluru,Mobile
TXN000006568,ACC0001350,2024-05-05,Debit,131649.92,Netflix,POS,Success,Lucknow,Web
TXN000006569,ACC0000389,2025-04-10,Debit,10989.66,Zomato,Cheque,Success,Bhopal,POS
TXN000006570,ACC0000993,2025-10-19,Debit,94548.46,Insurance Premium,RTGS,Success,Jaipur,Mobile
TXN000006571,ACC0000754,2026-02-16,Debit,112736.15,Flipkart,POS,Success,Bengaluru,Mobile
TXN000006572,ACC0000195,2026-01-07,Debit,49679.98,Airtel,RTGS,Success,Kochi,Web
TXN000006573,ACC0000675,2024-02-19,Debit,68808.48,Zomato,ATM,Failed,Pune,Branch
TXN000006574,ACC0001330,2025-04-09,Debit,22167.79,Uber,NetBanking,Success,Hyderabad,Branch
TXN000006575,ACC0000623,2024-06-14,Credit,113665.44,School Fees,RTGS,Success,Bengaluru,Mobile
TXN000006576,ACC0000403,2024-08-03,Credit,100912.43,IRCTC,IMPS,Success,Chennai,Branch
TXN000006577,ACC0001121,2024-01-13,Credit,96387.46,Uber,POS,Success,Chennai,Branch
TXN000006578,ACC0000806,2024-06-22,Debit,27789.32,Insurance Premium,IMPS,Success,Lucknow,Web
TXN000006579,ACC0000992,2024-07-21,Credit,115993.12,Uber,Cheque,Success,Chandigarh,Mobile
TXN000006580,ACC0000544,2025-12-22,Debit,79878.8,Uber,ATM,Success,Lucknow,ATM
TXN000006581,ACC0000299,2024-12-10,Debit,122745.18,Airtel,ATM,Success,Chennai,POS
TXN000006582,ACC0000334,2024-12-23,Debit,144126.65,Jio,POS,Success,Kochi,ATM
TXN000006583,ACC0000889,2026-02-04,Debit,134497.89,Uber,NEFT,Pending,Mumbai,Mobile
TXN000006584,ACC0001038,2026-04-16,Debit,102113.41,Fuel Station,NEFT,Success,Bengaluru,Web
TXN000006585,ACC0000688,2025-02-07,Debit,97201.12,Reliance Digital,NEFT,Success,Chandigarh,Branch
TXN000006586,ACC0000567,2025-11-20,Debit,131440.77,Ola,POS,Success,Jaipur,ATM
TXN000006587,ACC0001376,2025-12-15,Debit,50126.03,Myntra,UPI,Success,Mumbai,ATM
TXN000006588,ACC0000874,2026-01-21,Debit,41991.49,Netflix,NEFT,Reversed,Hyderabad,Mobile
TXN000006589,ACC0001192,2024-05-24,Credit,127827.23,Fuel Station,RTGS,Success,Kochi,Branch
TXN000006590,ACC0000985,2024-11-12,Debit,115194.51,Ola,NEFT,Success,Chennai,Branch
TXN000006591,ACC0000340,2025-08-18,Debit,101387.3,Netflix,RTGS,Success,Mumbai,Branch
TXN000006592,ACC0000966,2025-09-25,Debit,52745.33,Ola,NEFT,Success,Lucknow,Branch
TXN000006593,ACC0000556,2024-01-13,Debit,51184.06,IRCTC,IMPS,Success,Ahmedabad,Branch
TXN000006594,ACC0000138,2025-11-09,Debit,110834.17,School Fees,Cheque,Failed,Kochi,Mobile
TXN000006595,ACC0000154,2024-01-06,Credit,47362.79,Electricity Board,NEFT,Success,Mumbai,POS
TXN000006596,ACC0000904,2026-04-10,Debit,84660.43,Airtel,Cheque,Success,Mumbai,Mobile
TXN000006597,ACC0000619,2025-03-12,Debit,100783.39,Flipkart,UPI,Success,Bengaluru,ATM
TXN000006598,ACC0001020,2024-09-18,Debit,21654.19,Amazon,RTGS,Success,Lucknow,Branch
TXN000006599,ACC0001234,2025-04-13,Debit,75626.49,Netflix,IMPS,Success,Delhi,Branch
TXN000006600,ACC0000692,2026-05-04,Credit,60947.41,Ola,RTGS,Success,Bengaluru,POS
TXN000006601,ACC0001232,2025-12-07,Credit,136509.09,Zomato,UPI,Success,Mumbai,Mobile
TXN000006602,ACC0000830,2025-02-28,Credit,20927.37,DMart,Cheque,Success,Ahmedabad,ATM
TXN000006603,ACC0000375,2024-11-09,Debit,140990.8,Jio,POS,Success,Pune,ATM
TXN000006604,ACC0000842,2025-11-05,Debit,55680.36,Netflix,Cheque,Success,Ahmedabad,ATM
TXN000006605,ACC0000739,2024-06-16,Debit,110339.26,BigBasket,NEFT,Success,Mumbai,Branch
TXN000006606,ACC0000575,2025-02-27,Debit,126218.39,Airtel,IMPS,Success,Delhi,POS
TXN000006607,ACC0001199,2024-02-22,Debit,54160.33,Airtel,RTGS,Success,Jaipur,POS
TXN000006608,ACC0000281,2024-11-21,Debit,270.97,Uber,IMPS,Success,Bengaluru,Branch
TXN000006609,ACC0000565,2025-05-10,Credit,18139.25,DMart,ATM,Success,Bengaluru,ATM
TXN000006610,ACC0000537,2025-02-25,Credit,120106.98,School Fees,ATM,Success,Mumbai,ATM
TXN000006611,ACC0000046,2024-11-05,Credit,141627.35,Zomato,IMPS,Success,Bhopal,Branch
TXN000006612,ACC0000049,2026-01-29,Credit,148577.35,Amazon,POS,Success,Bhopal,Mobile
TXN000006613,ACC0000108,2025-03-17,Debit,99103.81,Zomato,UPI,Success,Chandigarh,Mobile
TXN000006614,ACC0000313,2024-02-22,Credit,97481.71,Uber,NEFT,Success,Pune,POS
TXN000006615,ACC0001037,2024-10-25,Debit,103272.23,Jio,UPI,Success,Bengaluru,Branch
TXN000006616,ACC0000091,2024-02-01,Debit,142504.85,Swiggy,NEFT,Success,Kochi,Branch
TXN000006617,ACC0000689,2024-05-23,Credit,12802.3,Electricity Board,IMPS,Success,Bengaluru,ATM
TXN000006618,ACC0000245,2026-02-24,Credit,84625.6,Fuel Station,Cheque,Failed,Mumbai,Branch
TXN000006619,ACC0000094,2025-12-08,Credit,16501.35,Reliance Digital,UPI,Success,Mumbai,Mobile
TXN000006620,ACC0001056,2025-08-20,Debit,40760.22,Airtel,IMPS,Success,Chennai,Mobile
TXN000006621,ACC0000018,2025-11-15,Debit,31725.86,Swiggy,RTGS,Success,Pune,ATM
TXN000006622,ACC0000788,2024-11-02,Debit,42604.56,Fuel Station,Cheque,Success,Jaipur,POS
TXN000006623,ACC0001296,2026-03-06,Credit,60818.06,BigBasket,NetBanking,Success,Chennai,ATM
TXN000006624,ACC0000783,2024-07-07,Credit,94135.24,Myntra,NetBanking,Success,Bhopal,Mobile
TXN000006625,ACC0001051,2025-03-26,Debit,89508.98,Electricity Board,Cheque,Success,Bhopal,Web
TXN000006626,ACC0000600,2025-06-02,Credit,95776.07,Netflix,NEFT,Success,Bengaluru,ATM
TXN000006627,ACC0000457,2024-10-30,Credit,117516.75,Electricity Board,ATM,Success,Chennai,Mobile
TXN000006628,ACC0000709,2025-02-26,Debit,117825.39,School Fees,RTGS,Success,Delhi,Branch
TXN000006629,ACC0000365,2024-11-11,Credit,107710.02,Fuel Station,IMPS,Success,Kochi,Mobile
TXN000006630,ACC0000390,2024-11-29,Credit,7471.34,Netflix,ATM,Success,Bengaluru,ATM
TXN000006631,ACC0000606,2026-02-21,Debit,14056.9,IRCTC,ATM,Success,Mumbai,Branch
TXN000006632,ACC0001083,2026-01-06,Debit,23930.6,Insurance Premium,UPI,Success,Chandigarh,Web
TXN000006633,ACC0000789,2025-03-22,Debit,127867.72,Swiggy,RTGS,Success,Lucknow,ATM
TXN000006634,ACC0000397,2025-01-05,Credit,134148.53,Zomato,POS,Success,Bengaluru,POS
TXN000006635,ACC0000645,2025-12-14,Debit,1122.26,Swiggy,IMPS,Success,Hyderabad,Web
TXN000006636,ACC0000989,2024-12-12,Debit,59671.98,Airtel,NetBanking,Success,Bengaluru,Mobile
TXN000006637,ACC0000180,2026-01-07,Debit,73553.98,School Fees,UPI,Success,Kochi,Mobile
TXN000006638,ACC0000113,2024-08-05,Credit,84535.88,Amazon,RTGS,Success,Chennai,Mobile
TXN000006639,ACC0000772,2024-06-17,Debit,120782.26,BigBasket,ATM,Success,Chandigarh,POS
TXN000006640,ACC0000113,2024-07-11,Debit,77002.39,Uber,UPI,Success,Lucknow,ATM
TXN000006641,ACC0001372,2024-05-13,Credit,101494.36,Swiggy,UPI,Success,Pune,POS
TXN000006642,ACC0000445,2024-01-02,Credit,64552.55,Electricity Board,ATM,Success,Chandigarh,Web
TXN000006643,ACC0001271,2024-07-14,Credit,56131.2,Uber,NEFT,Success,Delhi,POS
TXN000006644,ACC0000991,2025-09-12,Credit,40774.44,Reliance Digital,RTGS,Success,Lucknow,Branch
TXN000006645,ACC0000886,2024-07-21,Debit,28462.73,Swiggy,NEFT,Success,Jaipur,POS
TXN000006646,ACC0000716,2025-08-31,Debit,135012.42,BigBasket,Cheque,Success,Kochi,POS
TXN000006647,ACC0000702,2024-08-29,Debit,74100.69,Uber,NEFT,Success,Jaipur,Web
TXN000006648,ACC0000765,2024-09-29,Credit,135176.31,Amazon,IMPS,Success,Lucknow,Web
TXN000006649,ACC0001176,2026-01-07,Credit,136842.91,Uber,POS,Success,Bhopal,ATM
TXN000006650,ACC0000572,2026-04-02,Credit,18937.95,School Fees,NetBanking,Success,Chandigarh,Web
TXN000006651,ACC0000973,2024-01-29,Debit,84867.25,Netflix,ATM,Success,Hyderabad,Mobile
TXN000006652,ACC0000976,2025-05-20,Debit,142988.11,Fuel Station,Cheque,Reversed,Delhi,ATM
TXN000006653,ACC0001366,2026-04-19,Debit,98277.35,Insurance Premium,IMPS,Success,Lucknow,POS
TXN000006654,ACC0000317,2024-02-18,Debit,51071.77,Reliance Digital,NEFT,Success,Hyderabad,Branch
TXN000006655,ACC0000581,2024-08-24,Debit,112091.79,Myntra,NetBanking,Success,Hyderabad,POS
TXN000006656,ACC0000771,2024-08-03,Debit,82514.29,Zomato,RTGS,Success,Hyderabad,Mobile
TXN000006657,ACC0000303,2024-12-22,Credit,50524.54,IRCTC,IMPS,Success,Ahmedabad,Web
TXN000006658,ACC0000217,2025-11-09,Credit,106110.2,BigBasket,UPI,Success,Delhi,POS
TXN000006659,ACC0000687,2026-03-12,Credit,72637.28,Insurance Premium,IMPS,Success,Delhi,Mobile
TXN000006660,ACC0001143,2025-05-31,Debit,83722.0,Fuel Station,UPI,Failed,Ahmedabad,POS
TXN000006661,ACC0000683,2024-08-13,Credit,137540.95,Electricity Board,NEFT,Success,Hyderabad,Web
TXN000006662,ACC0000065,2025-02-08,Credit,3334.43,Amazon,RTGS,Success,Chennai,POS
TXN000006663,ACC0000821,2025-02-15,Debit,148562.71,Amazon,Cheque,Success,Bhopal,POS
TXN000006664,ACC0000124,2025-12-12,Debit,90554.91,Ola,ATM,Success,Jaipur,POS
TXN000006665,ACC0000774,2024-04-25,Debit,95820.67,Flipkart,IMPS,Success,Ahmedabad,Web
TXN000006666,ACC0000907,2026-02-05,Debit,124572.55,Electricity Board,UPI,Success,Jaipur,Mobile
TXN000006667,ACC0000012,2024-03-24,Debit,86288.21,Uber,IMPS,Success,Ahmedabad,Web
TXN000006668,ACC0000124,2025-11-14,Credit,130670.83,Flipkart,ATM,Success,Ahmedabad,POS
TXN000006669,ACC0001004,2024-11-26,Debit,5153.81,Flipkart,NEFT,Success,Chennai,Web
TXN000006670,ACC0000008,2025-10-03,Credit,134791.33,Myntra,Cheque,Success,Pune,Mobile
TXN000006671,ACC0000282,2024-11-17,Debit,8625.8,DMart,POS,Success,Chandigarh,Branch
TXN000006672,ACC0001398,2025-03-13,Debit,111672.85,Airtel,RTGS,Failed,Lucknow,Branch
TXN000006673,ACC0000763,2024-05-08,Debit,91093.94,School Fees,IMPS,Success,Chennai,Web
TXN000006674,ACC0000626,2025-06-12,Debit,40373.06,Netflix,NetBanking,Success,Ahmedabad,Branch
TXN000006675,ACC0000831,2024-12-12,Credit,118396.94,Uber,Cheque,Reversed,Ahmedabad,POS
TXN000006676,ACC0001164,2025-03-12,Credit,2330.78,Swiggy,IMPS,Pending,Ahmedabad,Web
TXN000006677,ACC0000611,2025-06-11,Credit,19473.18,BigBasket,NEFT,Success,Mumbai,ATM
TXN000006678,ACC0000247,2024-05-09,Debit,85067.72,Reliance Digital,IMPS,Success,Delhi,ATM
TXN000006679,ACC0000229,2025-04-20,Credit,56858.46,Netflix,RTGS,Pending,Delhi,Branch
TXN000006680,ACC0000997,2026-01-24,Credit,53305.71,Flipkart,NEFT,Success,Chandigarh,Mobile
TXN000006681,ACC0000300,2025-02-04,Debit,125095.51,Fuel Station,NEFT,Success,Bengaluru,Branch
TXN000006682,ACC0000563,2024-05-24,Credit,144737.09,School Fees,RTGS,Success,Bengaluru,Mobile
TXN000006683,ACC0000085,2024-02-09,Debit,39937.62,Electricity Board,ATM,Success,Ahmedabad,ATM
TXN000006684,ACC0001241,2024-10-30,Debit,71101.72,Zomato,NetBanking,Success,Hyderabad,Web
TXN000006685,ACC0000252,2026-04-24,Credit,53543.14,IRCTC,NEFT,Failed,Chandigarh,ATM
TXN000006686,ACC0000563,2025-12-05,Credit,131543.71,Ola,UPI,Success,Pune,Mobile
TXN000006687,ACC0000889,2026-02-03,Debit,116005.91,Fuel Station,Cheque,Failed,Bengaluru,POS
TXN000006688,ACC0000141,2026-02-19,Credit,100953.41,Myntra,RTGS,Failed,Chennai,POS
TXN000006689,ACC0000856,2025-02-09,Credit,131642.41,Uber,Cheque,Success,Kochi,Web
TXN000006690,ACC0000116,2024-12-04,Debit,98929.56,Zomato,UPI,Success,Lucknow,Mobile
TXN000006691,ACC0000545,2025-01-28,Debit,116581.52,Uber,RTGS,Failed,Chandigarh,ATM
TXN000006692,ACC0000165,2024-03-02,Debit,31573.52,Reliance Digital,Cheque,Success,Chandigarh,Mobile
TXN000006693,ACC0000998,2025-06-01,Debit,41713.19,Swiggy,NetBanking,Success,Hyderabad,Mobile
TXN000006694,ACC0000299,2025-04-15,Credit,81218.0,Zomato,POS,Success,Jaipur,ATM
TXN000006695,ACC0000457,2024-11-20,Debit,99739.73,Reliance Digital,NEFT,Success,Kochi,Branch
TXN000006696,ACC0000168,2024-09-13,Debit,63794.61,Fuel Station,POS,Success,Mumbai,POS
TXN000006697,ACC0000222,2025-01-11,Credit,109383.78,Uber,NEFT,Success,Ahmedabad,ATM
TXN000006698,ACC0000246,2025-07-26,Debit,113333.54,IRCTC,RTGS,Success,Bhopal,POS
TXN000006699,ACC0000347,2025-05-29,Credit,65685.97,Myntra,IMPS,Reversed,Hyderabad,Branch
TXN000006700,ACC0000472,2024-06-02,Debit,108928.25,Swiggy,RTGS,Failed,Bengaluru,POS
TXN000006701,ACC0000859,2025-08-22,Debit,74034.92,Insurance Premium,RTGS,Success,Ahmedabad,POS
TXN000006702,ACC0001301,2025-09-17,Debit,58232.58,DMart,ATM,Success,Kochi,Branch
TXN000006703,ACC0001270,2024-11-05,Debit,90969.74,Uber,RTGS,Success,Kochi,Mobile
TXN000006704,ACC0000204,2025-09-25,Debit,101157.78,Ola,POS,Success,Lucknow,POS
TXN000006705,ACC0000048,2024-12-21,Debit,73420.67,Ola,ATM,Success,Bhopal,Branch
TXN000006706,ACC0000111,2026-05-09,Credit,102621.96,Jio,IMPS,Failed,Jaipur,Mobile
TXN000006707,ACC0000905,2025-03-19,Debit,83361.22,DMart,Cheque,Success,Bhopal,Mobile
TXN000006708,ACC0000782,2024-11-29,Debit,107811.65,Myntra,ATM,Success,Bengaluru,Mobile
TXN000006709,ACC0000673,2024-10-22,Debit,131974.82,School Fees,POS,Success,Jaipur,Branch
TXN000006710,ACC0000576,2025-06-06,Debit,32264.22,Insurance Premium,RTGS,Success,Lucknow,Mobile
TXN000006711,ACC0000002,2024-03-01,Credit,61454.35,Airtel,IMPS,Success,Jaipur,Mobile
TXN000006712,ACC0000280,2024-07-19,Debit,72798.57,Amazon,POS,Success,Jaipur,Branch
TXN000006713,ACC0000054,2024-03-06,Debit,146825.82,BigBasket,Cheque,Success,Mumbai,ATM
TXN000006714,ACC0000886,2025-06-06,Debit,47705.98,Swiggy,UPI,Success,Bhopal,Mobile
TXN000006715,ACC0000251,2025-08-26,Credit,4319.73,BigBasket,POS,Success,Kochi,Mobile
TXN000006716,ACC0000822,2024-08-09,Debit,29152.95,DMart,Cheque,Success,Chennai,POS
TXN000006717,ACC0001060,2024-08-30,Credit,61185.06,IRCTC,Cheque,Success,Hyderabad,ATM
TXN000006718,ACC0000143,2024-06-02,Debit,87730.78,Electricity Board,Cheque,Success,Bengaluru,Branch
TXN000006719,ACC0000960,2026-04-15,Debit,120275.87,Insurance Premium,POS,Failed,Bengaluru,ATM
TXN000006720,ACC0000545,2025-11-26,Credit,138784.78,Insurance Premium,Cheque,Success,Bengaluru,Branch
TXN000006721,ACC0000623,2024-04-02,Credit,141230.24,Swiggy,NetBanking,Success,Bhopal,POS
TXN000006722,ACC0000682,2026-02-03,Debit,138347.96,Jio,RTGS,Failed,Chennai,POS
TXN000006723,ACC0000602,2025-09-20,Debit,47000.81,Flipkart,POS,Success,Lucknow,Branch
TXN000006724,ACC0001317,2024-10-04,Debit,121903.97,Flipkart,ATM,Success,Pune,Mobile
TXN000006725,ACC0000136,2024-01-11,Debit,16941.67,BigBasket,UPI,Success,Bhopal,POS
TXN000006726,ACC0000951,2025-08-07,Debit,25194.21,Amazon,POS,Failed,Chennai,ATM
TXN000006727,ACC0000199,2024-05-09,Credit,28905.94,Jio,NetBanking,Success,Ahmedabad,Branch
TXN000006728,ACC0001252,2024-07-24,Debit,97444.21,Insurance Premium,UPI,Success,Chennai,ATM
TXN000006729,ACC0000454,2024-07-08,Debit,116245.24,Netflix,ATM,Success,Lucknow,Mobile
TXN000006730,ACC0001015,2025-10-04,Credit,44226.14,Insurance Premium,NetBanking,Success,Mumbai,Mobile
TXN000006731,ACC0000314,2026-01-18,Debit,72845.53,Swiggy,NetBanking,Success,Lucknow,Web
TXN000006732,ACC0000185,2025-01-03,Debit,130626.66,Flipkart,ATM,Failed,Lucknow,POS
TXN000006733,ACC0001149,2025-01-29,Credit,50798.04,Myntra,NEFT,Success,Kochi,Web
TXN000006734,ACC0000610,2025-07-22,Credit,78084.87,Fuel Station,IMPS,Success,Chennai,Mobile
TXN000006735,ACC0000775,2024-02-17,Credit,121546.87,School Fees,Cheque,Success,Chennai,POS
TXN000006736,ACC0000168,2025-05-08,Debit,99719.79,Reliance Digital,UPI,Success,Lucknow,Branch
TXN000006737,ACC0001315,2024-07-14,Debit,88098.68,Zomato,UPI,Success,Mumbai,Mobile
TXN000006738,ACC0001217,2024-08-10,Debit,40056.84,Jio,POS,Success,Bhopal,Mobile
TXN000006739,ACC0001002,2026-03-06,Credit,117745.23,Airtel,ATM,Success,Bengaluru,Web
TXN000006740,ACC0000434,2025-03-02,Credit,65619.67,Uber,RTGS,Success,Lucknow,Web
TXN000006741,ACC0001198,2025-11-08,Debit,86930.71,DMart,IMPS,Failed,Pune,Web
TXN000006742,ACC0001176,2025-02-09,Debit,54149.92,BigBasket,Cheque,Success,Kochi,POS
TXN000006743,ACC0000735,2025-12-29,Debit,81533.64,Swiggy,IMPS,Success,Ahmedabad,Mobile
TXN000006744,ACC0001390,2024-07-06,Debit,12680.65,Airtel,ATM,Success,Chennai,ATM
TXN000006745,ACC0000418,2024-11-05,Credit,113871.16,Netflix,ATM,Success,Ahmedabad,Branch
TXN000006746,ACC0000393,2024-10-30,Credit,85598.1,DMart,NetBanking,Success,Jaipur,Branch
TXN000006747,ACC0001010,2024-11-13,Debit,5892.04,Insurance Premium,NEFT,Success,Ahmedabad,POS
TXN000006748,ACC0000818,2025-11-27,Credit,112555.66,Flipkart,NetBanking,Success,Lucknow,Mobile
TXN000006749,ACC0000966,2025-05-29,Credit,2892.19,Amazon,IMPS,Success,Kochi,ATM
TXN000006750,ACC0001088,2024-05-16,Credit,74005.16,Uber,ATM,Pending,Jaipur,POS
TXN000006751,ACC0000692,2025-12-28,Credit,55684.26,BigBasket,Cheque,Success,Delhi,Mobile
TXN000006752,ACC0001135,2024-09-10,Debit,21490.86,Swiggy,Cheque,Success,Jaipur,Mobile
TXN000006753,ACC0000419,2026-03-03,Credit,124167.68,School Fees,UPI,Success,Delhi,POS
TXN000006754,ACC0000685,2024-01-05,Debit,143949.45,Electricity Board,Cheque,Success,Pune,Mobile
TXN000006755,ACC0000447,2024-01-30,Credit,61937.7,Airtel,Cheque,Failed,Hyderabad,ATM
TXN000006756,ACC0001373,2024-03-02,Credit,144831.36,IRCTC,IMPS,Success,Pune,ATM
TXN000006757,ACC0000360,2025-06-05,Debit,93706.13,Ola,NetBanking,Success,Bhopal,POS
TXN000006758,ACC0000115,2026-03-29,Credit,76575.78,Reliance Digital,ATM,Success,Lucknow,Web
TXN000006759,ACC0000213,2025-10-23,Credit,30704.34,BigBasket,POS,Failed,Bhopal,ATM
TXN000006760,ACC0000642,2025-09-28,Debit,5048.92,Insurance Premium,IMPS,Failed,Chandigarh,Mobile
TXN000006761,ACC0000530,2026-03-18,Debit,123797.04,School Fees,NEFT,Success,Mumbai,Branch
TXN000006762,ACC0000146,2026-01-23,Credit,114285.53,Zomato,POS,Success,Jaipur,POS
TXN000006763,ACC0001139,2024-03-06,Debit,35656.37,Uber,ATM,Success,Chandigarh,ATM
TXN000006764,ACC0001292,2024-08-08,Debit,114810.32,BigBasket,ATM,Success,Kochi,ATM
TXN000006765,ACC0000013,2024-03-21,Credit,130836.33,Swiggy,POS,Success,Bhopal,ATM
TXN000006766,ACC0001196,2024-05-19,Credit,29916.68,BigBasket,NEFT,Success,Delhi,Web
TXN000006767,ACC0000590,2025-06-19,Debit,37612.69,School Fees,UPI,Success,Kochi,POS
TXN000006768,ACC0001229,2026-03-24,Debit,74944.42,Fuel Station,Cheque,Success,Ahmedabad,POS
TXN000006769,ACC0000487,2024-06-30,Debit,139208.43,IRCTC,IMPS,Success,Mumbai,Web
TXN000006770,ACC0000241,2024-06-02,Debit,52583.78,Reliance Digital,ATM,Success,Kochi,Branch
TXN000006771,ACC0000251,2024-04-21,Debit,105554.41,DMart,IMPS,Failed,Bengaluru,Branch
TXN000006772,ACC0000917,2025-09-06,Debit,65901.66,BigBasket,POS,Success,Chennai,Mobile
TXN000006773,ACC0001217,2024-08-18,Debit,104397.46,Zomato,UPI,Success,Mumbai,ATM
TXN000006774,ACC0000240,2025-06-19,Debit,86755.0,Fuel Station,UPI,Success,Lucknow,POS
TXN000006775,ACC0000542,2025-10-13,Debit,56063.35,Myntra,Cheque,Pending,Jaipur,Web
TXN000006776,ACC0000243,2024-08-01,Debit,18094.15,Swiggy,IMPS,Success,Hyderabad,Web
TXN000006777,ACC0000364,2026-02-05,Debit,87789.72,Insurance Premium,UPI,Success,Mumbai,Mobile
TXN000006778,ACC0000722,2025-03-24,Credit,114890.18,Swiggy,POS,Success,Chandigarh,ATM
TXN000006779,ACC0000431,2025-03-16,Credit,104546.38,Electricity Board,UPI,Success,Mumbai,POS
TXN000006780,ACC0001293,2025-09-04,Debit,90977.35,Insurance Premium,RTGS,Success,Chandigarh,Web
TXN000006781,ACC0001269,2024-01-11,Credit,41605.95,Airtel,Cheque,Success,Bhopal,ATM
TXN000006782,ACC0001298,2025-03-01,Credit,8837.49,Zomato,POS,Success,Lucknow,Web
TXN000006783,ACC0000266,2024-01-25,Debit,30619.39,Swiggy,ATM,Success,Chandigarh,POS
TXN000006784,ACC0001057,2025-07-08,Credit,50504.69,Reliance Digital,NEFT,Pending,Jaipur,Mobile
TXN000006785,ACC0000592,2025-11-07,Debit,114044.33,Flipkart,NEFT,Success,Mumbai,ATM
TXN000006786,ACC0000947,2024-05-20,Credit,58635.54,Zomato,Cheque,Success,Chennai,Branch
TXN000006787,ACC0000477,2025-12-03,Debit,105705.99,Zomato,IMPS,Success,Chennai,POS
TXN000006788,ACC0000760,2024-03-04,Debit,107275.0,Zomato,POS,Success,Ahmedabad,POS
TXN000006789,ACC0001135,2025-09-09,Credit,87793.59,Insurance Premium,IMPS,Success,Mumbai,POS
TXN000006790,ACC0001225,2025-04-20,Debit,44626.43,IRCTC,POS,Success,Delhi,POS
TXN000006791,ACC0001157,2025-09-04,Credit,49119.88,Uber,POS,Success,Pune,Web
TXN000006792,ACC0000425,2025-01-09,Debit,78758.47,IRCTC,NEFT,Success,Delhi,Mobile
TXN000006793,ACC0000164,2024-12-21,Credit,108200.55,Fuel Station,ATM,Success,Bhopal,Web
TXN000006794,ACC0000566,2024-06-14,Credit,21941.29,Myntra,IMPS,Success,Bhopal,POS
TXN000006795,ACC0001235,2024-04-27,Debit,56410.47,Airtel,NetBanking,Success,Chennai,Branch
TXN000006796,ACC0000835,2025-02-17,Debit,33939.01,Jio,NEFT,Success,Hyderabad,POS
TXN000006797,ACC0001276,2024-03-06,Credit,144282.45,Insurance Premium,NetBanking,Success,Bhopal,Branch
TXN000006798,ACC0000958,2025-08-31,Debit,72569.82,Uber,NEFT,Success,Mumbai,Web
TXN000006799,ACC0000267,2025-01-24,Credit,76859.06,Jio,RTGS,Success,Bengaluru,Mobile
TXN000006800,ACC0000844,2025-05-02,Debit,107819.91,Amazon,NEFT,Reversed,Bengaluru,ATM
TXN000006801,ACC0000856,2025-04-30,Debit,16498.92,Reliance Digital,IMPS,Success,Lucknow,POS
TXN000006802,ACC0001006,2024-01-25,Credit,130853.7,IRCTC,Cheque,Success,Pune,Mobile
TXN000006803,ACC0000444,2024-05-29,Debit,136288.59,Myntra,UPI,Success,Lucknow,Web
TXN000006804,ACC0000861,2024-07-02,Credit,56286.95,Insurance Premium,ATM,Success,Kochi,ATM
TXN000006805,ACC0000099,2024-04-23,Credit,15282.56,Zomato,ATM,Success,Delhi,ATM
TXN000006806,ACC0001319,2025-10-23,Credit,40700.93,Fuel Station,NetBanking,Success,Kochi,Web
TXN000006807,ACC0000525,2024-07-20,Debit,36169.57,BigBasket,Cheque,Pending,Chennai,POS
TXN000006808,ACC0000618,2024-09-26,Debit,70620.21,Swiggy,POS,Success,Mumbai,Web
TXN000006809,ACC0000198,2024-11-12,Debit,69720.1,Electricity Board,UPI,Success,Delhi,ATM
TXN000006810,ACC0000624,2026-01-24,Debit,77190.81,Jio,NetBanking,Success,Lucknow,Mobile
TXN000006811,ACC0001053,2024-10-14,Debit,135942.96,Electricity Board,POS,Success,Chennai,ATM
TXN000006812,ACC0000317,2026-04-16,Credit,36986.93,Myntra,POS,Success,Chandigarh,Branch
TXN000006813,ACC0000644,2025-08-24,Credit,127380.73,IRCTC,RTGS,Success,Ahmedabad,Web
TXN000006814,ACC0000656,2025-08-21,Credit,135628.36,Swiggy,RTGS,Success,Mumbai,ATM
TXN000006815,ACC0001111,2026-01-05,Debit,33892.46,IRCTC,IMPS,Failed,Pune,Mobile
TXN000006816,ACC0000489,2024-12-02,Credit,12902.37,Flipkart,Cheque,Success,Jaipur,ATM
TXN000006817,ACC0000178,2025-01-08,Credit,47907.87,School Fees,NetBanking,Success,Lucknow,Mobile
TXN000006818,ACC0000031,2025-06-03,Debit,138755.09,BigBasket,RTGS,Success,Ahmedabad,POS
TXN000006819,ACC0000163,2024-04-25,Credit,16502.53,School Fees,IMPS,Pending,Lucknow,POS
TXN000006820,ACC0001115,2025-10-24,Debit,9239.39,Electricity Board,IMPS,Success,Chennai,Branch
TXN000006821,ACC0001234,2025-01-28,Debit,133603.68,Airtel,IMPS,Success,Kochi,Branch
TXN000006822,ACC0001074,2024-11-21,Debit,40259.99,Netflix,UPI,Failed,Chandigarh,Mobile
TXN000006823,ACC0000884,2025-05-10,Debit,124190.22,DMart,RTGS,Success,Bhopal,POS
TXN000006824,ACC0001106,2026-05-13,Credit,138248.44,Airtel,NEFT,Success,Bhopal,Web
TXN000006825,ACC0000715,2025-10-19,Debit,74176.0,Electricity Board,ATM,Success,Bhopal,POS
TXN000006826,ACC0000298,2026-05-10,Debit,128839.49,Flipkart,ATM,Success,Mumbai,ATM
TXN000006827,ACC0000189,2026-02-04,Debit,5910.98,Airtel,NetBanking,Success,Ahmedabad,Mobile
TXN000006828,ACC0001072,2025-04-29,Debit,94753.81,Airtel,Cheque,Pending,Chandigarh,Branch
TXN000006829,ACC0000590,2024-05-29,Debit,99471.07,Reliance Digital,RTGS,Success,Lucknow,Branch
TXN000006830,ACC0000333,2025-09-11,Debit,22387.14,DMart,NEFT,Success,Mumbai,Branch
TXN000006831,ACC0001176,2024-02-24,Debit,84178.49,Myntra,ATM,Success,Jaipur,Web
TXN000006832,ACC0000945,2024-08-04,Credit,135364.04,Myntra,NetBanking,Success,Bhopal,Mobile
TXN000006833,ACC0000762,2024-06-15,Debit,110236.72,IRCTC,ATM,Success,Hyderabad,POS
TXN000006834,ACC0000332,2025-03-27,Credit,56639.21,Swiggy,NetBanking,Success,Delhi,ATM
TXN000006835,ACC0000652,2024-04-01,Credit,43766.48,DMart,RTGS,Success,Delhi,Branch
TXN000006836,ACC0001385,2024-02-01,Credit,97301.76,Flipkart,NEFT,Success,Bhopal,Branch
TXN000006837,ACC0001131,2026-01-28,Debit,109512.55,Swiggy,NEFT,Success,Chennai,Branch
TXN000006838,ACC0000452,2026-01-08,Credit,118941.22,Zomato,ATM,Success,Chennai,Mobile
TXN000006839,ACC0000691,2025-01-04,Debit,18555.29,Ola,NetBanking,Success,Ahmedabad,Mobile
TXN000006840,ACC0000904,2024-12-10,Credit,76323.89,Myntra,POS,Success,Delhi,POS
TXN000006841,ACC0000149,2025-09-13,Debit,117216.46,Ola,UPI,Success,Mumbai,Mobile
TXN000006842,ACC0000295,2024-11-09,Debit,143877.78,Swiggy,Cheque,Success,Bengaluru,POS
TXN000006843,ACC0001140,2024-09-06,Debit,68656.24,School Fees,NEFT,Success,Pune,Branch
TXN000006844,ACC0001263,2025-02-27,Debit,105112.01,IRCTC,Cheque,Success,Lucknow,ATM
TXN000006845,ACC0001365,2024-07-20,Debit,113991.32,IRCTC,NEFT,Success,Kochi,ATM
TXN000006846,ACC0000928,2025-03-30,Debit,30801.33,Zomato,NetBanking,Success,Jaipur,POS
TXN000006847,ACC0000411,2024-03-03,Debit,129490.73,Ola,POS,Success,Jaipur,Branch
TXN000006848,ACC0000731,2024-12-01,Debit,91725.71,BigBasket,Cheque,Pending,Kochi,Web
TXN000006849,ACC0000901,2024-12-13,Credit,103661.19,Flipkart,IMPS,Success,Bengaluru,Mobile
TXN000006850,ACC0000993,2025-06-18,Credit,92513.51,Electricity Board,IMPS,Success,Lucknow,Web
TXN000006851,ACC0000312,2024-07-20,Credit,76650.77,Ola,ATM,Success,Bengaluru,POS
TXN000006852,ACC0001395,2024-06-27,Credit,65873.1,Zomato,RTGS,Success,Pune,Web
TXN000006853,ACC0001371,2025-04-25,Credit,615.53,Zomato,RTGS,Success,Chennai,POS
TXN000006854,ACC0001311,2024-09-20,Debit,40402.53,Uber,UPI,Failed,Delhi,Web
TXN000006855,ACC0001357,2025-10-09,Debit,130532.87,School Fees,Cheque,Success,Pune,Branch
TXN000006856,ACC0001083,2026-01-29,Credit,53667.94,IRCTC,POS,Success,Ahmedabad,Branch
TXN000006857,ACC0000628,2025-08-08,Debit,7941.04,Electricity Board,IMPS,Success,Hyderabad,Web
TXN000006858,ACC0000180,2024-06-20,Credit,136067.16,Electricity Board,IMPS,Success,Hyderabad,Web
TXN000006859,ACC0000312,2025-03-01,Debit,12710.81,Swiggy,NetBanking,Success,Chandigarh,Branch
TXN000006860,ACC0000720,2025-06-10,Debit,8191.95,Flipkart,Cheque,Success,Bengaluru,Mobile
TXN000006861,ACC0000131,2025-07-21,Credit,119024.32,Ola,Cheque,Success,Mumbai,Branch
TXN000006862,ACC0000112,2025-05-14,Credit,119827.62,Uber,RTGS,Success,Mumbai,Web
TXN000006863,ACC0001052,2025-09-23,Debit,119160.12,Airtel,POS,Success,Chandigarh,Web
TXN000006864,ACC0000164,2026-03-15,Credit,108584.5,Fuel Station,RTGS,Success,Mumbai,Web
TXN000006865,ACC0001139,2025-03-28,Debit,50859.03,Zomato,NetBanking,Success,Hyderabad,Web
TXN000006866,ACC0000387,2024-01-28,Debit,128924.59,Myntra,RTGS,Success,Ahmedabad,POS
TXN000006867,ACC0001240,2025-10-16,Credit,57461.26,Amazon,IMPS,Success,Delhi,ATM
TXN000006868,ACC0000678,2024-01-17,Credit,79099.38,Netflix,RTGS,Success,Delhi,ATM
TXN000006869,ACC0000364,2024-12-31,Credit,86488.99,Zomato,IMPS,Success,Delhi,POS
TXN000006870,ACC0001081,2024-10-04,Debit,46898.9,Insurance Premium,NEFT,Success,Hyderabad,Branch
TXN000006871,ACC0000174,2024-04-11,Debit,23928.78,Jio,NetBanking,Failed,Jaipur,Web
TXN000006872,ACC0000666,2026-03-26,Debit,149173.47,BigBasket,RTGS,Success,Delhi,POS
TXN000006873,ACC0000554,2026-04-28,Debit,78871.97,Jio,Cheque,Success,Lucknow,Mobile
TXN000006874,ACC0000153,2024-02-15,Credit,87222.04,DMart,RTGS,Success,Bengaluru,Mobile
TXN000006875,ACC0000928,2025-01-07,Debit,149053.75,Insurance Premium,RTGS,Success,Ahmedabad,Branch
TXN000006876,ACC0000881,2024-11-25,Debit,22630.69,BigBasket,NetBanking,Reversed,Delhi,Branch
TXN000006877,ACC0001114,2025-09-27,Debit,118363.63,BigBasket,UPI,Failed,Hyderabad,ATM
TXN000006878,ACC0000885,2025-07-03,Debit,49137.6,Flipkart,IMPS,Failed,Hyderabad,Web
TXN000006879,ACC0001003,2026-03-18,Debit,91605.18,Fuel Station,RTGS,Success,Pune,POS
TXN000006880,ACC0001263,2025-04-28,Debit,60913.97,Ola,POS,Success,Kochi,Branch
TXN000006881,ACC0001108,2025-11-01,Debit,105053.53,IRCTC,POS,Success,Chennai,Web
TXN000006882,ACC0000456,2024-06-07,Debit,70208.56,Reliance Digital,ATM,Success,Chennai,Web
TXN000006883,ACC0001216,2025-09-20,Credit,147008.1,Swiggy,NEFT,Success,Jaipur,POS
TXN000006884,ACC0000857,2024-08-31,Credit,16964.11,Insurance Premium,POS,Success,Chennai,POS
TXN000006885,ACC0001106,2025-01-21,Debit,26283.63,Insurance Premium,Cheque,Success,Hyderabad,POS
TXN000006886,ACC0000577,2025-06-09,Credit,115535.74,IRCTC,NetBanking,Pending,Ahmedabad,Branch
TXN000006887,ACC0001378,2024-03-03,Credit,142723.73,BigBasket,UPI,Failed,Hyderabad,POS
TXN000006888,ACC0000029,2026-03-28,Credit,14342.48,Zomato,ATM,Success,Chennai,ATM
TXN000006889,ACC0000428,2025-04-01,Credit,25494.99,DMart,POS,Success,Chandigarh,Web
TXN000006890,ACC0001004,2024-07-24,Debit,7051.73,DMart,IMPS,Success,Hyderabad,Web
TXN000006891,ACC0001080,2025-11-21,Credit,91176.77,Flipkart,NetBanking,Success,Kochi,Branch
TXN000006892,ACC0000081,2024-04-03,Debit,112515.12,Netflix,NetBanking,Success,Hyderabad,Branch
TXN000006893,ACC0000255,2024-08-26,Debit,146587.28,Ola,IMPS,Success,Bhopal,Mobile
TXN000006894,ACC0000389,2024-02-21,Debit,28275.4,Reliance Digital,ATM,Success,Kochi,POS
TXN000006895,ACC0001178,2025-07-20,Credit,142430.03,IRCTC,ATM,Success,Pune,ATM
TXN000006896,ACC0000695,2025-12-20,Credit,86184.26,School Fees,ATM,Success,Chandigarh,Branch
TXN000006897,ACC0000738,2025-12-31,Credit,88996.21,Amazon,RTGS,Failed,Jaipur,Branch
TXN000006898,ACC0000573,2024-12-15,Credit,18726.31,Insurance Premium,ATM,Success,Lucknow,POS
TXN000006899,ACC0000983,2024-09-08,Credit,44165.29,Zomato,Cheque,Success,Bengaluru,POS
TXN000006900,ACC0001264,2024-10-11,Debit,56918.26,DMart,IMPS,Success,Jaipur,Mobile
TXN000006901,ACC0000186,2025-04-10,Credit,144227.29,Amazon,ATM,Success,Lucknow,POS
TXN000006902,ACC0000863,2025-07-25,Debit,3905.79,Ola,RTGS,Success,Lucknow,Web
TXN000006903,ACC0000513,2025-04-07,Debit,97464.45,Ola,UPI,Success,Lucknow,POS
TXN000006904,ACC0000334,2024-04-11,Debit,91139.32,Insurance Premium,NEFT,Success,Chennai,Web
TXN000006905,ACC0000112,2025-05-12,Debit,111495.53,Uber,RTGS,Reversed,Pune,Mobile
TXN000006906,ACC0001375,2025-05-17,Debit,121630.8,Electricity Board,ATM,Pending,Bengaluru,Branch
TXN000006907,ACC0000241,2025-03-19,Credit,83895.0,Netflix,Cheque,Success,Delhi,Mobile
TXN000006908,ACC0001170,2025-05-03,Credit,132179.17,Uber,Cheque,Success,Lucknow,Branch
TXN000006909,ACC0000444,2025-11-10,Debit,57463.3,Fuel Station,Cheque,Success,Bhopal,ATM
TXN000006910,ACC0001168,2024-12-25,Debit,108624.21,BigBasket,POS,Success,Mumbai,Web
TXN000006911,ACC0000310,2025-03-21,Debit,22383.48,Zomato,ATM,Success,Hyderabad,ATM
TXN000006912,ACC0000841,2024-01-09,Debit,84065.15,IRCTC,ATM,Success,Bhopal,Branch
TXN000006913,ACC0000751,2024-03-16,Credit,55704.94,Swiggy,Cheque,Success,Pune,POS
TXN000006914,ACC0000754,2025-11-12,Debit,148089.08,Electricity Board,IMPS,Success,Pune,ATM
TXN000006915,ACC0000033,2025-03-07,Debit,54186.43,Ola,NetBanking,Failed,Bhopal,POS
TXN000006916,ACC0000727,2024-08-07,Debit,65923.04,Amazon,POS,Success,Chandigarh,Branch
TXN000006917,ACC0000452,2024-11-02,Debit,116068.09,Uber,RTGS,Success,Lucknow,POS
TXN000006918,ACC0000026,2025-04-30,Debit,75793.93,Myntra,RTGS,Success,Chandigarh,Branch
TXN000006919,ACC0001192,2024-05-03,Credit,87156.11,Airtel,Cheque,Success,Jaipur,Web
TXN000006920,ACC0001150,2024-01-31,Debit,45386.98,Jio,RTGS,Success,Pune,Mobile
TXN000006921,ACC0001076,2026-03-14,Debit,107166.94,Uber,Cheque,Success,Kochi,POS
TXN000006922,ACC0000109,2026-05-01,Debit,30815.15,Myntra,Cheque,Success,Delhi,ATM
TXN000006923,ACC0000936,2024-01-25,Credit,94397.33,IRCTC,RTGS,Success,Delhi,POS
TXN000006924,ACC0000484,2024-01-23,Debit,24195.52,BigBasket,ATM,Success,Delhi,ATM
TXN000006925,ACC0000278,2024-11-11,Credit,44601.87,Amazon,UPI,Success,Hyderabad,ATM
TXN000006926,ACC0000262,2024-06-14,Debit,45521.32,Ola,IMPS,Success,Hyderabad,Mobile
TXN000006927,ACC0000722,2025-12-03,Credit,88004.96,Amazon,POS,Success,Mumbai,POS
TXN000006928,ACC0000292,2024-01-30,Debit,139310.76,Jio,Cheque,Success,Bengaluru,POS
TXN000006929,ACC0000585,2024-12-04,Credit,86927.11,Netflix,POS,Success,Bengaluru,Web
TXN000006930,ACC0000802,2025-06-29,Credit,128221.92,Swiggy,Cheque,Success,Ahmedabad,ATM
TXN000006931,ACC0000008,2026-04-04,Debit,123456.45,BigBasket,UPI,Success,Chennai,ATM
TXN000006932,ACC0001229,2026-02-24,Debit,44887.5,Flipkart,POS,Success,Pune,POS
TXN000006933,ACC0000579,2024-05-13,Debit,78442.03,Airtel,NEFT,Failed,Bhopal,Mobile
TXN000006934,ACC0001334,2025-04-23,Debit,28028.66,IRCTC,POS,Success,Kochi,Mobile
TXN000006935,ACC0001319,2025-06-10,Credit,15944.6,Netflix,UPI,Success,Jaipur,Branch
TXN000006936,ACC0000907,2024-08-23,Debit,130586.06,IRCTC,POS,Success,Pune,Web
TXN000006937,ACC0001156,2025-06-16,Debit,93897.87,Jio,NetBanking,Success,Delhi,POS
TXN000006938,ACC0000092,2026-05-17,Credit,146259.16,Jio,IMPS,Success,Bhopal,ATM
TXN000006939,ACC0001087,2025-12-24,Debit,9338.36,Fuel Station,UPI,Success,Ahmedabad,Branch
TXN000006940,ACC0001007,2024-05-16,Credit,8136.59,BigBasket,Cheque,Success,Chandigarh,Mobile
TXN000006941,ACC0001105,2024-05-27,Credit,124125.77,Insurance Premium,Cheque,Success,Ahmedabad,POS
TXN000006942,ACC0000516,2024-04-21,Debit,28262.16,IRCTC,ATM,Success,Ahmedabad,POS
TXN000006943,ACC0000793,2025-10-30,Debit,100690.94,Uber,RTGS,Success,Kochi,POS
TXN000006944,ACC0001155,2024-04-29,Credit,2965.97,Swiggy,POS,Success,Jaipur,Branch
TXN000006945,ACC0000258,2025-02-07,Credit,148949.94,Uber,IMPS,Success,Delhi,POS
TXN000006946,ACC0000893,2025-11-29,Credit,45951.91,BigBasket,UPI,Success,Kochi,ATM
TXN000006947,ACC0000655,2024-01-25,Debit,78186.78,Fuel Station,NetBanking,Failed,Kochi,Mobile
TXN000006948,ACC0000341,2025-12-31,Credit,48085.96,Zomato,NetBanking,Success,Bhopal,Branch
TXN000006949,ACC0001042,2024-03-30,Credit,118337.32,Jio,UPI,Success,Delhi,Branch
TXN000006950,ACC0000095,2024-12-01,Debit,98688.61,BigBasket,POS,Success,Mumbai,Mobile
TXN000006951,ACC0001267,2025-01-07,Debit,61804.76,Zomato,ATM,Success,Chennai,POS
TXN000006952,ACC0000394,2024-11-12,Debit,12857.14,Airtel,UPI,Pending,Chennai,Branch
TXN000006953,ACC0000478,2026-05-13,Credit,105694.97,Netflix,NetBanking,Success,Bengaluru,Branch
TXN000006954,ACC0000027,2025-12-08,Credit,77577.07,Netflix,NetBanking,Failed,Chennai,ATM
TXN000006955,ACC0001081,2026-03-14,Debit,42965.37,Amazon,POS,Failed,Bengaluru,Web
TXN000006956,ACC0001114,2025-05-07,Debit,45227.77,Ola,RTGS,Success,Jaipur,Web
TXN000006957,ACC0001336,2024-11-16,Debit,96567.24,Netflix,POS,Success,Chennai,Mobile
TXN000006958,ACC0000771,2024-10-06,Debit,141515.99,Flipkart,UPI,Success,Mumbai,ATM
TXN000006959,ACC0000971,2026-04-30,Debit,70051.28,Swiggy,NEFT,Pending,Bengaluru,Mobile
TXN000006960,ACC0001360,2024-04-20,Debit,10083.15,Myntra,IMPS,Success,Bengaluru,Mobile
TXN000006961,ACC0000714,2024-04-28,Credit,58715.61,Amazon,RTGS,Success,Chandigarh,ATM
TXN000006962,ACC0000020,2025-05-05,Debit,142767.81,Flipkart,ATM,Success,Bengaluru,Mobile
TXN000006963,ACC0000030,2024-12-02,Debit,139592.97,Myntra,NEFT,Success,Delhi,POS
TXN000006964,ACC0001374,2025-12-11,Debit,86745.36,Airtel,IMPS,Success,Chennai,ATM
TXN000006965,ACC0001376,2024-08-03,Credit,80102.34,Airtel,ATM,Success,Bengaluru,Branch
TXN000006966,ACC0000202,2024-05-03,Debit,104680.85,Zomato,UPI,Success,Jaipur,Branch
TXN000006967,ACC0000657,2025-05-05,Credit,85424.35,Flipkart,NEFT,Success,Hyderabad,Mobile
TXN000006968,ACC0000753,2025-03-31,Debit,81415.9,BigBasket,NetBanking,Success,Chennai,Branch
TXN000006969,ACC0000247,2025-02-01,Credit,126727.3,Swiggy,IMPS,Success,Chennai,Mobile
TXN000006970,ACC0000415,2024-05-06,Debit,144328.18,IRCTC,Cheque,Success,Kochi,Web
TXN000006971,ACC0000939,2025-05-17,Credit,139830.17,Myntra,UPI,Success,Chandigarh,Branch
TXN000006972,ACC0000019,2026-04-13,Credit,60449.68,Netflix,NetBanking,Success,Kochi,ATM
TXN000006973,ACC0001211,2024-06-11,Debit,56142.07,Swiggy,UPI,Success,Jaipur,Web
TXN000006974,ACC0001224,2025-03-16,Debit,63601.18,Insurance Premium,UPI,Success,Bengaluru,Web
TXN000006975,ACC0001112,2026-05-12,Debit,142676.81,Airtel,UPI,Success,Chandigarh,Branch
TXN000006976,ACC0000068,2026-05-18,Debit,7132.81,Insurance Premium,UPI,Success,Jaipur,Branch
TXN000006977,ACC0000087,2025-07-27,Credit,129120.16,BigBasket,NetBanking,Success,Mumbai,Web
TXN000006978,ACC0000290,2024-09-16,Credit,128945.31,Uber,RTGS,Success,Lucknow,Branch
TXN000006979,ACC0001167,2025-06-02,Debit,51951.58,Electricity Board,NetBanking,Failed,Bengaluru,ATM
TXN000006980,ACC0000464,2024-02-14,Debit,38176.55,Fuel Station,IMPS,Success,Chennai,ATM
TXN000006981,ACC0000374,2025-08-19,Debit,93325.99,Insurance Premium,NetBanking,Success,Jaipur,Web
TXN000006982,ACC0000122,2024-02-01,Credit,99170.2,Jio,Cheque,Success,Bengaluru,Web
TXN000006983,ACC0000796,2024-12-11,Credit,35461.77,IRCTC,RTGS,Failed,Ahmedabad,Mobile
TXN000006984,ACC0001218,2026-03-29,Debit,122867.1,Electricity Board,NetBanking,Success,Chandigarh,ATM
TXN000006985,ACC0000983,2024-05-21,Debit,135087.49,School Fees,Cheque,Success,Kochi,POS
TXN000006986,ACC0000356,2026-02-27,Debit,27988.9,Swiggy,RTGS,Success,Chandigarh,POS
TXN000006987,ACC0000940,2026-03-23,Debit,91686.97,Swiggy,IMPS,Success,Jaipur,Branch
TXN000006988,ACC0000712,2024-04-17,Debit,29672.09,Fuel Station,ATM,Success,Bhopal,Branch
TXN000006989,ACC0000798,2025-05-17,Debit,94380.77,Swiggy,ATM,Success,Delhi,Branch
TXN000006990,ACC0000465,2025-09-16,Debit,146981.1,Airtel,NEFT,Success,Jaipur,Mobile
TXN000006991,ACC0001330,2026-02-28,Debit,25327.32,Amazon,POS,Success,Chennai,ATM
TXN000006992,ACC0000923,2024-03-05,Credit,29061.61,DMart,RTGS,Pending,Hyderabad,ATM
TXN000006993,ACC0000203,2025-10-20,Credit,32460.73,Netflix,NetBanking,Failed,Kochi,ATM
TXN000006994,ACC0001013,2024-12-14,Credit,143884.68,Reliance Digital,POS,Success,Hyderabad,Mobile
TXN000006995,ACC0000419,2024-03-07,Credit,134355.5,Jio,UPI,Success,Jaipur,Web
TXN000006996,ACC0001194,2025-09-10,Credit,72295.17,Netflix,UPI,Success,Chennai,Web
TXN000006997,ACC0000977,2026-01-17,Credit,96281.0,IRCTC,NetBanking,Success,Chennai,Mobile
TXN000006998,ACC0000681,2026-01-13,Debit,4387.97,DMart,NetBanking,Success,Chennai,POS
TXN000006999,ACC0000464,2026-01-28,Debit,94210.57,Uber,POS,Success,Pune,POS
TXN000007000,ACC0000870,2025-09-08,Debit,103461.35,BigBasket,ATM,Success,Bengaluru,Branch
TXN000007001,ACC0000118,2025-02-14,Credit,11989.48,Swiggy,Cheque,Success,Bengaluru,ATM
TXN000007002,ACC0000232,2025-05-18,Debit,119314.27,Swiggy,NEFT,Success,Jaipur,Web
TXN000007003,ACC0000031,2025-02-21,Credit,142235.53,Myntra,NEFT,Success,Bengaluru,Mobile
TXN000007004,ACC0000264,2025-06-14,Debit,83470.82,Fuel Station,ATM,Success,Jaipur,POS
TXN000007005,ACC0000486,2024-03-22,Credit,111331.48,Zomato,RTGS,Success,Jaipur,Mobile
TXN000007006,ACC0000160,2024-07-29,Debit,58945.82,Reliance Digital,UPI,Success,Jaipur,Branch
TXN000007007,ACC0001066,2024-08-22,Debit,22814.67,Amazon,UPI,Success,Chennai,ATM
TXN000007008,ACC0000456,2025-07-20,Credit,79653.01,Myntra,POS,Success,Chandigarh,ATM
TXN000007009,ACC0000179,2026-02-14,Debit,101749.78,School Fees,NEFT,Success,Ahmedabad,Mobile
TXN000007010,ACC0001125,2026-03-02,Debit,93497.48,Zomato,NEFT,Success,Mumbai,Web
TXN000007011,ACC0001286,2025-12-02,Credit,105719.56,Fuel Station,RTGS,Success,Jaipur,Web
TXN000007012,ACC0001344,2025-04-27,Debit,50768.66,Airtel,NetBanking,Success,Pune,Branch
TXN000007013,ACC0000369,2024-11-30,Credit,139640.29,School Fees,IMPS,Success,Chandigarh,Branch
TXN000007014,ACC0000016,2025-03-07,Debit,45487.18,Netflix,NetBanking,Success,Delhi,ATM
TXN000007015,ACC0000296,2026-05-06,Debit,126793.32,School Fees,POS,Failed,Chennai,POS
TXN000007016,ACC0001367,2025-01-01,Credit,148935.73,Electricity Board,ATM,Success,Chennai,Branch
TXN000007017,ACC0000232,2025-01-23,Credit,126405.58,Amazon,POS,Success,Lucknow,Web
TXN000007018,ACC0001317,2026-01-25,Debit,90764.28,Electricity Board,POS,Success,Mumbai,POS
TXN000007019,ACC0000424,2024-10-02,Debit,21248.12,Flipkart,UPI,Success,Delhi,Branch
TXN000007020,ACC0000525,2025-07-26,Credit,12311.46,Ola,RTGS,Success,Bengaluru,Web
TXN000007021,ACC0001380,2024-10-08,Debit,691.83,Electricity Board,Cheque,Success,Bhopal,Branch
TXN000007022,ACC0000385,2025-10-14,Credit,99461.44,Amazon,NEFT,Success,Chandigarh,ATM
TXN000007023,ACC0001330,2024-02-18,Credit,94443.16,Zomato,POS,Failed,Hyderabad,Branch
TXN000007024,ACC0001191,2026-04-08,Debit,24502.67,Flipkart,ATM,Failed,Jaipur,ATM
TXN000007025,ACC0000604,2024-09-12,Credit,44273.55,Zomato,POS,Success,Chennai,POS
TXN000007026,ACC0001256,2024-07-07,Debit,72514.74,Insurance Premium,UPI,Failed,Bhopal,POS
TXN000007027,ACC0001263,2024-08-17,Debit,23568.8,Electricity Board,POS,Success,Ahmedabad,POS
TXN000007028,ACC0000101,2024-12-31,Debit,65218.92,Netflix,IMPS,Success,Kochi,Branch
TXN000007029,ACC0000458,2025-07-18,Credit,42537.62,Myntra,Cheque,Success,Chennai,Mobile
TXN000007030,ACC0001351,2024-08-04,Credit,93640.68,Jio,POS,Success,Jaipur,ATM
TXN000007031,ACC0000409,2024-07-05,Debit,90648.94,Myntra,Cheque,Success,Bhopal,Web
TXN000007032,ACC0001055,2024-10-05,Debit,81255.09,Swiggy,ATM,Success,Hyderabad,Web
TXN000007033,ACC0000861,2025-07-19,Credit,25484.91,Myntra,UPI,Success,Kochi,ATM
TXN000007034,ACC0000983,2026-04-20,Credit,124105.11,Insurance Premium,Cheque,Success,Pune,POS
TXN000007035,ACC0000554,2026-04-12,Debit,43705.32,DMart,ATM,Success,Chandigarh,Branch
TXN000007036,ACC0000472,2026-02-23,Credit,46346.96,Myntra,IMPS,Failed,Jaipur,ATM
TXN000007037,ACC0000699,2026-01-01,Credit,34017.28,Jio,POS,Success,Kochi,POS
TXN000007038,ACC0001044,2024-03-22,Credit,7815.13,Insurance Premium,NetBanking,Success,Jaipur,ATM
TXN000007039,ACC0000878,2024-05-07,Debit,106414.2,Netflix,NetBanking,Success,Hyderabad,Mobile
TXN000007040,ACC0001299,2025-01-08,Debit,133407.91,Zomato,POS,Success,Ahmedabad,ATM
TXN000007041,ACC0000959,2026-05-16,Debit,57479.98,School Fees,UPI,Success,Mumbai,Web
TXN000007042,ACC0000919,2024-04-07,Credit,112531.31,DMart,Cheque,Success,Jaipur,Branch
TXN000007043,ACC0000145,2024-11-16,Debit,145341.44,School Fees,POS,Success,Ahmedabad,Web
TXN000007044,ACC0000766,2025-10-06,Debit,36983.33,Flipkart,IMPS,Success,Delhi,Mobile
TXN000007045,ACC0001233,2025-02-14,Debit,147332.56,Ola,RTGS,Failed,Jaipur,POS
TXN000007046,ACC0000900,2024-09-20,Debit,86723.19,Fuel Station,Cheque,Success,Ahmedabad,Web
TXN000007047,ACC0001365,2024-02-14,Debit,123377.92,Airtel,UPI,Success,Kochi,Web
TXN000007048,ACC0000989,2026-02-12,Debit,56640.15,IRCTC,NEFT,Success,Delhi,ATM
TXN000007049,ACC0000982,2024-03-25,Debit,146220.65,Amazon,NetBanking,Success,Ahmedabad,Branch
TXN000007050,ACC0000918,2025-12-28,Debit,138053.21,Flipkart,IMPS,Success,Ahmedabad,Web
TXN000007051,ACC0000950,2025-12-30,Debit,81559.61,Insurance Premium,POS,Success,Lucknow,POS
TXN000007052,ACC0000888,2025-10-15,Debit,86348.0,Reliance Digital,UPI,Success,Chennai,Branch
TXN000007053,ACC0000198,2025-03-28,Credit,127377.73,Swiggy,NetBanking,Success,Lucknow,Mobile
TXN000007054,ACC0000796,2024-02-09,Credit,72156.04,Swiggy,NEFT,Success,Bhopal,ATM
TXN000007055,ACC0000413,2024-06-22,Debit,52197.08,Insurance Premium,ATM,Success,Delhi,Web
TXN000007056,ACC0000908,2025-01-14,Debit,9540.81,Reliance Digital,RTGS,Success,Ahmedabad,POS
TXN000007057,ACC0000914,2025-10-28,Debit,69683.06,Uber,NEFT,Success,Jaipur,ATM
TXN000007058,ACC0001214,2025-06-14,Debit,107945.85,Amazon,NetBanking,Success,Lucknow,ATM
TXN000007059,ACC0000258,2025-08-10,Credit,109665.32,Jio,Cheque,Success,Hyderabad,Web
TXN000007060,ACC0000627,2024-03-15,Debit,129124.34,Fuel Station,NEFT,Success,Lucknow,Mobile
TXN000007061,ACC0000115,2024-03-02,Debit,96751.87,Reliance Digital,Cheque,Success,Chennai,Mobile
TXN000007062,ACC0000255,2025-04-08,Debit,102722.8,Uber,Cheque,Success,Ahmedabad,POS
TXN000007063,ACC0000409,2024-09-14,Debit,60457.69,School Fees,Cheque,Pending,Jaipur,Web
TXN000007064,ACC0001141,2025-07-13,Credit,58579.38,Fuel Station,NEFT,Success,Kochi,Branch
TXN000007065,ACC0000718,2024-03-28,Credit,141132.4,IRCTC,Cheque,Success,Lucknow,Web
TXN000007066,ACC0000163,2026-03-26,Credit,125508.68,School Fees,NEFT,Success,Mumbai,Branch
TXN000007067,ACC0000393,2026-01-27,Debit,95991.57,Zomato,NEFT,Success,Bhopal,Mobile
TXN000007068,ACC0001389,2025-12-19,Credit,90623.76,Ola,POS,Success,Bengaluru,POS
TXN000007069,ACC0000694,2024-03-17,Debit,84575.43,Reliance Digital,UPI,Success,Ahmedabad,POS
TXN000007070,ACC0000170,2026-04-27,Debit,93207.51,Swiggy,NEFT,Success,Bhopal,Branch
TXN000007071,ACC0001244,2026-04-07,Debit,67049.82,Uber,RTGS,Success,Mumbai,ATM
TXN000007072,ACC0000964,2025-05-15,Debit,9852.29,Swiggy,IMPS,Success,Kochi,POS
TXN000007073,ACC0001253,2025-09-09,Credit,32176.6,Insurance Premium,NetBanking,Success,Lucknow,POS
TXN000007074,ACC0001264,2026-03-17,Debit,117379.09,Uber,RTGS,Success,Bengaluru,Branch
TXN000007075,ACC0001309,2025-03-20,Debit,120428.1,Fuel Station,POS,Success,Bhopal,Branch
TXN000007076,ACC0000851,2024-01-17,Credit,70049.81,Electricity Board,Cheque,Success,Pune,ATM
TXN000007077,ACC0000154,2025-11-12,Debit,95349.78,Amazon,POS,Success,Lucknow,Mobile
TXN000007078,ACC0001180,2024-08-03,Credit,34354.65,Flipkart,Cheque,Success,Bengaluru,Mobile
TXN000007079,ACC0001053,2024-07-19,Debit,56716.44,Ola,POS,Success,Chandigarh,ATM
TXN000007080,ACC0001051,2025-08-03,Credit,34623.22,Insurance Premium,ATM,Success,Pune,Web
TXN000007081,ACC0000251,2025-11-28,Debit,19573.37,Uber,NetBanking,Success,Bengaluru,POS
TXN000007082,ACC0001005,2024-08-19,Debit,125075.45,Fuel Station,UPI,Failed,Bengaluru,Branch
TXN000007083,ACC0001004,2026-05-08,Debit,138573.9,BigBasket,UPI,Pending,Kochi,Web
TXN000007084,ACC0001327,2024-03-23,Debit,33133.77,IRCTC,Cheque,Failed,Lucknow,Branch
TXN000007085,ACC0000523,2025-10-13,Credit,72859.47,Myntra,NetBanking,Failed,Chandigarh,Web
TXN000007086,ACC0001342,2024-06-29,Debit,22547.58,Reliance Digital,Cheque,Success,Hyderabad,ATM
TXN000007087,ACC0001048,2024-08-16,Debit,37413.13,Flipkart,NetBanking,Success,Delhi,Web
TXN000007088,ACC0001297,2025-02-23,Credit,73242.12,School Fees,ATM,Success,Hyderabad,Web
TXN000007089,ACC0001151,2026-01-30,Credit,107651.47,Uber,POS,Success,Bhopal,POS
TXN000007090,ACC0000310,2025-01-05,Debit,94830.29,Uber,NEFT,Success,Delhi,Branch
TXN000007091,ACC0001154,2025-12-13,Debit,71422.71,Swiggy,UPI,Success,Bengaluru,POS
TXN000007092,ACC0000888,2025-09-26,Debit,95936.04,Zomato,ATM,Success,Pune,POS
TXN000007093,ACC0000124,2024-04-20,Debit,70449.27,Netflix,POS,Success,Bengaluru,Branch
TXN000007094,ACC0000303,2025-12-01,Credit,76468.78,Electricity Board,POS,Success,Kochi,Web
TXN000007095,ACC0000132,2024-03-01,Debit,98608.42,Zomato,RTGS,Success,Chennai,Mobile
TXN000007096,ACC0001362,2025-09-25,Debit,135439.78,Flipkart,Cheque,Success,Hyderabad,Web
TXN000007097,ACC0000221,2024-12-09,Debit,23159.68,Myntra,UPI,Success,Hyderabad,Branch
TXN000007098,ACC0001029,2024-12-14,Debit,62369.31,Ola,POS,Success,Chandigarh,Branch
TXN000007099,ACC0000964,2026-03-10,Credit,142730.9,Fuel Station,IMPS,Success,Pune,Web
TXN000007100,ACC0001176,2025-12-29,Debit,146037.39,Fuel Station,ATM,Success,Pune,ATM
TXN000007101,ACC0000435,2024-05-03,Debit,64695.01,Uber,IMPS,Success,Chennai,Mobile
TXN000007102,ACC0000237,2024-01-18,Debit,116556.48,BigBasket,IMPS,Success,Mumbai,Web
TXN000007103,ACC0001383,2025-03-31,Debit,12461.37,Myntra,RTGS,Failed,Jaipur,POS
TXN000007104,ACC0000003,2024-04-07,Debit,667.35,Amazon,RTGS,Success,Kochi,Web
TXN000007105,ACC0000214,2025-07-27,Credit,53301.29,Airtel,POS,Success,Mumbai,Web
TXN000007106,ACC0001202,2024-08-09,Debit,11137.48,Netflix,IMPS,Success,Hyderabad,Web
TXN000007107,ACC0001063,2024-12-11,Debit,81388.8,Netflix,Cheque,Success,Jaipur,ATM
TXN000007108,ACC0001264,2024-02-25,Credit,30131.35,IRCTC,RTGS,Success,Pune,POS
TXN000007109,ACC0001064,2025-02-10,Debit,101745.86,Amazon,UPI,Success,Mumbai,Branch
TXN000007110,ACC0001362,2025-01-02,Credit,77433.76,Zomato,ATM,Success,Delhi,Branch
TXN000007111,ACC0000113,2025-12-15,Debit,53897.76,Reliance Digital,RTGS,Success,Mumbai,Mobile
TXN000007112,ACC0001188,2025-07-30,Credit,48017.53,Zomato,UPI,Success,Bhopal,Branch
TXN000007113,ACC0000202,2024-02-03,Credit,67260.56,Swiggy,IMPS,Success,Chennai,Mobile
TXN000007114,ACC0000235,2026-02-27,Credit,89227.48,Myntra,Cheque,Reversed,Jaipur,Branch
TXN000007115,ACC0000276,2024-11-20,Credit,107166.01,Ola,Cheque,Success,Delhi,POS
TXN000007116,ACC0000310,2024-11-02,Debit,20655.81,Fuel Station,IMPS,Success,Bhopal,Web
TXN000007117,ACC0000286,2024-01-26,Credit,78342.49,Insurance Premium,NetBanking,Success,Bengaluru,POS
TXN000007118,ACC0000266,2025-11-11,Debit,168.44,Airtel,RTGS,Success,Jaipur,Mobile
TXN000007119,ACC0000301,2026-03-20,Debit,12607.99,Zomato,RTGS,Success,Ahmedabad,Web
TXN000007120,ACC0001030,2025-12-06,Debit,13548.76,Electricity Board,UPI,Success,Ahmedabad,POS
TXN000007121,ACC0000404,2025-06-09,Debit,50434.43,Fuel Station,ATM,Success,Chennai,Mobile
TXN000007122,ACC0001343,2024-10-13,Credit,43488.7,DMart,ATM,Success,Kochi,POS
TXN000007123,ACC0000481,2026-01-11,Credit,52396.1,BigBasket,NEFT,Success,Chandigarh,Web
TXN000007124,ACC0000974,2025-10-06,Debit,23584.56,Airtel,IMPS,Success,Ahmedabad,Web
TXN000007125,ACC0000451,2024-08-22,Credit,63136.78,Reliance Digital,IMPS,Success,Delhi,POS
TXN000007126,ACC0000520,2026-05-20,Debit,10173.83,BigBasket,Cheque,Success,Chandigarh,Web
TXN000007127,ACC0001165,2024-03-28,Credit,121989.42,Amazon,NEFT,Success,Bhopal,Mobile
TXN000007128,ACC0000939,2025-05-18,Debit,22951.73,Electricity Board,POS,Success,Lucknow,Mobile
TXN000007129,ACC0000351,2024-02-17,Credit,130516.22,BigBasket,NetBanking,Success,Chennai,Web
TXN000007130,ACC0000069,2024-05-10,Credit,15629.48,Amazon,NetBanking,Success,Bengaluru,ATM
TXN000007131,ACC0000926,2025-06-17,Debit,88109.66,Ola,RTGS,Failed,Kochi,ATM
TXN000007132,ACC0000609,2024-05-07,Debit,61799.54,Zomato,NetBanking,Success,Mumbai,Branch
TXN000007133,ACC0001209,2026-03-06,Credit,96596.06,IRCTC,IMPS,Success,Delhi,ATM
TXN000007134,ACC0000968,2026-01-30,Debit,34696.56,Ola,RTGS,Success,Bhopal,Branch
TXN000007135,ACC0000809,2026-01-08,Debit,71013.25,Netflix,POS,Success,Ahmedabad,Branch
TXN000007136,ACC0001137,2025-01-25,Debit,82097.31,Jio,NetBanking,Success,Mumbai,POS
TXN000007137,ACC0000798,2024-12-28,Debit,83197.07,Amazon,Cheque,Success,Jaipur,Web
TXN000007138,ACC0001097,2024-07-18,Credit,26203.36,School Fees,ATM,Success,Mumbai,Mobile
TXN000007139,ACC0000957,2026-05-02,Debit,52221.07,Amazon,ATM,Success,Pune,ATM
TXN000007140,ACC0001365,2025-03-12,Credit,32744.13,IRCTC,RTGS,Success,Mumbai,Web
TXN000007141,ACC0000695,2025-07-19,Debit,55800.08,BigBasket,Cheque,Success,Jaipur,Web
TXN000007142,ACC0000308,2024-10-12,Debit,51831.5,Myntra,Cheque,Success,Mumbai,Web
TXN000007143,ACC0000418,2025-02-15,Debit,142415.72,Swiggy,UPI,Reversed,Bengaluru,Branch
TXN000007144,ACC0000535,2024-05-09,Debit,123769.73,Ola,NEFT,Success,Bhopal,ATM
TXN000007145,ACC0000557,2026-03-25,Debit,41351.87,Airtel,RTGS,Success,Mumbai,Branch
TXN000007146,ACC0001039,2024-04-24,Credit,113538.32,Electricity Board,IMPS,Failed,Delhi,Mobile
TXN000007147,ACC0001119,2025-01-16,Debit,44778.81,Flipkart,NetBanking,Success,Kochi,ATM
TXN000007148,ACC0001186,2025-11-05,Debit,37324.36,Uber,UPI,Success,Mumbai,POS
TXN000007149,ACC0001149,2025-08-27,Credit,70531.03,Zomato,IMPS,Success,Lucknow,POS
TXN000007150,ACC0000421,2025-12-31,Debit,93962.1,BigBasket,Cheque,Pending,Bengaluru,Web
TXN000007151,ACC0001255,2026-01-14,Debit,123660.63,School Fees,UPI,Success,Kochi,Branch
TXN000007152,ACC0000711,2025-05-23,Debit,24357.9,Fuel Station,Cheque,Success,Pune,Mobile
TXN000007153,ACC0000431,2025-07-02,Debit,13718.69,BigBasket,NetBanking,Success,Bhopal,ATM
TXN000007154,ACC0000876,2025-08-27,Credit,47442.34,Amazon,POS,Success,Hyderabad,Branch
TXN000007155,ACC0001220,2025-03-25,Debit,53367.74,Uber,ATM,Success,Mumbai,Mobile
TXN000007156,ACC0001293,2024-09-14,Debit,85464.11,Netflix,POS,Success,Pune,ATM
TXN000007157,ACC0000279,2025-04-11,Credit,124679.57,Swiggy,ATM,Success,Chandigarh,Mobile
TXN000007158,ACC0000213,2024-09-20,Debit,97084.58,Reliance Digital,POS,Success,Delhi,ATM
TXN000007159,ACC0000156,2025-09-06,Debit,140696.69,Insurance Premium,IMPS,Success,Bengaluru,Mobile
TXN000007160,ACC0000274,2024-12-14,Debit,53901.61,Ola,NetBanking,Success,Lucknow,Web
TXN000007161,ACC0000883,2024-11-11,Credit,21421.84,Electricity Board,RTGS,Failed,Chennai,Mobile
TXN000007162,ACC0000927,2024-08-09,Credit,74239.72,Flipkart,NetBanking,Success,Bengaluru,ATM
TXN000007163,ACC0001203,2024-12-22,Credit,148167.73,Airtel,NEFT,Success,Hyderabad,ATM
TXN000007164,ACC0000275,2024-08-26,Credit,20149.95,Electricity Board,IMPS,Success,Ahmedabad,Web
TXN000007165,ACC0000684,2025-03-18,Credit,82991.52,Jio,RTGS,Success,Jaipur,POS
TXN000007166,ACC0000316,2025-10-23,Debit,41054.44,Zomato,POS,Failed,Chennai,Web
TXN000007167,ACC0000984,2025-08-04,Debit,111781.2,Swiggy,NEFT,Success,Kochi,Mobile
TXN000007168,ACC0001028,2025-11-24,Debit,88367.78,Uber,Cheque,Success,Jaipur,Web
TXN000007169,ACC0000990,2024-09-25,Credit,69865.19,School Fees,NetBanking,Success,Chandigarh,POS
TXN000007170,ACC0000303,2025-02-22,Credit,125432.77,DMart,RTGS,Success,Chandigarh,Web
TXN000007171,ACC0000832,2024-06-24,Debit,39991.89,Jio,POS,Success,Jaipur,POS
TXN000007172,ACC0001106,2024-10-25,Debit,102751.02,Flipkart,NEFT,Success,Chennai,Mobile
TXN000007173,ACC0000348,2026-01-30,Debit,87350.95,Ola,Cheque,Success,Chennai,POS
TXN000007174,ACC0001240,2026-03-17,Debit,28862.13,BigBasket,IMPS,Success,Chennai,POS
TXN000007175,ACC0001233,2026-02-12,Debit,24801.13,Electricity Board,IMPS,Success,Lucknow,Branch
TXN000007176,ACC0000585,2025-10-20,Debit,53739.71,Electricity Board,NetBanking,Success,Ahmedabad,Web
TXN000007177,ACC0000199,2025-02-04,Credit,16495.31,BigBasket,Cheque,Success,Mumbai,Mobile
TXN000007178,ACC0000149,2025-04-23,Credit,89917.93,Swiggy,IMPS,Success,Bhopal,POS
TXN000007179,ACC0000030,2025-01-25,Debit,45727.2,Insurance Premium,POS,Success,Lucknow,Branch
TXN000007180,ACC0000059,2024-10-02,Debit,113522.16,Jio,NEFT,Success,Chandigarh,Web
TXN000007181,ACC0000517,2024-03-20,Debit,42073.47,Jio,Cheque,Success,Ahmedabad,ATM
TXN000007182,ACC0000628,2026-05-06,Credit,59383.74,Myntra,NEFT,Pending,Jaipur,Mobile
TXN000007183,ACC0000201,2026-01-15,Debit,69340.87,Jio,RTGS,Success,Delhi,Mobile
TXN000007184,ACC0001251,2025-09-02,Debit,95588.85,School Fees,RTGS,Success,Ahmedabad,ATM
TXN000007185,ACC0000392,2024-08-10,Debit,23152.39,Myntra,Cheque,Success,Hyderabad,Mobile
TXN000007186,ACC0000554,2024-09-24,Debit,186.68,Fuel Station,ATM,Success,Bengaluru,Branch
TXN000007187,ACC0000390,2026-03-22,Debit,130495.48,DMart,UPI,Success,Bhopal,Mobile
TXN000007188,ACC0001003,2025-03-03,Credit,98920.08,Netflix,NEFT,Success,Mumbai,ATM
TXN000007189,ACC0000215,2024-12-20,Debit,49862.04,Uber,NetBanking,Success,Bhopal,Branch
TXN000007190,ACC0000573,2025-04-28,Debit,16929.6,IRCTC,RTGS,Failed,Pune,POS
TXN000007191,ACC0000687,2024-06-18,Credit,7736.84,Netflix,ATM,Success,Pune,ATM
TXN000007192,ACC0000016,2025-09-09,Credit,101754.93,IRCTC,IMPS,Pending,Chennai,ATM
TXN000007193,ACC0000780,2025-11-08,Credit,77704.38,Electricity Board,IMPS,Success,Bengaluru,POS
TXN000007194,ACC0000032,2026-04-01,Credit,14934.64,Flipkart,ATM,Success,Delhi,ATM
TXN000007195,ACC0000714,2024-11-17,Debit,26723.79,Reliance Digital,Cheque,Success,Kochi,POS
TXN000007196,ACC0001070,2025-10-31,Debit,84045.93,Zomato,NEFT,Success,Ahmedabad,ATM
TXN000007197,ACC0000786,2025-03-25,Debit,118540.13,Swiggy,POS,Success,Chandigarh,POS
TXN000007198,ACC0000175,2024-12-21,Credit,37424.05,School Fees,UPI,Success,Mumbai,Branch
TXN000007199,ACC0001305,2024-07-29,Debit,11492.2,DMart,IMPS,Success,Kochi,Web
TXN000007200,ACC0001254,2025-02-01,Debit,11161.24,IRCTC,ATM,Success,Kochi,Mobile
TXN000007201,ACC0000196,2025-12-29,Credit,75871.16,Reliance Digital,NetBanking,Success,Hyderabad,Mobile
TXN000007202,ACC0000795,2025-02-18,Debit,137174.26,Netflix,POS,Success,Pune,Mobile
TXN000007203,ACC0001136,2024-05-15,Debit,105885.41,Reliance Digital,NEFT,Success,Mumbai,Mobile
TXN000007204,ACC0000825,2026-02-10,Credit,62027.12,Zomato,IMPS,Success,Delhi,ATM
TXN000007205,ACC0000010,2024-06-02,Debit,19321.71,Reliance Digital,Cheque,Success,Ahmedabad,POS
TXN000007206,ACC0000541,2025-01-06,Credit,8751.61,Uber,POS,Success,Bengaluru,Web
TXN000007207,ACC0000519,2025-08-10,Debit,111529.9,School Fees,NetBanking,Pending,Ahmedabad,Branch
TXN000007208,ACC0000328,2025-06-01,Credit,54246.23,Airtel,IMPS,Success,Lucknow,Branch
TXN000007209,ACC0000246,2025-11-11,Credit,96540.83,DMart,Cheque,Pending,Bengaluru,POS
TXN000007210,ACC0000968,2026-04-07,Debit,24989.73,BigBasket,ATM,Success,Bengaluru,Web
TXN000007211,ACC0000895,2024-05-03,Debit,4756.25,Ola,NetBanking,Success,Hyderabad,Branch
TXN000007212,ACC0000676,2025-10-27,Debit,132497.6,Myntra,NetBanking,Pending,Chandigarh,Branch
TXN000007213,ACC0000581,2025-08-25,Credit,120707.72,Swiggy,RTGS,Success,Lucknow,Mobile
TXN000007214,ACC0000686,2026-03-09,Debit,16573.37,DMart,IMPS,Success,Chandigarh,Web
TXN000007215,ACC0000480,2025-02-25,Credit,63606.09,IRCTC,POS,Success,Hyderabad,Web
TXN000007216,ACC0000140,2025-06-24,Debit,110223.93,Ola,ATM,Success,Jaipur,Branch
TXN000007217,ACC0000666,2024-07-19,Credit,115831.64,Reliance Digital,IMPS,Success,Lucknow,Web
TXN000007218,ACC0000959,2025-08-13,Credit,104790.37,Uber,UPI,Success,Mumbai,ATM
TXN000007219,ACC0000229,2025-04-27,Credit,125125.55,Insurance Premium,NEFT,Success,Mumbai,Mobile
TXN000007220,ACC0000877,2025-06-25,Credit,58554.0,Zomato,IMPS,Pending,Delhi,POS
TXN000007221,ACC0000345,2024-12-27,Debit,135672.94,Fuel Station,POS,Success,Pune,Web
TXN000007222,ACC0001250,2024-07-02,Credit,112367.11,Insurance Premium,NetBanking,Success,Hyderabad,Mobile
TXN000007223,ACC0000336,2026-04-18,Debit,85190.75,Amazon,ATM,Failed,Pune,Mobile
TXN000007224,ACC0001400,2024-01-30,Debit,12117.75,Electricity Board,NetBanking,Success,Bengaluru,Mobile
TXN000007225,ACC0000889,2024-06-29,Credit,41507.18,Amazon,IMPS,Success,Kochi,Mobile
TXN000007226,ACC0001046,2024-06-28,Debit,28144.4,Ola,ATM,Success,Pune,Web
TXN000007227,ACC0000210,2025-07-20,Debit,26990.37,Zomato,NEFT,Success,Bhopal,Branch
TXN000007228,ACC0000838,2025-08-16,Debit,98261.88,Zomato,UPI,Success,Chennai,POS
TXN000007229,ACC0000629,2024-03-06,Debit,17134.44,Airtel,ATM,Success,Hyderabad,POS
TXN000007230,ACC0000773,2025-05-15,Credit,88847.27,School Fees,RTGS,Success,Bengaluru,Web
TXN000007231,ACC0000520,2026-03-23,Debit,124534.97,Reliance Digital,Cheque,Success,Jaipur,POS
TXN000007232,ACC0001230,2025-08-14,Credit,149890.45,Swiggy,RTGS,Success,Mumbai,Branch
TXN000007233,ACC0001072,2025-05-18,Credit,114425.97,Uber,POS,Success,Chennai,POS
TXN000007234,ACC0000367,2025-10-16,Debit,69233.35,Ola,IMPS,Pending,Chandigarh,Web
TXN000007235,ACC0000836,2026-05-05,Debit,84427.93,Swiggy,ATM,Success,Bengaluru,Mobile
TXN000007236,ACC0000022,2024-03-21,Debit,6503.84,Zomato,POS,Success,Lucknow,POS
TXN000007237,ACC0000348,2025-04-15,Credit,49492.6,DMart,RTGS,Pending,Mumbai,ATM
TXN000007238,ACC0000788,2026-01-27,Credit,53705.74,Insurance Premium,UPI,Success,Pune,Web
TXN000007239,ACC0000604,2025-02-12,Credit,36635.47,Netflix,UPI,Success,Jaipur,ATM
TXN000007240,ACC0000168,2026-01-12,Credit,112186.24,Netflix,POS,Success,Bhopal,Branch
TXN000007241,ACC0000015,2025-09-25,Credit,38242.65,IRCTC,Cheque,Success,Mumbai,POS
TXN000007242,ACC0000402,2025-04-08,Debit,9394.56,School Fees,UPI,Success,Delhi,POS
TXN000007243,ACC0000840,2025-07-15,Credit,68774.1,Airtel,NetBanking,Success,Chennai,POS
TXN000007244,ACC0001121,2024-04-30,Credit,3699.72,Zomato,POS,Success,Ahmedabad,Mobile
TXN000007245,ACC0000701,2024-04-22,Debit,32730.54,Airtel,NetBanking,Success,Jaipur,Mobile
TXN000007246,ACC0000600,2024-10-19,Credit,107057.21,Airtel,NEFT,Reversed,Lucknow,Mobile
TXN000007247,ACC0001214,2026-04-10,Debit,85455.26,Netflix,IMPS,Success,Hyderabad,Mobile
TXN000007248,ACC0000675,2025-08-31,Credit,36055.98,Myntra,UPI,Success,Chandigarh,Mobile
TXN000007249,ACC0000768,2025-03-26,Credit,18833.73,Netflix,RTGS,Success,Ahmedabad,Branch
TXN000007250,ACC0001061,2025-04-22,Debit,53417.77,Ola,ATM,Success,Jaipur,Web
TXN000007251,ACC0000322,2024-11-25,Debit,27057.63,Amazon,RTGS,Success,Chennai,ATM
TXN000007252,ACC0000927,2024-05-07,Debit,136104.03,Insurance Premium,RTGS,Success,Bengaluru,ATM
TXN000007253,ACC0000754,2024-10-29,Debit,145777.14,BigBasket,Cheque,Success,Chennai,ATM
TXN000007254,ACC0000933,2025-01-24,Debit,46069.76,Netflix,Cheque,Success,Chennai,Web
TXN000007255,ACC0000777,2025-05-04,Debit,5202.21,Swiggy,NEFT,Success,Chennai,Web
TXN000007256,ACC0000507,2024-03-12,Credit,112791.11,School Fees,RTGS,Success,Chandigarh,ATM
TXN000007257,ACC0000298,2026-02-24,Debit,134722.81,Jio,UPI,Success,Hyderabad,Branch
TXN000007258,ACC0000819,2026-03-24,Debit,140576.17,Swiggy,Cheque,Success,Mumbai,Web
TXN000007259,ACC0000508,2025-10-09,Credit,73633.58,Myntra,RTGS,Success,Ahmedabad,ATM
TXN000007260,ACC0001246,2025-04-05,Credit,66195.76,Flipkart,UPI,Success,Lucknow,Branch
TXN000007261,ACC0000682,2024-09-06,Credit,107248.51,Zomato,IMPS,Failed,Ahmedabad,ATM
TXN000007262,ACC0000633,2024-05-29,Credit,76379.99,DMart,NEFT,Success,Chennai,Web
TXN000007263,ACC0000058,2025-08-09,Credit,142617.48,Flipkart,NEFT,Success,Kochi,Mobile
TXN000007264,ACC0000033,2024-02-21,Credit,18701.06,Airtel,UPI,Reversed,Pune,Web
TXN000007265,ACC0001137,2024-01-10,Credit,102553.52,Ola,ATM,Success,Ahmedabad,ATM
TXN000007266,ACC0001234,2024-12-02,Credit,123949.96,DMart,NetBanking,Success,Jaipur,Branch
TXN000007267,ACC0000533,2026-03-09,Debit,48454.91,IRCTC,NEFT,Success,Chandigarh,Mobile
TXN000007268,ACC0001121,2025-08-16,Debit,47194.37,Netflix,ATM,Success,Kochi,ATM
TXN000007269,ACC0000484,2025-06-08,Credit,72562.72,DMart,IMPS,Success,Mumbai,ATM
TXN000007270,ACC0001352,2024-04-19,Credit,79876.07,Flipkart,ATM,Success,Pune,Web
TXN000007271,ACC0000978,2025-12-21,Credit,90659.95,School Fees,UPI,Success,Bengaluru,ATM
TXN000007272,ACC0000547,2025-06-22,Credit,11807.06,Uber,IMPS,Failed,Hyderabad,Branch
TXN000007273,ACC0000040,2026-05-10,Debit,76819.51,Ola,POS,Success,Chandigarh,ATM
TXN000007274,ACC0001044,2025-08-28,Credit,82379.67,IRCTC,ATM,Success,Hyderabad,Branch
TXN000007275,ACC0000954,2024-05-14,Credit,135952.71,Netflix,Cheque,Success,Mumbai,ATM
TXN000007276,ACC0000477,2026-01-01,Debit,54510.37,Jio,NEFT,Success,Mumbai,POS
TXN000007277,ACC0000117,2024-06-13,Credit,94831.35,Netflix,Cheque,Success,Lucknow,ATM
TXN000007278,ACC0000333,2026-02-23,Credit,51466.18,Insurance Premium,NetBanking,Success,Ahmedabad,ATM
TXN000007279,ACC0001028,2025-09-12,Credit,41910.24,BigBasket,IMPS,Failed,Pune,Branch
TXN000007280,ACC0000466,2025-03-30,Debit,129380.45,IRCTC,ATM,Success,Mumbai,Mobile
TXN000007281,ACC0001248,2025-09-04,Credit,102677.57,Myntra,POS,Success,Mumbai,ATM
TXN000007282,ACC0000077,2025-04-14,Debit,99500.89,BigBasket,NEFT,Success,Pune,POS
TXN000007283,ACC0000337,2025-12-16,Credit,69003.59,Reliance Digital,POS,Success,Pune,Branch
TXN000007284,ACC0001210,2024-11-12,Credit,49751.36,Reliance Digital,ATM,Success,Jaipur,ATM
TXN000007285,ACC0000119,2024-08-22,Debit,99248.54,Electricity Board,RTGS,Success,Delhi,Mobile
TXN000007286,ACC0000309,2024-01-20,Debit,13859.37,Swiggy,UPI,Success,Hyderabad,POS
TXN000007287,ACC0001314,2024-05-25,Debit,54338.98,Amazon,NetBanking,Success,Lucknow,Web
TXN000007288,ACC0001352,2024-10-02,Debit,37162.09,Flipkart,ATM,Success,Kochi,POS
TXN000007289,ACC0000062,2026-05-04,Credit,13417.4,Fuel Station,IMPS,Success,Chennai,Branch
TXN000007290,ACC0000989,2024-05-23,Credit,98403.01,Insurance Premium,NetBanking,Success,Hyderabad,POS
TXN000007291,ACC0000135,2025-07-28,Credit,27109.71,DMart,Cheque,Success,Ahmedabad,POS
TXN000007292,ACC0000276,2025-11-02,Debit,119943.7,Electricity Board,Cheque,Success,Chennai,POS
TXN000007293,ACC0000672,2025-06-23,Debit,91111.7,Insurance Premium,Cheque,Success,Jaipur,Mobile
TXN000007294,ACC0001246,2025-08-17,Debit,64948.72,Insurance Premium,NEFT,Success,Kochi,ATM
TXN000007295,ACC0001017,2026-03-11,Debit,39781.46,Swiggy,NEFT,Success,Bhopal,ATM
TXN000007296,ACC0000812,2024-09-22,Credit,66423.34,Uber,Cheque,Success,Delhi,ATM
TXN000007297,ACC0000240,2026-03-30,Debit,12040.39,Amazon,IMPS,Success,Lucknow,ATM
TXN000007298,ACC0001323,2025-08-27,Credit,114122.92,Flipkart,NEFT,Success,Chandigarh,Branch
TXN000007299,ACC0000999,2025-01-02,Credit,1572.97,Zomato,RTGS,Failed,Ahmedabad,Mobile
TXN000007300,ACC0000412,2025-05-13,Credit,31536.91,Netflix,Cheque,Success,Lucknow,ATM
TXN000007301,ACC0000778,2024-05-29,Credit,121130.9,Flipkart,NetBanking,Success,Chennai,Branch
TXN000007302,ACC0000124,2024-04-26,Debit,74241.7,Electricity Board,NEFT,Success,Bhopal,Web
TXN000007303,ACC0000147,2025-08-25,Credit,100868.91,Flipkart,NEFT,Success,Chennai,Branch
TXN000007304,ACC0000430,2024-08-18,Credit,13475.52,Netflix,RTGS,Success,Kochi,Web
TXN000007305,ACC0000606,2025-07-22,Credit,78081.35,School Fees,RTGS,Success,Kochi,Mobile
TXN000007306,ACC0001397,2024-05-23,Credit,138295.67,Uber,NetBanking,Success,Chennai,ATM
TXN000007307,ACC0000084,2026-04-19,Credit,101439.38,Fuel Station,UPI,Success,Hyderabad,POS
TXN000007308,ACC0000491,2026-01-11,Debit,123239.46,Insurance Premium,Cheque,Success,Mumbai,POS
TXN000007309,ACC0001236,2024-05-15,Debit,99262.47,Amazon,NetBanking,Success,Kochi,Web
TXN000007310,ACC0001289,2024-10-15,Credit,70791.65,Swiggy,ATM,Success,Ahmedabad,Web
TXN000007311,ACC0000732,2024-01-10,Credit,44765.17,Netflix,NEFT,Success,Ahmedabad,Branch
TXN000007312,ACC0000284,2024-08-31,Credit,61831.55,Insurance Premium,Cheque,Success,Chennai,Web
TXN000007313,ACC0000528,2024-03-25,Credit,92033.1,Zomato,POS,Success,Hyderabad,ATM
TXN000007314,ACC0001094,2025-03-09,Credit,148045.39,Uber,RTGS,Success,Delhi,Branch
TXN000007315,ACC0000765,2024-08-11,Debit,90636.78,Zomato,UPI,Success,Chandigarh,ATM
TXN000007316,ACC0000980,2025-09-06,Credit,119504.36,Airtel,ATM,Success,Hyderabad,Branch
TXN000007317,ACC0000200,2024-11-14,Credit,93401.0,BigBasket,ATM,Reversed,Bhopal,Branch
TXN000007318,ACC0001143,2025-07-06,Credit,110983.1,Myntra,UPI,Success,Pune,Branch
TXN000007319,ACC0000180,2024-03-11,Credit,17622.39,Electricity Board,ATM,Success,Jaipur,ATM
TXN000007320,ACC0001014,2024-02-02,Credit,137620.67,Ola,UPI,Success,Bengaluru,Branch
TXN000007321,ACC0000450,2024-05-07,Credit,145131.83,Jio,UPI,Success,Bhopal,Web
TXN000007322,ACC0000128,2025-07-19,Debit,26244.12,DMart,NetBanking,Success,Bhopal,ATM
TXN000007323,ACC0001126,2024-10-18,Debit,22465.25,Flipkart,NetBanking,Pending,Hyderabad,POS
TXN000007324,ACC0001292,2025-03-20,Credit,42894.13,Myntra,NEFT,Success,Chennai,POS
TXN000007325,ACC0000740,2025-02-17,Credit,136183.45,Fuel Station,Cheque,Success,Chennai,Branch
TXN000007326,ACC0000425,2024-11-16,Credit,105469.1,Uber,Cheque,Success,Jaipur,Mobile
TXN000007327,ACC0001130,2024-08-17,Credit,68034.98,Insurance Premium,NetBanking,Success,Chennai,Mobile
TXN000007328,ACC0000630,2025-07-05,Debit,10910.15,Swiggy,UPI,Success,Bengaluru,Branch
TXN000007329,ACC0000035,2024-11-24,Debit,80345.93,Reliance Digital,Cheque,Success,Chandigarh,Web
TXN000007330,ACC0000668,2024-07-05,Credit,120810.72,Amazon,NetBanking,Success,Bhopal,Web
TXN000007331,ACC0000413,2025-04-09,Debit,117214.82,Electricity Board,NEFT,Success,Ahmedabad,ATM
TXN000007332,ACC0001001,2025-08-04,Credit,12035.15,Electricity Board,RTGS,Success,Chennai,POS
TXN000007333,ACC0001120,2025-12-06,Debit,70933.27,Electricity Board,Cheque,Success,Hyderabad,POS
TXN000007334,ACC0000133,2025-01-19,Debit,85052.28,Airtel,Cheque,Success,Chandigarh,Mobile
TXN000007335,ACC0001322,2024-04-07,Debit,41020.5,Zomato,ATM,Success,Mumbai,Web
TXN000007336,ACC0000751,2025-07-01,Debit,57232.8,BigBasket,NetBanking,Success,Mumbai,Mobile
TXN000007337,ACC0000998,2025-08-30,Credit,88016.8,Flipkart,NEFT,Success,Mumbai,Web
TXN000007338,ACC0001146,2024-08-19,Debit,132159.6,Reliance Digital,IMPS,Success,Jaipur,ATM
TXN000007339,ACC0000178,2025-12-07,Credit,130806.3,Insurance Premium,UPI,Pending,Delhi,Web
TXN000007340,ACC0001047,2024-03-27,Credit,89535.04,DMart,IMPS,Success,Lucknow,Branch
TXN000007341,ACC0000340,2025-06-08,Debit,27266.64,Ola,RTGS,Success,Jaipur,Web
TXN000007342,ACC0000380,2024-06-20,Debit,21446.89,BigBasket,Cheque,Pending,Chandigarh,Branch
TXN000007343,ACC0000099,2026-01-18,Debit,50025.0,School Fees,UPI,Success,Ahmedabad,POS
TXN000007344,ACC0000556,2024-09-30,Credit,116449.53,Zomato,Cheque,Success,Mumbai,Branch
TXN000007345,ACC0000484,2026-02-28,Credit,116291.05,Jio,NetBanking,Success,Mumbai,Mobile
TXN000007346,ACC0000849,2025-12-08,Debit,104528.87,Swiggy,NEFT,Success,Lucknow,ATM
TXN000007347,ACC0000283,2026-02-21,Credit,13035.86,Fuel Station,NEFT,Success,Ahmedabad,Branch
TXN000007348,ACC0000265,2024-07-11,Credit,59559.64,Reliance Digital,UPI,Success,Lucknow,ATM
TXN000007349,ACC0000449,2024-10-18,Debit,109672.75,Uber,Cheque,Success,Pune,ATM
TXN000007350,ACC0001058,2024-09-22,Debit,132324.67,IRCTC,Cheque,Success,Lucknow,Mobile
TXN000007351,ACC0001152,2024-03-20,Debit,97664.35,Myntra,Cheque,Reversed,Mumbai,Mobile
TXN000007352,ACC0000131,2024-10-14,Debit,41021.78,Airtel,NetBanking,Success,Chandigarh,POS
TXN000007353,ACC0000074,2026-01-25,Credit,60585.31,Myntra,NEFT,Success,Jaipur,Branch
TXN000007354,ACC0000114,2024-11-14,Credit,73857.76,IRCTC,IMPS,Success,Pune,Web
TXN000007355,ACC0001097,2025-11-16,Credit,136036.77,Electricity Board,NEFT,Pending,Hyderabad,Mobile
TXN000007356,ACC0000516,2026-04-20,Debit,7786.36,Flipkart,IMPS,Success,Jaipur,POS
TXN000007357,ACC0000157,2024-05-02,Debit,64207.62,Zomato,ATM,Success,Chandigarh,ATM
TXN000007358,ACC0000204,2024-08-07,Debit,114496.15,School Fees,Cheque,Success,Chennai,Mobile
TXN000007359,ACC0000066,2024-09-04,Debit,44792.96,Zomato,ATM,Success,Pune,Mobile
TXN000007360,ACC0000545,2026-03-20,Debit,14953.75,School Fees,UPI,Success,Kochi,Mobile
TXN000007361,ACC0001315,2025-04-29,Debit,34863.99,Fuel Station,IMPS,Failed,Chandigarh,Mobile
TXN000007362,ACC0000919,2025-11-11,Credit,140990.95,Myntra,POS,Success,Kochi,Branch
TXN000007363,ACC0000232,2024-05-09,Debit,16059.87,BigBasket,NEFT,Success,Chandigarh,Web
TXN000007364,ACC0000551,2024-03-05,Debit,67583.89,Uber,IMPS,Success,Jaipur,Web
TXN000007365,ACC0000353,2024-07-11,Debit,47133.45,Uber,Cheque,Success,Chandigarh,Web
TXN000007366,ACC0000668,2025-05-22,Debit,133561.94,School Fees,Cheque,Success,Bhopal,POS
TXN000007367,ACC0001198,2024-08-28,Debit,23899.52,Electricity Board,NetBanking,Success,Chennai,Web
TXN000007368,ACC0001170,2024-09-24,Debit,99402.72,Zomato,IMPS,Success,Delhi,ATM
TXN000007369,ACC0000718,2026-01-31,Credit,149663.39,Myntra,Cheque,Success,Hyderabad,ATM
TXN000007370,ACC0000284,2024-05-25,Debit,112757.5,Insurance Premium,RTGS,Success,Kochi,Mobile
TXN000007371,ACC0000124,2024-03-02,Debit,104016.1,Zomato,ATM,Success,Pune,ATM
TXN000007372,ACC0000978,2024-01-06,Debit,94124.6,Insurance Premium,Cheque,Success,Delhi,Branch
TXN000007373,ACC0000987,2025-01-04,Debit,38937.94,Netflix,UPI,Failed,Chandigarh,Branch
TXN000007374,ACC0001133,2026-03-31,Debit,21076.42,Uber,Cheque,Success,Ahmedabad,Web
TXN000007375,ACC0000252,2025-11-12,Debit,145493.16,Fuel Station,POS,Success,Delhi,ATM
TXN000007376,ACC0000115,2025-07-23,Debit,74317.76,Reliance Digital,NetBanking,Success,Jaipur,Mobile
TXN000007377,ACC0001395,2026-01-23,Credit,64367.82,Fuel Station,IMPS,Success,Jaipur,Web
TXN000007378,ACC0000105,2026-04-29,Debit,48318.36,DMart,UPI,Success,Chennai,Web
TXN000007379,ACC0000130,2025-03-31,Credit,123336.6,Amazon,ATM,Success,Ahmedabad,Web
TXN000007380,ACC0000341,2025-11-04,Debit,37939.42,Myntra,NetBanking,Success,Mumbai,ATM
TXN000007381,ACC0000518,2025-01-27,Credit,56473.84,IRCTC,Cheque,Success,Bhopal,ATM
TXN000007382,ACC0000834,2024-07-27,Credit,1693.08,Reliance Digital,NEFT,Success,Lucknow,Branch
TXN000007383,ACC0001088,2025-04-17,Debit,75655.81,Fuel Station,NetBanking,Success,Chandigarh,Branch
TXN000007384,ACC0001106,2025-11-20,Credit,16544.5,BigBasket,IMPS,Success,Kochi,Branch
TXN000007385,ACC0000688,2024-09-27,Credit,64182.48,Electricity Board,RTGS,Success,Kochi,ATM
TXN000007386,ACC0000256,2024-07-28,Debit,17130.45,Airtel,POS,Success,Chennai,Mobile
TXN000007387,ACC0000666,2024-03-21,Credit,98751.23,Jio,IMPS,Success,Pune,POS
TXN000007388,ACC0000115,2024-03-14,Debit,76783.99,Insurance Premium,NetBanking,Success,Lucknow,Web
TXN000007389,ACC0001121,2026-02-24,Debit,141932.25,DMart,NetBanking,Success,Delhi,Mobile
TXN000007390,ACC0000004,2024-08-04,Debit,53095.15,Airtel,RTGS,Pending,Ahmedabad,POS
TXN000007391,ACC0000671,2024-02-23,Credit,75280.18,Amazon,NetBanking,Success,Kochi,Mobile
TXN000007392,ACC0000065,2025-02-17,Debit,108536.15,DMart,RTGS,Success,Jaipur,ATM
TXN000007393,ACC0000711,2024-08-11,Debit,146245.46,Netflix,UPI,Success,Hyderabad,POS
TXN000007394,ACC0000086,2025-09-03,Credit,14319.8,Netflix,Cheque,Success,Delhi,POS
TXN000007395,ACC0000370,2024-05-05,Debit,98933.07,School Fees,IMPS,Success,Kochi,Web
TXN000007396,ACC0000312,2024-03-26,Credit,44461.6,Airtel,POS,Success,Pune,Mobile
TXN000007397,ACC0000692,2025-06-09,Debit,23878.81,Airtel,ATM,Success,Ahmedabad,Branch
TXN000007398,ACC0001264,2024-04-01,Debit,109001.71,Myntra,UPI,Success,Hyderabad,POS
TXN000007399,ACC0000867,2024-03-12,Debit,120726.42,Swiggy,RTGS,Success,Bhopal,POS
TXN000007400,ACC0001024,2025-05-17,Debit,21857.08,Swiggy,IMPS,Success,Mumbai,Branch
TXN000007401,ACC0000324,2024-06-28,Credit,78432.19,Insurance Premium,ATM,Success,Ahmedabad,POS
TXN000007402,ACC0000251,2024-08-27,Debit,46697.27,Reliance Digital,Cheque,Success,Ahmedabad,Mobile
TXN000007403,ACC0000069,2025-09-25,Debit,59994.03,BigBasket,RTGS,Success,Chennai,Mobile
TXN000007404,ACC0000028,2024-02-24,Debit,42205.23,Jio,RTGS,Success,Chennai,ATM
TXN000007405,ACC0000808,2026-01-08,Debit,2985.25,Swiggy,NetBanking,Success,Jaipur,Mobile
TXN000007406,ACC0001264,2024-11-16,Debit,114526.75,School Fees,POS,Success,Mumbai,POS
TXN000007407,ACC0001275,2025-04-21,Credit,149143.7,Uber,NetBanking,Success,Bhopal,POS
TXN000007408,ACC0000598,2025-10-23,Credit,23367.1,Reliance Digital,NetBanking,Success,Delhi,POS
TXN000007409,ACC0000019,2026-01-03,Credit,61482.92,Jio,POS,Success,Kochi,Branch
TXN000007410,ACC0000520,2025-03-21,Credit,97062.44,DMart,IMPS,Success,Chandigarh,ATM
TXN000007411,ACC0000373,2026-02-25,Credit,93916.19,Myntra,RTGS,Success,Ahmedabad,ATM
TXN000007412,ACC0000335,2025-01-14,Debit,65047.8,Reliance Digital,POS,Success,Bhopal,Web
TXN000007413,ACC0000937,2025-06-23,Debit,39303.98,Flipkart,Cheque,Success,Jaipur,Mobile
TXN000007414,ACC0001160,2024-11-09,Debit,148890.13,Airtel,IMPS,Success,Chandigarh,Branch
TXN000007415,ACC0000547,2024-03-11,Credit,50678.36,Fuel Station,NetBanking,Success,Chennai,POS
TXN000007416,ACC0000493,2024-09-20,Credit,36006.63,School Fees,Cheque,Success,Mumbai,Mobile
TXN000007417,ACC0001347,2026-05-06,Debit,93462.41,School Fees,IMPS,Pending,Lucknow,Mobile
TXN000007418,ACC0000857,2025-07-20,Debit,5855.49,Fuel Station,NEFT,Pending,Delhi,POS
TXN000007419,ACC0000946,2024-12-19,Credit,145233.14,Electricity Board,UPI,Success,Mumbai,POS
TXN000007420,ACC0000325,2025-11-06,Credit,115660.53,Jio,ATM,Success,Mumbai,Web
TXN000007421,ACC0001080,2024-07-19,Debit,102074.25,Myntra,POS,Success,Jaipur,Mobile
TXN000007422,ACC0000184,2024-01-09,Credit,113216.5,Uber,RTGS,Success,Ahmedabad,POS
TXN000007423,ACC0001128,2025-06-07,Debit,12549.56,Myntra,NetBanking,Success,Mumbai,Branch
TXN000007424,ACC0000614,2025-12-05,Debit,40513.7,Reliance Digital,UPI,Success,Bengaluru,Mobile
TXN000007425,ACC0000957,2026-02-19,Debit,7174.0,IRCTC,IMPS,Success,Bhopal,Web
TXN000007426,ACC0001161,2025-09-18,Debit,86796.64,School Fees,POS,Success,Lucknow,Branch
TXN000007427,ACC0000915,2024-07-31,Debit,58548.31,Amazon,ATM,Failed,Bhopal,Branch
TXN000007428,ACC0000148,2025-12-31,Credit,54402.13,Reliance Digital,Cheque,Success,Chennai,POS
TXN000007429,ACC0001051,2025-01-18,Debit,9169.08,Ola,IMPS,Success,Kochi,POS
TXN000007430,ACC0000892,2026-04-05,Debit,91764.48,Airtel,POS,Success,Lucknow,POS
TXN000007431,ACC0001106,2026-04-23,Credit,87062.33,Airtel,UPI,Reversed,Ahmedabad,Mobile
TXN000007432,ACC0001091,2026-01-01,Credit,91951.0,Electricity Board,RTGS,Success,Mumbai,Web
TXN000007433,ACC0000870,2025-06-26,Debit,23205.82,Insurance Premium,UPI,Success,Ahmedabad,ATM
TXN000007434,ACC0000455,2025-12-14,Credit,100378.77,Fuel Station,Cheque,Success,Kochi,Mobile
TXN000007435,ACC0000099,2024-09-07,Debit,82582.34,Flipkart,POS,Success,Chennai,Mobile
TXN000007436,ACC0000041,2025-08-22,Credit,14732.29,Jio,IMPS,Success,Bhopal,Web
TXN000007437,ACC0001175,2024-05-02,Credit,79743.44,Jio,POS,Success,Bengaluru,Branch
TXN000007438,ACC0000435,2024-06-12,Credit,41296.91,Zomato,ATM,Pending,Jaipur,Branch
TXN000007439,ACC0000678,2025-01-03,Credit,81892.43,IRCTC,ATM,Success,Ahmedabad,POS
TXN000007440,ACC0001311,2025-04-20,Debit,16077.11,Reliance Digital,POS,Failed,Delhi,POS
TXN000007441,ACC0001114,2025-06-15,Debit,136559.04,Airtel,RTGS,Success,Bengaluru,Web
TXN000007442,ACC0000210,2024-06-10,Debit,52200.29,Swiggy,POS,Success,Chandigarh,POS
TXN000007443,ACC0000903,2024-02-13,Debit,91067.69,Electricity Board,Cheque,Success,Jaipur,ATM
TXN000007444,ACC0000540,2025-11-24,Credit,93004.87,Jio,NEFT,Reversed,Hyderabad,Branch
TXN000007445,ACC0000778,2024-03-06,Debit,37181.99,Amazon,IMPS,Success,Chandigarh,Mobile
TXN000007446,ACC0000225,2025-06-15,Credit,50130.17,IRCTC,ATM,Success,Kochi,ATM
TXN000007447,ACC0001324,2024-03-21,Credit,14805.94,Myntra,RTGS,Success,Pune,ATM
TXN000007448,ACC0001032,2024-10-15,Debit,140671.31,Airtel,Cheque,Success,Hyderabad,Branch
TXN000007449,ACC0000706,2025-10-21,Debit,68578.71,Netflix,Cheque,Success,Delhi,ATM
TXN000007450,ACC0000462,2025-05-26,Credit,126135.26,Fuel Station,Cheque,Success,Delhi,Mobile
TXN000007451,ACC0001176,2025-04-04,Debit,51817.56,Airtel,RTGS,Success,Chandigarh,Branch
TXN000007452,ACC0000667,2026-05-06,Credit,124597.24,Insurance Premium,ATM,Failed,Chandigarh,ATM
TXN000007453,ACC0000202,2026-05-04,Credit,38073.38,Reliance Digital,NetBanking,Success,Jaipur,Mobile
TXN000007454,ACC0001163,2026-02-27,Debit,78978.03,IRCTC,Cheque,Success,Bhopal,Web
TXN000007455,ACC0000078,2024-09-24,Debit,55656.04,Fuel Station,POS,Success,Mumbai,POS
TXN000007456,ACC0001309,2026-05-10,Debit,102606.85,Swiggy,ATM,Success,Lucknow,Branch
TXN000007457,ACC0000665,2025-10-23,Credit,101040.09,Swiggy,POS,Success,Ahmedabad,Web
TXN000007458,ACC0000148,2026-02-20,Debit,55764.82,BigBasket,Cheque,Success,Delhi,ATM
TXN000007459,ACC0000547,2025-06-28,Credit,129441.12,Netflix,ATM,Success,Hyderabad,POS
TXN000007460,ACC0000947,2024-03-26,Debit,56854.81,Amazon,Cheque,Failed,Kochi,Branch
TXN000007461,ACC0000636,2025-05-27,Debit,25128.31,Ola,NEFT,Success,Ahmedabad,Branch
TXN000007462,ACC0000223,2025-05-17,Debit,1950.97,Fuel Station,NEFT,Success,Bhopal,ATM
TXN000007463,ACC0000465,2025-10-04,Credit,53825.7,Jio,IMPS,Success,Hyderabad,POS
TXN000007464,ACC0001309,2024-12-30,Credit,13011.78,BigBasket,RTGS,Success,Chandigarh,Mobile
TXN000007465,ACC0000171,2025-11-22,Debit,90985.4,Fuel Station,NEFT,Success,Bhopal,ATM
TXN000007466,ACC0000531,2026-01-29,Credit,48176.23,Uber,NEFT,Success,Pune,Mobile
TXN000007467,ACC0001071,2025-02-12,Debit,101953.39,Uber,Cheque,Success,Lucknow,Web
TXN000007468,ACC0001223,2025-01-24,Debit,84220.61,Netflix,NEFT,Success,Hyderabad,POS
TXN000007469,ACC0001321,2025-12-14,Credit,131027.27,Zomato,POS,Success,Lucknow,Branch
TXN000007470,ACC0000928,2026-02-17,Credit,141633.38,Jio,POS,Success,Chandigarh,ATM
TXN000007471,ACC0000461,2025-03-27,Debit,128467.23,Fuel Station,NEFT,Success,Lucknow,POS
TXN000007472,ACC0001316,2024-08-25,Debit,85498.9,Amazon,NetBanking,Success,Kochi,POS
TXN000007473,ACC0001138,2024-01-18,Debit,92086.51,Reliance Digital,IMPS,Success,Hyderabad,Branch
TXN000007474,ACC0000641,2024-06-23,Debit,132207.73,Netflix,Cheque,Failed,Kochi,ATM
TXN000007475,ACC0000031,2024-03-09,Debit,20677.8,Zomato,ATM,Success,Jaipur,Branch
TXN000007476,ACC0000211,2025-11-04,Debit,115979.74,Jio,NetBanking,Success,Chandigarh,Branch
TXN000007477,ACC0000693,2026-02-14,Debit,75945.4,Amazon,Cheque,Success,Hyderabad,POS
TXN000007478,ACC0001203,2025-12-04,Debit,103570.29,Airtel,ATM,Success,Bengaluru,Web
TXN000007479,ACC0001045,2026-01-27,Debit,39860.48,Uber,Cheque,Success,Bengaluru,POS
TXN000007480,ACC0000871,2026-02-16,Credit,135113.68,Fuel Station,NEFT,Success,Hyderabad,POS
TXN000007481,ACC0000801,2025-06-13,Credit,83084.26,Zomato,NEFT,Success,Bhopal,Web
TXN000007482,ACC0000265,2026-04-14,Debit,113360.23,Uber,NEFT,Pending,Jaipur,Branch
TXN000007483,ACC0000831,2025-06-04,Debit,29743.83,Myntra,UPI,Success,Delhi,Mobile
TXN000007484,ACC0000781,2024-12-03,Credit,69094.94,Myntra,IMPS,Success,Bengaluru,Web
TXN000007485,ACC0000458,2026-02-21,Debit,32919.21,DMart,NEFT,Success,Jaipur,ATM
TXN000007486,ACC0000769,2026-01-19,Debit,142153.78,Reliance Digital,Cheque,Success,Kochi,POS
TXN000007487,ACC0001212,2025-05-30,Credit,438.11,Ola,RTGS,Success,Chennai,POS
TXN000007488,ACC0000765,2025-01-21,Credit,103345.47,School Fees,NEFT,Success,Bengaluru,Web
TXN000007489,ACC0001369,2025-01-04,Credit,42799.23,Uber,RTGS,Failed,Bengaluru,POS
TXN000007490,ACC0001163,2024-08-06,Credit,22943.94,Myntra,NEFT,Success,Hyderabad,POS
TXN000007491,ACC0001371,2024-11-25,Credit,10670.84,Electricity Board,POS,Success,Bhopal,Web
TXN000007492,ACC0000919,2024-08-13,Debit,117441.7,Ola,UPI,Success,Bhopal,ATM
TXN000007493,ACC0000858,2025-03-20,Credit,42986.69,DMart,IMPS,Success,Bengaluru,Web
TXN000007494,ACC0000346,2025-07-15,Credit,80479.17,Jio,NetBanking,Success,Delhi,Branch
TXN000007495,ACC0000325,2025-03-30,Debit,14751.51,Fuel Station,NetBanking,Success,Jaipur,ATM
TXN000007496,ACC0000346,2024-02-09,Debit,113297.55,Reliance Digital,POS,Success,Jaipur,Mobile
TXN000007497,ACC0001157,2025-09-18,Credit,131814.26,Insurance Premium,POS,Success,Mumbai,Mobile
TXN000007498,ACC0000524,2025-09-29,Debit,147983.95,Myntra,IMPS,Success,Pune,ATM
TXN000007499,ACC0001082,2025-02-20,Debit,92467.05,Swiggy,NetBanking,Success,Bengaluru,POS
TXN000007500,ACC0000831,2025-11-08,Debit,129899.34,School Fees,NEFT,Pending,Bengaluru,POS
TXN000007501,ACC0000137,2024-04-19,Credit,67472.29,Insurance Premium,NetBanking,Success,Bengaluru,Mobile
TXN000007502,ACC0000716,2025-06-07,Credit,126395.15,School Fees,NetBanking,Success,Bengaluru,Web
TXN000007503,ACC0000870,2024-04-18,Credit,70980.65,Uber,NEFT,Success,Chandigarh,Web
TXN000007504,ACC0000810,2025-03-31,Credit,101299.12,Myntra,IMPS,Failed,Jaipur,Mobile
TXN000007505,ACC0000197,2026-03-22,Debit,34585.36,Insurance Premium,ATM,Pending,Lucknow,Mobile
TXN000007506,ACC0001104,2025-01-09,Debit,10384.5,Amazon,NetBanking,Success,Pune,POS
TXN000007507,ACC0000011,2024-11-22,Credit,124483.8,Insurance Premium,POS,Reversed,Pune,Web
TXN000007508,ACC0000777,2024-09-17,Debit,65453.92,BigBasket,POS,Success,Pune,ATM
TXN000007509,ACC0000031,2024-03-12,Debit,89170.99,Flipkart,Cheque,Success,Kochi,Branch
TXN000007510,ACC0000711,2025-11-15,Debit,69341.52,Reliance Digital,NEFT,Success,Bhopal,Mobile
TXN000007511,ACC0000518,2025-08-29,Debit,117869.58,Netflix,NetBanking,Success,Chandigarh,POS
TXN000007512,ACC0000610,2024-08-15,Debit,106685.1,Zomato,IMPS,Success,Lucknow,POS
TXN000007513,ACC0000530,2025-10-28,Debit,51152.71,Jio,NetBanking,Success,Delhi,ATM
TXN000007514,ACC0000744,2024-03-28,Debit,135773.23,Reliance Digital,NetBanking,Success,Hyderabad,POS
TXN000007515,ACC0000812,2025-10-15,Debit,145282.18,Insurance Premium,NetBanking,Success,Hyderabad,POS
TXN000007516,ACC0000473,2025-03-27,Credit,103869.81,Airtel,NEFT,Success,Bhopal,Web
TXN000007517,ACC0000195,2025-03-26,Debit,49378.22,Electricity Board,NEFT,Success,Kochi,POS
TXN000007518,ACC0000823,2024-02-10,Debit,52488.67,School Fees,NetBanking,Success,Lucknow,ATM
TXN000007519,ACC0000888,2024-03-15,Debit,40446.01,Fuel Station,UPI,Success,Mumbai,Mobile
TXN000007520,ACC0001115,2024-10-07,Debit,128676.46,Fuel Station,POS,Success,Kochi,ATM
TXN000007521,ACC0000333,2025-11-02,Credit,129614.39,Amazon,NEFT,Success,Jaipur,Web
TXN000007522,ACC0000805,2026-01-06,Credit,1055.2,Myntra,IMPS,Failed,Jaipur,POS
TXN000007523,ACC0001373,2024-09-19,Debit,7552.32,Uber,UPI,Success,Ahmedabad,POS
TXN000007524,ACC0001204,2024-12-24,Debit,126449.38,Fuel Station,UPI,Success,Kochi,Branch
TXN000007525,ACC0000198,2026-04-12,Credit,75247.23,Myntra,IMPS,Success,Hyderabad,ATM
TXN000007526,ACC0001053,2025-11-06,Debit,13563.15,Netflix,NEFT,Success,Mumbai,POS
TXN000007527,ACC0001124,2024-11-24,Credit,58307.42,Zomato,POS,Success,Chandigarh,ATM
TXN000007528,ACC0001223,2024-06-23,Credit,82531.3,Reliance Digital,ATM,Success,Kochi,Mobile
TXN000007529,ACC0001300,2025-05-05,Debit,38454.88,Reliance Digital,ATM,Success,Lucknow,Mobile
TXN000007530,ACC0000953,2024-12-15,Debit,78562.98,Fuel Station,POS,Success,Ahmedabad,Branch
TXN000007531,ACC0000825,2025-01-12,Credit,29396.6,IRCTC,UPI,Success,Chandigarh,Web
TXN000007532,ACC0000746,2025-10-19,Debit,76421.2,Zomato,IMPS,Success,Jaipur,Web
TXN000007533,ACC0001096,2026-01-18,Credit,59208.83,IRCTC,Cheque,Success,Jaipur,ATM
TXN000007534,ACC0000564,2024-02-20,Credit,870.31,BigBasket,IMPS,Success,Bhopal,Branch
TXN000007535,ACC0000557,2024-03-04,Debit,140953.71,Insurance Premium,RTGS,Success,Mumbai,POS
TXN000007536,ACC0000446,2026-01-25,Debit,128245.17,School Fees,UPI,Success,Hyderabad,ATM
TXN000007537,ACC0001011,2025-06-30,Debit,86466.3,Netflix,NEFT,Success,Jaipur,Branch
TXN000007538,ACC0000313,2024-10-22,Debit,46549.09,Flipkart,NetBanking,Success,Ahmedabad,ATM
TXN000007539,ACC0000960,2025-08-26,Debit,91321.01,Flipkart,RTGS,Success,Hyderabad,POS
TXN000007540,ACC0000612,2024-01-16,Debit,86760.13,Amazon,UPI,Success,Pune,POS
TXN000007541,ACC0000795,2024-12-27,Debit,31111.48,Uber,NEFT,Success,Ahmedabad,Web
TXN000007542,ACC0000359,2025-07-24,Debit,133086.18,DMart,NetBanking,Success,Ahmedabad,Branch
TXN000007543,ACC0000647,2024-06-25,Credit,56406.7,Myntra,ATM,Pending,Lucknow,ATM
TXN000007544,ACC0000152,2025-04-11,Debit,142760.88,School Fees,RTGS,Success,Mumbai,Web
TXN000007545,ACC0001084,2024-05-17,Debit,130425.13,Swiggy,Cheque,Success,Bengaluru,POS
TXN000007546,ACC0000424,2026-03-31,Debit,111380.68,Uber,ATM,Success,Lucknow,POS
TXN000007547,ACC0000639,2025-11-05,Debit,58600.76,DMart,IMPS,Success,Lucknow,Web
TXN000007548,ACC0000776,2026-03-07,Credit,134475.84,Amazon,IMPS,Success,Bengaluru,Web
TXN000007549,ACC0001082,2026-03-23,Credit,87855.5,Flipkart,UPI,Success,Chandigarh,Web
TXN000007550,ACC0000753,2025-07-20,Credit,147769.75,Ola,Cheque,Failed,Chandigarh,Mobile
TXN000007551,ACC0000301,2025-05-09,Credit,87183.9,Insurance Premium,Cheque,Success,Bengaluru,ATM
TXN000007552,ACC0001051,2025-01-08,Credit,47471.37,Amazon,POS,Success,Kochi,Branch
TXN000007553,ACC0000486,2024-10-29,Debit,44983.89,DMart,ATM,Success,Jaipur,Branch
TXN000007554,ACC0000737,2025-09-19,Credit,5971.8,Ola,UPI,Pending,Hyderabad,Web
TXN000007555,ACC0000210,2025-01-18,Debit,118417.78,Ola,RTGS,Success,Kochi,Web
TXN000007556,ACC0001308,2026-03-17,Debit,25722.39,Ola,POS,Success,Chandigarh,Web
TXN000007557,ACC0001103,2024-12-07,Debit,93995.97,IRCTC,NEFT,Success,Pune,ATM
TXN000007558,ACC0001378,2025-02-06,Debit,50120.93,Insurance Premium,NetBanking,Success,Bengaluru,Branch
TXN000007559,ACC0000577,2024-04-19,Credit,149592.66,Ola,RTGS,Success,Mumbai,Branch
TXN000007560,ACC0000556,2024-08-17,Debit,753.21,Insurance Premium,IMPS,Pending,Delhi,ATM
TXN000007561,ACC0001137,2024-11-14,Debit,65782.07,Ola,NEFT,Success,Bhopal,Mobile
TXN000007562,ACC0000750,2024-05-21,Credit,110761.6,School Fees,NetBanking,Pending,Mumbai,ATM
TXN000007563,ACC0000515,2025-08-03,Debit,121155.29,Electricity Board,NetBanking,Success,Pune,Branch
TXN000007564,ACC0000585,2024-09-03,Credit,103480.15,IRCTC,ATM,Success,Bengaluru,Mobile
TXN000007565,ACC0001091,2026-05-19,Credit,23807.72,Airtel,POS,Success,Pune,POS
TXN000007566,ACC0001154,2024-06-25,Credit,145315.14,Netflix,NetBanking,Success,Hyderabad,ATM
TXN000007567,ACC0000601,2025-11-21,Credit,103218.56,Swiggy,IMPS,Pending,Hyderabad,POS
TXN000007568,ACC0000652,2025-02-14,Debit,17597.44,Insurance Premium,RTGS,Success,Chandigarh,POS
TXN000007569,ACC0001016,2026-05-19,Debit,144075.29,IRCTC,UPI,Success,Pune,Branch
TXN000007570,ACC0000626,2025-09-14,Credit,79719.36,DMart,ATM,Reversed,Lucknow,Branch
TXN000007571,ACC0001105,2024-10-13,Credit,30938.68,Amazon,IMPS,Success,Chandigarh,POS
TXN000007572,ACC0000034,2026-01-14,Credit,19040.33,Amazon,IMPS,Success,Pune,Mobile
TXN000007573,ACC0000742,2025-10-25,Debit,50701.74,Airtel,IMPS,Success,Hyderabad,Mobile
TXN000007574,ACC0000530,2026-03-15,Credit,98320.04,Swiggy,ATM,Success,Jaipur,POS
TXN000007575,ACC0000893,2025-08-16,Credit,14461.0,Jio,ATM,Success,Bengaluru,Branch
TXN000007576,ACC0001202,2025-07-05,Debit,58317.88,School Fees,NEFT,Success,Delhi,Mobile
TXN000007577,ACC0000219,2025-08-28,Debit,87048.9,Fuel Station,ATM,Success,Jaipur,POS
TXN000007578,ACC0000554,2024-03-31,Credit,10665.19,Fuel Station,IMPS,Success,Chennai,ATM
TXN000007579,ACC0000801,2025-08-04,Credit,78137.19,Amazon,NEFT,Success,Delhi,ATM
TXN000007580,ACC0000217,2025-06-27,Debit,71785.27,Flipkart,RTGS,Success,Hyderabad,Mobile
TXN000007581,ACC0000461,2024-06-05,Debit,67409.67,Swiggy,UPI,Success,Bengaluru,POS
TXN000007582,ACC0001391,2025-05-07,Debit,94834.3,BigBasket,POS,Success,Jaipur,ATM
TXN000007583,ACC0000236,2025-09-30,Credit,131026.49,Electricity Board,NEFT,Success,Bhopal,Web
TXN000007584,ACC0000377,2025-12-17,Credit,15340.19,Insurance Premium,RTGS,Success,Chandigarh,Branch
TXN000007585,ACC0000731,2024-03-19,Debit,130976.76,Amazon,NetBanking,Success,Delhi,Web
TXN000007586,ACC0001051,2024-04-25,Debit,89361.18,Myntra,ATM,Success,Ahmedabad,ATM
TXN000007587,ACC0000493,2026-01-09,Debit,49947.64,Amazon,IMPS,Success,Hyderabad,Mobile
TXN000007588,ACC0000237,2026-04-02,Debit,1417.13,Flipkart,NEFT,Success,Jaipur,ATM
TXN000007589,ACC0000700,2026-05-12,Debit,96216.96,School Fees,POS,Success,Bengaluru,Branch
TXN000007590,ACC0000671,2025-06-13,Debit,50528.93,BigBasket,UPI,Success,Chennai,Web
TXN000007591,ACC0001165,2024-11-19,Debit,54427.97,School Fees,POS,Success,Hyderabad,ATM
TXN000007592,ACC0001262,2024-11-27,Debit,24140.13,Uber,POS,Success,Delhi,Branch
TXN000007593,ACC0000471,2024-07-16,Credit,147559.14,Ola,POS,Success,Ahmedabad,POS
TXN000007594,ACC0000319,2025-02-15,Debit,115476.26,Myntra,IMPS,Success,Jaipur,ATM
TXN000007595,ACC0001094,2026-02-15,Credit,53205.47,Fuel Station,NetBanking,Success,Kochi,ATM
TXN000007596,ACC0001133,2025-02-01,Debit,17345.0,Reliance Digital,UPI,Success,Jaipur,Branch
TXN000007597,ACC0000069,2025-06-05,Debit,19011.8,Uber,POS,Success,Kochi,Mobile
TXN000007598,ACC0000827,2026-04-02,Credit,117143.55,Netflix,NetBanking,Success,Kochi,POS
TXN000007599,ACC0001003,2025-04-29,Debit,93920.86,Electricity Board,IMPS,Success,Pune,Mobile
TXN000007600,ACC0001206,2026-03-19,Debit,108073.8,Airtel,NetBanking,Failed,Pune,Mobile
TXN000007601,ACC0000684,2024-11-02,Debit,75684.38,Fuel Station,NEFT,Success,Pune,Mobile
TXN000007602,ACC0000686,2024-02-12,Debit,32654.05,Swiggy,POS,Success,Kochi,Branch
TXN000007603,ACC0001165,2025-08-27,Credit,19902.82,Swiggy,UPI,Success,Bhopal,Mobile
TXN000007604,ACC0000095,2026-03-21,Debit,91388.68,IRCTC,RTGS,Success,Bengaluru,Branch
TXN000007605,ACC0001147,2024-02-02,Credit,121643.23,Ola,UPI,Success,Ahmedabad,Web
TXN000007606,ACC0000509,2026-04-27,Debit,30824.87,IRCTC,NetBanking,Success,Bhopal,Mobile
TXN000007607,ACC0001041,2024-07-04,Credit,66302.31,Reliance Digital,POS,Success,Chandigarh,Branch
TXN000007608,ACC0000827,2025-06-27,Credit,44518.31,Myntra,IMPS,Success,Bhopal,ATM
TXN000007609,ACC0000446,2026-02-09,Debit,114593.2,Netflix,UPI,Success,Chandigarh,Branch
TXN000007610,ACC0001128,2025-02-20,Debit,124238.31,School Fees,POS,Success,Bhopal,Branch
TXN000007611,ACC0000129,2025-10-29,Debit,52099.23,Swiggy,NEFT,Success,Chandigarh,Web
TXN000007612,ACC0001273,2025-07-31,Debit,30268.74,Fuel Station,RTGS,Failed,Hyderabad,Mobile
TXN000007613,ACC0001349,2025-06-05,Debit,76036.12,DMart,Cheque,Success,Bhopal,Mobile
TXN000007614,ACC0000615,2025-10-31,Debit,52515.44,Swiggy,POS,Success,Mumbai,Web
TXN000007615,ACC0000056,2025-01-08,Credit,91088.08,Myntra,ATM,Success,Ahmedabad,ATM
TXN000007616,ACC0000625,2024-11-15,Debit,140315.74,Netflix,NEFT,Success,Hyderabad,ATM
TXN000007617,ACC0000746,2025-06-09,Credit,56048.56,Airtel,ATM,Failed,Chennai,Branch
TXN000007618,ACC0001196,2026-01-01,Credit,23133.12,Swiggy,RTGS,Success,Kochi,Web
TXN000007619,ACC0000113,2024-07-21,Credit,63173.44,Electricity Board,RTGS,Success,Mumbai,Web
TXN000007620,ACC0001132,2024-11-27,Debit,102308.38,DMart,ATM,Success,Lucknow,Web
TXN000007621,ACC0000902,2024-11-08,Debit,69215.25,Airtel,Cheque,Success,Kochi,ATM
TXN000007622,ACC0001331,2024-12-01,Credit,141508.1,Insurance Premium,ATM,Success,Delhi,Mobile
TXN000007623,ACC0000850,2025-02-12,Credit,80348.43,BigBasket,UPI,Success,Bhopal,ATM
TXN000007624,ACC0000044,2025-12-25,Debit,73364.05,Reliance Digital,RTGS,Success,Ahmedabad,POS
TXN000007625,ACC0001094,2025-04-23,Debit,92690.94,Airtel,UPI,Success,Hyderabad,Web
TXN000007626,ACC0000199,2025-08-10,Credit,85175.88,School Fees,Cheque,Success,Jaipur,Web
TXN000007627,ACC0001094,2024-08-06,Credit,90534.4,Jio,RTGS,Success,Chandigarh,Mobile
TXN000007628,ACC0000841,2024-10-13,Debit,141118.28,BigBasket,NetBanking,Success,Kochi,Mobile
TXN000007629,ACC0001359,2026-01-11,Debit,51569.34,Insurance Premium,NetBanking,Failed,Delhi,Mobile
TXN000007630,ACC0001164,2024-06-23,Debit,117977.03,Swiggy,RTGS,Pending,Delhi,ATM
TXN000007631,ACC0000077,2025-01-03,Debit,69935.49,DMart,POS,Success,Bhopal,ATM
TXN000007632,ACC0001133,2024-12-12,Debit,32176.38,School Fees,ATM,Success,Lucknow,Web
TXN000007633,ACC0001391,2024-02-15,Credit,87138.5,Reliance Digital,POS,Failed,Kochi,POS
TXN000007634,ACC0001272,2024-08-11,Debit,96539.77,Reliance Digital,IMPS,Success,Lucknow,Branch
TXN000007635,ACC0001248,2026-02-17,Debit,99666.22,School Fees,Cheque,Success,Ahmedabad,ATM
TXN000007636,ACC0000089,2024-02-10,Credit,26869.93,IRCTC,ATM,Success,Pune,POS
TXN000007637,ACC0001255,2026-01-01,Credit,107425.36,Insurance Premium,UPI,Success,Bengaluru,Branch
TXN000007638,ACC0000063,2025-10-25,Credit,38999.75,Swiggy,Cheque,Success,Lucknow,POS
TXN000007639,ACC0000666,2025-06-20,Debit,125412.97,Jio,NetBanking,Success,Chandigarh,Mobile
TXN000007640,ACC0000521,2025-03-17,Debit,11779.46,Jio,UPI,Success,Chandigarh,POS
TXN000007641,ACC0001140,2024-03-13,Debit,15114.9,Swiggy,ATM,Reversed,Bengaluru,Branch
TXN000007642,ACC0001289,2024-11-18,Credit,41767.5,BigBasket,Cheque,Success,Kochi,POS
TXN000007643,ACC0000278,2025-04-30,Credit,15224.58,Airtel,POS,Success,Delhi,Branch
TXN000007644,ACC0000803,2025-05-24,Credit,7762.79,Netflix,NEFT,Failed,Lucknow,ATM
TXN000007645,ACC0000837,2025-12-06,Debit,63041.25,Flipkart,UPI,Success,Mumbai,Web
TXN000007646,ACC0000343,2026-03-14,Debit,22939.16,School Fees,POS,Success,Lucknow,Web
TXN000007647,ACC0001090,2025-09-22,Credit,48033.39,Insurance Premium,NEFT,Success,Pune,ATM
TXN000007648,ACC0001088,2024-11-08,Credit,7671.79,Electricity Board,NetBanking,Success,Chennai,POS
TXN000007649,ACC0001117,2024-12-14,Debit,112632.74,Amazon,ATM,Success,Delhi,ATM
TXN000007650,ACC0001186,2025-04-28,Debit,10760.03,Jio,Cheque,Success,Lucknow,ATM
TXN000007651,ACC0000171,2026-03-17,Debit,49372.83,DMart,UPI,Success,Mumbai,ATM
TXN000007652,ACC0000247,2025-10-23,Debit,74660.71,Uber,ATM,Success,Delhi,ATM
TXN000007653,ACC0000075,2026-01-14,Credit,30417.2,Electricity Board,Cheque,Success,Hyderabad,POS
TXN000007654,ACC0000156,2024-09-15,Credit,83270.61,Reliance Digital,UPI,Success,Delhi,Web
TXN000007655,ACC0000573,2024-10-19,Debit,71627.02,IRCTC,IMPS,Pending,Chennai,POS
TXN000007656,ACC0001246,2024-11-04,Debit,49108.42,Swiggy,ATM,Success,Kochi,Branch
TXN000007657,ACC0000040,2025-11-22,Credit,45785.47,School Fees,UPI,Success,Chennai,POS
TXN000007658,ACC0001025,2025-04-16,Credit,91739.99,Myntra,RTGS,Success,Bhopal,POS
TXN000007659,ACC0000801,2025-12-29,Credit,82949.52,IRCTC,POS,Success,Ahmedabad,POS
TXN000007660,ACC0000611,2024-03-12,Credit,109198.25,Ola,POS,Success,Ahmedabad,POS
TXN000007661,ACC0001205,2025-08-20,Debit,94110.2,BigBasket,ATM,Success,Mumbai,Mobile
TXN000007662,ACC0000552,2025-06-18,Debit,61175.76,School Fees,NetBanking,Failed,Chandigarh,POS
TXN000007663,ACC0001036,2025-08-12,Debit,66227.71,Netflix,NEFT,Success,Pune,ATM
TXN000007664,ACC0000225,2024-07-12,Credit,124922.28,Netflix,ATM,Success,Mumbai,ATM
TXN000007665,ACC0000057,2024-07-07,Credit,148806.34,Airtel,Cheque,Success,Kochi,ATM
TXN000007666,ACC0001278,2024-01-08,Debit,24343.68,Myntra,RTGS,Success,Lucknow,Web
TXN000007667,ACC0001205,2024-08-03,Debit,134620.04,Uber,NEFT,Success,Chandigarh,ATM
TXN000007668,ACC0000107,2024-12-28,Debit,36417.96,Insurance Premium,RTGS,Success,Delhi,Mobile
TXN000007669,ACC0000120,2025-12-17,Debit,49195.02,Zomato,NetBanking,Success,Chandigarh,Web
TXN000007670,ACC0001150,2025-11-21,Debit,146494.65,Reliance Digital,ATM,Success,Lucknow,Web
TXN000007671,ACC0000019,2025-01-24,Credit,38245.74,Airtel,Cheque,Success,Jaipur,ATM
TXN000007672,ACC0000776,2024-07-28,Credit,66113.65,BigBasket,IMPS,Success,Mumbai,Mobile
TXN000007673,ACC0000470,2024-12-18,Debit,27460.99,DMart,Cheque,Success,Hyderabad,POS
TXN000007674,ACC0000921,2025-03-25,Debit,7668.15,Airtel,IMPS,Success,Pune,Branch
TXN000007675,ACC0001343,2024-07-07,Credit,91521.17,Flipkart,NetBanking,Success,Pune,Mobile
TXN000007676,ACC0000241,2026-02-27,Debit,29396.27,Ola,ATM,Success,Jaipur,Branch
TXN000007677,ACC0001153,2024-08-13,Debit,113252.32,IRCTC,Cheque,Success,Hyderabad,POS
TXN000007678,ACC0000657,2024-03-20,Debit,77433.21,Uber,IMPS,Failed,Lucknow,Mobile
TXN000007679,ACC0000565,2024-04-13,Debit,50870.58,Reliance Digital,NEFT,Success,Hyderabad,POS
TXN000007680,ACC0000525,2025-12-26,Debit,143534.26,Myntra,NetBanking,Success,Delhi,Web
TXN000007681,ACC0000737,2026-02-14,Debit,130172.43,School Fees,ATM,Success,Lucknow,Branch
TXN000007682,ACC0000052,2025-04-09,Debit,94470.36,Airtel,UPI,Success,Mumbai,Mobile
TXN000007683,ACC0000233,2024-12-08,Credit,15430.0,Amazon,POS,Success,Pune,POS
TXN000007684,ACC0001203,2025-07-01,Credit,127642.45,Zomato,NEFT,Success,Ahmedabad,Mobile
TXN000007685,ACC0000083,2025-05-20,Debit,71795.73,School Fees,UPI,Success,Lucknow,Branch
TXN000007686,ACC0000690,2025-10-08,Credit,41265.34,DMart,Cheque,Success,Kochi,Web
TXN000007687,ACC0000125,2024-02-08,Credit,31562.8,Myntra,RTGS,Success,Jaipur,Mobile
TXN000007688,ACC0000879,2025-04-06,Credit,23146.3,Uber,IMPS,Success,Delhi,ATM
TXN000007689,ACC0001134,2025-12-13,Debit,99874.75,Fuel Station,Cheque,Failed,Mumbai,Branch
TXN000007690,ACC0000054,2025-11-11,Debit,11955.81,School Fees,RTGS,Success,Bhopal,Branch
TXN000007691,ACC0000186,2025-11-25,Credit,30740.11,School Fees,RTGS,Pending,Kochi,Web
TXN000007692,ACC0000461,2024-10-19,Debit,29159.09,Myntra,IMPS,Success,Chennai,Web
TXN000007693,ACC0000519,2025-12-14,Credit,5132.07,Swiggy,Cheque,Success,Bengaluru,Branch
TXN000007694,ACC0001264,2025-05-06,Credit,103669.95,DMart,RTGS,Success,Hyderabad,ATM
TXN000007695,ACC0000975,2024-06-15,Debit,66886.77,Electricity Board,UPI,Success,Ahmedabad,POS
TXN000007696,ACC0000710,2024-05-20,Debit,2903.34,Ola,ATM,Success,Chandigarh,Branch
TXN000007697,ACC0001020,2026-03-03,Debit,66525.22,Swiggy,UPI,Success,Lucknow,Branch
TXN000007698,ACC0001015,2025-02-27,Debit,80438.96,School Fees,Cheque,Success,Kochi,Mobile
TXN000007699,ACC0000247,2024-05-08,Debit,92905.09,Ola,RTGS,Success,Ahmedabad,ATM
TXN000007700,ACC0000777,2025-10-31,Credit,96695.55,Insurance Premium,NetBanking,Success,Lucknow,Web
TXN000007701,ACC0001111,2026-03-09,Debit,69855.11,Airtel,Cheque,Success,Delhi,POS
TXN000007702,ACC0000365,2026-02-21,Debit,92767.93,Reliance Digital,NEFT,Success,Hyderabad,POS
TXN000007703,ACC0000777,2024-06-10,Debit,67392.2,Insurance Premium,ATM,Pending,Bhopal,Web
TXN000007704,ACC0000326,2024-12-01,Debit,24674.59,Uber,ATM,Success,Chandigarh,Web
TXN000007705,ACC0001268,2026-02-13,Credit,98537.14,Zomato,NetBanking,Success,Delhi,POS
TXN000007706,ACC0000988,2024-07-20,Credit,85341.26,Reliance Digital,UPI,Success,Chennai,Mobile
TXN000007707,ACC0000644,2024-09-21,Debit,93124.29,Uber,NetBanking,Success,Ahmedabad,Branch
TXN000007708,ACC0001095,2025-04-08,Debit,118238.33,Swiggy,NetBanking,Success,Bhopal,ATM
TXN000007709,ACC0001173,2025-01-06,Debit,114591.7,Myntra,ATM,Success,Kochi,Web
TXN000007710,ACC0000040,2025-09-06,Debit,76047.74,Flipkart,NEFT,Success,Mumbai,ATM
TXN000007711,ACC0000602,2025-11-07,Credit,30230.41,Airtel,NetBanking,Success,Jaipur,Branch
TXN000007712,ACC0001390,2025-12-20,Debit,79916.86,Netflix,POS,Success,Ahmedabad,Branch
TXN000007713,ACC0000932,2024-06-11,Credit,95949.26,School Fees,NEFT,Success,Mumbai,Branch
TXN000007714,ACC0001272,2024-05-22,Debit,6912.87,Jio,Cheque,Success,Jaipur,POS
TXN000007715,ACC0000944,2024-03-13,Debit,110176.77,Insurance Premium,NetBanking,Success,Chandigarh,Web
TXN000007716,ACC0000250,2024-09-28,Credit,13935.8,Insurance Premium,POS,Failed,Jaipur,Mobile
TXN000007717,ACC0000665,2024-06-07,Debit,2732.76,Flipkart,NetBanking,Failed,Delhi,Branch
TXN000007718,ACC0000927,2024-07-03,Debit,120796.68,Uber,NEFT,Success,Bhopal,POS
TXN000007719,ACC0000056,2025-03-18,Credit,56681.46,Reliance Digital,NetBanking,Success,Pune,ATM
TXN000007720,ACC0001232,2025-01-21,Credit,96715.69,Zomato,POS,Success,Jaipur,Branch
TXN000007721,ACC0000577,2026-05-08,Debit,15849.7,Flipkart,NEFT,Success,Delhi,ATM
TXN000007722,ACC0000101,2024-05-08,Debit,71027.93,Swiggy,NEFT,Pending,Jaipur,Branch
TXN000007723,ACC0000493,2025-08-25,Debit,124248.04,Myntra,UPI,Success,Pune,Web
TXN000007724,ACC0000541,2024-01-22,Debit,104332.83,Insurance Premium,NEFT,Success,Lucknow,Web
TXN000007725,ACC0000726,2024-04-19,Debit,81922.61,DMart,IMPS,Success,Bengaluru,POS
TXN000007726,ACC0000971,2025-10-29,Credit,148892.07,Electricity Board,UPI,Success,Jaipur,ATM
TXN000007727,ACC0000621,2024-05-26,Credit,77914.67,Ola,RTGS,Success,Mumbai,Branch
TXN000007728,ACC0000556,2025-04-27,Debit,84913.67,Reliance Digital,UPI,Success,Jaipur,Branch
TXN000007729,ACC0001388,2025-08-14,Debit,81949.75,Insurance Premium,UPI,Success,Pune,ATM
TXN000007730,ACC0000519,2024-09-28,Debit,93601.36,Reliance Digital,IMPS,Success,Bhopal,POS
TXN000007731,ACC0000863,2024-05-29,Credit,96090.7,IRCTC,Cheque,Success,Chandigarh,ATM
TXN000007732,ACC0000511,2024-09-02,Debit,92817.02,Fuel Station,UPI,Reversed,Hyderabad,Branch
TXN000007733,ACC0001146,2025-03-04,Credit,114485.55,Insurance Premium,POS,Success,Chandigarh,POS
TXN000007734,ACC0001217,2025-11-17,Credit,8505.21,Insurance Premium,ATM,Success,Hyderabad,ATM
TXN000007735,ACC0000708,2025-05-18,Debit,84785.72,Flipkart,POS,Success,Bhopal,Mobile
TXN000007736,ACC0000780,2024-02-27,Credit,127233.85,Ola,RTGS,Pending,Chennai,POS
TXN000007737,ACC0000596,2026-05-08,Credit,109003.82,Swiggy,NEFT,Pending,Lucknow,Mobile
TXN000007738,ACC0000835,2026-03-11,Credit,8406.68,Uber,IMPS,Failed,Ahmedabad,POS
TXN000007739,ACC0000191,2024-02-15,Credit,130184.77,Zomato,Cheque,Success,Bhopal,Branch
TXN000007740,ACC0000984,2024-06-30,Credit,27246.08,Netflix,POS,Success,Hyderabad,Mobile
TXN000007741,ACC0000649,2026-01-02,Debit,144990.4,Zomato,RTGS,Success,Delhi,Mobile
TXN000007742,ACC0001001,2025-01-05,Debit,80383.89,Swiggy,ATM,Success,Mumbai,POS
TXN000007743,ACC0000732,2024-05-23,Credit,97594.05,Ola,NetBanking,Success,Mumbai,Mobile
TXN000007744,ACC0000224,2024-04-28,Credit,59978.1,Uber,RTGS,Success,Mumbai,Mobile
TXN000007745,ACC0000630,2024-06-11,Credit,148014.04,Amazon,ATM,Success,Jaipur,Web
TXN000007746,ACC0000653,2026-03-14,Debit,19218.78,BigBasket,UPI,Success,Ahmedabad,POS
TXN000007747,ACC0000345,2024-12-25,Credit,71838.4,Insurance Premium,Cheque,Failed,Bengaluru,POS
TXN000007748,ACC0000962,2026-03-30,Credit,32935.55,Netflix,NetBanking,Success,Hyderabad,Web
TXN000007749,ACC0001205,2024-06-02,Credit,4355.29,Electricity Board,ATM,Success,Ahmedabad,ATM
TXN000007750,ACC0001192,2024-08-19,Debit,95229.36,Electricity Board,ATM,Success,Bengaluru,ATM
TXN000007751,ACC0001201,2025-04-30,Debit,71866.04,IRCTC,Cheque,Success,Kochi,ATM
TXN000007752,ACC0000495,2024-07-11,Credit,142054.16,School Fees,NEFT,Success,Ahmedabad,ATM
TXN000007753,ACC0001389,2024-08-22,Credit,67219.66,Electricity Board,NetBanking,Success,Pune,Branch
TXN000007754,ACC0001148,2025-10-06,Debit,113515.56,Reliance Digital,POS,Success,Bhopal,ATM
TXN000007755,ACC0001319,2025-06-16,Credit,22176.55,Fuel Station,POS,Failed,Bhopal,Web
TXN000007756,ACC0001254,2025-07-28,Debit,117054.91,School Fees,NetBanking,Success,Mumbai,Web
TXN000007757,ACC0000696,2025-08-30,Credit,97603.45,Electricity Board,IMPS,Success,Bhopal,ATM
TXN000007758,ACC0000868,2026-05-18,Debit,85736.1,Fuel Station,NEFT,Success,Kochi,POS
TXN000007759,ACC0001096,2025-10-10,Debit,128748.11,Reliance Digital,IMPS,Reversed,Lucknow,Branch
TXN000007760,ACC0000556,2025-01-12,Debit,130238.47,Airtel,UPI,Reversed,Kochi,Web
TXN000007761,ACC0000537,2024-07-31,Debit,41359.84,Jio,IMPS,Success,Ahmedabad,Branch
TXN000007762,ACC0000663,2025-05-09,Credit,133110.83,Zomato,Cheque,Success,Bengaluru,ATM
TXN000007763,ACC0001070,2024-05-07,Debit,79369.96,Zomato,NEFT,Success,Kochi,Branch
TXN000007764,ACC0001148,2026-04-17,Debit,50021.2,Reliance Digital,IMPS,Success,Pune,ATM
TXN000007765,ACC0001109,2025-12-26,Debit,58023.98,Airtel,UPI,Success,Ahmedabad,Branch
TXN000007766,ACC0001353,2025-02-06,Debit,47918.8,Reliance Digital,UPI,Success,Mumbai,Mobile
TXN000007767,ACC0000073,2024-04-22,Credit,103599.45,Amazon,Cheque,Success,Delhi,Web
TXN000007768,ACC0000888,2026-04-17,Debit,7237.7,BigBasket,UPI,Success,Bengaluru,POS
TXN000007769,ACC0000096,2025-08-31,Debit,94025.46,Ola,ATM,Success,Chennai,ATM
TXN000007770,ACC0000331,2026-03-13,Debit,60876.7,Jio,ATM,Success,Jaipur,Web
TXN000007771,ACC0001117,2025-06-07,Credit,94456.93,Jio,RTGS,Success,Bhopal,Branch
TXN000007772,ACC0000644,2024-01-13,Debit,117282.49,Myntra,UPI,Success,Kochi,Mobile
TXN000007773,ACC0000750,2024-06-21,Credit,66332.38,Electricity Board,Cheque,Success,Delhi,Mobile
TXN000007774,ACC0001006,2024-12-09,Debit,21598.34,Electricity Board,Cheque,Success,Chennai,Branch
TXN000007775,ACC0001378,2026-01-29,Credit,132192.3,DMart,NEFT,Success,Hyderabad,Branch
TXN000007776,ACC0000347,2026-02-16,Debit,48621.76,IRCTC,IMPS,Success,Chandigarh,Mobile
TXN000007777,ACC0000380,2026-04-16,Debit,136105.04,Ola,RTGS,Success,Ahmedabad,Mobile
TXN000007778,ACC0000015,2024-04-09,Debit,115894.58,BigBasket,IMPS,Success,Mumbai,Mobile
TXN000007779,ACC0001015,2025-12-21,Credit,33392.4,Uber,NetBanking,Success,Lucknow,POS
TXN000007780,ACC0001329,2025-07-16,Credit,114672.6,Flipkart,IMPS,Reversed,Jaipur,POS
TXN000007781,ACC0000175,2024-06-04,Debit,47685.97,DMart,IMPS,Success,Ahmedabad,ATM
TXN000007782,ACC0001247,2025-12-16,Debit,82233.1,Uber,NEFT,Success,Chandigarh,Mobile
TXN000007783,ACC0000991,2024-01-18,Debit,595.42,Swiggy,POS,Success,Ahmedabad,ATM
TXN000007784,ACC0000918,2026-02-05,Credit,67602.16,Uber,RTGS,Pending,Chandigarh,Branch
TXN000007785,ACC0000969,2024-05-25,Debit,76056.64,BigBasket,Cheque,Success,Hyderabad,POS
TXN000007786,ACC0001159,2024-01-10,Credit,54522.11,Airtel,NetBanking,Success,Chennai,Web
TXN000007787,ACC0000034,2024-11-07,Credit,40304.45,Zomato,POS,Success,Pune,Web
TXN000007788,ACC0000697,2025-08-13,Credit,141029.76,IRCTC,ATM,Pending,Bhopal,Mobile
TXN000007789,ACC0001311,2024-06-05,Debit,1762.16,Airtel,ATM,Success,Chandigarh,POS
TXN000007790,ACC0001169,2025-05-04,Credit,108225.13,School Fees,UPI,Success,Bengaluru,Web
TXN000007791,ACC0000564,2024-10-13,Credit,137747.34,Jio,RTGS,Success,Lucknow,POS
TXN000007792,ACC0001135,2026-03-18,Debit,141520.8,Ola,POS,Success,Hyderabad,Mobile
TXN000007793,ACC0000670,2025-08-25,Credit,91738.06,School Fees,Cheque,Success,Bhopal,Branch
TXN000007794,ACC0000309,2024-06-20,Debit,73275.89,Uber,IMPS,Success,Ahmedabad,POS
TXN000007795,ACC0000962,2026-02-17,Credit,147021.38,Flipkart,NetBanking,Success,Chennai,ATM
TXN000007796,ACC0001258,2025-02-22,Credit,124105.82,Ola,ATM,Success,Bhopal,Web
TXN000007797,ACC0000928,2025-10-25,Credit,115502.28,Ola,NEFT,Success,Pune,Mobile
TXN000007798,ACC0000091,2024-04-23,Debit,117176.07,Fuel Station,Cheque,Pending,Lucknow,POS
TXN000007799,ACC0000773,2026-04-20,Credit,22944.81,Airtel,Cheque,Success,Bengaluru,ATM
TXN000007800,ACC0001255,2024-03-26,Credit,87718.69,Myntra,RTGS,Success,Hyderabad,ATM
TXN000007801,ACC0000325,2025-03-20,Credit,65826.82,Reliance Digital,UPI,Success,Mumbai,Mobile
TXN000007802,ACC0001289,2026-01-08,Debit,117083.12,Swiggy,NetBanking,Success,Kochi,POS
TXN000007803,ACC0000914,2024-09-11,Debit,133283.0,Zomato,RTGS,Success,Chennai,POS
TXN000007804,ACC0000689,2026-03-09,Debit,38334.92,BigBasket,Cheque,Success,Kochi,Mobile
TXN000007805,ACC0000441,2026-03-22,Debit,8349.01,Swiggy,ATM,Success,Jaipur,Mobile
TXN000007806,ACC0000231,2025-06-10,Credit,92101.78,Insurance Premium,IMPS,Success,Delhi,Mobile
TXN000007807,ACC0001288,2025-08-09,Credit,36391.66,Insurance Premium,RTGS,Success,Hyderabad,Mobile
TXN000007808,ACC0000128,2025-08-13,Credit,14608.72,Jio,NEFT,Success,Bhopal,ATM
TXN000007809,ACC0001196,2024-01-10,Debit,129845.77,Fuel Station,NetBanking,Success,Bhopal,Web
TXN000007810,ACC0000824,2024-07-09,Debit,15846.48,Uber,RTGS,Failed,Bengaluru,Web
TXN000007811,ACC0000528,2025-08-10,Debit,129529.35,Netflix,NEFT,Pending,Pune,Web
TXN000007812,ACC0001119,2026-04-24,Credit,6312.46,IRCTC,ATM,Success,Lucknow,Branch
TXN000007813,ACC0000377,2025-12-07,Debit,59280.11,Jio,NetBanking,Pending,Bhopal,Branch
TXN000007814,ACC0000443,2025-10-16,Credit,14956.24,Amazon,NetBanking,Failed,Lucknow,ATM
TXN000007815,ACC0000604,2024-03-25,Credit,100038.29,Uber,IMPS,Pending,Kochi,Branch
TXN000007816,ACC0000268,2024-07-24,Credit,46740.43,DMart,UPI,Success,Jaipur,Web
TXN000007817,ACC0000475,2024-10-02,Credit,47717.6,Fuel Station,IMPS,Pending,Lucknow,Web
TXN000007818,ACC0000629,2024-07-24,Debit,69507.58,Ola,NetBanking,Success,Bengaluru,ATM
TXN000007819,ACC0000985,2025-09-25,Debit,100742.23,School Fees,RTGS,Failed,Pune,Mobile
TXN000007820,ACC0001274,2024-09-09,Debit,67520.66,Fuel Station,NetBanking,Success,Jaipur,Web
TXN000007821,ACC0000756,2025-05-18,Debit,117098.57,IRCTC,ATM,Success,Chennai,Branch
TXN000007822,ACC0000241,2025-09-20,Debit,52494.8,Jio,NetBanking,Failed,Kochi,ATM
TXN000007823,ACC0000091,2025-08-12,Debit,76605.35,Uber,UPI,Success,Kochi,Branch
TXN000007824,ACC0000181,2026-03-09,Debit,143678.99,Myntra,Cheque,Success,Jaipur,POS
TXN000007825,ACC0001242,2025-06-12,Credit,57332.81,BigBasket,RTGS,Success,Bhopal,Web
TXN000007826,ACC0000190,2025-01-12,Debit,131120.1,Netflix,UPI,Success,Chandigarh,Mobile
TXN000007827,ACC0000002,2025-07-11,Debit,79431.81,Electricity Board,IMPS,Success,Jaipur,Web
TXN000007828,ACC0000933,2026-02-04,Debit,70932.35,Jio,Cheque,Success,Chandigarh,POS
TXN000007829,ACC0001143,2025-08-22,Debit,139888.92,Myntra,IMPS,Success,Delhi,Branch
TXN000007830,ACC0000266,2025-11-09,Debit,15487.5,IRCTC,POS,Success,Chennai,Mobile
TXN000007831,ACC0000561,2024-10-27,Debit,40658.86,Amazon,Cheque,Failed,Delhi,Mobile
TXN000007832,ACC0000253,2025-01-22,Debit,47939.91,Jio,Cheque,Success,Bhopal,Branch
TXN000007833,ACC0000842,2024-07-14,Credit,31780.25,Airtel,RTGS,Success,Ahmedabad,Web
TXN000007834,ACC0000825,2025-08-16,Debit,32556.98,Netflix,Cheque,Failed,Pune,ATM
TXN000007835,ACC0000972,2026-03-11,Debit,112532.65,Insurance Premium,NetBanking,Success,Lucknow,ATM
TXN000007836,ACC0000738,2025-12-10,Credit,115855.36,IRCTC,ATM,Success,Delhi,Mobile
TXN000007837,ACC0000124,2024-02-06,Debit,61488.17,Amazon,ATM,Success,Delhi,Web
TXN000007838,ACC0000846,2025-02-23,Credit,21659.96,Jio,NetBanking,Success,Bengaluru,Mobile
TXN000007839,ACC0000166,2025-01-09,Credit,67678.08,Swiggy,RTGS,Success,Lucknow,Web
TXN000007840,ACC0000145,2024-02-01,Credit,11902.92,Jio,UPI,Success,Mumbai,POS
TXN000007841,ACC0000683,2024-02-14,Debit,33613.31,Jio,NEFT,Success,Chennai,Branch
TXN000007842,ACC0000753,2024-03-06,Credit,86931.46,DMart,IMPS,Success,Bengaluru,ATM
TXN000007843,ACC0000886,2025-09-08,Debit,49995.02,School Fees,UPI,Success,Chandigarh,Mobile
TXN000007844,ACC0001283,2026-02-05,Debit,62652.13,Ola,UPI,Success,Lucknow,POS
TXN000007845,ACC0001129,2025-10-07,Credit,17830.76,Reliance Digital,POS,Success,Mumbai,Mobile
TXN000007846,ACC0000571,2026-04-20,Debit,51674.64,Swiggy,POS,Success,Bhopal,POS
TXN000007847,ACC0000634,2025-03-20,Credit,58822.36,Electricity Board,POS,Success,Jaipur,POS
TXN000007848,ACC0000989,2026-03-05,Debit,38553.12,DMart,UPI,Success,Kochi,POS
TXN000007849,ACC0000199,2024-11-11,Credit,108908.81,Netflix,NetBanking,Success,Kochi,Branch
TXN000007850,ACC0000131,2024-02-08,Credit,56046.23,Uber,RTGS,Success,Pune,ATM
TXN000007851,ACC0000871,2024-05-15,Debit,113394.54,Netflix,ATM,Success,Bhopal,Web
TXN000007852,ACC0000149,2025-05-04,Credit,64246.64,Insurance Premium,NEFT,Success,Bhopal,Branch
TXN000007853,ACC0000417,2025-09-22,Debit,103637.23,Airtel,Cheque,Success,Chennai,ATM
TXN000007854,ACC0000839,2024-10-31,Debit,400.35,Insurance Premium,NetBanking,Success,Chennai,Branch
TXN000007855,ACC0000438,2025-05-27,Credit,137052.92,Myntra,Cheque,Success,Hyderabad,ATM
TXN000007856,ACC0000365,2026-02-05,Debit,74229.2,School Fees,ATM,Success,Bengaluru,Web
TXN000007857,ACC0000975,2025-10-07,Debit,6016.95,BigBasket,Cheque,Success,Delhi,ATM
TXN000007858,ACC0000742,2024-08-26,Debit,97895.93,IRCTC,IMPS,Success,Jaipur,Mobile
TXN000007859,ACC0000405,2024-01-17,Debit,46312.44,Flipkart,IMPS,Success,Chandigarh,Web
TXN000007860,ACC0000583,2025-02-22,Debit,140631.03,IRCTC,Cheque,Success,Jaipur,Web
TXN000007861,ACC0001186,2026-05-05,Credit,19262.18,Ola,IMPS,Success,Bengaluru,ATM
TXN000007862,ACC0000941,2024-06-05,Credit,49609.55,Flipkart,IMPS,Success,Mumbai,ATM
TXN000007863,ACC0000713,2025-06-10,Debit,126240.65,Swiggy,Cheque,Success,Hyderabad,Mobile
TXN000007864,ACC0000202,2025-12-29,Debit,132932.86,Zomato,ATM,Failed,Bhopal,Mobile
TXN000007865,ACC0000389,2024-01-09,Debit,29501.51,School Fees,IMPS,Success,Delhi,Branch
TXN000007866,ACC0000910,2024-10-10,Debit,104657.55,School Fees,Cheque,Success,Pune,Web
TXN000007867,ACC0001070,2025-11-04,Debit,120070.95,Reliance Digital,NEFT,Success,Chandigarh,Web
TXN000007868,ACC0001050,2025-01-15,Debit,34000.62,IRCTC,RTGS,Success,Hyderabad,Branch
TXN000007869,ACC0001059,2025-06-03,Debit,26443.07,Airtel,UPI,Success,Kochi,Branch
TXN000007870,ACC0001293,2024-10-02,Debit,133360.44,School Fees,NetBanking,Success,Delhi,Mobile
TXN000007871,ACC0000161,2025-09-29,Credit,30861.47,Flipkart,UPI,Success,Chandigarh,Web
TXN000007872,ACC0000214,2025-10-04,Debit,98183.29,Reliance Digital,NetBanking,Success,Mumbai,ATM
TXN000007873,ACC0000397,2025-03-05,Credit,27487.65,Jio,NEFT,Pending,Bengaluru,Mobile
TXN000007874,ACC0000787,2024-02-06,Credit,39659.6,Zomato,ATM,Success,Chandigarh,POS
TXN000007875,ACC0001117,2025-10-29,Debit,127306.34,Ola,IMPS,Success,Lucknow,Mobile
TXN000007876,ACC0001347,2024-07-20,Credit,19008.36,Swiggy,IMPS,Success,Chennai,Mobile
TXN000007877,ACC0000749,2024-07-06,Debit,122508.69,Fuel Station,Cheque,Reversed,Pune,Branch
TXN000007878,ACC0001168,2025-01-03,Debit,142265.58,DMart,IMPS,Success,Chennai,Web
TXN000007879,ACC0000650,2026-03-20,Debit,40165.99,Fuel Station,POS,Success,Lucknow,ATM
TXN000007880,ACC0000355,2025-08-31,Credit,86864.21,School Fees,NetBanking,Success,Kochi,ATM
TXN000007881,ACC0000672,2026-03-18,Credit,84205.1,IRCTC,NEFT,Success,Bengaluru,ATM
TXN000007882,ACC0000271,2024-05-11,Credit,81481.37,Zomato,ATM,Success,Hyderabad,Mobile
TXN000007883,ACC0000886,2025-07-16,Debit,19673.68,DMart,ATM,Success,Jaipur,Mobile
TXN000007884,ACC0001363,2024-07-06,Credit,61231.46,Myntra,POS,Success,Ahmedabad,Branch
TXN000007885,ACC0000026,2025-03-23,Debit,62378.24,Uber,IMPS,Success,Mumbai,Branch
TXN000007886,ACC0000686,2025-04-04,Credit,22866.87,Netflix,POS,Success,Hyderabad,POS
TXN000007887,ACC0000522,2024-06-18,Credit,104121.26,Swiggy,POS,Success,Bhopal,Mobile
TXN000007888,ACC0000696,2025-12-14,Credit,136784.44,Reliance Digital,ATM,Success,Ahmedabad,ATM
TXN000007889,ACC0000715,2024-10-27,Debit,35819.96,Fuel Station,RTGS,Success,Pune,POS
TXN000007890,ACC0000351,2024-03-06,Debit,64584.22,Swiggy,RTGS,Success,Lucknow,ATM
TXN000007891,ACC0000249,2025-10-02,Debit,111309.52,Electricity Board,NetBanking,Success,Bhopal,Mobile
TXN000007892,ACC0000558,2025-04-25,Debit,75751.13,Flipkart,Cheque,Reversed,Kochi,Branch
TXN000007893,ACC0000088,2025-03-23,Debit,1815.82,Fuel Station,NetBanking,Success,Chandigarh,Branch
TXN000007894,ACC0001351,2024-02-15,Credit,53738.8,IRCTC,UPI,Failed,Chandigarh,Mobile
TXN000007895,ACC0001073,2025-07-05,Debit,22984.48,Netflix,NetBanking,Success,Kochi,Mobile
TXN000007896,ACC0001312,2024-02-26,Debit,108524.68,Airtel,RTGS,Success,Pune,Web
TXN000007897,ACC0000552,2026-02-25,Credit,4312.58,Reliance Digital,IMPS,Success,Mumbai,Web
TXN000007898,ACC0000053,2024-08-19,Debit,1580.87,Flipkart,POS,Success,Bhopal,Web
TXN000007899,ACC0000478,2024-11-13,Debit,138257.45,Electricity Board,RTGS,Success,Chandigarh,ATM
TXN000007900,ACC0000485,2025-03-03,Debit,49304.84,Flipkart,Cheque,Success,Hyderabad,ATM
TXN000007901,ACC0000698,2024-09-13,Credit,73311.37,Myntra,UPI,Success,Delhi,Mobile
TXN000007902,ACC0001146,2025-12-25,Credit,28375.65,Flipkart,NEFT,Success,Chandigarh,Web
TXN000007903,ACC0000727,2024-09-19,Debit,52913.21,Jio,UPI,Pending,Bengaluru,Branch
TXN000007904,ACC0000415,2025-01-04,Credit,93252.63,Electricity Board,ATM,Success,Chandigarh,Branch
TXN000007905,ACC0000628,2024-03-10,Debit,86629.76,Airtel,ATM,Success,Lucknow,ATM
TXN000007906,ACC0000601,2024-07-15,Debit,53802.05,Netflix,ATM,Success,Bhopal,Web
TXN000007907,ACC0000643,2024-02-24,Debit,33568.35,Netflix,NEFT,Success,Pune,Mobile
TXN000007908,ACC0000369,2025-11-09,Debit,62150.74,Uber,UPI,Success,Ahmedabad,Web
TXN000007909,ACC0001139,2024-11-25,Debit,66893.23,School Fees,NetBanking,Failed,Mumbai,ATM
TXN000007910,ACC0001394,2024-07-20,Credit,115524.82,Amazon,NetBanking,Success,Kochi,ATM
TXN000007911,ACC0000643,2025-07-13,Credit,71514.21,Fuel Station,RTGS,Success,Bengaluru,Mobile
TXN000007912,ACC0001126,2025-04-14,Credit,10678.95,Uber,POS,Success,Kochi,Branch
TXN000007913,ACC0001146,2024-05-01,Debit,118469.25,BigBasket,NetBanking,Success,Lucknow,Web
TXN000007914,ACC0001331,2024-10-25,Credit,112622.49,IRCTC,IMPS,Success,Ahmedabad,POS
TXN000007915,ACC0000144,2024-01-02,Credit,14760.33,Fuel Station,UPI,Pending,Lucknow,Mobile
TXN000007916,ACC0001304,2024-02-10,Debit,23108.48,Zomato,RTGS,Success,Bengaluru,Branch
TXN000007917,ACC0000084,2024-03-25,Debit,104026.58,School Fees,RTGS,Success,Hyderabad,POS
TXN000007918,ACC0000849,2024-05-01,Credit,87252.22,School Fees,RTGS,Success,Chennai,Mobile
TXN000007919,ACC0000113,2024-05-22,Debit,76887.84,Myntra,RTGS,Pending,Chandigarh,Web
TXN000007920,ACC0000350,2026-03-14,Debit,146054.68,Swiggy,NEFT,Success,Mumbai,Web
TXN000007921,ACC0000263,2024-04-09,Debit,88165.97,Myntra,RTGS,Success,Bhopal,Branch
TXN000007922,ACC0000689,2024-07-06,Credit,143013.32,Swiggy,UPI,Success,Kochi,POS
TXN000007923,ACC0000223,2024-05-05,Credit,79840.74,Flipkart,RTGS,Success,Chandigarh,Branch
TXN000007924,ACC0000306,2024-09-15,Debit,3119.92,Uber,NEFT,Success,Chennai,Branch
TXN000007925,ACC0000117,2025-12-21,Debit,31580.85,Amazon,Cheque,Failed,Pune,Branch
TXN000007926,ACC0000560,2024-12-06,Debit,116732.18,Airtel,POS,Success,Chennai,Branch
TXN000007927,ACC0000648,2025-01-08,Credit,42837.41,Amazon,Cheque,Success,Bhopal,Web
TXN000007928,ACC0000187,2024-10-06,Debit,37486.85,Swiggy,NEFT,Success,Bengaluru,POS
TXN000007929,ACC0001055,2025-01-15,Credit,80729.41,Insurance Premium,POS,Success,Delhi,Branch
TXN000007930,ACC0001134,2024-01-05,Debit,149772.45,Electricity Board,NEFT,Success,Bengaluru,ATM
TXN000007931,ACC0000266,2024-07-31,Credit,96071.37,Zomato,NetBanking,Reversed,Ahmedabad,Web
TXN000007932,ACC0000042,2025-09-19,Credit,6439.74,Amazon,NetBanking,Success,Lucknow,Web
TXN000007933,ACC0001238,2024-02-06,Debit,107027.38,Amazon,NEFT,Success,Lucknow,Branch
TXN000007934,ACC0000625,2024-02-12,Credit,13628.39,Fuel Station,IMPS,Success,Mumbai,POS
TXN000007935,ACC0001222,2024-06-09,Credit,60869.91,Electricity Board,NEFT,Success,Ahmedabad,ATM
TXN000007936,ACC0001048,2025-10-17,Debit,51912.74,Uber,RTGS,Success,Delhi,ATM
TXN000007937,ACC0000887,2025-03-16,Debit,9374.2,Amazon,IMPS,Success,Ahmedabad,Web
TXN000007938,ACC0000044,2025-04-21,Credit,18197.3,BigBasket,NEFT,Success,Ahmedabad,POS
TXN000007939,ACC0000538,2025-02-20,Debit,119579.93,Netflix,IMPS,Success,Kochi,POS
TXN000007940,ACC0000271,2024-10-13,Debit,20224.54,Reliance Digital,UPI,Success,Jaipur,Web
TXN000007941,ACC0000261,2025-07-31,Credit,101344.77,Airtel,NetBanking,Success,Delhi,Mobile
TXN000007942,ACC0000402,2025-11-13,Credit,42876.78,Swiggy,POS,Success,Lucknow,POS
TXN000007943,ACC0001177,2025-12-15,Credit,78105.09,School Fees,POS,Reversed,Mumbai,Mobile
TXN000007944,ACC0000336,2025-06-10,Debit,78741.79,IRCTC,NEFT,Pending,Jaipur,Web
TXN000007945,ACC0000548,2026-05-16,Debit,131995.65,Jio,POS,Success,Kochi,Web
TXN000007946,ACC0001378,2024-05-15,Debit,77246.87,Reliance Digital,NetBanking,Success,Delhi,ATM
TXN000007947,ACC0001358,2024-03-31,Credit,108866.73,Insurance Premium,RTGS,Success,Chennai,Mobile
TXN000007948,ACC0000193,2025-09-27,Credit,6846.89,Ola,UPI,Success,Jaipur,ATM
TXN000007949,ACC0001236,2024-12-09,Debit,137218.01,Electricity Board,NetBanking,Success,Chandigarh,POS
TXN000007950,ACC0000122,2025-07-04,Debit,58588.17,Ola,UPI,Success,Chandigarh,Mobile
TXN000007951,ACC0000189,2024-10-07,Credit,31520.79,Flipkart,NEFT,Success,Hyderabad,Web
TXN000007952,ACC0000198,2026-02-28,Credit,31347.13,Insurance Premium,RTGS,Success,Lucknow,POS
TXN000007953,ACC0001119,2025-08-17,Credit,95979.66,Electricity Board,RTGS,Success,Lucknow,Branch
TXN000007954,ACC0001332,2024-05-03,Credit,51037.8,Zomato,ATM,Success,Lucknow,Branch
TXN000007955,ACC0001270,2025-11-29,Debit,16112.19,Myntra,ATM,Failed,Kochi,POS
TXN000007956,ACC0000949,2025-12-16,Debit,42562.89,Ola,UPI,Pending,Mumbai,Mobile
TXN000007957,ACC0000565,2024-07-23,Debit,88474.42,DMart,Cheque,Success,Chandigarh,Branch
TXN000007958,ACC0000955,2025-02-09,Debit,127234.96,Zomato,NEFT,Success,Hyderabad,Mobile
TXN000007959,ACC0000693,2024-03-30,Debit,116567.62,Airtel,Cheque,Success,Hyderabad,Branch
TXN000007960,ACC0000671,2025-01-25,Debit,145034.14,Uber,RTGS,Success,Delhi,ATM
TXN000007961,ACC0001274,2024-05-23,Debit,112467.64,Myntra,Cheque,Success,Chennai,Web
TXN000007962,ACC0000594,2024-02-02,Debit,130084.27,BigBasket,ATM,Success,Lucknow,POS
TXN000007963,ACC0000204,2024-06-15,Debit,117756.65,Jio,Cheque,Success,Chandigarh,Web
TXN000007964,ACC0001039,2025-02-10,Debit,3501.73,Flipkart,ATM,Success,Chandigarh,ATM
TXN000007965,ACC0000582,2026-01-16,Credit,38687.06,Fuel Station,NetBanking,Failed,Ahmedabad,ATM
TXN000007966,ACC0000936,2024-11-19,Debit,145658.42,Fuel Station,NetBanking,Success,Lucknow,Mobile
TXN000007967,ACC0000037,2024-06-27,Debit,139854.07,School Fees,UPI,Success,Chennai,Web
TXN000007968,ACC0000142,2024-03-26,Debit,83457.99,Flipkart,UPI,Success,Bengaluru,Branch
TXN000007969,ACC0000444,2024-12-12,Credit,33003.46,Ola,Cheque,Success,Kochi,Mobile
TXN000007970,ACC0001317,2025-01-27,Credit,99755.08,Netflix,POS,Success,Bhopal,POS
TXN000007971,ACC0001175,2025-12-26,Debit,9537.1,Myntra,POS,Success,Ahmedabad,Branch
TXN000007972,ACC0000691,2026-03-02,Credit,81656.61,IRCTC,POS,Success,Mumbai,POS
TXN000007973,ACC0000453,2025-10-03,Debit,144287.13,Jio,Cheque,Success,Chandigarh,POS
TXN000007974,ACC0000318,2024-07-15,Credit,69860.4,Airtel,POS,Success,Ahmedabad,ATM
TXN000007975,ACC0000916,2026-04-13,Credit,92946.71,Electricity Board,Cheque,Success,Jaipur,POS
TXN000007976,ACC0000388,2024-11-06,Debit,105412.2,Myntra,NetBanking,Success,Bhopal,POS
TXN000007977,ACC0000568,2024-08-03,Debit,54518.76,Insurance Premium,IMPS,Success,Kochi,Web
TXN000007978,ACC0001164,2024-08-07,Credit,11120.77,Ola,UPI,Success,Jaipur,Mobile
TXN000007979,ACC0000971,2025-04-17,Debit,96580.41,BigBasket,POS,Failed,Jaipur,Mobile
TXN000007980,ACC0000497,2025-01-27,Debit,7555.11,Uber,UPI,Success,Bengaluru,POS
TXN000007981,ACC0001074,2024-07-14,Debit,73969.17,School Fees,RTGS,Failed,Bhopal,Mobile
TXN000007982,ACC0000577,2024-11-07,Credit,73950.64,BigBasket,NetBanking,Pending,Bengaluru,Web
TXN000007983,ACC0000835,2024-07-21,Credit,80968.36,Reliance Digital,RTGS,Success,Chandigarh,Branch
TXN000007984,ACC0001009,2024-09-18,Credit,67275.56,Ola,POS,Success,Bengaluru,Branch
TXN000007985,ACC0001336,2024-06-24,Debit,132604.85,DMart,Cheque,Success,Bengaluru,Mobile
TXN000007986,ACC0000534,2024-10-13,Debit,85521.5,Netflix,RTGS,Success,Ahmedabad,Branch
TXN000007987,ACC0000209,2025-07-04,Debit,58619.86,Insurance Premium,Cheque,Success,Hyderabad,POS
TXN000007988,ACC0000718,2025-11-25,Debit,36565.41,Electricity Board,POS,Success,Hyderabad,ATM
TXN000007989,ACC0000806,2025-10-16,Credit,127110.3,BigBasket,RTGS,Success,Mumbai,POS
TXN000007990,ACC0000799,2024-07-03,Debit,133431.76,Swiggy,NetBanking,Success,Chandigarh,ATM
TXN000007991,ACC0001131,2025-07-01,Debit,67069.6,Uber,RTGS,Success,Pune,POS
TXN000007992,ACC0000724,2025-06-05,Credit,135624.07,Myntra,NEFT,Success,Chandigarh,ATM
TXN000007993,ACC0000311,2026-04-22,Credit,104509.5,Zomato,ATM,Success,Delhi,Branch
TXN000007994,ACC0001194,2025-08-11,Credit,45134.75,Swiggy,UPI,Success,Mumbai,ATM
TXN000007995,ACC0000748,2025-07-06,Credit,97219.61,Jio,Cheque,Success,Chandigarh,Web
TXN000007996,ACC0000343,2025-11-16,Credit,53472.82,Reliance Digital,RTGS,Success,Bengaluru,POS
TXN000007997,ACC0001326,2026-03-16,Debit,36953.86,Airtel,IMPS,Success,Mumbai,Mobile
TXN000007998,ACC0000690,2025-02-24,Debit,63722.12,Airtel,IMPS,Success,Chennai,Web
TXN000007999,ACC0000139,2026-01-30,Debit,56598.96,Fuel Station,ATM,Failed,Ahmedabad,POS
TXN000008000,ACC0000139,2025-06-04,Credit,43709.81,Ola,NetBanking,Failed,Chennai,Web
TXN000008001,ACC0000243,2025-03-21,Credit,29976.8,Amazon,RTGS,Success,Delhi,Branch
TXN000008002,ACC0000880,2025-08-10,Credit,131085.29,Netflix,ATM,Success,Kochi,Mobile
TXN000008003,ACC0001382,2025-09-18,Debit,41410.08,Reliance Digital,UPI,Success,Pune,Web
TXN000008004,ACC0000566,2025-08-30,Debit,97487.16,Ola,NetBanking,Success,Kochi,Mobile
TXN000008005,ACC0000563,2025-04-12,Credit,45477.88,Airtel,RTGS,Success,Pune,Mobile
TXN000008006,ACC0000732,2025-03-14,Debit,40502.41,Amazon,NetBanking,Success,Lucknow,POS
TXN000008007,ACC0000053,2024-07-08,Debit,28652.59,Uber,NetBanking,Failed,Chandigarh,Branch
TXN000008008,ACC0000406,2026-03-18,Debit,73030.04,Zomato,IMPS,Success,Ahmedabad,Branch
TXN000008009,ACC0000688,2025-04-01,Debit,10355.44,IRCTC,RTGS,Success,Kochi,POS
TXN000008010,ACC0001190,2025-01-08,Debit,94538.31,Airtel,NetBanking,Success,Delhi,Web
TXN000008011,ACC0001135,2025-06-23,Debit,19520.81,School Fees,Cheque,Success,Ahmedabad,POS
TXN000008012,ACC0001250,2026-02-21,Credit,83218.21,Netflix,NetBanking,Success,Bengaluru,Mobile
TXN000008013,ACC0000315,2024-07-17,Debit,95714.63,Netflix,IMPS,Success,Lucknow,ATM
TXN000008014,ACC0001365,2025-03-18,Debit,49365.99,Insurance Premium,RTGS,Success,Pune,POS
TXN000008015,ACC0000551,2024-10-07,Credit,14997.48,Fuel Station,NetBanking,Pending,Pune,Mobile
TXN000008016,ACC0001225,2024-01-08,Debit,106731.26,Fuel Station,NetBanking,Success,Delhi,Branch
TXN000008017,ACC0000291,2024-12-02,Credit,116616.53,Flipkart,RTGS,Success,Kochi,ATM
TXN000008018,ACC0000059,2025-06-23,Debit,141172.27,Uber,ATM,Success,Jaipur,Branch
TXN000008019,ACC0000176,2025-11-06,Credit,35751.27,Electricity Board,IMPS,Success,Chandigarh,ATM
TXN000008020,ACC0000013,2025-07-26,Credit,57054.09,Zomato,NEFT,Success,Ahmedabad,Mobile
TXN000008021,ACC0000312,2024-02-01,Debit,42804.21,Fuel Station,NetBanking,Success,Kochi,ATM
TXN000008022,ACC0000555,2025-08-28,Credit,114953.98,School Fees,NEFT,Success,Ahmedabad,Branch
TXN000008023,ACC0000202,2024-10-03,Debit,68617.41,DMart,ATM,Success,Delhi,POS
TXN000008024,ACC0001009,2024-01-19,Debit,132005.29,Myntra,RTGS,Failed,Kochi,Web
TXN000008025,ACC0000347,2025-06-08,Credit,129506.41,Myntra,RTGS,Success,Delhi,Branch
TXN000008026,ACC0000334,2025-03-07,Credit,83701.32,Insurance Premium,ATM,Success,Lucknow,Mobile
TXN000008027,ACC0000520,2025-09-25,Credit,52845.14,Amazon,Cheque,Success,Kochi,Branch
TXN000008028,ACC0000683,2025-01-04,Debit,78195.83,School Fees,NetBanking,Success,Bengaluru,Branch
TXN000008029,ACC0001031,2026-03-23,Credit,148962.32,School Fees,RTGS,Success,Bhopal,Mobile
TXN000008030,ACC0001335,2024-10-19,Debit,121233.37,School Fees,NEFT,Success,Kochi,POS
TXN000008031,ACC0000653,2026-05-09,Debit,16937.62,Zomato,RTGS,Success,Kochi,ATM
TXN000008032,ACC0000932,2025-09-05,Credit,89038.12,Jio,UPI,Success,Jaipur,Mobile
TXN000008033,ACC0001343,2025-08-09,Debit,5002.27,Flipkart,RTGS,Success,Bhopal,ATM
TXN000008034,ACC0000402,2025-11-15,Credit,119426.35,Netflix,NEFT,Success,Lucknow,ATM
TXN000008035,ACC0000871,2025-02-20,Debit,31132.19,Insurance Premium,NEFT,Failed,Hyderabad,POS
TXN000008036,ACC0000039,2025-11-13,Debit,83360.24,Flipkart,POS,Success,Chennai,Mobile
TXN000008037,ACC0000246,2024-06-25,Debit,116247.49,Insurance Premium,RTGS,Success,Chennai,Web
TXN000008038,ACC0000180,2025-06-28,Debit,53642.5,Fuel Station,UPI,Success,Lucknow,Mobile
TXN000008039,ACC0000371,2024-09-30,Debit,139396.58,Airtel,IMPS,Success,Ahmedabad,POS
TXN000008040,ACC0000254,2025-01-16,Credit,17606.69,Ola,UPI,Success,Chandigarh,Mobile
TXN000008041,ACC0000097,2025-06-14,Debit,92781.84,Netflix,NEFT,Pending,Kochi,Branch
TXN000008042,ACC0000032,2025-08-08,Credit,115488.83,DMart,POS,Reversed,Delhi,Mobile
TXN000008043,ACC0000929,2026-03-16,Debit,33577.84,Zomato,UPI,Success,Kochi,Web
TXN000008044,ACC0000373,2024-11-16,Credit,39861.37,Uber,ATM,Success,Jaipur,Web
TXN000008045,ACC0001342,2026-01-30,Debit,125864.26,Jio,UPI,Success,Chennai,Mobile
TXN000008046,ACC0001001,2025-10-24,Credit,61692.57,Fuel Station,IMPS,Success,Jaipur,Mobile
TXN000008047,ACC0000222,2026-02-17,Debit,146191.27,Amazon,RTGS,Success,Delhi,Branch
TXN000008048,ACC0000647,2025-05-20,Debit,130906.64,Amazon,Cheque,Success,Bengaluru,Branch
TXN000008049,ACC0001130,2024-10-26,Debit,44427.73,Ola,NEFT,Success,Jaipur,Branch
TXN000008050,ACC0001158,2026-05-15,Debit,37557.73,Uber,Cheque,Pending,Mumbai,POS
TXN000008051,ACC0000853,2024-11-26,Debit,86393.68,Uber,POS,Success,Mumbai,Mobile
TXN000008052,ACC0001333,2025-05-15,Debit,76038.17,DMart,POS,Success,Delhi,Branch
TXN000008053,ACC0001342,2024-10-17,Debit,41558.31,Zomato,NEFT,Pending,Kochi,POS
TXN000008054,ACC0001017,2024-01-27,Debit,123751.64,Amazon,UPI,Success,Lucknow,Mobile
TXN000008055,ACC0000259,2026-01-16,Debit,26618.96,Electricity Board,UPI,Success,Delhi,Web
TXN000008056,ACC0000499,2024-01-16,Debit,71581.04,Swiggy,NEFT,Failed,Delhi,Branch
TXN000008057,ACC0001048,2026-05-04,Debit,69521.36,Reliance Digital,POS,Success,Jaipur,ATM
TXN000008058,ACC0000145,2026-03-28,Debit,44255.6,Netflix,POS,Success,Bengaluru,Mobile
TXN000008059,ACC0000002,2025-07-08,Credit,7869.8,Ola,UPI,Success,Lucknow,Branch
TXN000008060,ACC0000427,2025-01-22,Debit,126070.8,Jio,IMPS,Success,Pune,Branch
TXN000008061,ACC0000794,2025-09-19,Debit,126330.92,Airtel,RTGS,Success,Hyderabad,ATM
TXN000008062,ACC0001020,2024-12-06,Debit,110577.83,Insurance Premium,ATM,Success,Pune,ATM
TXN000008063,ACC0001193,2026-04-18,Credit,68700.06,Amazon,IMPS,Success,Pune,Branch
TXN000008064,ACC0000289,2025-06-07,Debit,104412.3,Amazon,UPI,Success,Chennai,ATM
TXN000008065,ACC0000133,2026-04-27,Credit,22003.04,Netflix,UPI,Success,Chandigarh,POS
TXN000008066,ACC0000539,2024-04-26,Debit,53954.46,Swiggy,UPI,Success,Ahmedabad,ATM
TXN000008067,ACC0000998,2025-12-18,Debit,120057.51,Electricity Board,Cheque,Success,Delhi,POS
TXN000008068,ACC0000742,2026-02-27,Credit,117553.55,Electricity Board,NetBanking,Success,Bengaluru,Mobile
TXN000008069,ACC0000794,2025-03-06,Credit,87834.35,Airtel,Cheque,Success,Chennai,Branch
TXN000008070,ACC0000528,2025-03-28,Debit,76297.71,Fuel Station,ATM,Success,Delhi,Branch
TXN000008071,ACC0001224,2024-02-15,Credit,127435.2,Ola,Cheque,Success,Bhopal,ATM
TXN000008072,ACC0001373,2025-10-27,Debit,42281.15,Swiggy,POS,Success,Bhopal,ATM
TXN000008073,ACC0001265,2025-06-16,Debit,139455.22,Netflix,RTGS,Success,Jaipur,Web
TXN000008074,ACC0000716,2025-07-23,Debit,119154.26,Insurance Premium,NEFT,Success,Bhopal,Branch
TXN000008075,ACC0000530,2025-10-10,Debit,24882.7,Uber,Cheque,Success,Jaipur,Web
TXN000008076,ACC0000679,2024-03-06,Debit,42952.16,Swiggy,RTGS,Success,Pune,Mobile
TXN000008077,ACC0000388,2024-01-06,Debit,143589.41,Zomato,UPI,Success,Hyderabad,ATM
TXN000008078,ACC0000275,2025-02-28,Credit,91409.75,IRCTC,POS,Success,Pune,ATM
TXN000008079,ACC0000750,2025-08-04,Debit,17317.94,Insurance Premium,ATM,Success,Delhi,Mobile
TXN000008080,ACC0000866,2025-02-03,Debit,63913.29,Fuel Station,NetBanking,Success,Jaipur,Mobile
TXN000008081,ACC0000960,2025-03-19,Credit,115198.01,Ola,IMPS,Success,Bengaluru,Web
TXN000008082,ACC0000376,2025-07-05,Debit,51751.41,Electricity Board,POS,Pending,Chandigarh,Web
TXN000008083,ACC0001139,2024-10-20,Credit,56479.47,Fuel Station,ATM,Success,Chennai,Mobile
TXN000008084,ACC0000235,2025-06-17,Debit,72584.0,Swiggy,RTGS,Success,Bhopal,Mobile
TXN000008085,ACC0000009,2024-03-28,Credit,58334.91,Uber,ATM,Success,Ahmedabad,Web
TXN000008086,ACC0000390,2026-04-02,Debit,17682.39,Myntra,Cheque,Success,Chennai,ATM
TXN000008087,ACC0000957,2024-08-07,Credit,33403.41,Uber,NEFT,Success,Mumbai,Web
TXN000008088,ACC0000957,2024-09-12,Credit,108317.85,Netflix,POS,Success,Hyderabad,Web
TXN000008089,ACC0001038,2025-05-10,Debit,82370.0,BigBasket,Cheque,Success,Pune,Mobile
TXN000008090,ACC0000377,2024-07-17,Debit,40235.94,Swiggy,IMPS,Success,Jaipur,Mobile
TXN000008091,ACC0001387,2025-06-13,Credit,136901.13,IRCTC,RTGS,Success,Lucknow,Branch
TXN000008092,ACC0000371,2024-07-16,Debit,22478.72,Airtel,NetBanking,Success,Pune,Mobile
TXN000008093,ACC0000648,2024-05-25,Debit,18483.61,Insurance Premium,POS,Success,Chennai,Mobile
TXN000008094,ACC0000005,2024-12-28,Debit,53454.83,Electricity Board,RTGS,Success,Bengaluru,Branch
TXN000008095,ACC0001091,2026-02-23,Credit,16978.49,BigBasket,NEFT,Success,Jaipur,POS
TXN000008096,ACC0001144,2024-04-29,Credit,115762.92,IRCTC,POS,Success,Chennai,Web
TXN000008097,ACC0000737,2024-11-03,Credit,94116.65,Ola,IMPS,Success,Bengaluru,Mobile
TXN000008098,ACC0000559,2026-02-16,Debit,107932.26,Ola,UPI,Success,Chennai,POS
TXN000008099,ACC0000621,2024-07-24,Debit,88132.25,Ola,RTGS,Success,Mumbai,ATM
TXN000008100,ACC0000806,2024-12-13,Debit,6119.96,Zomato,RTGS,Success,Bhopal,POS
TXN000008101,ACC0000276,2026-02-22,Credit,79868.36,IRCTC,UPI,Success,Pune,Mobile
TXN000008102,ACC0000375,2024-03-03,Credit,118943.88,Zomato,ATM,Success,Kochi,Web
TXN000008103,ACC0000064,2025-05-01,Debit,50237.6,School Fees,ATM,Success,Ahmedabad,POS
TXN000008104,ACC0000866,2025-07-01,Debit,17621.87,Jio,ATM,Success,Jaipur,Branch
TXN000008105,ACC0001360,2026-03-01,Debit,46924.15,Reliance Digital,POS,Success,Hyderabad,POS
TXN000008106,ACC0000747,2024-06-15,Debit,15006.26,Swiggy,IMPS,Reversed,Chandigarh,ATM
TXN000008107,ACC0000012,2024-05-21,Credit,15078.26,DMart,POS,Success,Lucknow,Web
TXN000008108,ACC0001223,2026-02-20,Credit,28055.01,Flipkart,NEFT,Success,Ahmedabad,Web
TXN000008109,ACC0000323,2025-08-11,Debit,142488.61,Myntra,Cheque,Success,Chandigarh,Mobile
TXN000008110,ACC0000461,2024-07-25,Credit,49026.37,Insurance Premium,NEFT,Success,Mumbai,POS
TXN000008111,ACC0001083,2024-09-10,Credit,131188.54,Reliance Digital,Cheque,Failed,Lucknow,Branch
TXN000008112,ACC0000450,2026-04-30,Credit,79237.7,Fuel Station,ATM,Success,Delhi,Branch
TXN000008113,ACC0001281,2024-09-20,Credit,60715.16,Uber,ATM,Success,Bhopal,Mobile
TXN000008114,ACC0001307,2024-03-18,Debit,38610.87,Insurance Premium,Cheque,Success,Hyderabad,Mobile
TXN000008115,ACC0000102,2024-06-24,Credit,70768.89,Netflix,Cheque,Success,Chandigarh,POS
TXN000008116,ACC0000392,2025-11-27,Credit,42602.9,Zomato,NetBanking,Success,Kochi,Mobile
TXN000008117,ACC0000017,2024-01-09,Debit,98194.35,Amazon,Cheque,Success,Chandigarh,Web
TXN000008118,ACC0000199,2025-02-08,Debit,25630.93,Airtel,RTGS,Success,Pune,Web
TXN000008119,ACC0001112,2024-04-20,Credit,137632.46,Amazon,NetBanking,Success,Chennai,Web
TXN000008120,ACC0001265,2024-08-26,Debit,99951.04,IRCTC,NEFT,Success,Lucknow,Branch
TXN000008121,ACC0001185,2024-09-17,Credit,108874.41,Ola,NEFT,Success,Lucknow,Branch
TXN000008122,ACC0001058,2026-02-28,Debit,109433.19,Insurance Premium,NetBanking,Success,Kochi,ATM
TXN000008123,ACC0001175,2025-04-02,Credit,3179.58,Flipkart,RTGS,Success,Bhopal,Web
TXN000008124,ACC0000927,2025-09-08,Debit,134305.36,Reliance Digital,NEFT,Success,Chandigarh,ATM
TXN000008125,ACC0000074,2026-03-18,Debit,143443.09,DMart,UPI,Success,Ahmedabad,ATM
TXN000008126,ACC0000882,2024-07-09,Debit,16153.87,Flipkart,RTGS,Success,Ahmedabad,Mobile
TXN000008127,ACC0000675,2024-11-15,Debit,29382.82,Reliance Digital,UPI,Success,Jaipur,Mobile
TXN000008128,ACC0000791,2025-01-05,Credit,54462.87,Amazon,RTGS,Success,Kochi,Web
TXN000008129,ACC0001046,2025-11-16,Debit,6287.42,Amazon,UPI,Success,Ahmedabad,POS
TXN000008130,ACC0000280,2026-02-11,Credit,21356.15,DMart,IMPS,Success,Kochi,Mobile
TXN000008131,ACC0000023,2024-11-03,Credit,52645.42,IRCTC,ATM,Success,Kochi,Mobile
TXN000008132,ACC0001223,2025-07-31,Debit,130477.14,Jio,NEFT,Success,Chennai,Web
TXN000008133,ACC0001359,2024-06-28,Debit,96869.1,Myntra,NEFT,Success,Hyderabad,Web
TXN000008134,ACC0000813,2024-07-18,Debit,6602.8,Electricity Board,ATM,Success,Bengaluru,Branch
TXN000008135,ACC0001258,2024-10-26,Debit,95922.19,BigBasket,RTGS,Success,Lucknow,Mobile
TXN000008136,ACC0000731,2025-04-20,Credit,143321.9,Netflix,RTGS,Success,Chennai,Branch
TXN000008137,ACC0001338,2024-05-09,Debit,90633.79,School Fees,NEFT,Success,Bhopal,Mobile
TXN000008138,ACC0000653,2024-09-03,Debit,70817.28,Jio,POS,Success,Ahmedabad,Web
TXN000008139,ACC0000402,2025-11-16,Credit,50956.66,Amazon,RTGS,Success,Chennai,ATM
TXN000008140,ACC0000180,2025-10-06,Credit,1648.03,Ola,RTGS,Success,Delhi,Web
TXN000008141,ACC0000276,2025-03-09,Credit,94249.54,Amazon,UPI,Success,Delhi,Branch
TXN000008142,ACC0001398,2024-08-31,Credit,72656.1,Myntra,ATM,Success,Lucknow,Branch
TXN000008143,ACC0001042,2025-02-16,Debit,21188.95,Zomato,RTGS,Success,Ahmedabad,POS
TXN000008144,ACC0000840,2025-07-25,Debit,142446.86,Electricity Board,NEFT,Success,Bhopal,ATM
TXN000008145,ACC0000405,2024-03-16,Credit,89982.78,Zomato,ATM,Success,Chennai,Web
TXN000008146,ACC0000200,2024-02-02,Debit,38590.05,Zomato,NEFT,Success,Ahmedabad,POS
TXN000008147,ACC0000199,2025-12-23,Debit,119247.72,Zomato,NEFT,Success,Lucknow,Mobile
TXN000008148,ACC0000048,2026-03-19,Debit,90319.55,Netflix,ATM,Success,Bengaluru,Branch
TXN000008149,ACC0001115,2024-06-26,Debit,62253.19,Amazon,ATM,Success,Kochi,POS
TXN000008150,ACC0000873,2024-01-21,Credit,100195.04,Flipkart,IMPS,Success,Hyderabad,POS
TXN000008151,ACC0000947,2024-07-13,Debit,4517.92,Uber,POS,Success,Chandigarh,Mobile
TXN000008152,ACC0000019,2025-03-10,Credit,36550.22,BigBasket,NEFT,Success,Chandigarh,Branch
TXN000008153,ACC0000082,2025-02-16,Debit,112023.36,Ola,Cheque,Success,Jaipur,ATM
TXN000008154,ACC0000194,2024-03-14,Credit,146944.19,BigBasket,UPI,Success,Jaipur,Branch
TXN000008155,ACC0000931,2024-09-02,Credit,4879.92,Myntra,NEFT,Success,Chandigarh,POS
TXN000008156,ACC0000534,2026-01-19,Credit,14234.15,School Fees,POS,Pending,Chennai,ATM
TXN000008157,ACC0000067,2024-03-11,Debit,77019.65,Electricity Board,ATM,Success,Pune,Mobile
TXN000008158,ACC0000419,2024-01-25,Debit,142586.3,Fuel Station,Cheque,Success,Jaipur,Mobile
TXN000008159,ACC0000673,2025-09-20,Debit,81942.29,DMart,RTGS,Success,Chennai,ATM
TXN000008160,ACC0000829,2025-02-17,Debit,42057.27,DMart,RTGS,Success,Jaipur,Web
TXN000008161,ACC0000058,2024-10-30,Credit,138427.96,Ola,POS,Success,Chandigarh,Mobile
TXN000008162,ACC0000331,2024-10-01,Credit,23173.76,DMart,NEFT,Success,Ahmedabad,Branch
TXN000008163,ACC0000558,2026-01-21,Credit,34070.07,Flipkart,RTGS,Success,Ahmedabad,Branch
TXN000008164,ACC0000923,2025-08-12,Credit,124724.14,Amazon,UPI,Success,Jaipur,ATM
TXN000008165,ACC0000379,2024-11-28,Debit,100880.31,IRCTC,ATM,Success,Chennai,Web
TXN000008166,ACC0000423,2024-04-03,Credit,146664.94,BigBasket,RTGS,Success,Lucknow,Web
TXN000008167,ACC0000568,2025-03-21,Credit,142624.77,Fuel Station,Cheque,Success,Ahmedabad,POS
TXN000008168,ACC0001373,2024-06-18,Debit,40077.31,Zomato,UPI,Success,Bhopal,ATM
TXN000008169,ACC0001228,2024-10-11,Debit,102718.95,Airtel,POS,Success,Bhopal,ATM
TXN000008170,ACC0000450,2025-02-24,Credit,77625.56,DMart,UPI,Success,Delhi,POS
TXN000008171,ACC0000468,2024-12-30,Credit,78534.99,Netflix,Cheque,Success,Lucknow,ATM
TXN000008172,ACC0001364,2026-03-07,Debit,77517.99,School Fees,Cheque,Success,Mumbai,Branch
TXN000008173,ACC0001238,2025-04-07,Credit,20324.27,Insurance Premium,IMPS,Success,Bengaluru,Branch
TXN000008174,ACC0000879,2025-11-11,Credit,83387.76,Airtel,RTGS,Success,Mumbai,POS
TXN000008175,ACC0001140,2024-11-26,Credit,52659.72,Insurance Premium,NetBanking,Success,Delhi,ATM
TXN000008176,ACC0001091,2025-10-17,Credit,122987.16,IRCTC,NetBanking,Success,Kochi,POS
TXN000008177,ACC0001067,2025-10-08,Credit,53165.62,Swiggy,NetBanking,Success,Lucknow,POS
TXN000008178,ACC0000158,2026-02-23,Credit,91463.43,Fuel Station,IMPS,Success,Hyderabad,Mobile
TXN000008179,ACC0000513,2024-12-04,Debit,39747.9,DMart,POS,Success,Kochi,Mobile
TXN000008180,ACC0000385,2026-03-16,Debit,27198.59,Electricity Board,IMPS,Success,Mumbai,Branch
TXN000008181,ACC0001127,2024-12-19,Credit,91819.42,Fuel Station,ATM,Success,Chennai,Mobile
TXN000008182,ACC0001082,2025-08-29,Credit,139566.59,Netflix,UPI,Failed,Bhopal,Mobile
TXN000008183,ACC0000616,2025-05-29,Credit,56005.39,Flipkart,ATM,Success,Lucknow,Web
TXN000008184,ACC0000159,2024-05-31,Credit,67066.6,Electricity Board,ATM,Success,Pune,POS
TXN000008185,ACC0000957,2025-11-12,Debit,132209.08,Flipkart,RTGS,Success,Pune,Mobile
TXN000008186,ACC0000144,2025-05-28,Credit,89736.73,Myntra,UPI,Success,Lucknow,POS
TXN000008187,ACC0000613,2024-04-22,Debit,4342.93,Amazon,POS,Success,Chandigarh,Branch
TXN000008188,ACC0000499,2024-01-13,Credit,54346.96,Electricity Board,POS,Success,Chennai,Web
TXN000008189,ACC0000774,2025-08-23,Debit,21202.0,Myntra,NetBanking,Success,Bhopal,Branch
TXN000008190,ACC0001213,2025-04-12,Debit,148269.38,Uber,NetBanking,Success,Pune,POS
TXN000008191,ACC0000897,2025-02-26,Credit,19271.59,Netflix,ATM,Success,Pune,Web
TXN000008192,ACC0000838,2024-02-28,Credit,134703.29,Ola,UPI,Success,Chennai,Branch
TXN000008193,ACC0000493,2026-05-15,Debit,7099.88,DMart,NEFT,Success,Pune,Web
TXN000008194,ACC0001255,2026-04-29,Credit,8670.31,Uber,UPI,Success,Mumbai,ATM
TXN000008195,ACC0000410,2024-03-13,Debit,58960.74,Netflix,NetBanking,Pending,Ahmedabad,Mobile
TXN000008196,ACC0000627,2024-06-13,Debit,12360.63,Reliance Digital,NEFT,Success,Hyderabad,ATM
TXN000008197,ACC0000215,2025-07-19,Debit,36457.36,DMart,UPI,Success,Jaipur,Web
TXN000008198,ACC0000978,2024-04-18,Credit,132033.83,Zomato,NetBanking,Success,Chandigarh,ATM
TXN000008199,ACC0000038,2024-10-10,Debit,40224.52,Zomato,IMPS,Success,Kochi,Web
TXN000008200,ACC0000180,2025-06-29,Credit,102239.8,IRCTC,UPI,Success,Mumbai,Mobile
TXN000008201,ACC0001118,2024-10-13,Credit,73721.91,Electricity Board,UPI,Success,Mumbai,ATM
TXN000008202,ACC0000718,2024-09-15,Debit,33662.88,Insurance Premium,POS,Success,Jaipur,Branch
TXN000008203,ACC0000147,2024-02-22,Debit,91415.91,Swiggy,RTGS,Success,Bengaluru,Mobile
TXN000008204,ACC0000060,2024-08-18,Debit,1948.53,IRCTC,ATM,Success,Lucknow,Mobile
TXN000008205,ACC0000301,2024-11-03,Debit,140134.73,Jio,RTGS,Success,Ahmedabad,Branch
TXN000008206,ACC0001081,2025-08-01,Credit,83988.47,Electricity Board,NetBanking,Failed,Hyderabad,Branch
TXN000008207,ACC0000011,2025-11-24,Credit,127829.31,Airtel,UPI,Success,Jaipur,POS
TXN000008208,ACC0001251,2024-12-25,Debit,130122.94,Reliance Digital,NetBanking,Success,Bhopal,POS
TXN000008209,ACC0000870,2026-01-12,Debit,64681.32,Myntra,NEFT,Success,Mumbai,Web
TXN000008210,ACC0000970,2024-12-23,Debit,70172.12,BigBasket,NEFT,Success,Bhopal,Web
TXN000008211,ACC0000526,2024-04-18,Debit,32159.15,Myntra,Cheque,Success,Delhi,Mobile
TXN000008212,ACC0000488,2025-03-04,Debit,70308.96,Airtel,NetBanking,Success,Bhopal,Branch
TXN000008213,ACC0001206,2025-02-14,Debit,108945.81,Insurance Premium,RTGS,Failed,Chandigarh,Branch
TXN000008214,ACC0000381,2025-04-08,Debit,15974.53,Myntra,NetBanking,Success,Pune,POS
TXN000008215,ACC0000110,2026-04-19,Debit,90047.77,Flipkart,NetBanking,Success,Lucknow,Mobile
TXN000008216,ACC0000082,2024-06-05,Debit,41731.67,Airtel,NetBanking,Success,Mumbai,Branch
TXN000008217,ACC0000149,2025-08-15,Credit,123544.23,Ola,Cheque,Success,Chandigarh,POS
TXN000008218,ACC0000593,2025-05-09,Debit,66554.81,Jio,NEFT,Failed,Jaipur,POS
TXN000008219,ACC0000700,2025-12-20,Credit,42469.92,Amazon,UPI,Success,Hyderabad,ATM
TXN000008220,ACC0000877,2025-01-12,Debit,65131.13,BigBasket,Cheque,Success,Jaipur,Branch
TXN000008221,ACC0000567,2026-02-03,Credit,146603.85,IRCTC,RTGS,Success,Ahmedabad,POS
TXN000008222,ACC0001000,2024-03-23,Debit,80953.25,Zomato,ATM,Success,Bhopal,Web
TXN000008223,ACC0000702,2025-03-01,Credit,47511.71,IRCTC,RTGS,Success,Hyderabad,Mobile
TXN000008224,ACC0000550,2025-01-27,Debit,127769.3,Flipkart,RTGS,Success,Bhopal,POS
TXN000008225,ACC0000444,2024-09-05,Debit,133465.62,Swiggy,ATM,Success,Chandigarh,POS
TXN000008226,ACC0000849,2025-11-26,Credit,64751.69,Netflix,UPI,Success,Pune,Branch
TXN000008227,ACC0001051,2025-08-26,Debit,128583.88,Flipkart,UPI,Success,Bengaluru,Mobile
TXN000008228,ACC0001035,2024-09-22,Debit,90720.22,Flipkart,NetBanking,Success,Jaipur,Branch
TXN000008229,ACC0000371,2024-03-14,Credit,42530.98,School Fees,IMPS,Success,Lucknow,Branch
TXN000008230,ACC0000606,2024-02-13,Debit,32605.17,Fuel Station,NEFT,Success,Delhi,ATM
TXN000008231,ACC0000625,2025-01-09,Debit,15942.01,Fuel Station,ATM,Success,Bhopal,ATM
TXN000008232,ACC0000543,2025-03-20,Debit,136210.52,Jio,NEFT,Success,Lucknow,ATM
TXN000008233,ACC0000148,2024-06-20,Credit,2293.23,Fuel Station,ATM,Success,Mumbai,Branch
TXN000008234,ACC0001206,2025-02-01,Debit,99565.45,BigBasket,NEFT,Success,Bengaluru,Branch
TXN000008235,ACC0000922,2026-01-16,Debit,117975.53,School Fees,NEFT,Success,Jaipur,Branch
TXN000008236,ACC0000492,2024-03-24,Debit,137661.63,IRCTC,ATM,Success,Mumbai,Mobile
TXN000008237,ACC0000287,2025-08-22,Credit,86812.82,Airtel,POS,Success,Kochi,Mobile
TXN000008238,ACC0000943,2025-12-07,Credit,71531.78,DMart,NEFT,Success,Ahmedabad,Web
TXN000008239,ACC0000582,2024-04-05,Credit,68289.09,BigBasket,Cheque,Success,Chandigarh,ATM
TXN000008240,ACC0000124,2025-04-28,Credit,62153.6,BigBasket,ATM,Success,Bengaluru,Mobile
TXN000008241,ACC0001267,2025-03-28,Credit,30450.92,School Fees,NetBanking,Success,Ahmedabad,ATM
TXN000008242,ACC0000198,2024-09-12,Debit,117943.36,Myntra,NetBanking,Success,Chandigarh,Mobile
TXN000008243,ACC0000005,2025-02-03,Debit,126009.34,Fuel Station,UPI,Success,Mumbai,Mobile
TXN000008244,ACC0000497,2026-03-04,Credit,28732.36,Amazon,IMPS,Success,Pune,Mobile
TXN000008245,ACC0000122,2024-03-23,Debit,97176.91,Reliance Digital,UPI,Pending,Chandigarh,Branch
TXN000008246,ACC0000628,2026-04-06,Debit,47574.82,Jio,IMPS,Success,Chandigarh,Branch
TXN000008247,ACC0001210,2024-12-01,Credit,85428.18,Reliance Digital,POS,Pending,Lucknow,ATM
TXN000008248,ACC0001230,2024-09-30,Debit,1416.92,BigBasket,POS,Success,Hyderabad,Mobile
TXN000008249,ACC0001183,2024-09-08,Credit,85749.64,Netflix,Cheque,Success,Ahmedabad,Mobile
TXN000008250,ACC0000833,2025-07-14,Credit,23741.96,BigBasket,RTGS,Success,Chandigarh,Web
TXN000008251,ACC0001201,2024-07-09,Debit,39013.68,Electricity Board,Cheque,Success,Lucknow,ATM
TXN000008252,ACC0000659,2024-05-01,Credit,104631.89,Ola,UPI,Success,Mumbai,Mobile
TXN000008253,ACC0001021,2024-04-30,Debit,104135.84,Amazon,NetBanking,Success,Bengaluru,ATM
TXN000008254,ACC0000985,2024-09-02,Debit,68857.7,Swiggy,Cheque,Success,Mumbai,Branch
TXN000008255,ACC0001390,2024-03-07,Credit,106790.73,Flipkart,NetBanking,Reversed,Kochi,ATM
TXN000008256,ACC0000515,2024-07-24,Debit,90665.13,BigBasket,Cheque,Reversed,Bhopal,ATM
TXN000008257,ACC0000166,2024-09-28,Debit,101709.77,Fuel Station,IMPS,Success,Chennai,POS
TXN000008258,ACC0000207,2025-03-20,Debit,119867.95,Uber,IMPS,Success,Hyderabad,POS
TXN000008259,ACC0001371,2024-12-28,Debit,40735.85,Swiggy,POS,Success,Delhi,ATM
TXN000008260,ACC0000177,2026-01-05,Credit,126351.12,Electricity Board,Cheque,Success,Bhopal,POS
TXN000008261,ACC0000676,2025-01-25,Credit,16801.51,IRCTC,RTGS,Failed,Bhopal,Mobile
TXN000008262,ACC0001290,2026-04-01,Debit,73974.39,Swiggy,RTGS,Success,Lucknow,ATM
TXN000008263,ACC0000872,2025-02-25,Credit,20024.75,Electricity Board,POS,Success,Lucknow,Branch
TXN000008264,ACC0000632,2025-12-27,Credit,103716.02,Reliance Digital,NetBanking,Success,Chennai,Branch
TXN000008265,ACC0000880,2025-10-07,Debit,24327.41,Myntra,NetBanking,Success,Bhopal,Branch
TXN000008266,ACC0001285,2025-07-30,Credit,18938.58,Fuel Station,NEFT,Success,Ahmedabad,Web
TXN000008267,ACC0000512,2025-10-30,Credit,39080.23,Zomato,RTGS,Success,Bengaluru,Branch
TXN000008268,ACC0001076,2025-10-21,Debit,7034.37,Swiggy,NetBanking,Success,Chennai,Web
TXN000008269,ACC0001164,2025-02-02,Credit,50138.6,Electricity Board,NetBanking,Success,Bengaluru,Branch
TXN000008270,ACC0000469,2024-04-28,Debit,95160.61,Airtel,Cheque,Success,Bengaluru,Branch
TXN000008271,ACC0001145,2024-07-11,Debit,148910.71,Swiggy,NEFT,Success,Chennai,Web
TXN000008272,ACC0001173,2024-10-17,Debit,81932.13,Airtel,Cheque,Pending,Ahmedabad,POS
TXN000008273,ACC0001050,2026-02-24,Debit,25346.03,Jio,UPI,Success,Kochi,ATM
TXN000008274,ACC0000043,2024-12-17,Debit,120862.14,Zomato,POS,Success,Hyderabad,Web
TXN000008275,ACC0001252,2026-01-24,Credit,147797.76,Fuel Station,NEFT,Success,Bhopal,Web
TXN000008276,ACC0001131,2024-11-22,Debit,90620.31,Electricity Board,RTGS,Success,Chennai,Web
TXN000008277,ACC0000658,2025-09-12,Debit,83836.28,Insurance Premium,IMPS,Success,Lucknow,ATM
TXN000008278,ACC0001183,2026-05-15,Credit,46900.36,Flipkart,ATM,Success,Hyderabad,Web
TXN000008279,ACC0000792,2024-09-28,Credit,71714.44,Netflix,NetBanking,Success,Lucknow,POS
TXN000008280,ACC0000626,2025-01-18,Debit,59749.75,Fuel Station,NetBanking,Success,Bhopal,POS
TXN000008281,ACC0000810,2024-02-05,Debit,36819.94,Airtel,IMPS,Success,Ahmedabad,Mobile
TXN000008282,ACC0001250,2025-04-24,Debit,136089.63,Flipkart,ATM,Success,Kochi,Web
TXN000008283,ACC0000371,2026-02-13,Credit,31762.59,Airtel,ATM,Success,Chennai,Branch
TXN000008284,ACC0000691,2024-11-09,Debit,95462.38,Flipkart,NEFT,Success,Ahmedabad,POS
TXN000008285,ACC0000808,2026-02-03,Debit,97989.18,Uber,Cheque,Success,Chandigarh,Mobile
TXN000008286,ACC0000931,2025-12-11,Debit,70427.49,Fuel Station,ATM,Success,Chennai,POS
TXN000008287,ACC0000908,2024-01-22,Credit,135421.23,IRCTC,UPI,Reversed,Ahmedabad,ATM
TXN000008288,ACC0000672,2024-10-20,Debit,85292.96,IRCTC,NEFT,Success,Kochi,Branch
TXN000008289,ACC0000171,2024-12-23,Debit,65065.7,Insurance Premium,Cheque,Success,Kochi,POS
TXN000008290,ACC0000948,2025-06-03,Debit,15768.97,School Fees,RTGS,Success,Jaipur,Branch
TXN000008291,ACC0000768,2024-08-17,Debit,89813.4,School Fees,IMPS,Success,Delhi,Mobile
TXN000008292,ACC0001226,2025-06-13,Debit,77971.53,IRCTC,ATM,Success,Chandigarh,ATM
TXN000008293,ACC0001332,2026-01-27,Debit,118325.2,BigBasket,UPI,Success,Mumbai,Mobile
TXN000008294,ACC0000062,2025-05-09,Debit,53938.79,BigBasket,ATM,Success,Lucknow,ATM
TXN000008295,ACC0001218,2025-03-23,Debit,109638.07,IRCTC,NetBanking,Failed,Chennai,Branch
TXN000008296,ACC0000455,2026-04-14,Credit,136219.71,Fuel Station,POS,Success,Chennai,POS
TXN000008297,ACC0000264,2024-05-27,Debit,149297.65,Insurance Premium,Cheque,Success,Hyderabad,Mobile
TXN000008298,ACC0001388,2024-02-16,Credit,138024.55,DMart,NEFT,Success,Mumbai,POS
TXN000008299,ACC0000922,2024-03-19,Debit,51811.99,Insurance Premium,RTGS,Success,Ahmedabad,Web
TXN000008300,ACC0001316,2026-05-10,Credit,136479.55,BigBasket,Cheque,Pending,Lucknow,Mobile
TXN000008301,ACC0001045,2025-04-12,Debit,136806.16,Uber,ATM,Success,Bhopal,Web
TXN000008302,ACC0000443,2024-05-04,Credit,77420.76,BigBasket,ATM,Success,Chandigarh,ATM
TXN000008303,ACC0000497,2025-12-21,Credit,93392.98,Fuel Station,POS,Success,Jaipur,POS
TXN000008304,ACC0000452,2025-05-06,Credit,122856.81,Amazon,ATM,Pending,Bhopal,ATM
TXN000008305,ACC0001209,2025-03-06,Debit,145554.26,Reliance Digital,ATM,Success,Jaipur,Branch
TXN000008306,ACC0000515,2026-03-26,Debit,106901.3,Zomato,IMPS,Success,Mumbai,Web
TXN000008307,ACC0000059,2025-09-18,Debit,49630.57,DMart,Cheque,Success,Jaipur,ATM
TXN000008308,ACC0000883,2024-01-20,Debit,23490.39,Reliance Digital,ATM,Success,Chandigarh,Web
TXN000008309,ACC0000499,2025-03-25,Credit,20389.6,School Fees,UPI,Success,Delhi,Mobile
TXN000008310,ACC0001148,2025-04-17,Debit,147948.58,Flipkart,RTGS,Success,Chennai,POS
TXN000008311,ACC0001296,2025-04-20,Debit,133863.62,Insurance Premium,RTGS,Success,Bhopal,Web
TXN000008312,ACC0000595,2024-08-15,Credit,58785.97,Netflix,NetBanking,Success,Pune,ATM
TXN000008313,ACC0001364,2026-05-08,Debit,28970.22,Amazon,POS,Success,Bengaluru,ATM
TXN000008314,ACC0001042,2025-01-25,Credit,118698.21,Airtel,NetBanking,Success,Jaipur,Mobile
TXN000008315,ACC0000023,2024-08-03,Debit,131826.68,Amazon,RTGS,Success,Mumbai,Mobile
TXN000008316,ACC0001292,2025-10-18,Debit,131617.94,DMart,IMPS,Success,Chennai,POS
TXN000008317,ACC0000547,2024-08-22,Credit,143088.22,DMart,RTGS,Success,Lucknow,Branch
TXN000008318,ACC0000342,2024-06-24,Debit,134630.89,Electricity Board,POS,Success,Chandigarh,ATM
TXN000008319,ACC0000744,2024-12-05,Debit,59790.76,School Fees,ATM,Success,Bhopal,Mobile
TXN000008320,ACC0001118,2024-09-23,Credit,49413.41,Myntra,RTGS,Success,Bhopal,Mobile
TXN000008321,ACC0000731,2026-02-20,Credit,49123.38,Netflix,NEFT,Success,Jaipur,Branch
TXN000008322,ACC0001182,2025-05-23,Credit,115030.94,Jio,NEFT,Success,Pune,Web
TXN000008323,ACC0000286,2025-10-10,Debit,145594.0,Jio,NetBanking,Success,Jaipur,Branch
TXN000008324,ACC0000145,2025-04-24,Debit,102096.75,Myntra,IMPS,Success,Bhopal,Web
TXN000008325,ACC0000806,2024-11-17,Credit,35933.49,Amazon,POS,Success,Lucknow,Mobile
TXN000008326,ACC0000679,2026-02-06,Debit,15752.24,Insurance Premium,Cheque,Success,Chandigarh,Web
TXN000008327,ACC0000613,2024-07-26,Credit,121181.95,Zomato,RTGS,Success,Chandigarh,POS
TXN000008328,ACC0000491,2026-01-27,Credit,24322.74,Reliance Digital,Cheque,Success,Ahmedabad,Mobile
TXN000008329,ACC0001042,2026-05-20,Debit,129051.87,Amazon,NetBanking,Success,Pune,Branch
TXN000008330,ACC0000061,2026-05-15,Debit,116718.98,Electricity Board,IMPS,Pending,Chandigarh,Mobile
TXN000008331,ACC0000134,2025-07-10,Debit,31202.71,IRCTC,NetBanking,Success,Pune,Mobile
TXN000008332,ACC0000279,2025-03-27,Debit,138420.94,School Fees,RTGS,Success,Kochi,Mobile
TXN000008333,ACC0001315,2024-04-12,Debit,50785.09,Ola,NetBanking,Success,Lucknow,Mobile
TXN000008334,ACC0001246,2026-03-10,Credit,49717.31,Airtel,IMPS,Success,Lucknow,Mobile
TXN000008335,ACC0001221,2025-04-20,Credit,4391.44,Insurance Premium,IMPS,Success,Hyderabad,POS
TXN000008336,ACC0000419,2025-10-26,Credit,106211.44,Myntra,NEFT,Pending,Hyderabad,Mobile
TXN000008337,ACC0001074,2025-01-25,Debit,37015.12,Airtel,ATM,Failed,Bengaluru,ATM
TXN000008338,ACC0001043,2024-03-21,Debit,83677.94,Myntra,ATM,Success,Lucknow,ATM
TXN000008339,ACC0000892,2025-12-29,Credit,16323.86,Flipkart,NEFT,Pending,Lucknow,Branch
TXN000008340,ACC0000379,2024-03-22,Credit,80327.31,Swiggy,NetBanking,Success,Delhi,Branch
TXN000008341,ACC0000267,2024-11-02,Credit,67223.64,Swiggy,UPI,Success,Ahmedabad,ATM
TXN000008342,ACC0000642,2026-01-01,Credit,50218.02,Ola,IMPS,Success,Jaipur,ATM
TXN000008343,ACC0000222,2024-09-30,Credit,92185.83,DMart,ATM,Success,Pune,Branch
TXN000008344,ACC0000302,2025-08-01,Credit,115679.86,School Fees,NetBanking,Failed,Ahmedabad,ATM
TXN000008345,ACC0001034,2024-07-16,Credit,101685.09,Electricity Board,RTGS,Success,Bhopal,Branch
TXN000008346,ACC0000322,2024-03-10,Debit,117967.28,BigBasket,IMPS,Success,Chandigarh,ATM
TXN000008347,ACC0000325,2025-07-12,Debit,107673.18,Zomato,Cheque,Success,Kochi,ATM
TXN000008348,ACC0000414,2024-01-14,Credit,33862.65,DMart,POS,Pending,Chennai,Web
TXN000008349,ACC0000500,2024-01-28,Debit,104944.37,Reliance Digital,Cheque,Success,Kochi,ATM
TXN000008350,ACC0000464,2024-01-28,Credit,39312.29,Fuel Station,ATM,Success,Kochi,POS
TXN000008351,ACC0001035,2025-02-18,Debit,142091.39,DMart,NEFT,Success,Kochi,Web
TXN000008352,ACC0000802,2024-07-25,Debit,61553.01,DMart,UPI,Success,Ahmedabad,Branch
TXN000008353,ACC0000794,2024-05-15,Debit,119932.25,Insurance Premium,NetBanking,Success,Chandigarh,ATM
TXN000008354,ACC0000961,2024-07-19,Credit,83914.52,School Fees,RTGS,Success,Bhopal,Web
TXN000008355,ACC0000028,2024-02-01,Debit,134086.21,DMart,POS,Success,Pune,ATM
TXN000008356,ACC0000547,2024-07-08,Debit,57942.61,Flipkart,UPI,Success,Delhi,Web
TXN000008357,ACC0000348,2025-06-21,Debit,84041.01,Amazon,RTGS,Success,Jaipur,Web
TXN000008358,ACC0000131,2026-03-24,Credit,127339.09,DMart,UPI,Success,Jaipur,Web
TXN000008359,ACC0001234,2025-10-12,Debit,104016.97,Myntra,IMPS,Success,Hyderabad,Mobile
TXN000008360,ACC0001170,2025-02-15,Credit,24669.47,Myntra,Cheque,Success,Pune,Web
TXN000008361,ACC0001109,2026-01-30,Credit,98209.09,Netflix,Cheque,Success,Bhopal,POS
TXN000008362,ACC0001040,2026-01-09,Debit,131194.15,DMart,ATM,Success,Jaipur,POS
TXN000008363,ACC0001276,2024-09-01,Debit,117467.49,Swiggy,POS,Failed,Bengaluru,Mobile
TXN000008364,ACC0000523,2024-11-17,Debit,84931.63,Reliance Digital,NetBanking,Success,Kochi,Web
TXN000008365,ACC0001385,2026-04-02,Credit,36732.3,School Fees,POS,Success,Chennai,ATM
TXN000008366,ACC0000317,2025-09-21,Debit,125116.14,Uber,IMPS,Success,Chennai,Branch
TXN000008367,ACC0001053,2025-05-11,Credit,18057.2,Electricity Board,UPI,Success,Chennai,POS
TXN000008368,ACC0000203,2026-01-29,Debit,88392.61,Amazon,IMPS,Success,Delhi,POS
TXN000008369,ACC0000165,2024-09-17,Debit,128111.09,Flipkart,Cheque,Success,Bengaluru,POS
TXN000008370,ACC0000550,2024-07-28,Debit,80122.06,BigBasket,NEFT,Success,Lucknow,Mobile
TXN000008371,ACC0000738,2025-05-16,Debit,149311.15,DMart,Cheque,Success,Hyderabad,POS
TXN000008372,ACC0001342,2024-04-11,Debit,124182.9,Uber,UPI,Success,Jaipur,Mobile
TXN000008373,ACC0001208,2026-01-25,Debit,36661.92,IRCTC,IMPS,Success,Hyderabad,Web
TXN000008374,ACC0000747,2025-07-09,Debit,42474.45,Swiggy,RTGS,Success,Bengaluru,ATM
TXN000008375,ACC0000967,2026-05-05,Debit,36990.48,Swiggy,POS,Success,Hyderabad,ATM
TXN000008376,ACC0000807,2026-01-25,Credit,117416.09,DMart,UPI,Success,Ahmedabad,Mobile
TXN000008377,ACC0000428,2024-08-21,Credit,38592.53,Ola,NetBanking,Success,Delhi,POS
TXN000008378,ACC0000586,2024-06-18,Debit,16650.91,Ola,UPI,Success,Bengaluru,POS
TXN000008379,ACC0001375,2025-08-23,Credit,75862.62,Netflix,ATM,Success,Chennai,ATM
TXN000008380,ACC0001349,2025-05-07,Debit,138632.61,DMart,IMPS,Failed,Mumbai,POS
TXN000008381,ACC0000271,2025-06-16,Debit,45725.97,School Fees,ATM,Success,Ahmedabad,Branch
TXN000008382,ACC0001121,2024-05-05,Debit,40246.22,Reliance Digital,NetBanking,Success,Jaipur,Branch
TXN000008383,ACC0001307,2024-05-30,Credit,84068.21,Electricity Board,NEFT,Success,Lucknow,Web
TXN000008384,ACC0001375,2024-06-16,Credit,447.56,BigBasket,POS,Success,Lucknow,POS
TXN000008385,ACC0000426,2026-04-11,Credit,18884.81,Uber,IMPS,Success,Chandigarh,POS
TXN000008386,ACC0000338,2025-01-28,Credit,130641.78,Myntra,POS,Success,Hyderabad,Mobile
TXN000008387,ACC0000133,2025-04-06,Debit,50610.46,Insurance Premium,RTGS,Success,Pune,Branch
TXN000008388,ACC0001368,2025-10-04,Debit,73901.47,Swiggy,ATM,Success,Chandigarh,ATM
TXN000008389,ACC0001157,2024-03-09,Debit,138318.92,Netflix,NEFT,Success,Mumbai,Branch
TXN000008390,ACC0000777,2024-05-11,Credit,44188.68,Insurance Premium,ATM,Success,Chandigarh,POS
TXN000008391,ACC0000995,2025-02-19,Debit,62752.65,DMart,ATM,Success,Chennai,POS
TXN000008392,ACC0000121,2024-11-17,Debit,103148.96,IRCTC,UPI,Success,Bengaluru,Branch
TXN000008393,ACC0001137,2024-04-19,Debit,62354.99,BigBasket,RTGS,Success,Hyderabad,POS
TXN000008394,ACC0000192,2024-04-19,Credit,1717.41,Myntra,UPI,Success,Bengaluru,ATM
TXN000008395,ACC0000696,2026-03-28,Credit,46899.58,Amazon,RTGS,Failed,Kochi,Branch
TXN000008396,ACC0000001,2025-04-05,Debit,119575.94,IRCTC,IMPS,Success,Lucknow,Web
TXN000008397,ACC0000503,2024-02-07,Debit,18955.67,Fuel Station,IMPS,Success,Chennai,Web
TXN000008398,ACC0001004,2024-02-09,Credit,9590.6,Myntra,ATM,Success,Delhi,ATM
TXN000008399,ACC0000671,2026-03-29,Credit,41589.2,Uber,NetBanking,Success,Ahmedabad,Branch
TXN000008400,ACC0001071,2024-03-05,Credit,137930.47,Electricity Board,NEFT,Failed,Lucknow,POS
TXN000008401,ACC0000167,2024-02-05,Debit,68827.83,Insurance Premium,NetBanking,Success,Ahmedabad,Web
TXN000008402,ACC0000428,2024-07-29,Debit,20032.08,Airtel,NEFT,Success,Bengaluru,Web
TXN000008403,ACC0000658,2024-10-28,Debit,137496.99,DMart,IMPS,Success,Kochi,ATM
TXN000008404,ACC0000500,2025-03-20,Credit,30099.37,School Fees,IMPS,Pending,Jaipur,POS
TXN000008405,ACC0001087,2024-06-28,Debit,111122.8,Insurance Premium,UPI,Reversed,Kochi,ATM
TXN000008406,ACC0001364,2024-02-12,Debit,54874.73,IRCTC,NEFT,Success,Hyderabad,ATM
TXN000008407,ACC0000100,2024-02-16,Debit,141795.22,School Fees,RTGS,Success,Delhi,ATM
TXN000008408,ACC0000556,2025-05-11,Debit,20561.22,Uber,ATM,Success,Ahmedabad,POS
TXN000008409,ACC0001127,2025-12-23,Debit,57223.25,School Fees,RTGS,Success,Kochi,Branch
TXN000008410,ACC0000346,2025-01-16,Debit,27329.4,Amazon,ATM,Success,Kochi,Branch
TXN000008411,ACC0000743,2024-04-13,Credit,71679.51,Amazon,IMPS,Success,Kochi,Web
TXN000008412,ACC0000531,2024-01-01,Debit,7568.55,Jio,POS,Success,Pune,ATM
TXN000008413,ACC0000410,2024-11-29,Debit,48039.63,IRCTC,NetBanking,Success,Ahmedabad,POS
TXN000008414,ACC0000382,2025-12-08,Credit,138352.04,Flipkart,POS,Success,Jaipur,Web
TXN000008415,ACC0000698,2024-02-12,Credit,56435.89,Reliance Digital,NetBanking,Failed,Bengaluru,ATM
TXN000008416,ACC0000649,2025-01-26,Credit,111701.39,DMart,POS,Success,Lucknow,Web
TXN000008417,ACC0001360,2024-10-26,Debit,31607.99,IRCTC,UPI,Pending,Mumbai,Branch
TXN000008418,ACC0001010,2025-09-21,Credit,59979.03,Uber,POS,Success,Bengaluru,ATM
TXN000008419,ACC0001032,2025-04-20,Credit,113293.92,DMart,UPI,Failed,Ahmedabad,Mobile
TXN000008420,ACC0001175,2024-08-12,Debit,24730.18,Jio,RTGS,Success,Chennai,Branch
TXN000008421,ACC0000555,2024-03-28,Debit,137973.83,Airtel,IMPS,Success,Pune,Branch
TXN000008422,ACC0000661,2025-02-05,Credit,87265.94,Insurance Premium,POS,Success,Jaipur,Mobile
TXN000008423,ACC0000895,2025-05-27,Credit,114526.69,Flipkart,ATM,Success,Chandigarh,Mobile
TXN000008424,ACC0000022,2025-03-14,Credit,115046.35,Zomato,NEFT,Success,Kochi,Web
TXN000008425,ACC0000432,2024-07-27,Debit,79079.43,Jio,RTGS,Success,Kochi,ATM
TXN000008426,ACC0001132,2024-10-01,Debit,13007.22,Electricity Board,UPI,Success,Ahmedabad,Branch
TXN000008427,ACC0000373,2026-05-18,Credit,143915.07,Uber,POS,Success,Chandigarh,Web
TXN000008428,ACC0000838,2025-09-09,Debit,98784.59,Swiggy,ATM,Failed,Kochi,Mobile
TXN000008429,ACC0000527,2024-06-04,Credit,39496.65,Insurance Premium,RTGS,Success,Pune,Mobile
TXN000008430,ACC0000743,2025-01-04,Debit,105213.61,Reliance Digital,ATM,Success,Jaipur,Web
TXN000008431,ACC0000437,2025-06-09,Credit,23048.65,Zomato,NetBanking,Success,Lucknow,Mobile
TXN000008432,ACC0000473,2025-11-04,Credit,70790.93,Jio,NetBanking,Success,Bhopal,POS
TXN000008433,ACC0000608,2026-03-11,Credit,58892.56,Airtel,NEFT,Success,Ahmedabad,Branch
TXN000008434,ACC0000954,2024-08-23,Debit,89181.56,Uber,NetBanking,Reversed,Lucknow,POS
TXN000008435,ACC0000968,2025-11-12,Debit,68502.91,Airtel,IMPS,Reversed,Lucknow,Web
TXN000008436,ACC0000456,2024-02-22,Debit,97776.07,Myntra,IMPS,Success,Lucknow,ATM
TXN000008437,ACC0000292,2024-03-06,Debit,69149.24,DMart,POS,Success,Ahmedabad,Branch
TXN000008438,ACC0000996,2025-03-19,Debit,10139.0,Insurance Premium,RTGS,Success,Mumbai,ATM
TXN000008439,ACC0000426,2024-09-15,Debit,17871.72,Amazon,Cheque,Success,Mumbai,Mobile
TXN000008440,ACC0000873,2025-03-22,Debit,100629.14,Zomato,UPI,Failed,Chandigarh,Mobile
TXN000008441,ACC0000344,2025-06-25,Credit,87382.78,Myntra,NEFT,Success,Kochi,POS
TXN000008442,ACC0000704,2026-02-13,Debit,9282.58,Netflix,NetBanking,Success,Hyderabad,Web
TXN000008443,ACC0000750,2025-01-09,Credit,57227.02,Reliance Digital,UPI,Success,Bengaluru,Branch
TXN000008444,ACC0000158,2026-03-18,Debit,80836.03,Netflix,Cheque,Success,Hyderabad,ATM
TXN000008445,ACC0000601,2026-01-11,Debit,29775.18,Jio,Cheque,Success,Ahmedabad,POS
TXN000008446,ACC0000197,2025-12-16,Debit,136395.41,Fuel Station,POS,Pending,Pune,Branch
TXN000008447,ACC0001339,2025-10-01,Credit,100192.11,Amazon,ATM,Success,Chandigarh,ATM
TXN000008448,ACC0000449,2025-12-07,Debit,149396.88,Myntra,POS,Success,Pune,Web
TXN000008449,ACC0000806,2024-10-11,Credit,89196.23,Reliance Digital,ATM,Success,Mumbai,ATM
TXN000008450,ACC0000715,2025-02-02,Debit,131807.44,BigBasket,RTGS,Success,Mumbai,ATM
TXN000008451,ACC0001335,2025-01-29,Credit,88815.33,Fuel Station,Cheque,Success,Kochi,POS
TXN000008452,ACC0000571,2025-05-20,Credit,21495.33,School Fees,RTGS,Success,Ahmedabad,Web
TXN000008453,ACC0001262,2026-02-04,Credit,51479.6,Airtel,ATM,Success,Kochi,Mobile
TXN000008454,ACC0000322,2025-07-09,Debit,53631.69,IRCTC,ATM,Success,Kochi,Mobile
TXN000008455,ACC0000029,2025-12-27,Credit,46508.87,IRCTC,NetBanking,Failed,Mumbai,Web
TXN000008456,ACC0000683,2024-11-25,Debit,46281.55,School Fees,POS,Success,Ahmedabad,Branch
TXN000008457,ACC0001048,2024-03-13,Debit,5874.58,Reliance Digital,IMPS,Success,Chennai,ATM
TXN000008458,ACC0000442,2025-07-16,Debit,87828.19,Uber,Cheque,Success,Lucknow,Branch
TXN000008459,ACC0001084,2025-10-06,Debit,136238.68,Airtel,RTGS,Failed,Delhi,Web
TXN000008460,ACC0001352,2024-06-24,Debit,55367.57,Fuel Station,RTGS,Success,Bengaluru,Branch
TXN000008461,ACC0000620,2025-10-22,Debit,99644.71,Amazon,NEFT,Success,Mumbai,Web
TXN000008462,ACC0000173,2025-11-01,Debit,102785.33,Electricity Board,Cheque,Success,Delhi,POS
TXN000008463,ACC0001384,2025-03-26,Debit,148579.53,School Fees,NetBanking,Pending,Mumbai,ATM
TXN000008464,ACC0001025,2024-12-17,Credit,4093.46,Fuel Station,RTGS,Success,Kochi,Mobile
TXN000008465,ACC0000617,2025-11-04,Debit,35874.96,Fuel Station,RTGS,Reversed,Bhopal,Web
TXN000008466,ACC0000709,2024-12-16,Debit,12311.8,Airtel,IMPS,Success,Pune,ATM
TXN000008467,ACC0000913,2025-07-09,Debit,95833.65,Netflix,RTGS,Failed,Mumbai,POS
TXN000008468,ACC0000292,2025-01-23,Credit,141046.19,Airtel,IMPS,Success,Chandigarh,Web
TXN000008469,ACC0001347,2026-02-13,Debit,75539.26,Uber,ATM,Pending,Ahmedabad,Web
TXN000008470,ACC0000378,2024-12-13,Debit,117181.85,Fuel Station,NEFT,Success,Mumbai,Branch
TXN000008471,ACC0000388,2026-03-26,Debit,70854.98,School Fees,POS,Success,Bengaluru,Web
TXN000008472,ACC0000353,2025-09-25,Debit,54843.94,Reliance Digital,POS,Success,Chennai,ATM
TXN000008473,ACC0000126,2026-05-15,Credit,53948.51,Swiggy,ATM,Success,Mumbai,Branch
TXN000008474,ACC0001145,2025-08-16,Debit,57112.48,Jio,POS,Success,Chandigarh,Branch
TXN000008475,ACC0000859,2025-11-12,Debit,41302.2,Insurance Premium,IMPS,Success,Jaipur,Web
TXN000008476,ACC0000003,2025-11-30,Debit,19326.64,BigBasket,NetBanking,Success,Hyderabad,POS
TXN000008477,ACC0000989,2026-04-06,Credit,119995.61,Jio,RTGS,Success,Chandigarh,ATM
TXN000008478,ACC0000377,2025-10-23,Debit,1787.09,Swiggy,ATM,Success,Pune,Mobile
TXN000008479,ACC0001328,2026-03-21,Debit,77065.09,BigBasket,Cheque,Success,Lucknow,Branch
TXN000008480,ACC0000163,2024-03-20,Debit,135614.58,Amazon,IMPS,Success,Lucknow,POS
TXN000008481,ACC0001147,2024-09-04,Debit,119425.84,DMart,NetBanking,Success,Hyderabad,POS
TXN000008482,ACC0000175,2026-01-18,Debit,72096.71,Zomato,RTGS,Success,Ahmedabad,ATM
TXN000008483,ACC0000229,2026-03-28,Debit,109618.95,Insurance Premium,POS,Success,Mumbai,POS
TXN000008484,ACC0000397,2025-07-17,Credit,40609.65,BigBasket,ATM,Success,Ahmedabad,ATM
TXN000008485,ACC0001274,2024-10-17,Credit,74093.41,Amazon,RTGS,Success,Lucknow,Web
TXN000008486,ACC0000381,2025-11-01,Credit,25990.36,BigBasket,POS,Success,Kochi,Mobile
TXN000008487,ACC0000038,2025-11-15,Debit,19415.65,Zomato,RTGS,Success,Bhopal,ATM
TXN000008488,ACC0001234,2025-03-19,Debit,15603.5,School Fees,POS,Success,Chennai,POS
TXN000008489,ACC0000379,2024-09-14,Credit,125433.12,IRCTC,NEFT,Success,Pune,Branch
TXN000008490,ACC0000075,2026-04-28,Credit,149002.85,Myntra,NEFT,Pending,Lucknow,Mobile
TXN000008491,ACC0000482,2024-01-26,Debit,117669.08,Netflix,RTGS,Success,Jaipur,Mobile
TXN000008492,ACC0000898,2025-11-22,Debit,117429.53,DMart,POS,Success,Kochi,POS
TXN000008493,ACC0001241,2025-10-08,Credit,58368.44,Airtel,ATM,Success,Jaipur,POS
TXN000008494,ACC0000799,2024-11-04,Credit,23381.17,Amazon,POS,Success,Mumbai,ATM
TXN000008495,ACC0000494,2024-12-29,Debit,137665.67,Jio,NEFT,Success,Chandigarh,ATM
TXN000008496,ACC0000530,2024-09-22,Credit,71857.0,BigBasket,NEFT,Success,Pune,Web
TXN000008497,ACC0001275,2025-08-13,Credit,18700.4,Fuel Station,RTGS,Success,Chennai,Web
TXN000008498,ACC0000669,2025-04-25,Debit,4233.28,Flipkart,NEFT,Success,Ahmedabad,Web
TXN000008499,ACC0001191,2024-02-11,Credit,95992.69,Electricity Board,NetBanking,Failed,Jaipur,Mobile
TXN000008500,ACC0000015,2025-12-07,Debit,16069.94,Myntra,POS,Success,Chandigarh,POS
TXN000008501,ACC0000402,2024-02-22,Debit,105016.73,Airtel,UPI,Success,Chennai,Web
TXN000008502,ACC0000179,2024-04-29,Debit,48054.46,Zomato,UPI,Success,Chandigarh,ATM
TXN000008503,ACC0000299,2024-08-12,Debit,50303.15,Reliance Digital,NetBanking,Success,Chennai,Web
TXN000008504,ACC0000883,2024-01-03,Debit,96492.98,Fuel Station,POS,Pending,Bengaluru,Branch
TXN000008505,ACC0000711,2025-12-11,Credit,44656.71,DMart,IMPS,Success,Chennai,Mobile
TXN000008506,ACC0000665,2024-02-10,Debit,75606.09,Fuel Station,IMPS,Success,Jaipur,Mobile
TXN000008507,ACC0000059,2025-09-24,Debit,81812.71,Netflix,UPI,Success,Delhi,POS
TXN000008508,ACC0000013,2024-03-22,Debit,119615.34,Amazon,POS,Success,Bhopal,Mobile
TXN000008509,ACC0001170,2024-03-27,Debit,144658.63,Ola,POS,Success,Delhi,Mobile
TXN000008510,ACC0001289,2024-05-20,Credit,105588.14,Electricity Board,IMPS,Success,Pune,ATM
TXN000008511,ACC0000918,2025-07-24,Debit,25209.81,Flipkart,Cheque,Success,Delhi,POS
TXN000008512,ACC0001311,2024-05-15,Credit,4267.27,Electricity Board,POS,Failed,Bhopal,ATM
TXN000008513,ACC0000302,2024-03-20,Credit,96280.68,DMart,NetBanking,Failed,Jaipur,Mobile
TXN000008514,ACC0001092,2025-09-23,Debit,5027.42,Fuel Station,IMPS,Success,Pune,POS
TXN000008515,ACC0000763,2024-05-20,Debit,21846.14,Zomato,NEFT,Success,Pune,ATM
TXN000008516,ACC0001397,2025-11-05,Credit,100740.69,Uber,UPI,Success,Chandigarh,ATM
TXN000008517,ACC0001029,2026-05-12,Debit,39403.82,Insurance Premium,Cheque,Success,Jaipur,Web
TXN000008518,ACC0000780,2026-01-11,Debit,43235.15,IRCTC,IMPS,Success,Mumbai,ATM
TXN000008519,ACC0001215,2025-04-02,Debit,60921.89,Netflix,POS,Success,Hyderabad,Mobile
TXN000008520,ACC0000164,2024-06-18,Credit,125042.45,Reliance Digital,ATM,Failed,Ahmedabad,Web
TXN000008521,ACC0000382,2024-12-08,Credit,43737.44,BigBasket,NEFT,Success,Jaipur,Branch
TXN000008522,ACC0001255,2026-01-28,Debit,12959.06,Myntra,UPI,Success,Chandigarh,Mobile
TXN000008523,ACC0000971,2025-02-17,Debit,125325.07,Myntra,NEFT,Success,Hyderabad,Mobile
TXN000008524,ACC0000486,2025-10-06,Debit,57476.35,IRCTC,NEFT,Success,Pune,Mobile
TXN000008525,ACC0000819,2025-11-21,Credit,142295.3,Amazon,POS,Success,Jaipur,Mobile
TXN000008526,ACC0001388,2024-06-13,Credit,95359.69,BigBasket,RTGS,Success,Mumbai,Branch
TXN000008527,ACC0000957,2026-04-06,Debit,146604.63,Airtel,NEFT,Success,Pune,POS
TXN000008528,ACC0000456,2025-01-11,Credit,134498.67,BigBasket,RTGS,Success,Kochi,ATM
TXN000008529,ACC0000439,2024-10-22,Debit,67659.05,Myntra,IMPS,Success,Kochi,Branch
TXN000008530,ACC0000971,2025-04-03,Credit,19409.67,Reliance Digital,RTGS,Success,Mumbai,Branch
TXN000008531,ACC0000394,2025-10-22,Credit,119990.62,Amazon,IMPS,Success,Ahmedabad,Web
TXN000008532,ACC0000891,2026-05-02,Debit,49815.65,DMart,Cheque,Success,Mumbai,Mobile
TXN000008533,ACC0000203,2024-03-13,Credit,82868.57,Insurance Premium,Cheque,Success,Bengaluru,Mobile
TXN000008534,ACC0000179,2024-07-12,Credit,108148.94,IRCTC,RTGS,Success,Delhi,Mobile
TXN000008535,ACC0000385,2025-04-30,Debit,69331.63,Zomato,POS,Success,Chennai,ATM
TXN000008536,ACC0001342,2025-05-16,Debit,95351.9,BigBasket,RTGS,Success,Lucknow,Web
TXN000008537,ACC0000039,2025-05-31,Debit,1063.28,DMart,ATM,Success,Chandigarh,Mobile
TXN000008538,ACC0000828,2025-02-01,Debit,98464.85,Uber,RTGS,Success,Hyderabad,Mobile
TXN000008539,ACC0000814,2024-11-22,Debit,26000.25,Electricity Board,Cheque,Success,Delhi,Mobile
TXN000008540,ACC0001380,2024-06-30,Credit,19652.51,Insurance Premium,UPI,Failed,Chandigarh,Mobile
TXN000008541,ACC0000287,2025-11-26,Credit,125090.71,Myntra,NEFT,Success,Bengaluru,Branch
TXN000008542,ACC0000641,2024-10-30,Debit,40888.88,Netflix,IMPS,Success,Hyderabad,POS
TXN000008543,ACC0000618,2026-04-27,Credit,141300.16,Reliance Digital,RTGS,Success,Lucknow,ATM
TXN000008544,ACC0000417,2024-11-13,Debit,55420.12,Insurance Premium,ATM,Success,Jaipur,Branch
TXN000008545,ACC0000024,2024-12-28,Credit,141765.28,Airtel,ATM,Success,Bengaluru,Mobile
TXN000008546,ACC0000322,2024-08-05,Credit,21836.22,Netflix,ATM,Success,Delhi,Mobile
TXN000008547,ACC0001349,2025-10-02,Credit,135119.61,Swiggy,ATM,Success,Hyderabad,ATM
TXN000008548,ACC0001016,2024-05-19,Debit,106694.08,DMart,POS,Success,Lucknow,POS
TXN000008549,ACC0000216,2024-07-11,Debit,1558.04,Reliance Digital,NEFT,Success,Lucknow,Branch
TXN000008550,ACC0001250,2025-05-17,Credit,26726.47,Amazon,NetBanking,Success,Chandigarh,POS
TXN000008551,ACC0000681,2024-03-05,Credit,30254.75,Jio,POS,Success,Pune,Branch
TXN000008552,ACC0001011,2024-11-07,Debit,66472.42,Uber,NEFT,Pending,Bhopal,ATM
TXN000008553,ACC0000087,2025-05-17,Debit,13103.74,IRCTC,NEFT,Success,Jaipur,Web
TXN000008554,ACC0001206,2025-09-01,Debit,26919.89,Airtel,ATM,Success,Hyderabad,Mobile
TXN000008555,ACC0000601,2026-04-09,Credit,64405.47,Ola,Cheque,Success,Bengaluru,ATM
TXN000008556,ACC0000001,2026-02-05,Credit,31101.86,Jio,ATM,Success,Lucknow,ATM
TXN000008557,ACC0001334,2024-02-06,Credit,91991.81,Swiggy,RTGS,Success,Jaipur,Mobile
TXN000008558,ACC0000943,2024-04-12,Credit,92828.33,Amazon,UPI,Success,Mumbai,Mobile
TXN000008559,ACC0000295,2025-07-05,Debit,141026.16,Reliance Digital,Cheque,Success,Pune,ATM
TXN000008560,ACC0000359,2025-07-02,Credit,138417.07,DMart,POS,Success,Chandigarh,Mobile
TXN000008561,ACC0000611,2025-10-17,Credit,75774.4,Airtel,UPI,Success,Chennai,Mobile
TXN000008562,ACC0000449,2025-06-22,Debit,58354.15,Fuel Station,NEFT,Success,Pune,Mobile
TXN000008563,ACC0000225,2024-05-18,Credit,99481.46,Insurance Premium,NEFT,Success,Bengaluru,Mobile
TXN000008564,ACC0001228,2026-04-17,Credit,140654.71,Jio,NetBanking,Success,Delhi,Web
TXN000008565,ACC0001267,2026-05-20,Credit,36455.42,BigBasket,POS,Success,Lucknow,Mobile
TXN000008566,ACC0000965,2024-05-12,Debit,144971.13,Myntra,Cheque,Failed,Bengaluru,Mobile
TXN000008567,ACC0000556,2026-01-22,Credit,57784.26,Ola,Cheque,Success,Mumbai,Web
TXN000008568,ACC0000831,2025-06-17,Credit,98943.88,Myntra,NEFT,Success,Jaipur,Mobile
TXN000008569,ACC0000489,2025-05-24,Credit,67356.21,Jio,NEFT,Success,Lucknow,POS
TXN000008570,ACC0001122,2025-02-28,Debit,117137.61,Fuel Station,ATM,Failed,Ahmedabad,Branch
TXN000008571,ACC0001228,2025-03-12,Debit,66282.28,IRCTC,NetBanking,Success,Ahmedabad,Mobile
TXN000008572,ACC0000252,2024-07-18,Debit,93173.49,BigBasket,NEFT,Success,Bengaluru,Web
TXN000008573,ACC0001108,2024-01-19,Debit,35089.57,IRCTC,POS,Success,Bengaluru,ATM
TXN000008574,ACC0000433,2025-01-24,Debit,77441.47,IRCTC,Cheque,Success,Bengaluru,Mobile
TXN000008575,ACC0000030,2024-08-31,Debit,78886.4,Insurance Premium,Cheque,Success,Bengaluru,Branch
TXN000008576,ACC0000634,2025-03-12,Debit,121720.73,Ola,UPI,Success,Ahmedabad,Branch
TXN000008577,ACC0000117,2024-08-12,Credit,65699.13,Flipkart,POS,Success,Jaipur,Branch
TXN000008578,ACC0000477,2024-07-15,Debit,67317.54,Reliance Digital,ATM,Success,Bengaluru,Web
TXN000008579,ACC0000584,2024-05-08,Debit,41935.58,School Fees,Cheque,Success,Bengaluru,Web
TXN000008580,ACC0000455,2025-10-05,Credit,109559.55,Reliance Digital,UPI,Success,Mumbai,Mobile
TXN000008581,ACC0001308,2026-01-22,Credit,9775.82,Uber,NetBanking,Pending,Hyderabad,Branch
TXN000008582,ACC0000042,2025-03-21,Credit,53853.9,Ola,UPI,Success,Pune,Web
TXN000008583,ACC0000900,2024-06-21,Credit,100987.86,Amazon,RTGS,Success,Chandigarh,Mobile
TXN000008584,ACC0000461,2024-08-15,Credit,21072.04,School Fees,RTGS,Success,Kochi,Branch
TXN000008585,ACC0000382,2024-03-02,Credit,12461.63,Amazon,POS,Success,Delhi,Web
TXN000008586,ACC0000762,2026-04-16,Debit,62021.57,IRCTC,NEFT,Success,Pune,Mobile
TXN000008587,ACC0000072,2025-09-06,Credit,144352.99,Swiggy,Cheque,Success,Lucknow,POS
TXN000008588,ACC0000608,2024-02-08,Credit,117919.28,Reliance Digital,NEFT,Success,Bhopal,Mobile
TXN000008589,ACC0000168,2024-01-07,Credit,68465.22,School Fees,Cheque,Failed,Bhopal,Web
TXN000008590,ACC0000314,2024-12-07,Debit,77093.57,Ola,Cheque,Success,Kochi,Branch
TXN000008591,ACC0000951,2024-02-03,Debit,72156.11,Jio,RTGS,Success,Lucknow,Mobile
TXN000008592,ACC0001197,2024-07-01,Credit,43204.11,Insurance Premium,ATM,Success,Jaipur,ATM
TXN000008593,ACC0000575,2025-01-21,Credit,17618.57,Swiggy,IMPS,Success,Kochi,Branch
TXN000008594,ACC0000141,2024-02-07,Debit,21310.74,DMart,Cheque,Success,Jaipur,ATM
TXN000008595,ACC0000426,2024-05-20,Debit,109415.51,BigBasket,ATM,Success,Delhi,Web
TXN000008596,ACC0000284,2025-05-30,Credit,16326.23,Zomato,ATM,Success,Chandigarh,Mobile
TXN000008597,ACC0000585,2025-02-25,Debit,111186.29,Airtel,RTGS,Success,Bengaluru,POS
TXN000008598,ACC0000371,2026-05-20,Credit,57921.17,Reliance Digital,NEFT,Success,Kochi,Branch
TXN000008599,ACC0000058,2026-02-18,Credit,74253.88,Uber,ATM,Success,Bhopal,POS
TXN000008600,ACC0000913,2024-08-17,Debit,38872.78,Fuel Station,IMPS,Success,Delhi,POS
TXN000008601,ACC0001012,2024-06-25,Credit,50985.4,Electricity Board,ATM,Success,Chandigarh,Mobile
TXN000008602,ACC0000239,2024-02-13,Credit,79390.25,Fuel Station,NEFT,Success,Chandigarh,Branch
TXN000008603,ACC0001131,2026-03-13,Debit,104162.31,Reliance Digital,IMPS,Success,Delhi,Mobile
TXN000008604,ACC0001055,2025-10-07,Credit,45513.92,Swiggy,POS,Failed,Ahmedabad,Web
TXN000008605,ACC0001081,2025-07-04,Credit,128182.25,BigBasket,NEFT,Success,Jaipur,POS
TXN000008606,ACC0000851,2024-08-04,Debit,96690.02,DMart,Cheque,Success,Pune,POS
TXN000008607,ACC0000963,2024-08-23,Debit,119331.54,DMart,RTGS,Success,Chennai,Mobile
TXN000008608,ACC0000255,2025-10-14,Debit,75800.37,Airtel,NEFT,Failed,Chennai,POS
TXN000008609,ACC0000819,2026-03-22,Debit,37593.9,Zomato,IMPS,Reversed,Chennai,POS
TXN000008610,ACC0000491,2025-10-20,Credit,112881.88,Zomato,UPI,Success,Kochi,ATM
TXN000008611,ACC0000348,2024-08-18,Debit,46261.04,Ola,RTGS,Success,Kochi,ATM
TXN000008612,ACC0000277,2025-06-30,Credit,94532.16,Uber,NEFT,Failed,Kochi,Mobile
TXN000008613,ACC0000979,2025-07-29,Credit,66788.39,Flipkart,NetBanking,Success,Ahmedabad,POS
TXN000008614,ACC0000722,2025-05-19,Debit,10599.1,Reliance Digital,IMPS,Pending,Chennai,Web
TXN000008615,ACC0000683,2025-05-31,Credit,148899.22,Myntra,NEFT,Success,Chandigarh,Branch
TXN000008616,ACC0000857,2025-10-23,Credit,69089.63,Uber,IMPS,Success,Bhopal,Mobile
TXN000008617,ACC0001321,2026-04-09,Debit,63459.32,Swiggy,ATM,Success,Hyderabad,Branch
TXN000008618,ACC0001062,2026-02-28,Debit,24693.32,Airtel,ATM,Success,Bhopal,Mobile
TXN000008619,ACC0001106,2024-03-15,Credit,124082.69,Zomato,ATM,Success,Lucknow,POS
TXN000008620,ACC0001138,2024-01-19,Debit,31705.72,Netflix,UPI,Success,Hyderabad,Branch
TXN000008621,ACC0000394,2024-11-12,Credit,26894.82,Uber,IMPS,Success,Bhopal,Branch
TXN000008622,ACC0001354,2025-04-15,Debit,120281.89,School Fees,NetBanking,Success,Delhi,Web
TXN000008623,ACC0001145,2024-08-07,Debit,1216.28,Uber,IMPS,Success,Chandigarh,Web
TXN000008624,ACC0000756,2025-02-15,Credit,123663.62,Insurance Premium,Cheque,Success,Jaipur,ATM
TXN000008625,ACC0000835,2024-03-19,Credit,36507.69,Insurance Premium,IMPS,Success,Delhi,ATM
TXN000008626,ACC0000336,2026-04-10,Debit,109918.6,Uber,IMPS,Success,Bhopal,POS
TXN000008627,ACC0000784,2025-03-19,Credit,131796.5,Flipkart,UPI,Pending,Mumbai,Branch
TXN000008628,ACC0000117,2024-07-11,Debit,108662.14,Reliance Digital,NetBanking,Success,Chandigarh,ATM
TXN000008629,ACC0000790,2024-02-02,Credit,20029.42,Electricity Board,POS,Success,Kochi,POS
TXN000008630,ACC0000408,2024-05-01,Debit,70983.25,Flipkart,RTGS,Success,Pune,POS
TXN000008631,ACC0000557,2025-05-23,Credit,142839.33,Insurance Premium,RTGS,Success,Lucknow,Branch
TXN000008632,ACC0000021,2024-12-25,Credit,12545.34,Zomato,NEFT,Success,Delhi,Web
TXN000008633,ACC0000710,2025-05-19,Debit,75543.03,Amazon,ATM,Success,Mumbai,POS
TXN000008634,ACC0000039,2026-03-21,Debit,145780.01,Myntra,UPI,Success,Ahmedabad,POS
TXN000008635,ACC0001094,2024-11-29,Debit,123935.44,Myntra,Cheque,Success,Hyderabad,Web
TXN000008636,ACC0000556,2025-08-23,Debit,136087.94,Electricity Board,ATM,Success,Bhopal,ATM
TXN000008637,ACC0000221,2025-12-18,Debit,69437.32,IRCTC,ATM,Success,Jaipur,POS
TXN000008638,ACC0000478,2024-01-17,Debit,91254.43,Zomato,UPI,Success,Pune,Web
TXN000008639,ACC0001210,2024-10-10,Credit,120167.67,IRCTC,NetBanking,Success,Bengaluru,Branch
TXN000008640,ACC0001381,2024-07-11,Credit,65236.05,Uber,Cheque,Success,Pune,Branch
TXN000008641,ACC0000014,2025-05-27,Credit,148769.91,Electricity Board,UPI,Success,Hyderabad,Branch
TXN000008642,ACC0000250,2025-01-01,Debit,26044.34,Reliance Digital,UPI,Success,Lucknow,Web
TXN000008643,ACC0000324,2024-01-13,Credit,34991.59,Jio,POS,Success,Chennai,Web
TXN000008644,ACC0000340,2024-03-29,Credit,2999.32,IRCTC,POS,Success,Kochi,Web
TXN000008645,ACC0000451,2025-03-26,Debit,2665.02,Flipkart,UPI,Success,Bengaluru,Web
TXN000008646,ACC0000570,2025-04-18,Debit,131766.41,Reliance Digital,NEFT,Success,Hyderabad,Web
TXN000008647,ACC0000570,2025-06-10,Credit,75371.68,BigBasket,ATM,Failed,Chandigarh,POS
TXN000008648,ACC0000634,2024-03-06,Debit,141997.82,Airtel,IMPS,Success,Kochi,POS
TXN000008649,ACC0000317,2025-12-15,Debit,799.32,Reliance Digital,NEFT,Success,Chennai,Web
TXN000008650,ACC0001084,2025-04-01,Debit,8284.66,Jio,RTGS,Success,Mumbai,Web
TXN000008651,ACC0000952,2026-01-07,Debit,91373.76,BigBasket,IMPS,Success,Hyderabad,ATM
TXN000008652,ACC0000346,2024-11-03,Debit,87379.12,Airtel,RTGS,Success,Mumbai,ATM
TXN000008653,ACC0000302,2024-05-15,Debit,88730.29,Flipkart,ATM,Success,Lucknow,ATM
TXN000008654,ACC0000425,2024-04-01,Credit,121934.68,BigBasket,IMPS,Pending,Pune,Mobile
TXN000008655,ACC0000571,2025-10-16,Credit,105811.96,Electricity Board,ATM,Success,Lucknow,POS
TXN000008656,ACC0001152,2024-04-30,Credit,10772.49,Zomato,Cheque,Success,Ahmedabad,ATM
TXN000008657,ACC0001094,2026-05-06,Debit,39462.97,Swiggy,NetBanking,Success,Kochi,POS
TXN000008658,ACC0000753,2025-11-19,Debit,55472.74,Swiggy,UPI,Success,Ahmedabad,ATM
TXN000008659,ACC0000099,2025-01-15,Credit,95430.83,Amazon,UPI,Reversed,Bengaluru,ATM
TXN000008660,ACC0000349,2024-03-15,Debit,71125.07,IRCTC,Cheque,Success,Kochi,Web
TXN000008661,ACC0000381,2024-07-04,Credit,43048.84,DMart,IMPS,Success,Hyderabad,Mobile
TXN000008662,ACC0001200,2025-10-09,Debit,69119.49,Flipkart,NEFT,Success,Jaipur,POS
TXN000008663,ACC0000275,2024-10-01,Debit,35293.4,Zomato,RTGS,Success,Bhopal,Web
TXN000008664,ACC0000851,2026-02-13,Debit,22287.39,Zomato,RTGS,Failed,Kochi,Web
TXN000008665,ACC0000990,2024-05-26,Credit,57904.95,Uber,RTGS,Success,Lucknow,Web
TXN000008666,ACC0000544,2024-07-12,Credit,65803.72,Ola,NetBanking,Success,Ahmedabad,Mobile
TXN000008667,ACC0000973,2024-06-20,Credit,136645.49,Fuel Station,Cheque,Success,Kochi,POS
TXN000008668,ACC0001087,2025-12-05,Debit,42473.76,Jio,POS,Success,Ahmedabad,Web
TXN000008669,ACC0000538,2024-07-24,Debit,70456.2,Zomato,ATM,Success,Chennai,Branch
TXN000008670,ACC0000881,2025-08-06,Debit,64960.01,Ola,RTGS,Pending,Jaipur,ATM
TXN000008671,ACC0001199,2025-07-11,Credit,130247.86,Ola,POS,Success,Bhopal,Web
TXN000008672,ACC0000248,2024-12-08,Debit,71195.0,Insurance Premium,NEFT,Success,Kochi,Web
TXN000008673,ACC0000869,2024-03-04,Debit,18130.45,BigBasket,RTGS,Success,Hyderabad,Branch
TXN000008674,ACC0000459,2025-10-20,Credit,141838.59,Myntra,POS,Success,Bengaluru,POS
TXN000008675,ACC0000913,2025-04-17,Debit,83703.43,Netflix,RTGS,Success,Chandigarh,POS
TXN000008676,ACC0000556,2024-03-16,Debit,147573.16,Jio,IMPS,Success,Hyderabad,POS
TXN000008677,ACC0000727,2024-07-21,Credit,57260.07,Swiggy,ATM,Success,Hyderabad,Branch
TXN000008678,ACC0000250,2025-05-07,Credit,55617.3,Flipkart,NEFT,Success,Lucknow,Branch
TXN000008679,ACC0001393,2024-08-13,Debit,43744.46,Insurance Premium,ATM,Failed,Ahmedabad,POS
TXN000008680,ACC0000571,2025-01-06,Debit,128967.93,DMart,UPI,Success,Bengaluru,ATM
TXN000008681,ACC0000854,2024-01-03,Credit,36117.5,Flipkart,POS,Success,Chennai,ATM
TXN000008682,ACC0000565,2024-08-31,Debit,118220.96,School Fees,IMPS,Success,Kochi,Web
TXN000008683,ACC0000683,2025-01-09,Debit,70858.35,Ola,POS,Success,Pune,Mobile
TXN000008684,ACC0000635,2026-03-01,Debit,138773.39,Netflix,Cheque,Success,Mumbai,Branch
TXN000008685,ACC0001035,2024-02-10,Debit,135073.52,Jio,Cheque,Success,Ahmedabad,Web
TXN000008686,ACC0000574,2025-12-10,Debit,90676.14,DMart,IMPS,Success,Kochi,Web
TXN000008687,ACC0000015,2024-02-23,Credit,128080.99,Ola,NetBanking,Success,Bhopal,Branch
TXN000008688,ACC0000091,2025-12-08,Debit,75936.22,Ola,UPI,Success,Hyderabad,Branch
TXN000008689,ACC0001012,2025-05-15,Debit,135704.33,Insurance Premium,Cheque,Success,Jaipur,POS
TXN000008690,ACC0000871,2025-06-15,Credit,48574.14,Reliance Digital,NEFT,Success,Mumbai,POS
TXN000008691,ACC0000240,2024-10-03,Debit,66355.73,Insurance Premium,IMPS,Success,Hyderabad,POS
TXN000008692,ACC0000406,2025-10-04,Debit,39880.74,School Fees,RTGS,Success,Hyderabad,ATM
TXN000008693,ACC0000288,2025-04-22,Credit,64533.19,Netflix,UPI,Success,Bhopal,ATM
TXN000008694,ACC0001343,2024-06-27,Debit,32486.3,Netflix,POS,Success,Mumbai,Branch
TXN000008695,ACC0000225,2024-11-10,Debit,111681.75,Airtel,NetBanking,Success,Ahmedabad,Mobile
TXN000008696,ACC0000403,2024-11-10,Debit,74067.91,DMart,ATM,Success,Chandigarh,Mobile
TXN000008697,ACC0001331,2024-03-14,Credit,131718.39,Insurance Premium,UPI,Success,Jaipur,Branch
TXN000008698,ACC0000662,2025-05-09,Credit,130519.73,Reliance Digital,POS,Success,Ahmedabad,Mobile
TXN000008699,ACC0000138,2026-02-04,Credit,43980.94,DMart,NetBanking,Success,Jaipur,Branch
TXN000008700,ACC0000706,2024-02-22,Debit,38614.8,Amazon,ATM,Success,Lucknow,ATM
TXN000008701,ACC0000851,2024-05-22,Debit,121907.78,Flipkart,UPI,Success,Ahmedabad,POS
TXN000008702,ACC0000543,2026-03-07,Debit,132531.78,Swiggy,POS,Success,Ahmedabad,Web
TXN000008703,ACC0000826,2025-10-09,Credit,7595.42,Uber,NEFT,Success,Bhopal,POS
TXN000008704,ACC0000769,2024-01-30,Debit,23215.74,Reliance Digital,UPI,Success,Chandigarh,Branch
TXN000008705,ACC0000876,2025-05-23,Credit,82279.68,Electricity Board,Cheque,Success,Chandigarh,ATM
TXN000008706,ACC0000885,2025-08-01,Debit,135937.2,DMart,IMPS,Success,Jaipur,Web
TXN000008707,ACC0000382,2024-04-24,Debit,148245.2,IRCTC,IMPS,Success,Kochi,POS
TXN000008708,ACC0000481,2024-10-08,Debit,114764.36,Swiggy,NetBanking,Success,Hyderabad,ATM
TXN000008709,ACC0000848,2025-06-01,Debit,66312.18,Myntra,RTGS,Success,Pune,ATM
TXN000008710,ACC0001017,2024-08-12,Credit,39921.54,Swiggy,Cheque,Success,Hyderabad,ATM
TXN000008711,ACC0000315,2024-04-10,Debit,131537.7,Uber,NEFT,Success,Chandigarh,ATM
TXN000008712,ACC0000357,2025-07-15,Credit,22481.25,DMart,UPI,Success,Jaipur,ATM
TXN000008713,ACC0001085,2024-12-09,Credit,78583.2,Reliance Digital,Cheque,Success,Hyderabad,POS
TXN000008714,ACC0001299,2024-11-01,Debit,116347.81,Jio,IMPS,Success,Chennai,Mobile
TXN000008715,ACC0001341,2025-01-23,Debit,23712.6,Uber,NetBanking,Success,Chandigarh,ATM
TXN000008716,ACC0000208,2025-11-04,Debit,41471.3,Zomato,NetBanking,Success,Kochi,Web
TXN000008717,ACC0001277,2026-05-02,Debit,27601.32,Uber,RTGS,Success,Bhopal,ATM
TXN000008718,ACC0000223,2024-05-11,Debit,11684.27,Reliance Digital,POS,Success,Kochi,Mobile
TXN000008719,ACC0000584,2026-05-18,Debit,82881.84,School Fees,UPI,Success,Mumbai,Branch
TXN000008720,ACC0000577,2024-05-13,Debit,50355.96,Insurance Premium,NEFT,Success,Chennai,Mobile
TXN000008721,ACC0001136,2024-02-29,Debit,104113.11,Airtel,NetBanking,Success,Kochi,Mobile
TXN000008722,ACC0000608,2025-01-08,Credit,45837.3,IRCTC,POS,Failed,Jaipur,Branch
TXN000008723,ACC0000570,2025-05-16,Credit,8443.36,IRCTC,NetBanking,Success,Kochi,Web
TXN000008724,ACC0000510,2024-01-10,Credit,56117.11,Myntra,NetBanking,Success,Ahmedabad,Branch
TXN000008725,ACC0000821,2024-02-23,Debit,54307.37,Reliance Digital,Cheque,Pending,Jaipur,Branch
TXN000008726,ACC0000993,2024-08-21,Debit,141381.72,DMart,UPI,Success,Chennai,ATM
TXN000008727,ACC0000333,2024-04-17,Debit,60383.27,Swiggy,UPI,Failed,Mumbai,ATM
TXN000008728,ACC0001320,2025-01-09,Debit,32238.54,Electricity Board,Cheque,Success,Jaipur,Web
TXN000008729,ACC0000218,2025-09-15,Debit,11127.69,School Fees,NetBanking,Failed,Chandigarh,Mobile
TXN000008730,ACC0000763,2025-03-07,Debit,37353.82,Fuel Station,UPI,Success,Delhi,Branch
TXN000008731,ACC0000235,2024-06-30,Credit,13446.73,Netflix,IMPS,Reversed,Jaipur,Mobile
TXN000008732,ACC0000641,2024-10-04,Debit,90029.42,Swiggy,IMPS,Success,Chennai,POS
TXN000008733,ACC0001108,2026-04-20,Credit,40583.23,Insurance Premium,POS,Success,Pune,ATM
TXN000008734,ACC0000067,2024-03-26,Debit,70044.34,Swiggy,IMPS,Success,Bengaluru,Mobile
TXN000008735,ACC0000653,2025-01-18,Debit,18405.4,DMart,IMPS,Success,Jaipur,Mobile
TXN000008736,ACC0001183,2025-04-02,Credit,110696.81,DMart,Cheque,Success,Delhi,Branch
TXN000008737,ACC0001335,2024-04-26,Credit,27786.78,Ola,UPI,Success,Ahmedabad,Web
TXN000008738,ACC0000132,2025-10-24,Debit,109510.11,Electricity Board,RTGS,Success,Kochi,ATM
TXN000008739,ACC0000386,2025-01-16,Debit,102706.44,Netflix,Cheque,Success,Chandigarh,ATM
TXN000008740,ACC0000644,2025-04-09,Credit,149534.12,IRCTC,POS,Failed,Delhi,Web
TXN000008741,ACC0000663,2024-03-23,Debit,14616.92,Swiggy,NetBanking,Success,Lucknow,Web
TXN000008742,ACC0000811,2026-01-31,Credit,40871.5,Electricity Board,UPI,Success,Chennai,Web
TXN000008743,ACC0001049,2025-02-21,Credit,49579.03,Electricity Board,ATM,Success,Bhopal,ATM
TXN000008744,ACC0000057,2024-02-16,Credit,92554.99,Amazon,POS,Success,Chennai,POS
TXN000008745,ACC0000190,2025-10-21,Credit,102212.73,Airtel,NetBanking,Success,Jaipur,Branch
TXN000008746,ACC0000839,2024-02-16,Credit,35941.44,School Fees,UPI,Success,Pune,Branch
TXN000008747,ACC0000440,2025-02-04,Debit,15337.79,Fuel Station,NetBanking,Success,Lucknow,Branch
TXN000008748,ACC0000256,2026-02-21,Debit,106736.96,Ola,NetBanking,Success,Jaipur,Mobile
TXN000008749,ACC0000809,2025-11-18,Credit,47327.96,BigBasket,UPI,Success,Bengaluru,POS
TXN000008750,ACC0000109,2024-10-20,Credit,68457.39,Airtel,ATM,Success,Jaipur,ATM
TXN000008751,ACC0000366,2025-08-08,Debit,136151.05,Insurance Premium,RTGS,Failed,Mumbai,Mobile
TXN000008752,ACC0000379,2025-12-27,Credit,9593.74,Airtel,NetBanking,Success,Jaipur,POS
TXN000008753,ACC0000974,2024-07-30,Debit,126915.29,Jio,UPI,Success,Ahmedabad,ATM
TXN000008754,ACC0001328,2025-08-01,Credit,17997.33,Insurance Premium,NetBanking,Success,Kochi,POS
TXN000008755,ACC0000818,2024-04-25,Debit,105767.34,IRCTC,POS,Failed,Chandigarh,Mobile
TXN000008756,ACC0000448,2025-05-26,Credit,78048.56,Insurance Premium,IMPS,Success,Mumbai,POS
TXN000008757,ACC0000544,2025-07-21,Credit,144397.97,Ola,UPI,Failed,Chandigarh,Mobile
TXN000008758,ACC0000747,2025-03-10,Debit,28688.98,DMart,POS,Success,Ahmedabad,Mobile
TXN000008759,ACC0000883,2024-07-12,Credit,96224.9,Jio,UPI,Success,Pune,Mobile
TXN000008760,ACC0000223,2026-01-08,Debit,115978.02,DMart,NEFT,Success,Delhi,Web
TXN000008761,ACC0001324,2025-10-20,Debit,55214.0,Zomato,NetBanking,Success,Chandigarh,Web
TXN000008762,ACC0000873,2024-02-12,Credit,9060.08,Fuel Station,IMPS,Success,Mumbai,ATM
TXN000008763,ACC0000393,2025-11-10,Debit,14336.92,Flipkart,NetBanking,Success,Lucknow,POS
TXN000008764,ACC0000349,2024-01-12,Credit,134038.31,Fuel Station,NEFT,Success,Delhi,Web
TXN000008765,ACC0001283,2024-05-01,Debit,69232.42,IRCTC,Cheque,Success,Hyderabad,POS
TXN000008766,ACC0000939,2025-10-14,Debit,16655.86,Netflix,RTGS,Success,Chennai,POS
TXN000008767,ACC0000925,2026-04-26,Credit,30227.36,Flipkart,RTGS,Success,Pune,ATM
TXN000008768,ACC0001293,2025-10-01,Credit,107627.28,Airtel,POS,Success,Pune,ATM
TXN000008769,ACC0000890,2024-11-30,Debit,125888.79,Amazon,UPI,Success,Lucknow,Branch
TXN000008770,ACC0000570,2024-07-08,Debit,42843.36,DMart,ATM,Success,Delhi,POS
TXN000008771,ACC0000114,2024-05-03,Credit,123766.14,Fuel Station,RTGS,Success,Delhi,Branch
TXN000008772,ACC0000587,2025-07-22,Debit,6309.42,Insurance Premium,ATM,Success,Kochi,Web
TXN000008773,ACC0000835,2025-09-03,Credit,91393.49,Amazon,POS,Success,Jaipur,POS
TXN000008774,ACC0001151,2025-06-12,Debit,43051.45,Fuel Station,NEFT,Reversed,Jaipur,POS
TXN000008775,ACC0000697,2024-11-28,Debit,58565.35,BigBasket,ATM,Success,Kochi,POS
TXN000008776,ACC0000380,2025-09-27,Debit,130441.78,Jio,RTGS,Success,Lucknow,ATM
TXN000008777,ACC0000251,2026-02-02,Debit,34940.81,Jio,NEFT,Success,Bengaluru,ATM
TXN000008778,ACC0001036,2024-08-08,Credit,37895.67,Swiggy,NetBanking,Success,Chandigarh,Mobile
TXN000008779,ACC0000095,2025-05-12,Credit,100637.51,Ola,ATM,Success,Hyderabad,Mobile
TXN000008780,ACC0000219,2026-03-19,Credit,23229.12,Amazon,RTGS,Success,Kochi,Branch
TXN000008781,ACC0000013,2024-05-05,Debit,72119.17,School Fees,RTGS,Success,Lucknow,ATM
TXN000008782,ACC0000502,2025-07-30,Credit,79648.73,School Fees,Cheque,Success,Delhi,Mobile
TXN000008783,ACC0000216,2025-03-25,Debit,27823.81,School Fees,POS,Success,Chandigarh,Web
TXN000008784,ACC0000153,2025-02-21,Credit,63628.17,BigBasket,IMPS,Success,Chennai,Mobile
TXN000008785,ACC0001026,2025-11-28,Debit,125709.57,Jio,UPI,Success,Chandigarh,ATM
TXN000008786,ACC0001377,2025-09-21,Debit,44192.0,School Fees,Cheque,Success,Bengaluru,Branch
TXN000008787,ACC0001207,2025-03-16,Credit,75578.14,Airtel,RTGS,Success,Mumbai,Web
TXN000008788,ACC0000427,2024-04-30,Credit,50777.48,DMart,RTGS,Success,Mumbai,Web
TXN000008789,ACC0000941,2024-07-14,Debit,113541.69,Netflix,ATM,Success,Delhi,Branch
TXN000008790,ACC0001017,2025-12-31,Credit,149182.75,Amazon,ATM,Success,Pune,Web
TXN000008791,ACC0001007,2024-03-03,Credit,117841.21,Myntra,Cheque,Success,Hyderabad,Web
TXN000008792,ACC0000013,2024-12-18,Credit,54837.24,Myntra,IMPS,Success,Jaipur,Mobile
TXN000008793,ACC0000386,2024-01-19,Debit,59336.18,DMart,IMPS,Failed,Chennai,POS
TXN000008794,ACC0000931,2024-12-21,Debit,103586.04,Fuel Station,UPI,Success,Mumbai,ATM
TXN000008795,ACC0000143,2026-01-24,Credit,129602.41,BigBasket,Cheque,Failed,Chennai,Mobile
TXN000008796,ACC0001149,2026-03-05,Debit,76462.09,BigBasket,ATM,Success,Bhopal,Web
TXN000008797,ACC0000192,2026-04-14,Credit,123544.42,Myntra,UPI,Success,Chennai,ATM
TXN000008798,ACC0000747,2024-03-17,Debit,54729.98,Ola,RTGS,Pending,Chandigarh,Mobile
TXN000008799,ACC0000962,2025-02-05,Debit,16360.31,Netflix,RTGS,Success,Bengaluru,ATM
TXN000008800,ACC0000938,2025-06-11,Debit,81942.04,Insurance Premium,POS,Success,Pune,Branch
TXN000008801,ACC0000196,2024-06-16,Debit,108863.33,Uber,ATM,Success,Kochi,POS
TXN000008802,ACC0001005,2025-08-27,Credit,143144.18,Reliance Digital,ATM,Success,Lucknow,Branch
TXN000008803,ACC0001311,2024-10-16,Debit,127220.13,Myntra,UPI,Success,Chandigarh,ATM
TXN000008804,ACC0001362,2024-06-25,Credit,138601.02,Flipkart,POS,Success,Bhopal,Mobile
TXN000008805,ACC0000547,2025-03-30,Credit,81940.83,Swiggy,NEFT,Success,Lucknow,POS
TXN000008806,ACC0000143,2024-04-15,Credit,29770.18,Jio,NEFT,Success,Hyderabad,POS
TXN000008807,ACC0001155,2025-03-29,Credit,17311.63,Electricity Board,POS,Success,Jaipur,Branch
TXN000008808,ACC0000934,2025-12-24,Credit,3174.35,BigBasket,IMPS,Success,Kochi,Mobile
TXN000008809,ACC0000470,2024-04-26,Credit,26207.22,Zomato,POS,Success,Jaipur,Mobile
TXN000008810,ACC0000196,2024-11-11,Debit,36038.57,School Fees,POS,Success,Hyderabad,ATM
TXN000008811,ACC0001076,2024-02-28,Credit,114441.01,School Fees,Cheque,Success,Jaipur,ATM
TXN000008812,ACC0000591,2025-08-03,Debit,67843.52,Uber,Cheque,Success,Bengaluru,Branch
TXN000008813,ACC0000086,2025-04-28,Debit,36503.06,Flipkart,UPI,Success,Delhi,Mobile
TXN000008814,ACC0000835,2025-05-02,Debit,29688.6,Insurance Premium,POS,Success,Bengaluru,POS
TXN000008815,ACC0000617,2025-01-29,Debit,59324.65,Reliance Digital,IMPS,Success,Bhopal,POS
TXN000008816,ACC0000423,2025-03-31,Debit,62075.8,Airtel,Cheque,Success,Ahmedabad,POS
TXN000008817,ACC0000735,2025-11-07,Debit,2428.66,Swiggy,ATM,Success,Ahmedabad,Mobile
TXN000008818,ACC0001138,2024-06-11,Debit,15104.26,BigBasket,POS,Failed,Ahmedabad,Web
TXN000008819,ACC0001075,2026-03-25,Debit,33806.03,Swiggy,ATM,Failed,Bhopal,Mobile
TXN000008820,ACC0000591,2024-04-20,Debit,81240.1,Airtel,NetBanking,Success,Bengaluru,Mobile
TXN000008821,ACC0000871,2024-03-17,Debit,148444.15,Netflix,POS,Success,Jaipur,Branch
TXN000008822,ACC0000030,2025-01-27,Credit,99701.27,Fuel Station,NetBanking,Success,Pune,Mobile
TXN000008823,ACC0000707,2025-12-19,Debit,7910.62,Fuel Station,IMPS,Success,Chandigarh,Branch
TXN000008824,ACC0000980,2025-09-19,Credit,36382.94,Zomato,UPI,Success,Jaipur,ATM
TXN000008825,ACC0000166,2025-12-30,Debit,104534.29,Myntra,IMPS,Success,Delhi,Mobile
TXN000008826,ACC0001314,2025-06-08,Debit,106063.89,IRCTC,IMPS,Success,Kochi,POS
TXN000008827,ACC0000636,2025-08-31,Debit,80203.6,Netflix,IMPS,Success,Lucknow,Mobile
TXN000008828,ACC0000156,2024-05-04,Debit,11338.43,Fuel Station,NetBanking,Success,Kochi,Web
TXN000008829,ACC0000488,2024-08-13,Debit,54049.47,Airtel,RTGS,Success,Pune,POS
TXN000008830,ACC0000286,2025-09-24,Credit,11954.72,Ola,UPI,Success,Mumbai,POS
TXN000008831,ACC0000972,2025-04-19,Debit,146034.37,Electricity Board,POS,Success,Chennai,Branch
TXN000008832,ACC0000506,2025-07-24,Debit,120303.69,Netflix,IMPS,Success,Kochi,ATM
TXN000008833,ACC0000777,2025-10-14,Credit,69380.17,Electricity Board,NetBanking,Success,Lucknow,POS
TXN000008834,ACC0000521,2025-10-31,Credit,84634.24,Netflix,NetBanking,Success,Bengaluru,Web
TXN000008835,ACC0000153,2024-02-12,Credit,87117.45,School Fees,NEFT,Success,Bengaluru,Branch
TXN000008836,ACC0001057,2025-08-16,Credit,28461.65,Insurance Premium,IMPS,Success,Delhi,POS
TXN000008837,ACC0000833,2025-11-29,Debit,27358.81,Myntra,ATM,Success,Jaipur,POS
TXN000008838,ACC0000185,2025-05-31,Debit,72628.38,Uber,UPI,Success,Bhopal,ATM
TXN000008839,ACC0000877,2025-03-12,Credit,8447.01,Reliance Digital,RTGS,Success,Mumbai,ATM
TXN000008840,ACC0000831,2024-12-14,Credit,136906.75,Uber,POS,Success,Bengaluru,Branch
TXN000008841,ACC0000476,2026-04-21,Debit,95930.99,Insurance Premium,UPI,Success,Hyderabad,Mobile
TXN000008842,ACC0001295,2024-03-29,Debit,144036.81,Myntra,POS,Success,Chandigarh,POS
TXN000008843,ACC0000918,2024-10-21,Credit,3536.96,Ola,POS,Success,Ahmedabad,POS
TXN000008844,ACC0000410,2024-12-25,Credit,144044.66,Swiggy,IMPS,Success,Jaipur,Web
TXN000008845,ACC0001094,2025-07-03,Debit,67855.87,BigBasket,POS,Success,Bengaluru,Mobile
TXN000008846,ACC0001077,2026-05-01,Credit,89572.44,Insurance Premium,Cheque,Success,Chandigarh,Branch
TXN000008847,ACC0001293,2026-05-10,Debit,59740.53,Uber,NEFT,Failed,Lucknow,Branch
TXN000008848,ACC0001106,2025-01-27,Debit,75152.43,Reliance Digital,NEFT,Success,Chennai,POS
TXN000008849,ACC0001281,2025-09-17,Debit,100039.64,DMart,POS,Success,Delhi,Mobile
TXN000008850,ACC0000505,2025-04-06,Debit,45324.38,Swiggy,NetBanking,Success,Pune,ATM
TXN000008851,ACC0001388,2024-02-27,Debit,124674.88,Flipkart,POS,Success,Delhi,ATM
TXN000008852,ACC0000581,2026-03-24,Credit,7804.88,Fuel Station,NetBanking,Success,Ahmedabad,Mobile
TXN000008853,ACC0000596,2025-01-07,Debit,143909.13,BigBasket,UPI,Success,Lucknow,Branch
TXN000008854,ACC0001177,2025-06-12,Debit,134569.69,Reliance Digital,Cheque,Success,Kochi,Branch
TXN000008855,ACC0000970,2025-05-27,Debit,145612.0,Uber,Cheque,Success,Lucknow,POS
TXN000008856,ACC0000913,2024-01-26,Debit,126758.21,Ola,IMPS,Success,Chandigarh,Web
TXN000008857,ACC0000951,2025-08-19,Debit,92766.09,Netflix,RTGS,Success,Chennai,Mobile
TXN000008858,ACC0000112,2024-08-17,Debit,42315.06,Flipkart,RTGS,Success,Bengaluru,Mobile
TXN000008859,ACC0001129,2024-03-27,Credit,39151.08,Electricity Board,ATM,Success,Kochi,ATM
TXN000008860,ACC0000619,2025-01-12,Credit,29939.24,Myntra,UPI,Success,Hyderabad,POS
TXN000008861,ACC0000860,2024-06-12,Debit,122817.6,Ola,Cheque,Reversed,Chennai,POS
TXN000008862,ACC0000339,2025-06-14,Debit,92576.33,Fuel Station,NEFT,Success,Hyderabad,Branch
TXN000008863,ACC0000324,2024-05-31,Debit,139129.87,Uber,RTGS,Success,Chandigarh,Branch
TXN000008864,ACC0000064,2025-12-25,Debit,126869.27,Myntra,NetBanking,Success,Delhi,POS
TXN000008865,ACC0001214,2024-04-17,Debit,87484.05,Netflix,ATM,Success,Mumbai,Mobile
TXN000008866,ACC0000613,2025-12-06,Credit,49709.84,Netflix,UPI,Success,Chandigarh,Mobile
TXN000008867,ACC0000816,2025-02-02,Debit,39762.19,Uber,NEFT,Success,Hyderabad,Mobile
TXN000008868,ACC0001376,2025-09-04,Credit,81060.66,Ola,POS,Success,Jaipur,ATM
TXN000008869,ACC0001303,2025-01-24,Credit,140244.87,Electricity Board,NEFT,Success,Delhi,Mobile
TXN000008870,ACC0000593,2024-03-20,Credit,51262.81,Fuel Station,ATM,Success,Jaipur,Branch
TXN000008871,ACC0001353,2026-01-21,Debit,52920.33,BigBasket,NEFT,Success,Bhopal,Mobile
TXN000008872,ACC0000196,2024-11-07,Debit,78037.5,School Fees,POS,Success,Hyderabad,Mobile
TXN000008873,ACC0000444,2025-01-16,Debit,87017.34,Fuel Station,NEFT,Success,Chandigarh,POS
TXN000008874,ACC0000624,2024-08-14,Credit,50773.55,Zomato,RTGS,Success,Hyderabad,Web
TXN000008875,ACC0000937,2024-07-05,Debit,79636.0,Netflix,UPI,Success,Bengaluru,Web
TXN000008876,ACC0000877,2025-10-28,Credit,21228.21,IRCTC,NetBanking,Success,Kochi,Mobile
TXN000008877,ACC0000511,2024-05-31,Debit,23205.14,Uber,RTGS,Success,Chandigarh,Branch
TXN000008878,ACC0001184,2024-11-16,Debit,57338.44,Myntra,ATM,Success,Chandigarh,Mobile
TXN000008879,ACC0000385,2024-02-28,Credit,26116.68,Insurance Premium,NEFT,Success,Chennai,Web
TXN000008880,ACC0000722,2024-06-07,Credit,84023.39,School Fees,ATM,Success,Kochi,Mobile
TXN000008881,ACC0000724,2026-01-06,Debit,124486.26,BigBasket,IMPS,Success,Bengaluru,Web
TXN000008882,ACC0000152,2024-11-10,Debit,24757.71,Electricity Board,ATM,Success,Bhopal,ATM
TXN000008883,ACC0000536,2024-03-22,Credit,129022.33,Uber,NEFT,Success,Kochi,POS
TXN000008884,ACC0001327,2024-11-09,Debit,33415.11,Jio,NEFT,Success,Chennai,Branch
TXN000008885,ACC0000375,2025-11-23,Credit,43390.52,Netflix,IMPS,Success,Hyderabad,ATM
TXN000008886,ACC0001045,2024-02-26,Credit,73275.19,School Fees,RTGS,Success,Ahmedabad,ATM
TXN000008887,ACC0000018,2024-01-10,Credit,40962.06,School Fees,POS,Success,Delhi,ATM
TXN000008888,ACC0000728,2026-04-20,Debit,10498.51,Jio,POS,Success,Mumbai,ATM
TXN000008889,ACC0000827,2024-07-19,Debit,79858.55,Swiggy,ATM,Success,Lucknow,ATM
TXN000008890,ACC0000242,2024-07-09,Debit,8055.21,Airtel,NEFT,Success,Jaipur,Branch
TXN000008891,ACC0001109,2024-08-18,Credit,137995.11,IRCTC,NetBanking,Success,Chandigarh,Mobile
TXN000008892,ACC0000991,2026-04-19,Debit,100204.83,DMart,IMPS,Failed,Pune,POS
TXN000008893,ACC0000831,2024-03-09,Credit,27022.43,Netflix,Cheque,Success,Delhi,ATM
TXN000008894,ACC0001336,2024-08-13,Credit,132897.9,Jio,NetBanking,Failed,Delhi,Mobile
TXN000008895,ACC0000260,2025-04-04,Debit,70768.97,Reliance Digital,NEFT,Success,Lucknow,Branch
TXN000008896,ACC0000049,2024-05-16,Credit,15555.07,Insurance Premium,RTGS,Success,Kochi,Mobile
TXN000008897,ACC0001109,2025-07-31,Debit,50491.92,Netflix,ATM,Success,Bhopal,Mobile
TXN000008898,ACC0001021,2024-10-05,Credit,59839.37,IRCTC,IMPS,Success,Ahmedabad,POS
TXN000008899,ACC0000354,2024-08-15,Debit,73599.38,Flipkart,Cheque,Success,Bengaluru,Mobile
TXN000008900,ACC0000935,2026-03-23,Credit,30047.7,IRCTC,UPI,Success,Bengaluru,ATM
TXN000008901,ACC0000467,2025-01-22,Credit,92446.62,Flipkart,Cheque,Success,Chandigarh,POS
TXN000008902,ACC0001324,2024-10-31,Credit,88304.08,BigBasket,IMPS,Success,Mumbai,Web
TXN000008903,ACC0000251,2024-07-13,Credit,31299.0,Swiggy,NetBanking,Success,Hyderabad,POS
TXN000008904,ACC0000084,2024-06-15,Debit,7117.17,IRCTC,RTGS,Success,Bhopal,ATM
TXN000008905,ACC0001237,2024-07-26,Credit,39948.14,BigBasket,IMPS,Success,Ahmedabad,Web
TXN000008906,ACC0000465,2024-04-24,Debit,149945.81,Insurance Premium,UPI,Success,Chennai,POS
TXN000008907,ACC0000014,2025-10-01,Debit,141904.61,DMart,NEFT,Success,Chennai,Mobile
TXN000008908,ACC0000982,2025-11-25,Credit,11305.39,Flipkart,UPI,Pending,Bhopal,Web
TXN000008909,ACC0001074,2025-03-05,Credit,27238.37,BigBasket,ATM,Success,Hyderabad,Web
TXN000008910,ACC0001393,2024-09-08,Debit,3847.01,Swiggy,Cheque,Success,Hyderabad,Mobile
TXN000008911,ACC0000386,2024-04-15,Credit,113353.68,Swiggy,UPI,Success,Kochi,ATM
TXN000008912,ACC0001093,2026-03-13,Debit,13430.63,IRCTC,POS,Success,Pune,ATM
TXN000008913,ACC0000416,2025-08-16,Credit,73170.03,Reliance Digital,NEFT,Success,Chandigarh,Web
TXN000008914,ACC0000866,2024-07-06,Debit,88697.6,Insurance Premium,POS,Reversed,Ahmedabad,POS
TXN000008915,ACC0001119,2024-03-15,Credit,73090.31,Ola,ATM,Success,Chennai,ATM
TXN000008916,ACC0001166,2026-04-25,Debit,141831.86,Fuel Station,NetBanking,Pending,Mumbai,Mobile
TXN000008917,ACC0001019,2024-09-26,Debit,45903.92,DMart,RTGS,Success,Bhopal,Mobile
TXN000008918,ACC0000549,2025-12-03,Debit,284.61,Zomato,RTGS,Success,Bengaluru,Web
TXN000008919,ACC0001028,2024-11-18,Debit,83685.86,BigBasket,IMPS,Success,Chandigarh,Branch
TXN000008920,ACC0001389,2024-11-05,Credit,63285.51,Ola,RTGS,Success,Bengaluru,Mobile
TXN000008921,ACC0000867,2025-08-23,Debit,87768.54,Flipkart,Cheque,Success,Ahmedabad,ATM
TXN000008922,ACC0001153,2024-01-31,Debit,131566.03,Jio,IMPS,Success,Mumbai,Mobile
TXN000008923,ACC0000986,2025-09-17,Credit,49883.77,Myntra,IMPS,Failed,Chennai,POS
TXN000008924,ACC0000370,2025-12-10,Credit,12012.52,Ola,IMPS,Success,Ahmedabad,Branch
TXN000008925,ACC0001332,2024-12-12,Debit,103275.46,Jio,RTGS,Success,Hyderabad,Web
TXN000008926,ACC0000175,2024-07-25,Debit,102698.44,DMart,IMPS,Success,Chandigarh,Branch
TXN000008927,ACC0000779,2026-01-08,Credit,132832.57,Reliance Digital,Cheque,Failed,Bengaluru,POS
TXN000008928,ACC0000334,2024-04-27,Debit,8975.49,Netflix,POS,Success,Jaipur,ATM
TXN000008929,ACC0000725,2026-05-13,Debit,25104.99,Swiggy,NetBanking,Success,Chandigarh,Web
TXN000008930,ACC0000233,2025-02-15,Credit,144140.1,Netflix,ATM,Success,Ahmedabad,POS
TXN000008931,ACC0000806,2024-12-15,Debit,103459.6,IRCTC,IMPS,Success,Mumbai,Branch
TXN000008932,ACC0000505,2024-03-19,Debit,99786.47,Ola,NEFT,Success,Chennai,Branch
TXN000008933,ACC0000685,2026-05-08,Debit,43605.53,Airtel,Cheque,Success,Bengaluru,Mobile
TXN000008934,ACC0000008,2025-01-17,Debit,3290.76,Amazon,UPI,Success,Kochi,POS
TXN000008935,ACC0000736,2024-07-05,Credit,75274.13,Reliance Digital,NEFT,Success,Ahmedabad,POS
TXN000008936,ACC0001067,2024-11-03,Credit,19957.24,IRCTC,ATM,Success,Hyderabad,POS
TXN000008937,ACC0000800,2026-02-25,Credit,9680.26,Amazon,NEFT,Success,Lucknow,POS
TXN000008938,ACC0000637,2024-01-10,Debit,51665.25,School Fees,POS,Success,Ahmedabad,POS
TXN000008939,ACC0000183,2026-01-20,Credit,70776.71,Airtel,NetBanking,Success,Delhi,POS
TXN000008940,ACC0000663,2024-04-19,Debit,70575.39,Insurance Premium,ATM,Pending,Mumbai,Web
TXN000008941,ACC0000770,2025-05-16,Debit,99454.32,Jio,POS,Success,Kochi,POS
TXN000008942,ACC0000671,2024-11-26,Credit,76163.71,Reliance Digital,RTGS,Success,Bengaluru,ATM
TXN000008943,ACC0000692,2024-07-10,Debit,75756.9,Insurance Premium,NetBanking,Success,Delhi,Branch
TXN000008944,ACC0000027,2024-12-29,Debit,79957.79,Flipkart,UPI,Success,Ahmedabad,POS
TXN000008945,ACC0001268,2025-03-02,Credit,72806.82,Airtel,IMPS,Failed,Mumbai,ATM
TXN000008946,ACC0000299,2025-03-17,Debit,55864.8,Fuel Station,ATM,Success,Mumbai,Branch
TXN000008947,ACC0001070,2024-12-06,Debit,85057.88,Flipkart,RTGS,Success,Delhi,Web
TXN000008948,ACC0000963,2025-06-30,Credit,127467.0,DMart,Cheque,Success,Mumbai,Mobile
TXN000008949,ACC0000308,2025-03-15,Debit,28320.92,DMart,Cheque,Success,Hyderabad,Branch
TXN000008950,ACC0001120,2024-10-18,Debit,114660.37,Uber,NEFT,Success,Lucknow,Web
TXN000008951,ACC0000689,2024-10-10,Debit,37769.05,Swiggy,IMPS,Success,Kochi,POS
TXN000008952,ACC0000292,2024-12-07,Debit,100215.16,Flipkart,IMPS,Pending,Chennai,POS
TXN000008953,ACC0000538,2024-02-02,Credit,105565.23,Jio,Cheque,Success,Kochi,Web
TXN000008954,ACC0000949,2025-09-25,Debit,6664.8,Reliance Digital,NetBanking,Success,Lucknow,ATM
TXN000008955,ACC0000939,2024-07-17,Debit,26195.0,Fuel Station,RTGS,Success,Bengaluru,Mobile
TXN000008956,ACC0000429,2025-01-16,Debit,70037.21,Amazon,POS,Success,Lucknow,Mobile
TXN000008957,ACC0000275,2024-02-11,Debit,126404.91,Insurance Premium,UPI,Pending,Ahmedabad,POS
TXN000008958,ACC0000084,2024-06-13,Debit,133463.69,BigBasket,NetBanking,Success,Chennai,POS
TXN000008959,ACC0000080,2026-02-21,Credit,84297.54,IRCTC,NetBanking,Success,Mumbai,Mobile
TXN000008960,ACC0000472,2024-03-08,Debit,84514.87,Airtel,NetBanking,Success,Hyderabad,Branch
TXN000008961,ACC0000422,2026-04-09,Credit,67605.63,Swiggy,RTGS,Success,Delhi,Web
TXN000008962,ACC0001209,2025-09-13,Credit,105623.56,Zomato,Cheque,Reversed,Chennai,ATM
TXN000008963,ACC0001123,2024-06-07,Credit,22826.69,Myntra,RTGS,Success,Delhi,Branch
TXN000008964,ACC0000987,2024-10-01,Debit,122098.78,Amazon,NetBanking,Success,Chennai,ATM
TXN000008965,ACC0000247,2024-04-09,Credit,37160.51,Fuel Station,RTGS,Success,Pune,ATM
TXN000008966,ACC0000317,2026-04-02,Credit,144613.19,Ola,RTGS,Reversed,Lucknow,ATM
TXN000008967,ACC0001323,2026-01-09,Debit,139348.76,Reliance Digital,NEFT,Success,Pune,Branch
TXN000008968,ACC0000884,2025-08-21,Credit,146448.45,BigBasket,Cheque,Success,Chennai,POS
TXN000008969,ACC0000619,2025-01-13,Credit,70688.08,School Fees,IMPS,Success,Jaipur,Branch
TXN000008970,ACC0001095,2024-02-16,Debit,40499.15,IRCTC,NetBanking,Success,Jaipur,POS
TXN000008971,ACC0000091,2024-09-29,Debit,71358.33,Reliance Digital,NetBanking,Success,Chennai,ATM
TXN000008972,ACC0001148,2025-10-25,Credit,43140.74,Jio,RTGS,Success,Chennai,Mobile
TXN000008973,ACC0000667,2025-11-03,Credit,46967.52,Electricity Board,NetBanking,Success,Lucknow,ATM
TXN000008974,ACC0000339,2025-08-31,Credit,148570.11,IRCTC,NEFT,Success,Jaipur,POS
TXN000008975,ACC0000872,2026-05-12,Debit,11669.54,Jio,Cheque,Success,Mumbai,POS
TXN000008976,ACC0001290,2026-03-23,Debit,127023.47,Uber,RTGS,Success,Hyderabad,ATM
TXN000008977,ACC0000516,2025-12-05,Credit,23529.02,Netflix,IMPS,Success,Kochi,Branch
TXN000008978,ACC0000065,2024-08-14,Debit,8809.18,Airtel,RTGS,Pending,Chennai,Branch
TXN000008979,ACC0000656,2026-02-01,Debit,75125.01,DMart,RTGS,Success,Jaipur,ATM
TXN000008980,ACC0000079,2025-03-14,Debit,28229.2,Jio,Cheque,Success,Lucknow,POS
TXN000008981,ACC0001093,2025-12-22,Debit,61518.83,School Fees,NetBanking,Success,Ahmedabad,ATM
TXN000008982,ACC0000216,2025-09-13,Debit,27821.99,Zomato,RTGS,Success,Bengaluru,ATM
TXN000008983,ACC0001001,2024-06-26,Debit,137611.59,IRCTC,Cheque,Success,Lucknow,Web
TXN000008984,ACC0000457,2026-05-18,Credit,127364.14,Amazon,Cheque,Success,Bhopal,ATM
TXN000008985,ACC0001084,2026-02-22,Credit,121985.31,BigBasket,POS,Success,Lucknow,ATM
TXN000008986,ACC0000578,2025-12-15,Debit,66376.79,Myntra,NEFT,Success,Mumbai,Mobile
TXN000008987,ACC0000853,2024-01-26,Debit,129673.19,School Fees,RTGS,Success,Mumbai,POS
TXN000008988,ACC0000294,2024-02-17,Credit,140849.16,Amazon,ATM,Success,Kochi,ATM
TXN000008989,ACC0001317,2024-08-22,Debit,78339.55,Myntra,NEFT,Success,Bengaluru,Web
TXN000008990,ACC0000338,2024-02-16,Debit,95974.47,IRCTC,NetBanking,Success,Jaipur,POS
TXN000008991,ACC0000719,2024-07-03,Credit,44588.91,Netflix,UPI,Success,Chandigarh,Branch
TXN000008992,ACC0000804,2025-01-13,Credit,121820.53,Airtel,NEFT,Success,Mumbai,ATM
TXN000008993,ACC0000367,2025-07-03,Debit,85224.67,Jio,POS,Success,Hyderabad,Mobile
TXN000008994,ACC0001208,2025-03-22,Debit,33642.35,Myntra,ATM,Failed,Bhopal,Mobile
TXN000008995,ACC0000851,2026-01-05,Credit,121032.59,Jio,POS,Success,Hyderabad,POS
TXN000008996,ACC0000719,2025-04-02,Debit,9834.32,BigBasket,ATM,Success,Bengaluru,Branch
TXN000008997,ACC0000144,2025-08-26,Debit,112138.94,Swiggy,UPI,Failed,Mumbai,Branch
TXN000008998,ACC0000436,2024-02-13,Debit,3417.04,Flipkart,ATM,Success,Chennai,Mobile
TXN000008999,ACC0001136,2025-03-09,Credit,139281.93,DMart,POS,Success,Hyderabad,ATM
TXN000009000,ACC0001300,2024-11-17,Credit,117786.58,Electricity Board,NetBanking,Success,Chandigarh,POS
TXN000009001,ACC0000370,2026-03-15,Credit,110103.97,DMart,Cheque,Success,Mumbai,ATM
TXN000009002,ACC0000411,2025-02-07,Debit,71551.63,Myntra,Cheque,Success,Mumbai,Mobile
TXN000009003,ACC0000769,2026-03-05,Credit,101178.23,School Fees,ATM,Success,Bengaluru,Web
TXN000009004,ACC0001215,2024-05-07,Debit,34861.88,Jio,RTGS,Failed,Kochi,POS
TXN000009005,ACC0001034,2024-11-22,Debit,66381.6,Zomato,Cheque,Success,Hyderabad,ATM
TXN000009006,ACC0001284,2026-04-25,Credit,49685.39,Electricity Board,NetBanking,Success,Ahmedabad,Mobile
TXN000009007,ACC0000581,2024-12-02,Debit,47069.43,Ola,IMPS,Success,Pune,Branch
TXN000009008,ACC0001387,2025-12-08,Debit,23123.26,Electricity Board,POS,Pending,Hyderabad,Web
TXN000009009,ACC0001383,2024-11-26,Debit,74451.9,Insurance Premium,POS,Success,Chennai,Mobile
TXN000009010,ACC0001135,2025-06-07,Credit,14612.11,Netflix,RTGS,Success,Jaipur,ATM
TXN000009011,ACC0000102,2025-10-10,Credit,55394.76,Reliance Digital,Cheque,Success,Bengaluru,POS
TXN000009012,ACC0000209,2024-01-17,Debit,85492.71,Fuel Station,NEFT,Success,Lucknow,POS
TXN000009013,ACC0000763,2025-08-08,Credit,40524.9,Flipkart,POS,Success,Kochi,POS
TXN000009014,ACC0000732,2026-01-18,Debit,137374.6,Uber,IMPS,Pending,Ahmedabad,Branch
TXN000009015,ACC0000366,2025-04-13,Credit,61985.66,IRCTC,NetBanking,Success,Delhi,POS
TXN000009016,ACC0001292,2026-04-02,Credit,26464.79,School Fees,UPI,Success,Kochi,Web
TXN000009017,ACC0000457,2024-12-22,Credit,46872.52,Electricity Board,POS,Success,Hyderabad,POS
TXN000009018,ACC0000812,2024-05-04,Debit,147458.99,BigBasket,UPI,Success,Chandigarh,Branch
TXN000009019,ACC0001155,2025-12-21,Credit,120111.58,Airtel,NetBanking,Success,Kochi,Branch
TXN000009020,ACC0000798,2025-11-26,Debit,52595.57,BigBasket,RTGS,Success,Pune,ATM
TXN000009021,ACC0001342,2025-09-26,Credit,121744.19,Zomato,Cheque,Pending,Chandigarh,ATM
TXN000009022,ACC0001094,2025-02-14,Credit,144400.56,School Fees,NEFT,Failed,Hyderabad,Mobile
TXN000009023,ACC0000557,2024-09-13,Credit,19723.05,IRCTC,ATM,Success,Hyderabad,POS
TXN000009024,ACC0000931,2025-06-23,Debit,146012.03,Uber,ATM,Success,Mumbai,Mobile
TXN000009025,ACC0000770,2026-05-17,Debit,6358.9,Reliance Digital,IMPS,Success,Ahmedabad,ATM
TXN000009026,ACC0001190,2026-03-22,Debit,31408.85,Swiggy,ATM,Success,Bhopal,ATM
TXN000009027,ACC0000320,2024-06-26,Credit,124894.69,Airtel,NEFT,Success,Chennai,ATM
TXN000009028,ACC0000680,2025-09-20,Credit,135.59,Reliance Digital,ATM,Success,Mumbai,Branch
TXN000009029,ACC0000913,2025-12-27,Debit,108587.72,Airtel,NEFT,Success,Bhopal,Branch
TXN000009030,ACC0000846,2024-11-18,Credit,82163.11,Zomato,POS,Reversed,Mumbai,Web
TXN000009031,ACC0000184,2025-06-29,Credit,29250.39,Amazon,ATM,Failed,Jaipur,ATM
TXN000009032,ACC0000970,2025-09-15,Debit,97393.53,Flipkart,NEFT,Success,Bhopal,POS
TXN000009033,ACC0000577,2025-12-07,Debit,8696.86,Flipkart,NEFT,Success,Chandigarh,Branch
TXN000009034,ACC0001259,2024-12-02,Credit,26959.78,Netflix,UPI,Success,Delhi,POS
TXN000009035,ACC0001140,2024-05-22,Debit,144587.19,Zomato,RTGS,Success,Pune,Web
TXN000009036,ACC0000100,2025-08-16,Credit,61664.03,School Fees,RTGS,Success,Chandigarh,POS
TXN000009037,ACC0000204,2024-05-13,Credit,113135.2,Jio,NEFT,Success,Bhopal,POS
TXN000009038,ACC0000376,2026-01-11,Debit,86164.73,Reliance Digital,IMPS,Success,Chandigarh,Web
TXN000009039,ACC0000328,2025-10-29,Credit,146958.6,Ola,ATM,Success,Chandigarh,ATM
TXN000009040,ACC0001189,2025-01-17,Credit,80312.55,Uber,NEFT,Success,Hyderabad,Web
TXN000009041,ACC0000894,2025-04-10,Debit,82393.21,Myntra,NetBanking,Success,Hyderabad,Mobile
TXN000009042,ACC0000202,2024-10-23,Debit,42609.92,Swiggy,UPI,Success,Kochi,ATM
TXN000009043,ACC0001088,2024-08-15,Debit,3133.12,Fuel Station,NetBanking,Success,Bhopal,Branch
TXN000009044,ACC0000522,2025-06-27,Debit,104862.3,Flipkart,NetBanking,Success,Hyderabad,ATM
TXN000009045,ACC0001275,2024-08-05,Credit,300.95,Swiggy,UPI,Success,Lucknow,Mobile
TXN000009046,ACC0000883,2025-09-12,Debit,85214.43,Ola,RTGS,Success,Delhi,POS
TXN000009047,ACC0000671,2025-07-28,Debit,113102.35,Myntra,Cheque,Success,Kochi,Branch
TXN000009048,ACC0000920,2024-12-05,Debit,132222.0,Electricity Board,NetBanking,Success,Delhi,POS
TXN000009049,ACC0001007,2024-01-22,Credit,102858.46,Myntra,POS,Success,Bhopal,Web
TXN000009050,ACC0000316,2024-06-06,Credit,83321.28,Fuel Station,Cheque,Success,Hyderabad,Mobile
TXN000009051,ACC0001330,2025-04-26,Credit,91754.66,Myntra,NEFT,Success,Chandigarh,Mobile
TXN000009052,ACC0000236,2024-08-02,Credit,56004.89,Reliance Digital,ATM,Failed,Delhi,Web
TXN000009053,ACC0000404,2025-01-02,Debit,104182.31,Flipkart,RTGS,Success,Chandigarh,ATM
TXN000009054,ACC0000991,2024-09-18,Debit,125492.62,Insurance Premium,ATM,Pending,Jaipur,ATM
TXN000009055,ACC0000486,2026-01-11,Debit,91026.29,Amazon,UPI,Success,Bengaluru,Mobile
TXN000009056,ACC0000769,2026-04-08,Credit,34510.79,Insurance Premium,Cheque,Failed,Chandigarh,Web
TXN000009057,ACC0000313,2024-02-20,Debit,117327.11,Ola,ATM,Success,Delhi,ATM
TXN000009058,ACC0000864,2024-02-14,Debit,118610.43,Insurance Premium,IMPS,Success,Bhopal,POS
TXN000009059,ACC0001055,2024-07-16,Debit,53002.4,Ola,POS,Success,Jaipur,POS
TXN000009060,ACC0000463,2025-10-25,Credit,79175.76,Zomato,Cheque,Success,Kochi,POS
TXN000009061,ACC0000411,2025-10-15,Credit,78761.17,DMart,RTGS,Failed,Hyderabad,ATM
TXN000009062,ACC0000298,2025-06-04,Debit,140866.93,Flipkart,UPI,Success,Delhi,POS
TXN000009063,ACC0000060,2025-04-30,Debit,30865.52,Myntra,NEFT,Success,Chennai,ATM
TXN000009064,ACC0000392,2025-12-18,Debit,27420.75,Zomato,UPI,Success,Bhopal,Web
TXN000009065,ACC0001305,2025-01-17,Credit,85891.45,DMart,ATM,Success,Hyderabad,Branch
TXN000009066,ACC0000730,2026-01-08,Debit,143323.85,Airtel,UPI,Success,Pune,Web
TXN000009067,ACC0000116,2026-02-07,Debit,72876.09,Reliance Digital,UPI,Success,Bengaluru,POS
TXN000009068,ACC0000008,2024-09-05,Credit,66132.85,Insurance Premium,NetBanking,Success,Pune,Mobile
TXN000009069,ACC0000591,2026-04-06,Debit,109697.46,Jio,IMPS,Success,Mumbai,Web
TXN000009070,ACC0000819,2024-12-08,Debit,141195.13,Insurance Premium,POS,Success,Kochi,Mobile
TXN000009071,ACC0001313,2025-08-30,Credit,87675.43,Swiggy,IMPS,Success,Bengaluru,POS
TXN000009072,ACC0000106,2025-12-01,Credit,34434.91,Jio,ATM,Success,Delhi,Mobile
TXN000009073,ACC0000806,2025-09-24,Debit,20978.06,Zomato,Cheque,Success,Chandigarh,Web
TXN000009074,ACC0000128,2026-03-26,Debit,80904.25,Airtel,POS,Success,Lucknow,POS
TXN000009075,ACC0000871,2025-11-26,Credit,107578.26,Flipkart,POS,Success,Bhopal,Branch
TXN000009076,ACC0000042,2025-04-02,Debit,17342.97,Myntra,IMPS,Failed,Bhopal,POS
TXN000009077,ACC0001270,2024-06-10,Debit,6744.54,Fuel Station,UPI,Failed,Bhopal,Mobile
TXN000009078,ACC0001321,2024-05-25,Debit,54402.69,Netflix,ATM,Success,Mumbai,POS
TXN000009079,ACC0001175,2025-08-09,Debit,45744.96,Jio,IMPS,Success,Hyderabad,Branch
TXN000009080,ACC0000227,2025-07-30,Credit,93180.95,Zomato,POS,Success,Ahmedabad,Branch
TXN000009081,ACC0001169,2026-05-02,Credit,26438.23,Zomato,NEFT,Success,Lucknow,Web
TXN000009082,ACC0000267,2024-11-07,Debit,111471.89,Amazon,IMPS,Success,Kochi,ATM
TXN000009083,ACC0001207,2024-07-13,Debit,54114.78,Myntra,RTGS,Success,Lucknow,Branch
TXN000009084,ACC0001239,2024-10-03,Debit,33092.62,Jio,NetBanking,Success,Jaipur,ATM
TXN000009085,ACC0000781,2024-08-09,Debit,10953.57,Myntra,NEFT,Success,Jaipur,POS
TXN000009086,ACC0000837,2024-07-24,Credit,8320.8,Netflix,NetBanking,Success,Kochi,ATM
TXN000009087,ACC0000613,2024-03-20,Debit,92466.75,Zomato,RTGS,Success,Hyderabad,Mobile
TXN000009088,ACC0000167,2024-04-04,Debit,34754.14,Zomato,NEFT,Success,Pune,Branch
TXN000009089,ACC0000091,2026-03-09,Credit,71035.66,IRCTC,IMPS,Success,Bhopal,ATM
TXN000009090,ACC0000848,2025-06-23,Debit,40704.61,Insurance Premium,ATM,Success,Chennai,POS
TXN000009091,ACC0001124,2025-10-14,Debit,56969.43,Flipkart,NetBanking,Success,Pune,POS
TXN000009092,ACC0000020,2025-01-27,Debit,94618.24,School Fees,ATM,Success,Chennai,POS
TXN000009093,ACC0000742,2024-12-29,Debit,72535.79,Electricity Board,IMPS,Success,Hyderabad,Web
TXN000009094,ACC0000611,2024-10-05,Debit,10378.83,Myntra,IMPS,Success,Lucknow,ATM
TXN000009095,ACC0000296,2025-11-20,Debit,166.41,Flipkart,Cheque,Success,Chennai,POS
TXN000009096,ACC0000404,2025-07-13,Credit,55456.92,BigBasket,UPI,Success,Jaipur,Mobile
TXN000009097,ACC0000364,2025-01-23,Debit,15733.28,Uber,NEFT,Success,Bhopal,Mobile
TXN000009098,ACC0001163,2024-07-28,Debit,121637.38,Netflix,Cheque,Pending,Ahmedabad,Web
TXN000009099,ACC0000151,2024-03-30,Credit,49353.59,Myntra,UPI,Success,Ahmedabad,POS
TXN000009100,ACC0001124,2025-09-01,Debit,99854.96,Amazon,POS,Success,Delhi,Branch
TXN000009101,ACC0000274,2024-10-30,Credit,131459.71,Swiggy,IMPS,Success,Ahmedabad,Mobile
TXN000009102,ACC0000643,2025-03-20,Credit,40072.31,BigBasket,NEFT,Success,Kochi,ATM
TXN000009103,ACC0001079,2025-07-25,Debit,135229.03,Zomato,Cheque,Success,Chandigarh,ATM
TXN000009104,ACC0000367,2024-02-02,Credit,58267.16,Amazon,IMPS,Success,Mumbai,Web
TXN000009105,ACC0000249,2024-11-03,Debit,45810.86,IRCTC,POS,Success,Delhi,Mobile
TXN000009106,ACC0000225,2026-04-13,Debit,13143.2,Amazon,UPI,Success,Hyderabad,ATM
TXN000009107,ACC0000100,2025-08-01,Debit,99030.98,Electricity Board,NetBanking,Success,Chandigarh,Mobile
TXN000009108,ACC0000982,2026-03-03,Credit,90420.39,School Fees,RTGS,Success,Chandigarh,POS
TXN000009109,ACC0001085,2025-03-06,Credit,73305.71,BigBasket,IMPS,Success,Lucknow,Mobile
TXN000009110,ACC0000927,2025-05-15,Credit,139061.47,BigBasket,Cheque,Success,Lucknow,ATM
TXN000009111,ACC0000375,2025-01-22,Debit,65915.76,Insurance Premium,POS,Failed,Jaipur,ATM
TXN000009112,ACC0000452,2026-01-22,Debit,59256.47,Fuel Station,RTGS,Success,Pune,Branch
TXN000009113,ACC0000953,2024-02-01,Credit,110378.36,BigBasket,NEFT,Success,Bhopal,POS
TXN000009114,ACC0000204,2024-12-11,Credit,83579.88,Myntra,NetBanking,Failed,Pune,Branch
TXN000009115,ACC0000757,2024-03-18,Debit,47435.61,DMart,POS,Success,Ahmedabad,Web
TXN000009116,ACC0000123,2025-08-31,Debit,62178.21,Electricity Board,NetBanking,Success,Bengaluru,ATM
TXN000009117,ACC0000674,2024-10-26,Debit,83752.95,Jio,NetBanking,Success,Hyderabad,Branch
TXN000009118,ACC0000546,2024-07-05,Debit,120626.35,Zomato,Cheque,Success,Jaipur,Mobile
TXN000009119,ACC0001067,2025-05-03,Debit,1094.24,Amazon,NEFT,Success,Delhi,Web
TXN000009120,ACC0000621,2024-05-26,Debit,121190.71,Myntra,NetBanking,Success,Delhi,Web
TXN000009121,ACC0000240,2024-04-25,Debit,81588.45,Electricity Board,IMPS,Success,Chandigarh,ATM
TXN000009122,ACC0000542,2024-01-12,Debit,7355.66,Flipkart,UPI,Pending,Kochi,ATM
TXN000009123,ACC0001377,2025-09-05,Debit,57114.65,Fuel Station,IMPS,Success,Mumbai,POS
TXN000009124,ACC0001217,2025-12-02,Credit,140403.14,Swiggy,UPI,Success,Mumbai,Web
TXN000009125,ACC0000757,2025-06-23,Credit,9374.1,Uber,Cheque,Success,Lucknow,Web
TXN000009126,ACC0001230,2025-02-18,Debit,128286.65,Ola,Cheque,Success,Bhopal,POS
TXN000009127,ACC0000019,2025-12-20,Debit,42795.33,Zomato,RTGS,Success,Mumbai,Web
TXN000009128,ACC0001166,2024-08-18,Credit,94237.48,Flipkart,IMPS,Success,Hyderabad,POS
TXN000009129,ACC0000329,2024-10-31,Debit,85420.21,Myntra,Cheque,Success,Hyderabad,Mobile
TXN000009130,ACC0000085,2025-08-19,Credit,1986.9,Jio,IMPS,Success,Ahmedabad,Branch
TXN000009131,ACC0001107,2026-03-22,Credit,77700.82,Swiggy,POS,Success,Ahmedabad,Web
TXN000009132,ACC0001303,2024-12-15,Debit,98421.01,Swiggy,NetBanking,Success,Kochi,ATM
TXN000009133,ACC0001184,2024-02-22,Debit,24246.39,Myntra,POS,Reversed,Bhopal,POS
TXN000009134,ACC0000366,2024-08-15,Debit,16879.99,Airtel,NEFT,Success,Delhi,Web
TXN000009135,ACC0000830,2024-01-16,Debit,51927.31,Netflix,ATM,Success,Bengaluru,POS
TXN000009136,ACC0000341,2025-07-17,Debit,38513.09,Reliance Digital,POS,Success,Jaipur,POS
TXN000009137,ACC0000464,2024-07-26,Debit,128167.49,Myntra,NEFT,Success,Mumbai,ATM
TXN000009138,ACC0000370,2025-10-23,Debit,63495.14,Insurance Premium,NEFT,Success,Chandigarh,Branch
TXN000009139,ACC0000791,2026-02-04,Credit,131113.49,Airtel,Cheque,Failed,Delhi,ATM
TXN000009140,ACC0000756,2025-01-18,Debit,42297.25,Electricity Board,UPI,Success,Chandigarh,Web
TXN000009141,ACC0000568,2024-05-20,Credit,125410.73,Swiggy,UPI,Success,Ahmedabad,Web
TXN000009142,ACC0000391,2025-03-06,Debit,7182.52,Jio,NEFT,Success,Delhi,Branch
TXN000009143,ACC0000997,2025-11-10,Credit,51077.31,Swiggy,RTGS,Success,Chandigarh,Web
TXN000009144,ACC0000540,2024-10-31,Credit,148601.35,Reliance Digital,POS,Success,Chandigarh,POS
TXN000009145,ACC0001341,2024-02-09,Credit,3040.66,Jio,POS,Success,Jaipur,Mobile
TXN000009146,ACC0000690,2024-08-23,Debit,37592.93,Netflix,NEFT,Success,Ahmedabad,Mobile
TXN000009147,ACC0001393,2024-05-26,Debit,79445.48,Ola,RTGS,Failed,Bhopal,ATM
TXN000009148,ACC0000728,2024-02-05,Debit,101009.59,Flipkart,NetBanking,Success,Bengaluru,ATM
TXN000009149,ACC0001016,2024-01-11,Credit,23305.81,IRCTC,UPI,Success,Chennai,Web
TXN000009150,ACC0000260,2024-12-16,Debit,13504.77,Myntra,UPI,Success,Delhi,ATM
TXN000009151,ACC0000215,2024-10-05,Credit,40031.54,Ola,NEFT,Success,Bengaluru,Branch
TXN000009152,ACC0000145,2026-02-07,Debit,117472.14,Electricity Board,ATM,Success,Lucknow,Branch
TXN000009153,ACC0000061,2024-05-26,Debit,146606.93,Insurance Premium,RTGS,Success,Delhi,ATM
TXN000009154,ACC0001177,2025-01-08,Credit,37282.3,Reliance Digital,IMPS,Success,Mumbai,POS
TXN000009155,ACC0000115,2024-10-10,Debit,24297.3,Flipkart,UPI,Success,Chandigarh,Mobile
TXN000009156,ACC0000273,2025-07-16,Credit,137016.18,Netflix,ATM,Success,Lucknow,Mobile
TXN000009157,ACC0000360,2026-04-28,Credit,133682.13,Ola,POS,Success,Chennai,ATM
TXN000009158,ACC0000404,2024-01-22,Debit,85108.03,Ola,RTGS,Success,Delhi,ATM
TXN000009159,ACC0001141,2025-06-18,Credit,68598.71,Airtel,IMPS,Success,Pune,Web
TXN000009160,ACC0000275,2024-04-11,Debit,58772.32,Reliance Digital,ATM,Success,Ahmedabad,Web
TXN000009161,ACC0000938,2025-04-09,Credit,33071.55,Uber,POS,Success,Delhi,Branch
TXN000009162,ACC0000738,2025-08-04,Credit,13603.74,Insurance Premium,ATM,Success,Kochi,ATM
TXN000009163,ACC0001307,2025-09-18,Credit,42462.92,Swiggy,RTGS,Success,Jaipur,Mobile
TXN000009164,ACC0000590,2024-06-24,Credit,8393.24,Netflix,ATM,Failed,Mumbai,POS
TXN000009165,ACC0000475,2024-05-31,Credit,52325.46,Swiggy,POS,Success,Chandigarh,ATM
TXN000009166,ACC0000096,2024-08-02,Debit,25830.64,Jio,IMPS,Success,Bengaluru,Web
TXN000009167,ACC0000661,2025-03-02,Debit,32388.25,DMart,POS,Success,Ahmedabad,POS
TXN000009168,ACC0001086,2025-11-12,Debit,102116.43,Netflix,POS,Success,Mumbai,POS
TXN000009169,ACC0001373,2025-04-08,Debit,121321.4,Myntra,POS,Pending,Kochi,ATM
TXN000009170,ACC0001137,2024-09-22,Credit,81858.76,Reliance Digital,IMPS,Pending,Lucknow,ATM
TXN000009171,ACC0000186,2024-09-26,Debit,46620.08,DMart,RTGS,Success,Mumbai,ATM
TXN000009172,ACC0001075,2024-10-14,Debit,101251.2,Ola,ATM,Success,Kochi,ATM
TXN000009173,ACC0000254,2025-09-21,Debit,90917.9,Netflix,POS,Success,Kochi,Mobile
TXN000009174,ACC0000921,2025-09-27,Credit,135401.15,Myntra,POS,Success,Delhi,ATM
TXN000009175,ACC0001311,2025-05-20,Credit,17260.43,Insurance Premium,NetBanking,Success,Chandigarh,Branch
TXN000009176,ACC0001236,2025-02-07,Debit,103732.84,Ola,NetBanking,Success,Kochi,POS
TXN000009177,ACC0001258,2024-05-25,Debit,45372.97,BigBasket,ATM,Success,Kochi,Branch
TXN000009178,ACC0000910,2026-01-14,Credit,120777.54,Uber,UPI,Success,Ahmedabad,Web
TXN000009179,ACC0000812,2025-02-11,Credit,31484.68,Flipkart,IMPS,Success,Kochi,Branch
TXN000009180,ACC0000674,2024-03-05,Debit,27144.26,Myntra,NEFT,Success,Ahmedabad,Branch
TXN000009181,ACC0000579,2025-12-22,Credit,67748.68,Airtel,POS,Failed,Kochi,POS
TXN000009182,ACC0001152,2025-05-06,Credit,149476.71,Flipkart,IMPS,Success,Delhi,Mobile
TXN000009183,ACC0000719,2025-01-08,Credit,136102.21,Myntra,RTGS,Success,Mumbai,Web
TXN000009184,ACC0000903,2024-06-28,Debit,17719.3,Insurance Premium,NEFT,Success,Lucknow,ATM
TXN000009185,ACC0001127,2024-07-09,Credit,58735.82,Flipkart,NEFT,Success,Delhi,Web
TXN000009186,ACC0001294,2024-10-27,Debit,70652.7,Fuel Station,RTGS,Success,Bhopal,Mobile
TXN000009187,ACC0000270,2025-10-12,Debit,23349.27,Reliance Digital,NetBanking,Success,Bengaluru,ATM
TXN000009188,ACC0000147,2025-04-16,Debit,77409.51,Myntra,UPI,Success,Chandigarh,Web
TXN000009189,ACC0001017,2024-06-22,Credit,108112.51,Swiggy,RTGS,Success,Bhopal,Web
TXN000009190,ACC0001106,2024-08-13,Credit,26151.64,Swiggy,UPI,Success,Hyderabad,POS
TXN000009191,ACC0000193,2026-03-07,Debit,18765.05,Amazon,ATM,Success,Chandigarh,ATM
TXN000009192,ACC0000442,2024-06-21,Debit,6253.46,Insurance Premium,UPI,Success,Bengaluru,Mobile
TXN000009193,ACC0000011,2024-12-14,Credit,149662.64,School Fees,UPI,Success,Kochi,Web
TXN000009194,ACC0000797,2026-02-09,Debit,64231.57,Netflix,NetBanking,Success,Mumbai,Branch
TXN000009195,ACC0000297,2025-06-29,Debit,1919.0,School Fees,POS,Success,Hyderabad,ATM
TXN000009196,ACC0000967,2025-04-11,Debit,140234.45,Jio,POS,Success,Chennai,ATM
TXN000009197,ACC0000467,2025-11-02,Debit,54699.6,Swiggy,ATM,Success,Kochi,Mobile
TXN000009198,ACC0001344,2025-04-18,Debit,103850.04,Swiggy,RTGS,Success,Hyderabad,Mobile
TXN000009199,ACC0000069,2026-05-02,Credit,117114.25,IRCTC,Cheque,Success,Mumbai,Branch
TXN000009200,ACC0000594,2025-06-23,Credit,90385.03,Netflix,NetBanking,Success,Jaipur,Web
TXN000009201,ACC0000173,2026-05-09,Credit,37763.05,Ola,Cheque,Success,Lucknow,ATM
TXN000009202,ACC0000217,2024-10-26,Debit,71876.47,DMart,NetBanking,Success,Bengaluru,Branch
TXN000009203,ACC0000102,2024-10-13,Credit,115744.4,Netflix,NEFT,Success,Delhi,POS
TXN000009204,ACC0000699,2025-10-31,Debit,77205.25,IRCTC,ATM,Success,Chandigarh,Web
TXN000009205,ACC0000180,2024-01-04,Debit,40594.14,Flipkart,POS,Success,Bengaluru,POS
TXN000009206,ACC0000548,2026-05-11,Debit,13390.57,Insurance Premium,NetBanking,Success,Hyderabad,Mobile
TXN000009207,ACC0001346,2024-06-16,Debit,78647.95,Fuel Station,IMPS,Success,Pune,Mobile
TXN000009208,ACC0000389,2025-05-30,Debit,65036.78,Amazon,NEFT,Success,Kochi,Web
TXN000009209,ACC0000156,2024-09-17,Debit,136584.08,Flipkart,NetBanking,Success,Chennai,POS
TXN000009210,ACC0000317,2024-09-11,Debit,5922.61,Airtel,POS,Success,Bengaluru,Mobile
TXN000009211,ACC0000269,2025-08-22,Debit,145449.31,Uber,ATM,Success,Delhi,Web
TXN000009212,ACC0001295,2025-07-09,Credit,89955.56,Uber,ATM,Success,Lucknow,Mobile
TXN000009213,ACC0000964,2026-03-29,Credit,74301.2,Amazon,IMPS,Success,Jaipur,Mobile
TXN000009214,ACC0000214,2024-09-18,Credit,88102.77,Insurance Premium,NetBanking,Success,Kochi,Branch
TXN000009215,ACC0000718,2025-12-20,Debit,24111.66,Flipkart,POS,Success,Mumbai,ATM
TXN000009216,ACC0001099,2026-03-13,Credit,2017.91,Myntra,NetBanking,Success,Kochi,ATM
TXN000009217,ACC0000500,2024-10-20,Debit,108315.92,DMart,POS,Success,Delhi,Mobile
TXN000009218,ACC0000043,2024-08-22,Debit,112365.13,Ola,Cheque,Success,Mumbai,Branch
TXN000009219,ACC0000963,2024-02-21,Debit,99687.93,IRCTC,RTGS,Success,Kochi,Mobile
TXN000009220,ACC0001329,2024-08-09,Credit,143635.67,Fuel Station,IMPS,Success,Ahmedabad,POS
TXN000009221,ACC0000238,2024-06-19,Debit,59019.46,Zomato,NEFT,Success,Kochi,Mobile
TXN000009222,ACC0000571,2025-09-01,Debit,6776.51,Reliance Digital,UPI,Success,Ahmedabad,Branch
TXN000009223,ACC0001117,2024-05-12,Credit,72424.62,BigBasket,ATM,Success,Chennai,ATM
TXN000009224,ACC0000493,2026-03-13,Credit,26318.88,Insurance Premium,NEFT,Success,Bengaluru,Branch
TXN000009225,ACC0000619,2025-11-28,Debit,115959.46,DMart,RTGS,Success,Bengaluru,ATM
TXN000009226,ACC0001341,2026-01-29,Credit,9965.87,Netflix,NetBanking,Success,Jaipur,ATM
TXN000009227,ACC0000195,2025-09-12,Debit,142563.89,Airtel,NetBanking,Success,Bengaluru,ATM
TXN000009228,ACC0000850,2024-03-04,Debit,94983.02,Netflix,RTGS,Success,Ahmedabad,Web
TXN000009229,ACC0000018,2024-01-05,Credit,108059.21,Amazon,RTGS,Success,Delhi,Branch
TXN000009230,ACC0000995,2024-09-26,Credit,33531.8,Zomato,NEFT,Failed,Chandigarh,Mobile
TXN000009231,ACC0001045,2025-12-09,Credit,59921.05,IRCTC,IMPS,Success,Mumbai,ATM
TXN000009232,ACC0000258,2024-04-28,Credit,80456.52,BigBasket,NetBanking,Success,Kochi,POS
TXN000009233,ACC0001342,2025-09-13,Debit,82484.25,School Fees,RTGS,Success,Lucknow,Web
TXN000009234,ACC0000373,2024-08-03,Credit,27249.39,Netflix,RTGS,Success,Jaipur,Branch
TXN000009235,ACC0001361,2025-12-16,Debit,993.1,Fuel Station,NetBanking,Success,Pune,ATM
TXN000009236,ACC0000086,2025-07-02,Debit,11136.06,Electricity Board,NEFT,Success,Hyderabad,Branch
TXN000009237,ACC0000839,2025-09-27,Debit,41169.26,School Fees,POS,Success,Hyderabad,POS
TXN000009238,ACC0001173,2025-11-21,Credit,14826.04,Insurance Premium,POS,Failed,Mumbai,Mobile
TXN000009239,ACC0001189,2024-09-21,Credit,94811.98,School Fees,UPI,Pending,Delhi,POS
TXN000009240,ACC0000435,2025-08-31,Debit,30475.16,DMart,Cheque,Failed,Hyderabad,Branch
TXN000009241,ACC0000613,2025-11-08,Credit,17494.44,Reliance Digital,NetBanking,Success,Hyderabad,Branch
TXN000009242,ACC0001270,2024-11-22,Credit,65635.53,Insurance Premium,POS,Success,Jaipur,Web
TXN000009243,ACC0000247,2024-07-18,Debit,95857.77,Reliance Digital,Cheque,Success,Jaipur,Mobile
TXN000009244,ACC0000295,2024-12-10,Credit,17424.56,Electricity Board,RTGS,Success,Delhi,POS
TXN000009245,ACC0000198,2024-10-30,Debit,123936.09,Myntra,RTGS,Success,Delhi,Web
TXN000009246,ACC0001094,2026-01-13,Credit,126172.84,BigBasket,UPI,Success,Mumbai,ATM
TXN000009247,ACC0001205,2024-04-29,Credit,47173.29,Zomato,ATM,Success,Ahmedabad,Mobile
TXN000009248,ACC0001215,2024-03-10,Credit,145150.7,Electricity Board,UPI,Success,Mumbai,POS
TXN000009249,ACC0000137,2024-07-14,Credit,19457.97,BigBasket,NEFT,Success,Ahmedabad,Mobile
TXN000009250,ACC0000524,2026-03-04,Debit,103428.5,Fuel Station,UPI,Success,Bhopal,Mobile
TXN000009251,ACC0001039,2024-06-24,Credit,28834.1,Airtel,UPI,Success,Hyderabad,Mobile
TXN000009252,ACC0000451,2024-11-24,Credit,50464.5,Airtel,POS,Success,Bengaluru,Branch
TXN000009253,ACC0000478,2024-04-14,Debit,5029.12,Swiggy,UPI,Success,Chandigarh,Branch
TXN000009254,ACC0000085,2024-02-20,Debit,117020.39,Flipkart,ATM,Success,Pune,Mobile
TXN000009255,ACC0000284,2025-03-08,Debit,136080.82,Uber,Cheque,Reversed,Bhopal,Branch
TXN000009256,ACC0000623,2025-05-09,Debit,149509.76,Jio,NEFT,Success,Bengaluru,Branch
TXN000009257,ACC0001163,2025-06-29,Credit,55884.07,Fuel Station,NEFT,Success,Kochi,Mobile
TXN000009258,ACC0001356,2024-11-01,Debit,110383.41,Swiggy,POS,Success,Ahmedabad,Mobile
TXN000009259,ACC0001255,2024-06-28,Debit,88601.74,Myntra,ATM,Success,Delhi,ATM
TXN000009260,ACC0001293,2024-02-11,Debit,11094.27,Fuel Station,POS,Success,Ahmedabad,Web
TXN000009261,ACC0001315,2024-09-01,Credit,8847.63,Myntra,IMPS,Success,Delhi,ATM
TXN000009262,ACC0000893,2024-04-24,Debit,38576.15,Insurance Premium,POS,Success,Mumbai,Web
TXN000009263,ACC0000760,2025-12-13,Debit,149517.41,Amazon,IMPS,Failed,Chennai,POS
TXN000009264,ACC0000883,2024-09-01,Debit,60997.93,Airtel,Cheque,Success,Chennai,ATM
TXN000009265,ACC0000293,2025-11-20,Credit,117224.66,BigBasket,NetBanking,Success,Bengaluru,Branch
TXN000009266,ACC0000201,2024-08-05,Debit,49434.58,Zomato,ATM,Success,Hyderabad,POS
TXN000009267,ACC0000527,2026-04-20,Credit,36540.99,Amazon,RTGS,Success,Jaipur,Branch
TXN000009268,ACC0000835,2024-05-07,Credit,81109.55,Jio,IMPS,Success,Ahmedabad,Web
TXN000009269,ACC0000926,2025-10-12,Credit,76678.77,Jio,NEFT,Success,Chandigarh,Mobile
TXN000009270,ACC0001147,2026-02-16,Debit,24051.77,IRCTC,ATM,Success,Ahmedabad,POS
TXN000009271,ACC0001194,2026-04-03,Debit,132303.83,Jio,RTGS,Success,Ahmedabad,ATM
TXN000009272,ACC0001002,2024-06-30,Debit,89735.33,DMart,IMPS,Success,Delhi,Mobile
TXN000009273,ACC0000344,2024-08-06,Credit,75638.47,DMart,NEFT,Success,Bhopal,Branch
TXN000009274,ACC0000469,2026-04-06,Credit,73199.23,BigBasket,UPI,Success,Delhi,ATM
TXN000009275,ACC0000620,2024-02-11,Credit,125009.88,Insurance Premium,ATM,Success,Delhi,ATM
TXN000009276,ACC0000581,2024-08-20,Debit,26350.27,Amazon,POS,Failed,Ahmedabad,Web
TXN000009277,ACC0000236,2025-02-24,Debit,147694.5,Flipkart,IMPS,Success,Delhi,Web
TXN000009278,ACC0001208,2025-06-10,Debit,98148.92,Airtel,UPI,Success,Delhi,ATM
TXN000009279,ACC0000927,2025-03-26,Debit,143724.56,Reliance Digital,POS,Pending,Chandigarh,Web
TXN000009280,ACC0000460,2024-04-08,Debit,115765.3,IRCTC,Cheque,Success,Lucknow,POS
TXN000009281,ACC0000545,2025-02-11,Debit,7607.89,School Fees,Cheque,Failed,Chandigarh,ATM
TXN000009282,ACC0000635,2024-08-13,Debit,57152.17,Jio,NetBanking,Success,Bengaluru,POS
TXN000009283,ACC0000906,2025-07-06,Credit,136030.53,Fuel Station,NetBanking,Success,Delhi,POS
TXN000009284,ACC0001386,2024-03-26,Debit,115977.43,Zomato,NEFT,Success,Kochi,Branch
TXN000009285,ACC0001207,2024-04-11,Debit,99937.92,Zomato,NetBanking,Success,Bengaluru,Branch
TXN000009286,ACC0000447,2025-07-19,Credit,40383.83,Ola,UPI,Success,Ahmedabad,Mobile
TXN000009287,ACC0000523,2026-02-22,Debit,4188.2,Zomato,NetBanking,Failed,Mumbai,ATM
TXN000009288,ACC0000567,2024-06-01,Debit,122962.62,Reliance Digital,Cheque,Success,Delhi,Web
TXN000009289,ACC0000763,2026-01-25,Debit,27134.66,BigBasket,RTGS,Success,Chennai,Mobile
TXN000009290,ACC0000153,2026-01-28,Credit,115474.86,Myntra,NetBanking,Success,Chandigarh,POS
TXN000009291,ACC0001076,2024-01-27,Debit,147860.39,Ola,POS,Success,Bhopal,Mobile
TXN000009292,ACC0000885,2024-11-02,Debit,7711.38,Amazon,POS,Success,Bhopal,POS
TXN000009293,ACC0000344,2025-04-07,Debit,147794.49,IRCTC,NetBanking,Pending,Hyderabad,Branch
TXN000009294,ACC0000723,2024-02-02,Debit,34547.93,Amazon,ATM,Success,Hyderabad,Mobile
TXN000009295,ACC0001169,2025-01-24,Credit,138053.94,Ola,ATM,Success,Hyderabad,Web
TXN000009296,ACC0000670,2024-07-09,Debit,115964.01,Ola,NetBanking,Success,Mumbai,POS
TXN000009297,ACC0000564,2024-10-08,Debit,47034.72,DMart,Cheque,Success,Lucknow,Mobile
TXN000009298,ACC0001348,2025-08-12,Credit,59514.07,School Fees,NEFT,Success,Bhopal,Branch
TXN000009299,ACC0000962,2026-04-14,Debit,121673.8,Netflix,RTGS,Success,Kochi,Web
TXN000009300,ACC0000618,2026-04-26,Debit,119051.3,Insurance Premium,UPI,Success,Kochi,POS
TXN000009301,ACC0000204,2025-01-01,Credit,146209.08,Uber,RTGS,Success,Kochi,Mobile
TXN000009302,ACC0000272,2024-02-14,Debit,16872.08,Fuel Station,POS,Success,Pune,ATM
TXN000009303,ACC0000876,2026-05-02,Debit,142815.82,IRCTC,UPI,Success,Pune,POS
TXN000009304,ACC0000442,2025-08-08,Credit,21539.45,Electricity Board,IMPS,Failed,Chandigarh,POS
TXN000009305,ACC0000837,2025-10-03,Credit,98029.32,IRCTC,POS,Success,Kochi,ATM
TXN000009306,ACC0000288,2024-05-10,Debit,28927.97,Zomato,Cheque,Pending,Lucknow,POS
TXN000009307,ACC0000350,2025-11-17,Debit,86257.38,Netflix,ATM,Success,Hyderabad,Web
TXN000009308,ACC0000239,2026-02-03,Debit,111165.16,Myntra,IMPS,Success,Kochi,Web
TXN000009309,ACC0000836,2024-01-03,Debit,61426.3,Netflix,UPI,Success,Delhi,Branch
TXN000009310,ACC0000557,2024-10-25,Debit,21220.05,Fuel Station,ATM,Success,Ahmedabad,Branch
TXN000009311,ACC0000371,2025-02-17,Debit,147626.54,Jio,RTGS,Success,Delhi,ATM
TXN000009312,ACC0000041,2025-06-14,Credit,75324.5,Amazon,Cheque,Success,Jaipur,Branch
TXN000009313,ACC0000204,2024-07-19,Credit,134363.02,IRCTC,Cheque,Failed,Chennai,POS
TXN000009314,ACC0000963,2024-11-08,Debit,5944.21,Electricity Board,IMPS,Pending,Delhi,POS
TXN000009315,ACC0001094,2025-08-03,Credit,131972.32,Fuel Station,UPI,Reversed,Delhi,Branch
TXN000009316,ACC0000499,2026-01-20,Debit,74015.77,Airtel,Cheque,Success,Mumbai,Mobile
TXN000009317,ACC0000273,2024-08-26,Credit,33926.93,Flipkart,UPI,Success,Ahmedabad,Web
TXN000009318,ACC0001209,2025-06-24,Debit,107509.68,Flipkart,IMPS,Success,Bhopal,Web
TXN000009319,ACC0000076,2024-01-25,Credit,53725.19,School Fees,POS,Pending,Ahmedabad,Mobile
TXN000009320,ACC0001026,2025-01-11,Debit,105430.12,Uber,NetBanking,Success,Delhi,Web
TXN000009321,ACC0000342,2025-06-24,Credit,65259.14,IRCTC,UPI,Pending,Kochi,Mobile
TXN000009322,ACC0000778,2026-01-07,Credit,70874.95,Amazon,UPI,Success,Delhi,Web
TXN000009323,ACC0000588,2025-03-23,Debit,129211.31,Zomato,POS,Success,Chennai,Branch
TXN000009324,ACC0000452,2024-05-30,Debit,49733.54,Flipkart,ATM,Success,Bengaluru,ATM
TXN000009325,ACC0001063,2024-02-03,Credit,37236.44,Fuel Station,NetBanking,Success,Pune,Mobile
TXN000009326,ACC0000037,2026-01-03,Debit,69854.13,DMart,RTGS,Failed,Bhopal,POS
TXN000009327,ACC0000764,2025-10-25,Credit,80364.14,School Fees,UPI,Success,Chennai,Web
TXN000009328,ACC0000158,2024-06-03,Debit,118432.84,Zomato,NEFT,Success,Bengaluru,ATM
TXN000009329,ACC0000583,2024-06-01,Debit,52611.74,Myntra,IMPS,Success,Chandigarh,POS
TXN000009330,ACC0000804,2025-06-06,Credit,94818.99,Fuel Station,Cheque,Success,Pune,ATM
TXN000009331,ACC0000675,2024-02-16,Credit,114290.52,Swiggy,UPI,Success,Hyderabad,Branch
TXN000009332,ACC0000880,2024-06-01,Debit,108528.94,BigBasket,POS,Success,Mumbai,POS
TXN000009333,ACC0000464,2024-12-31,Debit,35311.23,Zomato,Cheque,Success,Jaipur,Mobile
TXN000009334,ACC0000924,2026-05-01,Credit,30318.74,Fuel Station,NetBanking,Success,Lucknow,ATM
TXN000009335,ACC0000030,2024-07-06,Debit,11963.69,Netflix,NetBanking,Success,Chennai,POS
TXN000009336,ACC0000924,2025-08-31,Debit,10668.28,Reliance Digital,POS,Success,Bengaluru,Branch
TXN000009337,ACC0000845,2024-01-10,Debit,73627.74,Flipkart,IMPS,Success,Bengaluru,Web
TXN000009338,ACC0001090,2025-08-29,Debit,112222.02,Jio,IMPS,Success,Bhopal,Web
TXN000009339,ACC0001339,2026-01-07,Credit,52707.87,Reliance Digital,ATM,Success,Lucknow,Web
TXN000009340,ACC0000495,2024-07-31,Debit,24342.85,Ola,IMPS,Success,Chandigarh,Web
TXN000009341,ACC0001102,2024-01-01,Debit,63684.73,Jio,ATM,Success,Pune,Web
TXN000009342,ACC0000319,2026-03-02,Credit,53374.44,Fuel Station,RTGS,Success,Chennai,Mobile
TXN000009343,ACC0000924,2026-03-27,Debit,104572.24,Jio,POS,Success,Kochi,POS
TXN000009344,ACC0001187,2025-12-19,Debit,81281.56,Airtel,POS,Success,Pune,POS
TXN000009345,ACC0000332,2026-01-05,Debit,6200.6,Reliance Digital,RTGS,Success,Jaipur,ATM
TXN000009346,ACC0001265,2024-05-18,Debit,4372.72,School Fees,POS,Failed,Lucknow,POS
TXN000009347,ACC0001137,2024-06-02,Debit,107777.8,Swiggy,NetBanking,Success,Kochi,Web
TXN000009348,ACC0000436,2025-11-13,Credit,80301.14,Flipkart,RTGS,Success,Ahmedabad,POS
TXN000009349,ACC0001144,2024-06-24,Debit,39614.87,Swiggy,IMPS,Success,Jaipur,Branch
TXN000009350,ACC0000793,2025-12-10,Credit,8760.7,Airtel,ATM,Success,Bengaluru,POS
TXN000009351,ACC0000550,2024-08-19,Debit,109058.41,Airtel,Cheque,Success,Kochi,POS
TXN000009352,ACC0000538,2025-01-16,Debit,111838.31,Uber,NEFT,Success,Lucknow,Mobile
TXN000009353,ACC0001330,2026-03-06,Credit,129472.81,BigBasket,RTGS,Success,Hyderabad,Mobile
TXN000009354,ACC0000611,2024-09-01,Debit,97057.56,Netflix,NetBanking,Success,Pune,ATM
TXN000009355,ACC0000302,2024-12-28,Debit,102549.16,Myntra,IMPS,Success,Pune,POS
TXN000009356,ACC0000682,2024-05-31,Debit,58290.7,Netflix,NetBanking,Success,Kochi,Mobile
TXN000009357,ACC0000009,2026-03-25,Debit,66248.14,School Fees,UPI,Success,Pune,POS
TXN000009358,ACC0001029,2024-10-08,Debit,87619.94,BigBasket,NetBanking,Success,Lucknow,ATM
TXN000009359,ACC0000591,2025-09-12,Debit,35496.8,Amazon,Cheque,Success,Kochi,Web
TXN000009360,ACC0000513,2025-06-28,Debit,42970.37,Electricity Board,Cheque,Failed,Bhopal,Branch
TXN000009361,ACC0001163,2024-09-19,Debit,117297.89,School Fees,POS,Success,Lucknow,POS
TXN000009362,ACC0000139,2026-05-06,Credit,144569.48,Uber,ATM,Success,Ahmedabad,POS
TXN000009363,ACC0000309,2025-09-01,Credit,97163.01,Swiggy,UPI,Success,Pune,Web
TXN000009364,ACC0000576,2025-01-30,Credit,143559.63,Insurance Premium,NEFT,Success,Kochi,POS
TXN000009365,ACC0000162,2025-03-25,Debit,7186.0,BigBasket,UPI,Success,Kochi,Branch
TXN000009366,ACC0001048,2025-05-23,Debit,45384.0,Ola,NetBanking,Success,Pune,Web
TXN000009367,ACC0000371,2025-09-16,Credit,59620.38,Airtel,IMPS,Pending,Hyderabad,Mobile
TXN000009368,ACC0000748,2024-12-19,Debit,135627.77,BigBasket,RTGS,Success,Mumbai,POS
TXN000009369,ACC0001004,2025-12-01,Debit,48701.02,Ola,NetBanking,Success,Bengaluru,Web
TXN000009370,ACC0000084,2024-04-28,Debit,58316.74,Netflix,IMPS,Success,Lucknow,Mobile
TXN000009371,ACC0000387,2026-04-13,Credit,89212.09,Netflix,Cheque,Success,Hyderabad,Branch
TXN000009372,ACC0000930,2024-08-01,Debit,55165.0,BigBasket,ATM,Success,Bhopal,ATM
TXN000009373,ACC0000110,2025-04-24,Debit,53759.5,Uber,UPI,Success,Jaipur,Mobile
TXN000009374,ACC0000372,2024-03-30,Credit,4959.22,Fuel Station,UPI,Success,Jaipur,Web
TXN000009375,ACC0000446,2026-01-25,Credit,6884.98,Reliance Digital,NetBanking,Pending,Jaipur,Mobile
TXN000009376,ACC0000764,2024-02-11,Debit,71138.33,Fuel Station,NetBanking,Pending,Mumbai,Web
TXN000009377,ACC0000176,2024-05-02,Credit,105390.46,Swiggy,NEFT,Failed,Bengaluru,ATM
TXN000009378,ACC0000935,2025-06-05,Debit,16016.59,Jio,Cheque,Success,Hyderabad,POS
TXN000009379,ACC0001339,2024-07-24,Debit,121771.94,Airtel,NetBanking,Success,Kochi,Mobile
TXN000009380,ACC0000268,2025-11-18,Debit,39889.78,Netflix,POS,Success,Pune,ATM
TXN000009381,ACC0000510,2024-08-18,Credit,126340.39,Amazon,NetBanking,Success,Lucknow,Web
TXN000009382,ACC0001148,2025-10-10,Credit,11585.78,Fuel Station,RTGS,Success,Bengaluru,POS
TXN000009383,ACC0000561,2024-10-22,Debit,56789.76,BigBasket,NEFT,Success,Delhi,Web
TXN000009384,ACC0001164,2024-02-27,Credit,58656.58,Electricity Board,POS,Success,Bhopal,Branch
TXN000009385,ACC0001183,2026-03-20,Credit,78273.63,Electricity Board,NEFT,Success,Kochi,Mobile
TXN000009386,ACC0000880,2024-06-17,Debit,101620.04,Reliance Digital,RTGS,Success,Ahmedabad,Branch
TXN000009387,ACC0001346,2025-01-29,Credit,135654.39,Amazon,UPI,Success,Kochi,Branch
TXN000009388,ACC0000223,2024-04-18,Debit,114304.62,Netflix,Cheque,Success,Pune,Mobile
TXN000009389,ACC0000556,2024-11-30,Credit,92779.03,Amazon,Cheque,Success,Delhi,Web
TXN000009390,ACC0000809,2024-07-21,Debit,20559.74,Myntra,NetBanking,Success,Lucknow,Web
TXN000009391,ACC0001192,2024-05-07,Credit,37131.26,Insurance Premium,NetBanking,Pending,Mumbai,POS
TXN000009392,ACC0001345,2025-07-27,Debit,105277.6,Zomato,RTGS,Success,Mumbai,Mobile
TXN000009393,ACC0000725,2025-08-09,Credit,35275.82,IRCTC,ATM,Success,Bhopal,Web
TXN000009394,ACC0001308,2024-07-18,Credit,113838.89,Fuel Station,ATM,Success,Jaipur,Web
TXN000009395,ACC0000888,2026-01-10,Credit,76596.16,Flipkart,Cheque,Success,Mumbai,POS
TXN000009396,ACC0001010,2024-03-10,Debit,29137.51,Swiggy,NetBanking,Success,Chennai,Mobile
TXN000009397,ACC0000500,2025-04-03,Credit,97211.7,Amazon,UPI,Pending,Lucknow,POS
TXN000009398,ACC0000017,2024-10-16,Debit,32026.18,Amazon,Cheque,Failed,Delhi,ATM
TXN000009399,ACC0000381,2025-05-22,Debit,41160.75,Netflix,ATM,Success,Mumbai,Web
TXN000009400,ACC0001249,2025-05-23,Credit,121575.39,IRCTC,NetBanking,Pending,Kochi,POS
TXN000009401,ACC0000863,2024-01-26,Credit,125275.66,Insurance Premium,IMPS,Success,Kochi,POS
TXN000009402,ACC0000915,2025-09-24,Credit,141196.18,Netflix,IMPS,Success,Mumbai,POS
TXN000009403,ACC0001049,2025-10-11,Debit,112402.81,Ola,UPI,Success,Mumbai,Mobile
TXN000009404,ACC0001126,2026-04-04,Debit,13375.2,Swiggy,IMPS,Success,Bhopal,ATM
TXN000009405,ACC0000816,2025-07-11,Credit,149988.44,Swiggy,IMPS,Success,Bhopal,Web
TXN000009406,ACC0001361,2024-04-10,Credit,104254.65,Reliance Digital,NEFT,Success,Chandigarh,Web
TXN000009407,ACC0000657,2024-07-06,Debit,46818.21,Reliance Digital,NEFT,Success,Chandigarh,ATM
TXN000009408,ACC0000915,2024-01-04,Credit,33978.88,BigBasket,IMPS,Success,Lucknow,Web
TXN000009409,ACC0001257,2026-01-16,Credit,146378.53,Flipkart,RTGS,Failed,Jaipur,Web
TXN000009410,ACC0000049,2026-01-27,Debit,81518.81,Flipkart,NetBanking,Success,Bhopal,POS
TXN000009411,ACC0001285,2025-11-11,Credit,115466.5,Netflix,POS,Success,Hyderabad,Branch
TXN000009412,ACC0000535,2025-07-05,Debit,65830.3,Netflix,NetBanking,Success,Bhopal,POS
TXN000009413,ACC0001230,2025-08-01,Credit,17983.13,Zomato,RTGS,Success,Bhopal,POS
TXN000009414,ACC0000272,2024-07-12,Debit,31653.92,Netflix,ATM,Success,Chandigarh,Mobile
TXN000009415,ACC0000318,2025-03-10,Credit,14654.81,Jio,UPI,Success,Hyderabad,POS
TXN000009416,ACC0000924,2024-01-15,Debit,149470.74,Netflix,NetBanking,Success,Pune,ATM
TXN000009417,ACC0000681,2024-07-28,Credit,15178.31,Ola,NEFT,Success,Lucknow,Branch
TXN000009418,ACC0000014,2025-12-05,Debit,38474.68,Uber,NEFT,Success,Ahmedabad,POS
TXN000009419,ACC0000453,2025-04-05,Credit,147266.01,Insurance Premium,NEFT,Success,Bengaluru,Mobile
TXN000009420,ACC0000343,2024-02-09,Debit,94612.51,Zomato,ATM,Success,Kochi,ATM
TXN000009421,ACC0001314,2025-05-10,Debit,100393.06,IRCTC,IMPS,Success,Chandigarh,Mobile
TXN000009422,ACC0001314,2024-11-28,Credit,124855.67,Airtel,UPI,Success,Chandigarh,Branch
TXN000009423,ACC0000409,2024-04-11,Debit,63557.9,DMart,UPI,Success,Kochi,Mobile
TXN000009424,ACC0000893,2026-04-01,Debit,99779.79,Zomato,UPI,Success,Mumbai,POS
TXN000009425,ACC0000795,2025-05-08,Credit,24568.94,Swiggy,NetBanking,Success,Bhopal,POS
TXN000009426,ACC0000858,2025-01-30,Debit,33544.94,Flipkart,POS,Success,Ahmedabad,Web
TXN000009427,ACC0000551,2025-02-07,Debit,31998.86,Insurance Premium,ATM,Success,Lucknow,Web
TXN000009428,ACC0000410,2024-03-17,Credit,72259.74,School Fees,ATM,Success,Jaipur,Mobile
TXN000009429,ACC0000474,2026-03-12,Credit,86213.48,Myntra,IMPS,Success,Delhi,POS
TXN000009430,ACC0000402,2026-01-15,Debit,128509.24,Netflix,IMPS,Success,Ahmedabad,Web
TXN000009431,ACC0001322,2025-01-11,Debit,109408.13,Uber,POS,Success,Bhopal,Branch
TXN000009432,ACC0000273,2025-01-31,Credit,57304.92,Jio,RTGS,Success,Bengaluru,Web
TXN000009433,ACC0001167,2025-12-06,Credit,12897.5,Uber,POS,Success,Kochi,Branch
TXN000009434,ACC0001084,2026-02-01,Debit,35306.37,Myntra,Cheque,Success,Hyderabad,Web
TXN000009435,ACC0000514,2025-07-08,Credit,18770.64,Reliance Digital,Cheque,Success,Chandigarh,POS
TXN000009436,ACC0000298,2025-09-08,Credit,43104.85,Airtel,IMPS,Success,Ahmedabad,ATM
TXN000009437,ACC0000231,2024-07-26,Debit,109734.23,IRCTC,UPI,Success,Delhi,Web
TXN000009438,ACC0000478,2025-04-08,Credit,36872.87,DMart,RTGS,Success,Delhi,POS
TXN000009439,ACC0000159,2025-11-28,Debit,126206.54,DMart,NEFT,Success,Ahmedabad,Mobile
TXN000009440,ACC0000983,2025-07-01,Debit,28616.38,School Fees,RTGS,Success,Pune,Mobile
TXN000009441,ACC0000207,2026-05-04,Credit,117196.87,Airtel,IMPS,Success,Lucknow,ATM
TXN000009442,ACC0001377,2024-07-25,Credit,20532.42,Flipkart,Cheque,Success,Chandigarh,ATM
TXN000009443,ACC0000002,2025-03-01,Credit,25237.67,School Fees,ATM,Success,Delhi,Branch
TXN000009444,ACC0001219,2025-03-06,Debit,2141.67,Flipkart,ATM,Success,Ahmedabad,Web
TXN000009445,ACC0000358,2025-04-28,Debit,29257.88,Amazon,POS,Pending,Jaipur,Mobile
TXN000009446,ACC0000039,2025-10-09,Credit,96481.14,Airtel,NEFT,Success,Hyderabad,Branch
TXN000009447,ACC0001263,2026-01-04,Debit,138273.91,Zomato,IMPS,Success,Chandigarh,Mobile
TXN000009448,ACC0000637,2024-02-15,Credit,85389.36,Myntra,NEFT,Failed,Chandigarh,Web
TXN000009449,ACC0000396,2025-02-06,Debit,119760.63,Swiggy,RTGS,Success,Lucknow,Web
TXN000009450,ACC0000682,2025-10-17,Credit,91841.22,Swiggy,UPI,Success,Bhopal,Web
TXN000009451,ACC0001335,2026-03-28,Credit,28498.46,Uber,ATM,Success,Mumbai,Mobile
TXN000009452,ACC0000867,2026-03-15,Credit,31551.14,Amazon,NetBanking,Reversed,Kochi,ATM
TXN000009453,ACC0000533,2025-08-15,Debit,144999.75,IRCTC,Cheque,Success,Chennai,Web
TXN000009454,ACC0001322,2026-01-01,Debit,91212.78,School Fees,NEFT,Success,Chandigarh,ATM
TXN000009455,ACC0000108,2025-11-29,Debit,138787.69,School Fees,ATM,Success,Mumbai,ATM
TXN000009456,ACC0001166,2025-01-28,Credit,109279.92,Airtel,IMPS,Success,Ahmedabad,Web
TXN000009457,ACC0000002,2025-12-01,Credit,56669.16,Netflix,NEFT,Success,Lucknow,Web
TXN000009458,ACC0000872,2025-08-05,Debit,82035.75,Flipkart,ATM,Success,Bengaluru,Mobile
TXN000009459,ACC0001272,2025-07-27,Debit,59709.95,Uber,NEFT,Success,Mumbai,Web
TXN000009460,ACC0000440,2026-04-15,Credit,104581.25,Electricity Board,UPI,Success,Chandigarh,Branch
TXN000009461,ACC0000217,2026-05-03,Debit,39255.5,Airtel,ATM,Success,Pune,Web
TXN000009462,ACC0000462,2025-08-29,Debit,96363.08,BigBasket,NetBanking,Success,Lucknow,Web
TXN000009463,ACC0000224,2025-11-03,Credit,142011.03,Swiggy,NEFT,Success,Hyderabad,Branch
TXN000009464,ACC0000403,2026-03-29,Debit,137286.31,BigBasket,IMPS,Success,Ahmedabad,Web
TXN000009465,ACC0000066,2024-11-22,Debit,77265.86,Netflix,ATM,Success,Pune,Mobile
TXN000009466,ACC0000603,2025-11-03,Credit,13314.15,Insurance Premium,POS,Success,Hyderabad,POS
TXN000009467,ACC0001326,2026-05-03,Debit,1929.73,Electricity Board,RTGS,Pending,Kochi,Web
TXN000009468,ACC0000319,2024-01-20,Credit,140646.88,Amazon,RTGS,Success,Kochi,Mobile
TXN000009469,ACC0000489,2024-08-26,Credit,83773.46,Insurance Premium,NEFT,Success,Bengaluru,ATM
TXN000009470,ACC0001160,2025-12-02,Credit,31275.62,DMart,IMPS,Pending,Pune,Web
TXN000009471,ACC0001292,2025-09-12,Debit,6855.13,BigBasket,UPI,Success,Ahmedabad,Mobile
TXN000009472,ACC0000592,2025-06-05,Debit,115849.71,IRCTC,RTGS,Reversed,Chandigarh,POS
TXN000009473,ACC0000792,2026-04-21,Debit,112756.19,Amazon,NetBanking,Success,Bhopal,Web
TXN000009474,ACC0000913,2024-10-11,Debit,56113.84,Insurance Premium,IMPS,Success,Delhi,Web
TXN000009475,ACC0001008,2026-05-03,Credit,25196.44,Zomato,POS,Success,Lucknow,Web
TXN000009476,ACC0001116,2024-01-28,Credit,50263.32,IRCTC,Cheque,Success,Jaipur,ATM
TXN000009477,ACC0000236,2026-03-10,Debit,111276.58,Myntra,POS,Success,Kochi,Branch
TXN000009478,ACC0001070,2024-05-24,Debit,70550.55,Electricity Board,NetBanking,Reversed,Pune,Branch
TXN000009479,ACC0000165,2024-10-18,Debit,140393.02,Reliance Digital,NEFT,Success,Bengaluru,POS
TXN000009480,ACC0000320,2025-10-03,Debit,104406.81,BigBasket,Cheque,Success,Lucknow,Web
TXN000009481,ACC0000116,2025-11-06,Debit,147109.63,Airtel,ATM,Success,Delhi,Web
TXN000009482,ACC0001193,2024-10-04,Debit,73851.5,Myntra,ATM,Success,Bhopal,Web
TXN000009483,ACC0001248,2024-09-14,Debit,45355.59,Airtel,IMPS,Success,Lucknow,Mobile
TXN000009484,ACC0001361,2026-04-19,Debit,38787.8,DMart,IMPS,Success,Bengaluru,Web
TXN000009485,ACC0000259,2024-02-22,Credit,37443.3,Electricity Board,Cheque,Success,Lucknow,Web
TXN000009486,ACC0000671,2024-11-12,Credit,101285.23,Swiggy,Cheque,Success,Bengaluru,Web
TXN000009487,ACC0001095,2024-04-19,Credit,56080.29,Uber,POS,Failed,Jaipur,Web
TXN000009488,ACC0000578,2025-04-15,Debit,48741.84,Uber,UPI,Success,Jaipur,Mobile
TXN000009489,ACC0000855,2025-03-24,Debit,28029.06,Fuel Station,POS,Success,Chennai,Web
TXN000009490,ACC0000570,2025-03-28,Credit,19218.32,IRCTC,POS,Success,Chennai,Web
TXN000009491,ACC0000515,2025-06-29,Debit,96507.27,Uber,POS,Success,Kochi,ATM
TXN000009492,ACC0000043,2026-02-17,Debit,100089.25,Ola,IMPS,Success,Ahmedabad,POS
TXN000009493,ACC0001140,2024-08-18,Credit,36046.55,Fuel Station,UPI,Success,Bhopal,Mobile
TXN000009494,ACC0000534,2024-10-06,Debit,129295.0,Airtel,UPI,Success,Lucknow,Web
TXN000009495,ACC0000848,2026-01-10,Credit,128133.63,Ola,IMPS,Success,Jaipur,ATM
TXN000009496,ACC0000916,2024-02-02,Credit,78010.17,BigBasket,NetBanking,Success,Pune,ATM
TXN000009497,ACC0000865,2024-11-18,Credit,75318.57,Insurance Premium,Cheque,Success,Hyderabad,POS
TXN000009498,ACC0000145,2024-05-02,Debit,117713.57,Myntra,ATM,Success,Delhi,ATM
TXN000009499,ACC0000715,2024-03-14,Debit,71813.5,Reliance Digital,IMPS,Success,Chandigarh,Branch
TXN000009500,ACC0000601,2025-07-07,Credit,20120.42,Airtel,NetBanking,Success,Delhi,ATM
TXN000009501,ACC0000567,2025-12-08,Debit,74305.3,School Fees,NEFT,Success,Mumbai,Mobile
TXN000009502,ACC0000606,2024-05-14,Debit,117669.54,Amazon,IMPS,Success,Chandigarh,Mobile
TXN000009503,ACC0000906,2025-09-01,Debit,131835.11,Netflix,NetBanking,Success,Kochi,Branch
TXN000009504,ACC0000159,2024-07-19,Credit,122984.71,Uber,IMPS,Success,Chennai,Web
TXN000009505,ACC0001193,2025-05-14,Debit,42468.86,Amazon,POS,Success,Kochi,ATM
TXN000009506,ACC0000427,2026-04-05,Debit,12235.37,Uber,NetBanking,Success,Delhi,Web
TXN000009507,ACC0000579,2025-11-09,Debit,123610.39,Zomato,UPI,Success,Hyderabad,Mobile
TXN000009508,ACC0001346,2025-07-17,Debit,80993.85,Amazon,IMPS,Success,Bengaluru,ATM
TXN000009509,ACC0001044,2025-09-10,Credit,18814.88,IRCTC,RTGS,Success,Mumbai,Web
TXN000009510,ACC0000196,2024-06-10,Debit,1232.58,Myntra,POS,Success,Delhi,Branch
TXN000009511,ACC0000781,2026-02-28,Debit,133036.64,Myntra,NEFT,Success,Chandigarh,Branch
TXN000009512,ACC0000983,2024-09-10,Credit,92708.31,DMart,ATM,Success,Chennai,Mobile
TXN000009513,ACC0000079,2025-12-01,Debit,116565.86,BigBasket,Cheque,Success,Mumbai,ATM
TXN000009514,ACC0000749,2026-01-06,Credit,49008.7,DMart,NetBanking,Success,Kochi,Mobile
TXN000009515,ACC0000396,2024-07-10,Debit,2884.1,BigBasket,RTGS,Success,Chandigarh,Mobile
TXN000009516,ACC0001163,2026-03-24,Debit,124115.66,Myntra,NetBanking,Success,Ahmedabad,Mobile
TXN000009517,ACC0000851,2025-05-08,Credit,45041.93,Amazon,NEFT,Success,Hyderabad,ATM
TXN000009518,ACC0000480,2025-11-13,Debit,23538.09,Insurance Premium,NetBanking,Success,Jaipur,Branch
TXN000009519,ACC0001220,2025-10-20,Debit,85500.02,Fuel Station,NEFT,Failed,Bengaluru,POS
TXN000009520,ACC0001384,2025-12-29,Debit,72293.47,DMart,RTGS,Success,Hyderabad,ATM
TXN000009521,ACC0000245,2024-01-03,Credit,114146.42,School Fees,ATM,Pending,Chennai,Mobile
TXN000009522,ACC0000777,2024-12-24,Debit,45806.11,BigBasket,UPI,Success,Chandigarh,POS
TXN000009523,ACC0000500,2025-07-16,Debit,143622.89,Airtel,NEFT,Success,Ahmedabad,POS
TXN000009524,ACC0000046,2024-04-01,Credit,7013.54,Netflix,POS,Success,Bengaluru,POS
TXN000009525,ACC0001073,2024-03-01,Debit,103821.72,Netflix,NetBanking,Success,Ahmedabad,POS
TXN000009526,ACC0000437,2026-02-26,Debit,110972.86,Airtel,NetBanking,Success,Jaipur,Web
TXN000009527,ACC0000985,2025-07-07,Credit,34773.86,Flipkart,POS,Success,Chandigarh,POS
TXN000009528,ACC0000071,2025-02-27,Debit,28800.34,Myntra,POS,Success,Mumbai,ATM
TXN000009529,ACC0001048,2024-09-06,Credit,45746.01,Uber,RTGS,Success,Hyderabad,Branch
TXN000009530,ACC0001077,2024-04-18,Credit,33538.35,IRCTC,POS,Success,Kochi,Branch
TXN000009531,ACC0000729,2026-01-13,Debit,126002.08,DMart,NEFT,Success,Bhopal,Web
TXN000009532,ACC0001000,2024-07-09,Debit,41818.59,Flipkart,IMPS,Success,Chandigarh,POS
TXN000009533,ACC0000272,2026-01-10,Debit,129787.76,Flipkart,ATM,Success,Kochi,Web
TXN000009534,ACC0000360,2026-02-27,Debit,93796.53,Reliance Digital,IMPS,Success,Hyderabad,Mobile
TXN000009535,ACC0001180,2024-01-24,Debit,10340.55,Fuel Station,POS,Success,Lucknow,POS
TXN000009536,ACC0001265,2025-06-25,Debit,147092.87,School Fees,ATM,Pending,Kochi,Mobile
TXN000009537,ACC0000694,2025-02-12,Debit,88628.69,School Fees,POS,Success,Bengaluru,Mobile
TXN000009538,ACC0000993,2025-03-06,Debit,93772.98,Flipkart,IMPS,Success,Chandigarh,Branch
TXN000009539,ACC0001248,2025-08-02,Credit,130335.88,IRCTC,RTGS,Success,Mumbai,ATM
TXN000009540,ACC0001034,2025-09-10,Credit,65577.61,Netflix,NetBanking,Success,Lucknow,Mobile
TXN000009541,ACC0001104,2024-06-21,Debit,32474.17,Insurance Premium,RTGS,Success,Bengaluru,ATM
TXN000009542,ACC0001153,2026-04-29,Debit,110410.59,Uber,NEFT,Success,Chandigarh,ATM
TXN000009543,ACC0000471,2025-05-25,Debit,94536.17,Insurance Premium,UPI,Success,Pune,ATM
TXN000009544,ACC0000221,2024-10-17,Credit,101566.31,Electricity Board,POS,Success,Pune,Web
TXN000009545,ACC0000233,2024-11-15,Credit,92770.72,Uber,RTGS,Pending,Chennai,Mobile
TXN000009546,ACC0000122,2025-10-14,Debit,105850.57,Insurance Premium,ATM,Success,Kochi,Mobile
TXN000009547,ACC0001218,2024-01-29,Credit,91682.19,Insurance Premium,NetBanking,Success,Mumbai,Branch
TXN000009548,ACC0001333,2024-04-24,Credit,53475.14,Jio,RTGS,Success,Bhopal,Branch
TXN000009549,ACC0000967,2025-02-24,Credit,91726.52,School Fees,ATM,Success,Mumbai,POS
TXN000009550,ACC0000211,2024-02-08,Credit,147056.48,Electricity Board,IMPS,Reversed,Hyderabad,ATM
TXN000009551,ACC0001110,2026-02-26,Debit,75565.64,IRCTC,NetBanking,Success,Bhopal,Branch
TXN000009552,ACC0000405,2024-12-16,Credit,65180.65,School Fees,RTGS,Success,Chandigarh,Mobile
TXN000009553,ACC0000900,2024-02-03,Debit,139387.53,Amazon,NEFT,Success,Bhopal,Mobile
TXN000009554,ACC0000460,2025-07-09,Debit,123080.92,Amazon,UPI,Success,Jaipur,POS
TXN000009555,ACC0000188,2024-05-30,Credit,41181.81,Myntra,UPI,Success,Lucknow,ATM
TXN000009556,ACC0001284,2025-07-28,Debit,50776.2,BigBasket,RTGS,Success,Chandigarh,Mobile
TXN000009557,ACC0000559,2025-04-14,Credit,128046.55,Uber,NetBanking,Success,Delhi,Web
TXN000009558,ACC0000191,2026-05-20,Credit,29070.14,BigBasket,IMPS,Success,Chandigarh,POS
TXN000009559,ACC0000834,2026-04-12,Debit,116893.14,School Fees,UPI,Success,Chennai,POS
TXN000009560,ACC0001230,2026-05-05,Debit,138687.88,Uber,POS,Success,Chennai,POS
TXN000009561,ACC0001209,2026-02-02,Debit,40131.19,DMart,UPI,Success,Bengaluru,Branch
TXN000009562,ACC0000624,2025-03-03,Credit,2851.21,BigBasket,Cheque,Success,Lucknow,Branch
TXN000009563,ACC0000752,2025-01-22,Debit,135555.51,Insurance Premium,Cheque,Success,Bengaluru,Mobile
TXN000009564,ACC0000549,2024-01-11,Debit,3594.47,Airtel,ATM,Success,Chennai,Branch
TXN000009565,ACC0000128,2025-11-27,Credit,55921.84,Airtel,NEFT,Success,Delhi,ATM
TXN000009566,ACC0000193,2024-08-21,Debit,114730.1,Swiggy,RTGS,Success,Mumbai,ATM
TXN000009567,ACC0001092,2025-01-08,Debit,110691.6,Zomato,Cheque,Success,Kochi,ATM
TXN000009568,ACC0000097,2026-01-13,Credit,56891.31,Electricity Board,POS,Success,Bengaluru,ATM
TXN000009569,ACC0000966,2024-10-01,Debit,34048.72,Electricity Board,UPI,Success,Jaipur,Web
TXN000009570,ACC0000217,2026-03-06,Debit,140343.02,School Fees,IMPS,Pending,Chennai,Mobile
TXN000009571,ACC0001336,2024-11-30,Debit,80967.7,Reliance Digital,NetBanking,Success,Jaipur,Branch
TXN000009572,ACC0000642,2024-11-17,Debit,121325.7,Uber,NetBanking,Success,Jaipur,Mobile
TXN000009573,ACC0001087,2024-10-09,Debit,60836.09,Insurance Premium,IMPS,Success,Chandigarh,Web
TXN000009574,ACC0000261,2024-08-12,Debit,12172.81,Swiggy,POS,Success,Bhopal,POS
TXN000009575,ACC0000098,2024-01-01,Credit,113522.92,Fuel Station,POS,Reversed,Mumbai,Branch
TXN000009576,ACC0001236,2024-10-23,Credit,61931.64,Zomato,NetBanking,Success,Mumbai,POS
TXN000009577,ACC0001353,2025-10-09,Debit,92248.25,Fuel Station,POS,Success,Jaipur,Branch
TXN000009578,ACC0001161,2025-02-16,Debit,92362.09,Ola,RTGS,Success,Chennai,POS
TXN000009579,ACC0000105,2026-04-22,Debit,135225.82,Reliance Digital,NetBanking,Success,Chennai,ATM
TXN000009580,ACC0000088,2025-02-21,Credit,78452.18,DMart,IMPS,Success,Bengaluru,Web
TXN000009581,ACC0001089,2025-03-19,Credit,131177.07,Uber,NetBanking,Success,Bengaluru,POS
TXN000009582,ACC0001197,2026-04-18,Debit,137035.47,Uber,POS,Success,Bhopal,POS
TXN000009583,ACC0000537,2025-08-31,Debit,120096.58,Amazon,IMPS,Success,Ahmedabad,ATM
TXN000009584,ACC0000744,2025-03-06,Debit,72117.61,BigBasket,IMPS,Reversed,Chennai,Web
TXN000009585,ACC0000125,2025-05-30,Credit,23915.07,Reliance Digital,UPI,Success,Jaipur,POS
TXN000009586,ACC0000845,2024-08-28,Debit,103631.67,Electricity Board,NEFT,Success,Lucknow,Branch
TXN000009587,ACC0001100,2025-10-03,Credit,3860.22,Electricity Board,IMPS,Reversed,Chennai,Mobile
TXN000009588,ACC0000563,2024-04-16,Debit,149314.38,DMart,NetBanking,Success,Ahmedabad,POS
TXN000009589,ACC0000924,2025-01-05,Debit,98771.42,Ola,NetBanking,Success,Hyderabad,ATM
TXN000009590,ACC0000503,2025-12-12,Debit,103349.21,BigBasket,NetBanking,Success,Chennai,ATM
TXN000009591,ACC0001282,2025-01-26,Debit,24464.42,School Fees,POS,Success,Delhi,Branch
TXN000009592,ACC0000780,2026-01-22,Debit,23133.6,Ola,ATM,Success,Pune,POS
TXN000009593,ACC0000015,2024-06-07,Debit,64643.97,Swiggy,NetBanking,Success,Delhi,Web
TXN000009594,ACC0000684,2025-11-21,Debit,23904.77,Jio,ATM,Success,Pune,POS
TXN000009595,ACC0000212,2024-10-23,Credit,105837.15,Reliance Digital,RTGS,Success,Chennai,POS
TXN000009596,ACC0000060,2025-05-26,Debit,106095.15,Fuel Station,UPI,Success,Jaipur,POS
TXN000009597,ACC0000150,2024-08-18,Debit,40981.26,Ola,POS,Success,Delhi,ATM
TXN000009598,ACC0001175,2025-02-24,Debit,26637.22,School Fees,Cheque,Success,Bengaluru,POS
TXN000009599,ACC0000130,2025-06-20,Debit,142897.47,Ola,ATM,Success,Lucknow,ATM
TXN000009600,ACC0000777,2024-05-28,Debit,69273.34,Electricity Board,NetBanking,Success,Bhopal,Mobile
TXN000009601,ACC0001297,2024-05-30,Debit,31928.55,IRCTC,RTGS,Success,Bengaluru,ATM
TXN000009602,ACC0001036,2024-05-27,Debit,118194.36,IRCTC,ATM,Success,Delhi,POS
TXN000009603,ACC0001400,2024-08-12,Debit,102714.31,Zomato,ATM,Success,Bengaluru,ATM
TXN000009604,ACC0000691,2024-11-09,Credit,24612.29,Flipkart,Cheque,Success,Chennai,ATM
TXN000009605,ACC0000612,2025-09-02,Debit,63492.9,Airtel,RTGS,Success,Jaipur,POS
TXN000009606,ACC0001074,2025-07-27,Debit,123529.64,School Fees,Cheque,Success,Hyderabad,POS
TXN000009607,ACC0000236,2024-10-26,Credit,15003.31,Uber,IMPS,Success,Jaipur,Branch
TXN000009608,ACC0000653,2024-04-22,Debit,5323.66,Airtel,RTGS,Success,Delhi,Web
TXN000009609,ACC0000065,2024-06-23,Debit,59127.59,Netflix,UPI,Failed,Hyderabad,POS
TXN000009610,ACC0000403,2024-07-11,Credit,78517.38,Myntra,POS,Failed,Bhopal,Branch
TXN000009611,ACC0000866,2026-05-09,Credit,129677.41,Electricity Board,Cheque,Success,Lucknow,Mobile
TXN000009612,ACC0000439,2024-06-15,Credit,85263.79,Uber,ATM,Success,Bengaluru,POS
TXN000009613,ACC0001367,2024-04-25,Credit,113291.79,Electricity Board,POS,Success,Pune,Web
TXN000009614,ACC0000760,2025-01-05,Credit,144972.86,Airtel,RTGS,Success,Bhopal,Web
TXN000009615,ACC0001151,2025-01-08,Credit,31824.95,BigBasket,ATM,Success,Mumbai,Branch
TXN000009616,ACC0001086,2024-06-15,Debit,98915.72,Airtel,ATM,Success,Mumbai,ATM
TXN000009617,ACC0000548,2025-06-13,Credit,110470.54,Zomato,NetBanking,Success,Jaipur,Web
TXN000009618,ACC0000397,2025-09-23,Credit,30252.82,Zomato,UPI,Success,Bhopal,Mobile
TXN000009619,ACC0001303,2025-12-05,Debit,12383.49,BigBasket,POS,Success,Kochi,Branch
TXN000009620,ACC0001179,2026-03-21,Debit,23760.15,Swiggy,ATM,Success,Pune,Mobile
TXN000009621,ACC0000384,2026-03-22,Debit,39811.12,IRCTC,IMPS,Success,Ahmedabad,Mobile
TXN000009622,ACC0001187,2025-02-27,Debit,60504.13,Uber,UPI,Success,Chandigarh,POS
TXN000009623,ACC0000280,2024-11-16,Debit,61464.81,Flipkart,RTGS,Reversed,Chennai,POS
TXN000009624,ACC0001075,2025-06-02,Credit,147784.95,Ola,NetBanking,Success,Mumbai,ATM
TXN000009625,ACC0001351,2025-09-10,Credit,22735.29,Insurance Premium,ATM,Success,Mumbai,Mobile
TXN000009626,ACC0000360,2024-03-05,Debit,10301.63,Amazon,NetBanking,Success,Jaipur,Branch
TXN000009627,ACC0000704,2025-06-07,Debit,102081.22,Uber,UPI,Success,Jaipur,POS
TXN000009628,ACC0001341,2024-06-22,Debit,23388.98,BigBasket,NEFT,Success,Delhi,Mobile
TXN000009629,ACC0000664,2025-06-27,Debit,73534.45,Electricity Board,NEFT,Success,Chandigarh,ATM
TXN000009630,ACC0000380,2025-01-04,Debit,100595.48,Zomato,Cheque,Success,Jaipur,Mobile
TXN000009631,ACC0000036,2024-01-31,Credit,49317.1,Electricity Board,Cheque,Success,Mumbai,Mobile
TXN000009632,ACC0001150,2026-05-03,Debit,31633.81,Reliance Digital,ATM,Success,Chandigarh,Branch
TXN000009633,ACC0000979,2025-09-06,Debit,131155.15,Zomato,RTGS,Success,Pune,Web
TXN000009634,ACC0000789,2026-05-11,Debit,35354.49,Myntra,NEFT,Success,Bhopal,Web
TXN000009635,ACC0000334,2025-02-23,Debit,27114.01,Ola,RTGS,Success,Chennai,Web
TXN000009636,ACC0000982,2024-10-22,Debit,103380.43,Flipkart,NetBanking,Success,Bengaluru,POS
TXN000009637,ACC0000519,2024-12-27,Debit,17237.81,Netflix,NEFT,Success,Lucknow,Branch
TXN000009638,ACC0001006,2024-12-26,Credit,121372.62,Swiggy,POS,Success,Chandigarh,ATM
TXN000009639,ACC0000133,2025-11-19,Debit,23314.02,School Fees,NEFT,Success,Hyderabad,Web
TXN000009640,ACC0000877,2024-07-12,Debit,108447.92,BigBasket,IMPS,Success,Bengaluru,Branch
TXN000009641,ACC0000783,2026-02-10,Debit,71252.92,School Fees,NEFT,Success,Mumbai,Mobile
TXN000009642,ACC0001311,2025-05-21,Debit,14795.02,BigBasket,Cheque,Success,Lucknow,POS
TXN000009643,ACC0000761,2025-12-15,Debit,95880.2,DMart,NetBanking,Success,Mumbai,Web
TXN000009644,ACC0001077,2025-04-20,Debit,88046.3,Insurance Premium,Cheque,Pending,Jaipur,ATM
TXN000009645,ACC0000744,2025-03-13,Debit,106844.75,Insurance Premium,POS,Success,Chandigarh,POS
TXN000009646,ACC0000759,2024-12-13,Debit,73481.94,Amazon,RTGS,Success,Bhopal,Branch
TXN000009647,ACC0000402,2025-07-27,Debit,44460.18,Uber,POS,Success,Delhi,ATM
TXN000009648,ACC0000389,2025-10-25,Debit,139599.71,DMart,POS,Success,Kochi,Web
TXN000009649,ACC0000363,2024-06-04,Debit,46634.41,Reliance Digital,NetBanking,Success,Mumbai,POS
TXN000009650,ACC0000330,2024-06-01,Credit,27197.28,Reliance Digital,ATM,Success,Chennai,ATM
TXN000009651,ACC0000304,2025-07-19,Debit,6708.8,Amazon,ATM,Success,Bhopal,Mobile
TXN000009652,ACC0000808,2024-08-29,Debit,144838.08,Electricity Board,NEFT,Success,Kochi,Mobile
TXN000009653,ACC0000973,2025-11-28,Debit,119483.13,BigBasket,ATM,Pending,Delhi,POS
TXN000009654,ACC0001311,2025-07-08,Debit,13188.78,Myntra,Cheque,Pending,Ahmedabad,ATM
TXN000009655,ACC0001006,2024-05-08,Credit,111122.28,Airtel,NetBanking,Success,Ahmedabad,Web
TXN000009656,ACC0001077,2025-11-08,Debit,20076.15,Insurance Premium,NEFT,Success,Mumbai,ATM
TXN000009657,ACC0000004,2025-12-07,Credit,96534.09,Ola,IMPS,Success,Pune,POS
TXN000009658,ACC0000443,2024-05-05,Debit,122448.92,Electricity Board,UPI,Success,Bengaluru,Mobile
TXN000009659,ACC0001232,2025-10-24,Debit,134357.66,Fuel Station,NEFT,Reversed,Kochi,POS
TXN000009660,ACC0001348,2025-03-08,Credit,102959.7,Amazon,NetBanking,Success,Bengaluru,Branch
TXN000009661,ACC0000062,2025-01-21,Credit,75430.56,Amazon,ATM,Success,Bengaluru,Web
TXN000009662,ACC0001364,2024-09-20,Credit,136247.27,Myntra,RTGS,Failed,Ahmedabad,ATM
TXN000009663,ACC0000028,2025-05-01,Debit,92913.6,Netflix,IMPS,Success,Pune,Branch
TXN000009664,ACC0000374,2026-02-01,Credit,128667.73,Fuel Station,POS,Success,Bengaluru,Branch
TXN000009665,ACC0001248,2024-04-29,Credit,109759.53,Flipkart,Cheque,Success,Chennai,Mobile
TXN000009666,ACC0001013,2025-05-30,Credit,22080.35,Flipkart,POS,Success,Bhopal,Web
TXN000009667,ACC0000620,2024-10-24,Credit,6251.44,Jio,UPI,Success,Chandigarh,ATM
TXN000009668,ACC0000206,2025-03-03,Debit,106336.43,Swiggy,Cheque,Pending,Jaipur,ATM
TXN000009669,ACC0000073,2025-10-05,Credit,34965.91,Swiggy,RTGS,Failed,Chennai,ATM
TXN000009670,ACC0001020,2025-06-03,Debit,124757.78,BigBasket,Cheque,Success,Chennai,POS
TXN000009671,ACC0001185,2025-10-06,Debit,38811.78,Ola,Cheque,Success,Bengaluru,Branch
TXN000009672,ACC0000458,2024-03-18,Debit,13541.15,BigBasket,IMPS,Success,Lucknow,POS
TXN000009673,ACC0001144,2025-01-03,Debit,39908.35,Electricity Board,NetBanking,Pending,Bengaluru,Web
TXN000009674,ACC0000979,2024-03-08,Debit,14652.95,Swiggy,NEFT,Success,Kochi,Branch
TXN000009675,ACC0000109,2024-11-28,Credit,140440.34,Flipkart,Cheque,Success,Bhopal,ATM
TXN000009676,ACC0001152,2025-03-20,Debit,107984.01,Electricity Board,POS,Success,Pune,Branch
TXN000009677,ACC0000690,2025-10-27,Debit,3162.43,Netflix,RTGS,Success,Hyderabad,Mobile
TXN000009678,ACC0001206,2024-01-26,Credit,68370.41,Fuel Station,RTGS,Success,Kochi,Web
TXN000009679,ACC0001262,2024-07-15,Debit,3880.07,Jio,RTGS,Success,Chandigarh,POS
TXN000009680,ACC0000211,2025-11-23,Credit,67016.25,Flipkart,RTGS,Success,Bengaluru,Mobile
TXN000009681,ACC0001271,2024-03-06,Credit,131082.22,Uber,POS,Success,Hyderabad,Web
TXN000009682,ACC0001366,2025-09-18,Credit,120090.31,Uber,NEFT,Success,Bengaluru,Web
TXN000009683,ACC0000888,2025-12-20,Credit,77312.11,Reliance Digital,ATM,Success,Bengaluru,ATM
TXN000009684,ACC0000106,2024-06-07,Debit,105769.0,Uber,RTGS,Success,Hyderabad,ATM
TXN000009685,ACC0000706,2024-09-05,Credit,32436.36,Amazon,IMPS,Success,Jaipur,Branch
TXN000009686,ACC0001384,2024-05-03,Credit,64685.96,DMart,RTGS,Success,Bengaluru,Mobile
TXN000009687,ACC0000850,2025-06-19,Debit,85163.3,Airtel,POS,Success,Hyderabad,POS
TXN000009688,ACC0000032,2025-10-16,Debit,110826.71,Reliance Digital,ATM,Success,Jaipur,Branch
TXN000009689,ACC0000684,2024-10-07,Debit,139680.45,Amazon,UPI,Success,Lucknow,Web
TXN000009690,ACC0000736,2025-05-06,Debit,107951.08,Netflix,IMPS,Success,Lucknow,POS
TXN000009691,ACC0000690,2025-12-04,Credit,48117.19,Fuel Station,UPI,Success,Ahmedabad,POS
TXN000009692,ACC0000347,2025-06-26,Debit,36080.05,Amazon,Cheque,Failed,Hyderabad,Branch
TXN000009693,ACC0001137,2025-04-28,Credit,62311.55,Insurance Premium,POS,Success,Mumbai,Mobile
TXN000009694,ACC0001064,2026-05-20,Debit,61106.28,Insurance Premium,IMPS,Success,Jaipur,Branch
TXN000009695,ACC0000149,2024-12-30,Credit,135711.87,Electricity Board,RTGS,Success,Ahmedabad,Web
TXN000009696,ACC0001259,2026-03-07,Debit,133166.43,Swiggy,NEFT,Failed,Chennai,ATM
TXN000009697,ACC0000948,2026-05-01,Credit,64397.53,Ola,POS,Success,Chandigarh,Web
TXN000009698,ACC0001012,2025-12-27,Debit,133481.63,IRCTC,NEFT,Success,Chennai,Web
TXN000009699,ACC0001105,2024-12-11,Debit,45836.99,BigBasket,NetBanking,Success,Bengaluru,Branch
TXN000009700,ACC0000626,2026-04-20,Debit,15539.21,Zomato,RTGS,Success,Ahmedabad,POS
TXN000009701,ACC0001216,2025-08-24,Debit,14940.83,Airtel,IMPS,Success,Chennai,ATM
TXN000009702,ACC0000208,2024-01-05,Debit,148283.12,Ola,NEFT,Success,Kochi,Branch
TXN000009703,ACC0000220,2024-01-31,Credit,67291.67,Amazon,NetBanking,Success,Jaipur,Web
TXN000009704,ACC0000876,2025-06-06,Debit,51963.76,Ola,ATM,Success,Mumbai,Mobile
TXN000009705,ACC0000881,2026-04-04,Debit,125015.65,Zomato,NEFT,Failed,Jaipur,Branch
TXN000009706,ACC0000594,2025-11-27,Debit,77060.07,Uber,NetBanking,Success,Kochi,Mobile
TXN000009707,ACC0001324,2025-09-21,Debit,137672.56,Jio,NetBanking,Success,Chennai,POS
TXN000009708,ACC0000322,2026-04-06,Debit,133473.39,Airtel,NetBanking,Success,Pune,Branch
TXN000009709,ACC0000954,2025-12-13,Credit,113894.67,Airtel,RTGS,Success,Bengaluru,Branch
TXN000009710,ACC0000954,2025-03-06,Debit,1587.53,IRCTC,POS,Success,Chandigarh,Branch
TXN000009711,ACC0001060,2026-03-28,Credit,97797.14,Uber,RTGS,Success,Bhopal,ATM
TXN000009712,ACC0000791,2025-05-13,Debit,45656.84,Uber,IMPS,Success,Lucknow,POS
TXN000009713,ACC0000345,2025-07-19,Credit,15531.64,Myntra,IMPS,Failed,Lucknow,POS
TXN000009714,ACC0000858,2026-04-27,Debit,87999.16,Netflix,NEFT,Success,Chennai,Branch
TXN000009715,ACC0000943,2024-06-12,Credit,38545.65,Fuel Station,POS,Success,Delhi,Mobile
TXN000009716,ACC0000195,2024-01-13,Debit,146815.26,Swiggy,UPI,Success,Delhi,ATM
TXN000009717,ACC0000449,2024-04-28,Credit,34179.45,Reliance Digital,POS,Reversed,Jaipur,ATM
TXN000009718,ACC0000940,2026-01-04,Debit,9434.57,DMart,RTGS,Reversed,Bengaluru,Mobile
TXN000009719,ACC0000531,2024-08-23,Credit,66310.84,Jio,NetBanking,Pending,Hyderabad,Web
TXN000009720,ACC0000817,2024-05-28,Credit,2765.24,Airtel,NetBanking,Success,Bhopal,POS
TXN000009721,ACC0000815,2024-08-30,Credit,50757.41,Insurance Premium,IMPS,Success,Jaipur,Mobile
TXN000009722,ACC0000722,2025-01-29,Debit,115908.57,School Fees,NetBanking,Success,Chandigarh,Web
TXN000009723,ACC0001095,2025-11-29,Credit,55727.09,Flipkart,IMPS,Success,Mumbai,ATM
TXN000009724,ACC0000311,2025-12-04,Debit,75587.19,Electricity Board,IMPS,Success,Mumbai,Branch
TXN000009725,ACC0000309,2024-04-19,Credit,133346.59,Ola,Cheque,Success,Hyderabad,Branch
TXN000009726,ACC0001175,2024-09-05,Debit,34558.08,Fuel Station,ATM,Success,Pune,Web
TXN000009727,ACC0000764,2024-12-15,Credit,131897.5,Myntra,UPI,Success,Chennai,ATM
TXN000009728,ACC0001350,2024-04-22,Credit,97431.2,Fuel Station,NetBanking,Success,Hyderabad,ATM
TXN000009729,ACC0000776,2024-03-07,Credit,98470.85,Airtel,NEFT,Success,Chennai,ATM
TXN000009730,ACC0000297,2024-07-03,Debit,133104.55,Netflix,POS,Success,Chandigarh,Web
TXN000009731,ACC0000041,2024-08-02,Credit,85520.73,Jio,RTGS,Success,Lucknow,ATM
TXN000009732,ACC0000058,2025-09-03,Debit,50755.29,Ola,POS,Failed,Delhi,ATM
TXN000009733,ACC0000064,2025-12-24,Debit,12387.67,Uber,RTGS,Pending,Bengaluru,Web
TXN000009734,ACC0000325,2024-04-06,Debit,67957.59,Airtel,POS,Success,Lucknow,Mobile
TXN000009735,ACC0000993,2025-03-26,Credit,45376.83,Flipkart,NEFT,Success,Lucknow,POS
TXN000009736,ACC0001125,2024-01-27,Credit,4880.17,Amazon,ATM,Success,Lucknow,Mobile
TXN000009737,ACC0000783,2025-04-04,Debit,124075.43,School Fees,Cheque,Success,Bhopal,Web
TXN000009738,ACC0001320,2025-05-07,Credit,43205.36,DMart,RTGS,Success,Jaipur,Mobile
TXN000009739,ACC0000226,2025-03-04,Debit,88031.83,Swiggy,NetBanking,Success,Lucknow,ATM
TXN000009740,ACC0000771,2024-12-31,Debit,15842.16,Insurance Premium,NEFT,Pending,Kochi,ATM
TXN000009741,ACC0000246,2024-05-04,Debit,21332.34,Fuel Station,RTGS,Success,Kochi,ATM
TXN000009742,ACC0000670,2025-01-19,Credit,88637.5,BigBasket,UPI,Success,Lucknow,POS
TXN000009743,ACC0000504,2024-11-05,Credit,63787.79,Electricity Board,POS,Success,Kochi,Branch
TXN000009744,ACC0000180,2025-03-07,Credit,57537.25,IRCTC,NEFT,Success,Ahmedabad,ATM
TXN000009745,ACC0001252,2025-05-17,Credit,15130.24,Insurance Premium,RTGS,Success,Pune,Branch
TXN000009746,ACC0000864,2024-09-19,Credit,85563.1,Insurance Premium,ATM,Success,Bhopal,Web
TXN000009747,ACC0000421,2024-02-11,Credit,132725.93,IRCTC,NetBanking,Success,Hyderabad,ATM
TXN000009748,ACC0000810,2024-11-25,Credit,131025.95,IRCTC,RTGS,Success,Hyderabad,Mobile
TXN000009749,ACC0001232,2025-08-28,Credit,105136.79,Fuel Station,UPI,Success,Mumbai,Web
TXN000009750,ACC0001361,2025-06-10,Credit,129147.77,Ola,UPI,Success,Hyderabad,ATM
TXN000009751,ACC0000136,2024-04-28,Credit,82008.83,Myntra,IMPS,Success,Mumbai,POS
TXN000009752,ACC0000175,2025-12-21,Debit,50824.35,School Fees,POS,Success,Jaipur,ATM
TXN000009753,ACC0000796,2024-11-03,Credit,73137.59,Netflix,NEFT,Success,Bhopal,POS
TXN000009754,ACC0001148,2024-05-20,Credit,93566.09,Fuel Station,RTGS,Success,Lucknow,ATM
TXN000009755,ACC0000863,2024-08-12,Debit,82442.51,IRCTC,NetBanking,Success,Jaipur,Web
TXN000009756,ACC0000249,2026-05-02,Debit,109702.86,Uber,NetBanking,Success,Delhi,Mobile
TXN000009757,ACC0000797,2025-10-25,Debit,51300.24,School Fees,IMPS,Success,Lucknow,Web
TXN000009758,ACC0001388,2025-04-28,Credit,63394.71,Ola,POS,Success,Chandigarh,POS
TXN000009759,ACC0001202,2024-09-11,Debit,112696.02,Reliance Digital,POS,Success,Chennai,POS
TXN000009760,ACC0000446,2025-10-01,Debit,147469.63,Airtel,IMPS,Success,Jaipur,POS
TXN000009761,ACC0001243,2025-04-02,Debit,110312.41,Ola,POS,Success,Hyderabad,Web
TXN000009762,ACC0000692,2025-04-14,Debit,12404.39,Zomato,NetBanking,Failed,Ahmedabad,Mobile
TXN000009763,ACC0000803,2024-07-03,Debit,122140.94,IRCTC,UPI,Success,Jaipur,Mobile
TXN000009764,ACC0000726,2026-02-08,Debit,75326.64,Flipkart,RTGS,Success,Bengaluru,Web
TXN000009765,ACC0000118,2025-09-26,Debit,94517.98,Reliance Digital,NEFT,Success,Bengaluru,ATM
TXN000009766,ACC0000516,2025-05-10,Credit,142271.3,Airtel,IMPS,Success,Pune,Web
TXN000009767,ACC0000369,2024-03-09,Credit,90715.94,Swiggy,ATM,Success,Mumbai,Web
TXN000009768,ACC0000738,2026-04-21,Credit,74116.39,Reliance Digital,ATM,Success,Kochi,Mobile
TXN000009769,ACC0001033,2024-09-19,Credit,79122.35,Zomato,POS,Success,Hyderabad,ATM
TXN000009770,ACC0001192,2026-02-20,Debit,69188.66,DMart,UPI,Success,Pune,Web
TXN000009771,ACC0001130,2025-09-22,Debit,131200.37,Myntra,POS,Success,Jaipur,Branch
TXN000009772,ACC0000233,2024-05-08,Debit,2937.65,Ola,Cheque,Pending,Hyderabad,Web
TXN000009773,ACC0000449,2025-04-03,Debit,124252.06,Myntra,RTGS,Success,Ahmedabad,POS
TXN000009774,ACC0000117,2024-08-07,Credit,20127.76,Zomato,POS,Pending,Delhi,ATM
TXN000009775,ACC0000011,2025-01-05,Debit,142546.25,Reliance Digital,NEFT,Pending,Chennai,POS
TXN000009776,ACC0001309,2024-03-02,Credit,69506.29,Electricity Board,POS,Success,Ahmedabad,Mobile
TXN000009777,ACC0001337,2025-12-25,Credit,94893.71,Uber,NEFT,Success,Bengaluru,Web
TXN000009778,ACC0000193,2025-09-22,Debit,63196.02,Reliance Digital,NEFT,Success,Bengaluru,Mobile
TXN000009779,ACC0000050,2024-11-21,Credit,13306.92,Electricity Board,IMPS,Success,Bhopal,Web
TXN000009780,ACC0000976,2025-01-09,Debit,82870.01,School Fees,ATM,Pending,Lucknow,POS
TXN000009781,ACC0000557,2024-06-11,Credit,138719.99,BigBasket,Cheque,Success,Kochi,Web
TXN000009782,ACC0000701,2024-12-05,Debit,138236.99,DMart,IMPS,Success,Bhopal,POS
TXN000009783,ACC0000161,2024-08-15,Credit,128838.12,Insurance Premium,RTGS,Success,Delhi,Web
TXN000009784,ACC0000478,2025-10-24,Debit,69403.44,Myntra,POS,Success,Jaipur,Branch
TXN000009785,ACC0000327,2026-02-05,Debit,107201.1,DMart,UPI,Success,Chennai,Branch
TXN000009786,ACC0001037,2025-08-11,Credit,68093.25,IRCTC,RTGS,Success,Ahmedabad,POS
TXN000009787,ACC0000907,2026-02-22,Credit,88511.32,BigBasket,IMPS,Success,Bengaluru,POS
TXN000009788,ACC0000823,2026-04-25,Debit,87331.12,Zomato,UPI,Success,Pune,Branch
TXN000009789,ACC0000332,2024-12-14,Credit,33620.24,Amazon,Cheque,Success,Mumbai,Mobile
TXN000009790,ACC0000701,2026-02-20,Credit,60658.45,Uber,NEFT,Success,Chandigarh,POS
TXN000009791,ACC0000564,2024-07-24,Debit,143143.34,Zomato,IMPS,Success,Bhopal,Branch
TXN000009792,ACC0000259,2024-03-22,Debit,146437.01,Flipkart,ATM,Failed,Kochi,Branch
TXN000009793,ACC0001362,2025-01-27,Credit,16282.66,School Fees,RTGS,Failed,Delhi,Mobile
TXN000009794,ACC0001122,2025-01-26,Credit,59553.66,Uber,IMPS,Success,Chennai,Branch
TXN000009795,ACC0000515,2024-03-29,Debit,128133.73,BigBasket,RTGS,Success,Chennai,Branch
TXN000009796,ACC0000628,2025-02-14,Credit,66529.81,Swiggy,RTGS,Success,Chennai,POS
TXN000009797,ACC0001160,2024-12-28,Debit,30207.65,Electricity Board,POS,Success,Delhi,ATM
TXN000009798,ACC0000961,2025-04-03,Credit,41768.57,Zomato,NetBanking,Pending,Bhopal,ATM
TXN000009799,ACC0001237,2025-12-29,Credit,26574.83,Swiggy,Cheque,Success,Lucknow,Web
TXN000009800,ACC0000719,2025-06-03,Debit,102702.8,Uber,RTGS,Success,Jaipur,Branch
TXN000009801,ACC0000886,2024-04-27,Credit,60959.82,Insurance Premium,ATM,Reversed,Ahmedabad,ATM
TXN000009802,ACC0000772,2024-10-02,Debit,23042.63,Myntra,IMPS,Success,Chandigarh,ATM
TXN000009803,ACC0001220,2026-01-11,Credit,17695.64,Uber,RTGS,Success,Bhopal,Mobile
TXN000009804,ACC0001018,2025-10-04,Debit,67126.2,School Fees,NetBanking,Failed,Mumbai,Mobile
TXN000009805,ACC0001251,2025-03-12,Credit,12140.26,Swiggy,Cheque,Success,Jaipur,Mobile
TXN000009806,ACC0000075,2025-01-01,Credit,37601.41,Ola,ATM,Success,Ahmedabad,Web
TXN000009807,ACC0000413,2024-05-17,Debit,10135.32,Flipkart,ATM,Success,Delhi,Branch
TXN000009808,ACC0000116,2025-04-15,Debit,3181.29,Ola,RTGS,Success,Hyderabad,ATM
TXN000009809,ACC0000183,2024-05-03,Credit,77454.85,DMart,IMPS,Success,Chennai,POS
TXN000009810,ACC0000121,2024-01-03,Debit,111507.47,Ola,NetBanking,Success,Lucknow,Branch
TXN000009811,ACC0000940,2024-07-26,Credit,39704.33,Netflix,Cheque,Failed,Jaipur,Mobile
TXN000009812,ACC0000761,2024-03-29,Credit,117109.26,Airtel,UPI,Success,Hyderabad,POS
TXN000009813,ACC0000514,2024-07-13,Debit,111972.46,Reliance Digital,ATM,Success,Ahmedabad,Branch
TXN000009814,ACC0001191,2024-08-08,Debit,142222.02,Insurance Premium,UPI,Success,Pune,Mobile
TXN000009815,ACC0000706,2025-02-13,Debit,93059.31,Netflix,Cheque,Success,Delhi,ATM
TXN000009816,ACC0001204,2025-01-06,Debit,109926.52,Swiggy,ATM,Success,Bengaluru,Mobile
TXN000009817,ACC0000350,2025-02-18,Credit,149528.93,Netflix,NEFT,Success,Jaipur,ATM
TXN000009818,ACC0000120,2025-12-15,Credit,96110.67,Reliance Digital,UPI,Success,Hyderabad,ATM
TXN000009819,ACC0000033,2024-05-09,Credit,41559.21,BigBasket,UPI,Success,Jaipur,POS
TXN000009820,ACC0001304,2024-04-04,Debit,89849.08,School Fees,IMPS,Success,Chandigarh,ATM
TXN000009821,ACC0000725,2025-10-30,Debit,88988.75,Jio,UPI,Success,Bhopal,Web
TXN000009822,ACC0000037,2024-12-11,Debit,13472.46,IRCTC,NEFT,Success,Pune,ATM
TXN000009823,ACC0000542,2025-12-01,Credit,5611.38,Zomato,RTGS,Success,Pune,Web
TXN000009824,ACC0000370,2024-06-16,Debit,123140.89,IRCTC,NetBanking,Success,Bhopal,Mobile
TXN000009825,ACC0000535,2025-08-04,Debit,82994.37,Uber,NetBanking,Success,Pune,Mobile
TXN000009826,ACC0001038,2025-10-23,Credit,80901.06,DMart,NetBanking,Success,Jaipur,Branch
TXN000009827,ACC0000389,2026-04-12,Debit,89506.87,Zomato,Cheque,Pending,Hyderabad,Branch
TXN000009828,ACC0000051,2024-01-09,Debit,43884.02,DMart,UPI,Success,Mumbai,Mobile
TXN000009829,ACC0000595,2026-04-07,Debit,90438.49,Netflix,NetBanking,Success,Kochi,POS
TXN000009830,ACC0000517,2024-12-10,Credit,45012.09,Netflix,RTGS,Success,Mumbai,Branch
TXN000009831,ACC0000713,2025-07-03,Debit,127228.37,BigBasket,POS,Success,Bhopal,Branch
TXN000009832,ACC0000521,2026-02-12,Debit,43704.73,Airtel,UPI,Success,Lucknow,Web
TXN000009833,ACC0000975,2025-08-07,Debit,41287.45,Airtel,NEFT,Success,Jaipur,Mobile
TXN000009834,ACC0001322,2024-03-15,Debit,46266.8,Swiggy,ATM,Success,Bhopal,Mobile
TXN000009835,ACC0000975,2024-06-02,Credit,49793.58,Airtel,Cheque,Success,Pune,POS
TXN000009836,ACC0000155,2024-01-20,Debit,35948.92,Amazon,UPI,Success,Hyderabad,ATM
TXN000009837,ACC0000681,2025-09-08,Credit,105017.94,Ola,POS,Success,Bengaluru,ATM
TXN000009838,ACC0000663,2026-03-01,Credit,115423.07,IRCTC,RTGS,Success,Lucknow,Mobile
TXN000009839,ACC0000376,2025-09-08,Debit,47990.1,DMart,NetBanking,Success,Kochi,Branch
TXN000009840,ACC0000205,2025-08-14,Debit,31149.19,Myntra,Cheque,Success,Pune,ATM
TXN000009841,ACC0000153,2024-01-14,Credit,6570.76,BigBasket,UPI,Success,Kochi,Branch
TXN000009842,ACC0001137,2024-09-02,Debit,143274.4,Amazon,Cheque,Success,Kochi,Web
TXN000009843,ACC0000977,2025-01-27,Debit,68109.72,School Fees,NEFT,Success,Bengaluru,Branch
TXN000009844,ACC0000979,2024-08-13,Debit,13701.22,Netflix,NetBanking,Success,Jaipur,Mobile
TXN000009845,ACC0001061,2025-07-19,Debit,108228.16,IRCTC,IMPS,Success,Delhi,ATM
TXN000009846,ACC0001009,2024-06-15,Debit,88519.7,Airtel,Cheque,Success,Hyderabad,Branch
TXN000009847,ACC0001021,2026-03-14,Credit,79331.14,BigBasket,NetBanking,Success,Ahmedabad,ATM
TXN000009848,ACC0000333,2024-03-22,Credit,96370.55,Electricity Board,RTGS,Success,Pune,Web
TXN000009849,ACC0001078,2025-02-28,Credit,80076.66,Swiggy,Cheque,Success,Lucknow,Mobile
TXN000009850,ACC0000791,2026-03-15,Credit,128745.44,Fuel Station,NetBanking,Success,Chennai,Web
TXN000009851,ACC0000302,2025-09-08,Debit,29701.13,Zomato,NEFT,Success,Chandigarh,ATM
TXN000009852,ACC0000179,2024-03-28,Credit,148024.51,Swiggy,Cheque,Success,Ahmedabad,Branch
TXN000009853,ACC0000646,2025-11-09,Debit,74259.26,Reliance Digital,UPI,Success,Jaipur,Branch
TXN000009854,ACC0000082,2024-02-05,Credit,45180.6,Swiggy,NEFT,Success,Pune,POS
TXN000009855,ACC0000197,2025-09-26,Debit,94673.42,Fuel Station,IMPS,Success,Chennai,Mobile
TXN000009856,ACC0000564,2024-06-05,Credit,12885.35,Reliance Digital,NEFT,Success,Bengaluru,Branch
TXN000009857,ACC0000183,2024-01-23,Debit,35398.99,DMart,Cheque,Success,Delhi,Web
TXN000009858,ACC0000790,2025-12-12,Credit,8429.67,Netflix,ATM,Success,Bhopal,Web
TXN000009859,ACC0000222,2024-12-19,Credit,22949.34,Netflix,NEFT,Success,Ahmedabad,ATM
TXN000009860,ACC0000350,2025-11-14,Credit,14937.63,IRCTC,Cheque,Pending,Mumbai,ATM
TXN000009861,ACC0000751,2024-05-03,Debit,52715.74,Ola,Cheque,Success,Jaipur,Web
TXN000009862,ACC0000870,2025-03-16,Credit,8071.73,Swiggy,RTGS,Success,Jaipur,ATM
TXN000009863,ACC0001343,2024-11-27,Debit,21930.0,IRCTC,RTGS,Success,Kochi,ATM
TXN000009864,ACC0000065,2024-02-28,Debit,42964.75,Reliance Digital,Cheque,Success,Chennai,Mobile
TXN000009865,ACC0000468,2024-08-12,Debit,71751.59,Reliance Digital,ATM,Success,Pune,POS
TXN000009866,ACC0001352,2024-07-31,Credit,105525.01,Reliance Digital,RTGS,Success,Jaipur,POS
TXN000009867,ACC0000839,2025-07-26,Credit,117050.18,IRCTC,UPI,Success,Lucknow,Mobile
TXN000009868,ACC0000019,2025-02-11,Debit,6590.24,Fuel Station,NetBanking,Success,Hyderabad,ATM
TXN000009869,ACC0001274,2026-01-15,Debit,109130.7,Electricity Board,IMPS,Success,Pune,Mobile
TXN000009870,ACC0001168,2025-02-17,Credit,11639.93,School Fees,NEFT,Success,Chandigarh,Branch
TXN000009871,ACC0001174,2025-04-26,Debit,7098.46,Electricity Board,RTGS,Success,Delhi,ATM
TXN000009872,ACC0000359,2026-01-30,Debit,77854.39,Fuel Station,Cheque,Success,Kochi,Web
TXN000009873,ACC0000039,2025-12-05,Debit,69412.8,Airtel,ATM,Success,Pune,POS
TXN000009874,ACC0000384,2025-07-19,Debit,17996.87,Fuel Station,UPI,Success,Chandigarh,Web
TXN000009875,ACC0000763,2024-11-30,Debit,112312.53,School Fees,Cheque,Success,Ahmedabad,ATM
TXN000009876,ACC0001067,2024-08-07,Debit,101672.11,Netflix,NEFT,Success,Mumbai,POS
TXN000009877,ACC0000332,2024-12-19,Debit,61081.78,BigBasket,NEFT,Success,Bengaluru,Mobile
TXN000009878,ACC0000636,2024-12-17,Credit,139259.89,Fuel Station,UPI,Success,Hyderabad,POS
TXN000009879,ACC0000036,2024-09-19,Credit,60323.98,Netflix,NetBanking,Success,Lucknow,POS
TXN000009880,ACC0001280,2025-02-09,Debit,53052.65,Ola,UPI,Success,Chandigarh,Mobile
TXN000009881,ACC0000501,2025-12-27,Debit,144671.33,IRCTC,Cheque,Success,Jaipur,Web
TXN000009882,ACC0001187,2025-09-20,Debit,51515.8,School Fees,ATM,Success,Chandigarh,Mobile
TXN000009883,ACC0000852,2025-04-05,Debit,86652.48,Flipkart,ATM,Success,Pune,POS
TXN000009884,ACC0001331,2024-07-31,Debit,147985.86,Fuel Station,ATM,Success,Pune,POS
TXN000009885,ACC0000238,2026-03-25,Credit,98777.22,Zomato,NEFT,Success,Delhi,Branch
TXN000009886,ACC0001236,2026-01-01,Credit,135341.54,School Fees,Cheque,Success,Bhopal,ATM
TXN000009887,ACC0000541,2024-06-01,Debit,87824.32,Zomato,UPI,Success,Chandigarh,POS
TXN000009888,ACC0000539,2025-07-28,Credit,14679.28,Myntra,ATM,Success,Lucknow,Branch
TXN000009889,ACC0001343,2024-06-14,Credit,63262.07,BigBasket,POS,Success,Kochi,ATM
TXN000009890,ACC0000275,2024-06-29,Debit,91261.74,Ola,NetBanking,Success,Bhopal,ATM
TXN000009891,ACC0000723,2025-09-03,Debit,61150.02,School Fees,ATM,Reversed,Lucknow,Branch
TXN000009892,ACC0000049,2024-09-30,Debit,20211.91,Jio,IMPS,Success,Pune,ATM
TXN000009893,ACC0000067,2024-04-09,Credit,80555.99,BigBasket,RTGS,Success,Bengaluru,Web
TXN000009894,ACC0000496,2024-12-08,Debit,106351.99,Netflix,NEFT,Success,Kochi,Web
TXN000009895,ACC0001016,2025-03-29,Credit,115619.13,Myntra,ATM,Failed,Lucknow,Mobile
TXN000009896,ACC0000983,2024-08-09,Debit,89918.44,Fuel Station,NetBanking,Success,Lucknow,POS
TXN000009897,ACC0000275,2026-05-15,Debit,145653.74,DMart,NetBanking,Failed,Lucknow,Mobile
TXN000009898,ACC0000486,2026-05-03,Debit,6224.8,Airtel,UPI,Failed,Bengaluru,ATM
TXN000009899,ACC0000572,2026-04-07,Debit,11518.52,School Fees,Cheque,Success,Hyderabad,POS
TXN000009900,ACC0001222,2025-03-13,Credit,85759.54,Electricity Board,NetBanking,Success,Ahmedabad,Web
TXN000009901,ACC0000060,2024-11-12,Credit,122156.27,IRCTC,RTGS,Success,Delhi,POS
TXN000009902,ACC0000106,2024-04-28,Debit,97100.94,Jio,NetBanking,Success,Mumbai,POS
TXN000009903,ACC0000889,2025-11-24,Debit,46577.75,Electricity Board,NetBanking,Success,Bhopal,Web
TXN000009904,ACC0001264,2024-07-17,Debit,22743.22,Ola,Cheque,Success,Lucknow,POS
TXN000009905,ACC0000027,2024-09-15,Debit,107570.87,Insurance Premium,UPI,Pending,Mumbai,Branch
TXN000009906,ACC0000375,2024-02-17,Debit,57414.38,IRCTC,UPI,Success,Chennai,POS
TXN000009907,ACC0000512,2026-01-09,Credit,36983.29,Reliance Digital,UPI,Success,Jaipur,POS
TXN000009908,ACC0000289,2024-02-29,Credit,106895.41,IRCTC,RTGS,Success,Hyderabad,POS
TXN000009909,ACC0000015,2025-01-31,Debit,97269.02,BigBasket,RTGS,Success,Ahmedabad,Mobile
TXN000009910,ACC0000468,2025-01-24,Debit,28919.93,Ola,UPI,Failed,Bengaluru,Web
TXN000009911,ACC0000124,2025-09-19,Debit,51108.43,BigBasket,UPI,Success,Bengaluru,ATM
TXN000009912,ACC0000358,2024-03-31,Debit,121258.91,Zomato,NetBanking,Success,Bhopal,Branch
TXN000009913,ACC0001309,2024-11-11,Debit,60640.96,Electricity Board,Cheque,Success,Chennai,POS
TXN000009914,ACC0000748,2025-07-26,Credit,145222.99,Fuel Station,ATM,Success,Delhi,ATM
TXN000009915,ACC0000808,2024-07-13,Debit,65416.87,Netflix,POS,Success,Mumbai,Mobile
TXN000009916,ACC0000233,2025-07-12,Debit,99745.36,Zomato,NEFT,Success,Delhi,Mobile
TXN000009917,ACC0001195,2024-07-26,Credit,118468.73,Swiggy,RTGS,Pending,Bengaluru,Web
TXN000009918,ACC0000242,2024-04-13,Credit,5402.31,Amazon,ATM,Success,Hyderabad,Web
TXN000009919,ACC0000501,2026-04-07,Debit,99103.36,IRCTC,UPI,Success,Kochi,ATM
TXN000009920,ACC0000467,2025-01-27,Credit,42382.68,Zomato,POS,Pending,Ahmedabad,ATM
TXN000009921,ACC0001362,2025-12-09,Credit,2556.58,Netflix,NEFT,Success,Delhi,Branch
TXN000009922,ACC0000436,2024-06-16,Credit,22468.59,Airtel,NEFT,Success,Chennai,Mobile
TXN000009923,ACC0001148,2024-02-14,Credit,65035.85,Swiggy,ATM,Success,Pune,Mobile
TXN000009924,ACC0000827,2025-11-14,Credit,91819.1,Insurance Premium,NetBanking,Success,Jaipur,POS
TXN000009925,ACC0000566,2025-09-23,Debit,97945.2,Flipkart,NetBanking,Success,Bengaluru,Branch
TXN000009926,ACC0000148,2026-01-27,Credit,90120.21,Amazon,NEFT,Success,Chennai,POS
TXN000009927,ACC0001056,2024-03-15,Credit,22512.38,Amazon,Cheque,Pending,Bengaluru,POS
TXN000009928,ACC0001071,2025-08-18,Credit,18441.24,Netflix,NetBanking,Failed,Hyderabad,ATM
TXN000009929,ACC0000546,2025-09-27,Credit,94778.37,Netflix,UPI,Success,Bengaluru,Branch
TXN000009930,ACC0000420,2025-07-02,Credit,116438.67,BigBasket,NetBanking,Success,Chandigarh,Mobile
TXN000009931,ACC0001358,2024-01-30,Credit,56154.85,Uber,NEFT,Success,Lucknow,ATM
TXN000009932,ACC0000634,2024-01-02,Credit,124410.36,IRCTC,IMPS,Success,Delhi,Mobile
TXN000009933,ACC0001045,2024-05-17,Credit,18080.25,Swiggy,POS,Success,Mumbai,Mobile
TXN000009934,ACC0001206,2025-03-19,Debit,110455.41,Airtel,NetBanking,Success,Pune,Branch
TXN000009935,ACC0000777,2024-10-09,Debit,29879.42,Insurance Premium,Cheque,Success,Lucknow,ATM
TXN000009936,ACC0001315,2024-03-07,Credit,27267.04,Flipkart,NetBanking,Success,Kochi,Branch
TXN000009937,ACC0000407,2026-02-13,Debit,81933.95,Jio,NEFT,Success,Kochi,Branch
TXN000009938,ACC0000826,2025-04-29,Debit,27570.43,Myntra,RTGS,Success,Lucknow,ATM
TXN000009939,ACC0000533,2024-05-30,Credit,44399.42,Amazon,Cheque,Success,Chandigarh,ATM
TXN000009940,ACC0000648,2024-10-09,Debit,67956.11,Jio,Cheque,Success,Bhopal,POS
TXN000009941,ACC0000210,2025-10-08,Credit,4743.78,IRCTC,IMPS,Success,Mumbai,POS
TXN000009942,ACC0000037,2025-03-20,Credit,11756.52,Flipkart,UPI,Success,Lucknow,POS
TXN000009943,ACC0001060,2025-07-23,Credit,120362.8,Airtel,UPI,Success,Chennai,Mobile
TXN000009944,ACC0001171,2025-07-08,Debit,44994.92,Insurance Premium,IMPS,Success,Lucknow,ATM
TXN000009945,ACC0001301,2024-01-19,Credit,130065.92,School Fees,IMPS,Success,Jaipur,ATM
TXN000009946,ACC0000094,2024-10-16,Debit,90079.68,Jio,Cheque,Success,Bhopal,Web
TXN000009947,ACC0000817,2025-05-21,Debit,30639.17,Uber,NEFT,Success,Lucknow,Branch
TXN000009948,ACC0000676,2025-12-06,Credit,84787.0,Uber,POS,Success,Delhi,Branch
TXN000009949,ACC0000471,2024-03-10,Credit,70015.8,Airtel,Cheque,Success,Delhi,Web
TXN000009950,ACC0000290,2025-03-29,Credit,69167.3,Ola,Cheque,Success,Bengaluru,POS
TXN000009951,ACC0000534,2026-01-21,Debit,22100.59,Uber,Cheque,Failed,Ahmedabad,Web
TXN000009952,ACC0001100,2025-08-13,Debit,69187.12,Myntra,RTGS,Success,Mumbai,Mobile
TXN000009953,ACC0000325,2025-01-10,Credit,31921.84,Ola,IMPS,Success,Ahmedabad,Branch
TXN000009954,ACC0000708,2025-10-22,Debit,60626.56,Ola,NetBanking,Success,Jaipur,POS
TXN000009955,ACC0000509,2026-01-24,Credit,87409.45,Swiggy,RTGS,Failed,Delhi,ATM
TXN000009956,ACC0001244,2025-07-18,Credit,50978.07,BigBasket,NetBanking,Success,Ahmedabad,POS
TXN000009957,ACC0000183,2024-02-08,Debit,68506.79,Insurance Premium,NEFT,Success,Kochi,Branch
TXN000009958,ACC0000646,2026-03-14,Credit,38899.58,Fuel Station,ATM,Success,Chennai,POS
TXN000009959,ACC0000871,2024-07-24,Debit,10489.67,Jio,RTGS,Success,Bhopal,Branch
TXN000009960,ACC0000134,2026-05-13,Debit,59916.92,Fuel Station,NetBanking,Success,Jaipur,ATM
TXN000009961,ACC0001188,2024-04-20,Debit,139453.49,Jio,NetBanking,Success,Kochi,POS
TXN000009962,ACC0001107,2024-04-04,Credit,102627.29,Fuel Station,ATM,Success,Chandigarh,Branch
TXN000009963,ACC0000405,2025-02-22,Credit,86144.14,Amazon,NetBanking,Success,Jaipur,ATM
TXN000009964,ACC0001111,2025-08-02,Debit,71723.12,Amazon,NEFT,Success,Mumbai,POS
TXN000009965,ACC0000168,2025-10-27,Debit,58272.71,DMart,NetBanking,Success,Mumbai,Branch
TXN000009966,ACC0000359,2025-08-09,Debit,94733.15,Reliance Digital,RTGS,Success,Mumbai,POS
TXN000009967,ACC0000003,2025-01-03,Credit,25598.19,Electricity Board,NetBanking,Success,Pune,Mobile
TXN000009968,ACC0000124,2024-08-23,Debit,137621.24,IRCTC,NEFT,Failed,Chandigarh,Branch
TXN000009969,ACC0000663,2024-07-20,Debit,94141.72,Zomato,Cheque,Success,Mumbai,ATM
TXN000009970,ACC0000111,2026-03-19,Debit,14347.36,Netflix,IMPS,Success,Hyderabad,ATM
TXN000009971,ACC0000085,2024-01-28,Credit,141647.6,Airtel,UPI,Success,Kochi,Mobile
TXN000009972,ACC0001399,2025-11-27,Debit,120541.32,Amazon,NEFT,Success,Pune,POS
TXN000009973,ACC0000679,2025-07-17,Credit,14931.55,Netflix,Cheque,Success,Hyderabad,ATM
TXN000009974,ACC0000328,2026-01-08,Credit,96615.19,Uber,UPI,Success,Bengaluru,POS
TXN000009975,ACC0000733,2025-03-06,Debit,140539.55,Amazon,NetBanking,Success,Chennai,Mobile
TXN000009976,ACC0001194,2024-08-12,Debit,110891.42,Fuel Station,POS,Success,Delhi,Branch
TXN000009977,ACC0000763,2024-06-23,Credit,97855.62,Fuel Station,Cheque,Success,Jaipur,POS
TXN000009978,ACC0001313,2026-04-25,Debit,9980.38,Electricity Board,ATM,Success,Delhi,Web
TXN000009979,ACC0000557,2025-03-22,Debit,33321.34,Reliance Digital,RTGS,Success,Kochi,POS
TXN000009980,ACC0000410,2025-08-29,Debit,93296.25,Jio,RTGS,Success,Chennai,Branch
TXN000009981,ACC0000770,2025-10-03,Credit,55859.6,Jio,RTGS,Success,Mumbai,Web
TXN000009982,ACC0000942,2024-09-12,Debit,23925.48,Electricity Board,NEFT,Success,Bengaluru,POS
TXN000009983,ACC0001165,2025-06-12,Debit,15726.91,Uber,Cheque,Failed,Chennai,ATM
TXN000009984,ACC0000165,2024-12-06,Debit,26306.38,Amazon,POS,Success,Chandigarh,Web
TXN000009985,ACC0000864,2025-09-15,Debit,119235.06,Reliance Digital,NetBanking,Success,Bengaluru,Web
TXN000009986,ACC0000085,2025-05-14,Debit,131458.64,Myntra,POS,Success,Bengaluru,POS
TXN000009987,ACC0001298,2025-12-02,Credit,95519.72,Fuel Station,IMPS,Success,Delhi,Web
TXN000009988,ACC0000262,2024-12-17,Debit,41113.19,BigBasket,IMPS,Success,Jaipur,ATM
TXN000009989,ACC0000503,2026-03-11,Debit,102478.55,Swiggy,RTGS,Pending,Delhi,Web
TXN000009990,ACC0000278,2025-04-25,Debit,59290.55,Ola,NetBanking,Success,Bhopal,ATM
TXN000009991,ACC0000975,2024-01-16,Credit,125281.25,Reliance Digital,POS,Success,Jaipur,ATM
TXN000009992,ACC0000175,2025-02-11,Debit,50594.34,Zomato,IMPS,Success,Pune,Mobile
TXN000009993,ACC0000629,2024-06-20,Debit,124090.55,Zomato,Cheque,Success,Pune,ATM
TXN000009994,ACC0000761,2025-09-27,Debit,123026.18,Airtel,Cheque,Success,Mumbai,Mobile
TXN000009995,ACC0000418,2024-02-26,Credit,52438.18,Jio,Cheque,Success,Jaipur,Branch
TXN000009996,ACC0001361,2026-03-09,Debit,27900.28,Airtel,NEFT,Success,Pune,ATM
TXN000009997,ACC0000906,2025-05-11,Debit,135651.25,BigBasket,ATM,Success,Ahmedabad,ATM
TXN000009998,ACC0000453,2025-05-01,Credit,9815.08,Uber,IMPS,Success,Chandigarh,ATM
TXN000009999,ACC0001235,2025-11-03,Credit,45123.79,Reliance Digital,NetBanking,Success,Mumbai,Branch
TXN000010000,ACC0000168,2024-04-14,Credit,12404.8,Netflix,POS,Failed,Jaipur,Web
