account_id,customer_id,branch_id,account_type,account_number,open_date,balance,status,currency,nominee_registered
ACC0000001,CUST000135,BR0042,Fixed Deposit,100000000001,2014-08-06,959274.87,Inactive,INR,Yes
ACC0000002,CUST000214,BR0001,Savings,100000000002,2022-10-11,41030.27,Active,INR,No
ACC0000003,CUST000569,BR0048,Savings,100000000003,2014-04-02,341049.42,Active,INR,No
ACC0000004,CUST000396,BR0038,Current,100000000004,2023-01-02,173314.82,Closed,INR,Yes
ACC0000005,CUST000434,BR0029,Fixed Deposit,100000000005,2021-11-22,863373.26,Active,INR,No
ACC0000006,CUST000154,BR0048,Savings,100000000006,2020-03-19,1015232.92,Frozen,INR,Yes
ACC0000007,CUST000942,BR0024,Savings,100000000007,2013-07-24,631230.28,Active,INR,Yes
ACC0000008,CUST000725,BR0035,Salary,100000000008,2014-05-17,884586.89,Active,INR,Yes
ACC0000009,CUST000130,BR0013,Current,100000000009,2012-02-28,752480.9,Active,INR,Yes
ACC0000010,CUST000387,BR0048,Savings,100000000010,2014-01-06,623748.92,Active,INR,No
ACC0000011,CUST000164,BR0014,Salary,100000000011,2022-05-22,414336.02,Active,INR,No
ACC0000012,CUST000414,BR0034,Salary,100000000012,2022-03-24,212740.92,Active,INR,No
ACC0000013,CUST000492,BR0030,Savings,100000000013,2020-02-23,674668.54,Active,INR,Yes
ACC0000014,CUST000389,BR0010,Fixed Deposit,100000000014,2012-09-24,390858.37,Active,INR,No
ACC0000015,CUST000392,BR0043,Current,100000000015,2014-04-17,471298.43,Active,INR,Yes
ACC0000016,CUST000736,BR0029,Recurring Deposit,100000000016,2022-07-07,211071.02,Active,INR,Yes
ACC0000017,CUST000204,BR0029,Salary,100000000017,2016-11-14,1110991.08,Active,INR,Yes
ACC0000018,CUST000980,BR0002,Savings,100000000018,2015-11-14,186652.38,Closed,INR,Yes
ACC0000019,CUST000759,BR0027,Fixed Deposit,100000000019,2014-04-05,879499.75,Active,INR,Yes
ACC0000020,CUST000656,BR0020,Savings,100000000020,2024-05-07,173075.61,Inactive,INR,No
ACC0000021,CUST000669,BR0024,Salary,100000000021,2017-06-26,947327.35,Active,INR,Yes
ACC0000022,CUST000328,BR0036,Fixed Deposit,100000000022,2017-12-25,501741.54,Active,INR,No
ACC0000023,CUST000755,BR0048,Fixed Deposit,100000000023,2016-11-27,194293.25,Active,INR,Yes
ACC0000024,CUST000965,BR0002,Current,100000000024,2017-11-08,1038587.09,Active,INR,No
ACC0000025,CUST000626,BR0046,Salary,100000000025,2016-01-18,1071979.65,Active,INR,No
ACC0000026,CUST000003,BR0012,Current,100000000026,2021-11-14,84324.03,Active,INR,Yes
ACC0000027,CUST000683,BR0039,Current,100000000027,2023-10-27,1092840.85,Active,INR,Yes
ACC0000028,CUST000503,BR0046,Fixed Deposit,100000000028,2019-05-01,166361.3,Closed,INR,Yes
ACC0000029,CUST000134,BR0010,Savings,100000000029,2014-03-18,162092.19,Active,INR,Yes
ACC0000030,CUST000562,BR0013,Savings,100000000030,2012-12-30,318741.22,Active,INR,No
ACC0000031,CUST000532,BR0033,Current,100000000031,2024-10-04,526324.75,Active,INR,No
ACC0000032,CUST000684,BR0033,Savings,100000000032,2017-04-23,765093.85,Active,INR,Yes
ACC0000033,CUST000818,BR0049,Salary,100000000033,2012-11-27,242793.24,Active,INR,No
ACC0000034,CUST000242,BR0025,Current,100000000034,2024-11-04,1026295.16,Active,INR,Yes
ACC0000035,CUST000472,BR0005,Savings,100000000035,2015-08-28,1144935.99,Inactive,INR,Yes
ACC0000036,CUST000024,BR0050,Savings,100000000036,2024-12-11,201392.35,Inactive,INR,No
ACC0000037,CUST000680,BR0002,Savings,100000000037,2016-06-16,573823.5,Active,INR,Yes
ACC0000038,CUST000059,BR0040,Salary,100000000038,2012-02-10,692070.74,Frozen,INR,Yes
ACC0000039,CUST000216,BR0044,Current,100000000039,2014-01-31,730632.3,Active,INR,No
ACC0000040,CUST000050,BR0041,Savings,100000000040,2015-05-28,139113.73,Active,INR,No
ACC0000041,CUST000420,BR0030,Salary,100000000041,2015-02-17,64677.4,Active,INR,Yes
ACC0000042,CUST000119,BR0008,Savings,100000000042,2014-05-06,155838.23,Active,INR,Yes
ACC0000043,CUST000633,BR0047,Savings,100000000043,2015-01-19,867737.73,Active,INR,No
ACC0000044,CUST000955,BR0016,Savings,100000000044,2025-12-21,896254.32,Active,INR,No
ACC0000045,CUST000586,BR0013,Savings,100000000045,2019-07-26,250478.09,Active,INR,Yes
ACC0000046,CUST000467,BR0042,Fixed Deposit,100000000046,2018-10-05,932090.18,Active,INR,No
ACC0000047,CUST000181,BR0007,Savings,100000000047,2012-07-05,947909.48,Active,INR,Yes
ACC0000048,CUST000945,BR0022,Fixed Deposit,100000000048,2024-12-05,798075.72,Frozen,INR,Yes
ACC0000049,CUST000611,BR0019,Savings,100000000049,2012-05-20,1008069.66,Active,INR,No
ACC0000050,CUST000991,BR0023,Salary,100000000050,2013-06-24,972652.3,Active,INR,Yes
ACC0000051,CUST000825,BR0014,Salary,100000000051,2024-10-04,715645.2,Active,INR,No
ACC0000052,CUST000844,BR0002,Salary,100000000052,2017-02-17,1162678.17,Active,INR,No
ACC0000053,CUST000196,BR0028,Fixed Deposit,100000000053,2024-04-30,392303.41,Active,INR,No
ACC0000054,CUST000781,BR0009,Savings,100000000054,2012-08-09,311599.04,Active,INR,Yes
ACC0000055,CUST000027,BR0010,Recurring Deposit,100000000055,2013-03-16,507240.52,Active,INR,Yes
ACC0000056,CUST000491,BR0015,Current,100000000056,2018-03-26,72840.6,Active,INR,Yes
ACC0000057,CUST000454,BR0047,Salary,100000000057,2013-11-30,517750.66,Inactive,INR,Yes
ACC0000058,CUST000423,BR0015,Savings,100000000058,2018-04-24,637491.12,Closed,INR,Yes
ACC0000059,CUST000351,BR0021,Savings,100000000059,2015-07-23,993407.28,Active,INR,Yes
ACC0000060,CUST000228,BR0045,Salary,100000000060,2018-05-27,39343.39,Active,INR,Yes
ACC0000061,CUST000631,BR0024,Fixed Deposit,100000000061,2021-02-04,1147928.59,Active,INR,No
ACC0000062,CUST000378,BR0028,Fixed Deposit,100000000062,2018-11-30,747676.24,Active,INR,No
ACC0000063,CUST000381,BR0019,Savings,100000000063,2015-11-13,1134951.3,Active,INR,Yes
ACC0000064,CUST000141,BR0017,Current,100000000064,2012-01-23,133117.0,Active,INR,Yes
ACC0000065,CUST000817,BR0033,Savings,100000000065,2016-08-24,32461.17,Inactive,INR,No
ACC0000066,CUST000568,BR0015,Savings,100000000066,2020-12-09,331765.9,Closed,INR,No
ACC0000067,CUST000166,BR0028,Current,100000000067,2024-03-17,16248.25,Active,INR,No
ACC0000068,CUST000459,BR0007,Savings,100000000068,2012-09-06,1042184.9,Active,INR,No
ACC0000069,CUST000722,BR0004,Current,100000000069,2016-05-20,610281.51,Active,INR,Yes
ACC0000070,CUST000253,BR0004,Current,100000000070,2017-02-20,398901.08,Closed,INR,No
ACC0000071,CUST000370,BR0034,Recurring Deposit,100000000071,2023-01-13,360633.76,Active,INR,Yes
ACC0000072,CUST000117,BR0046,Savings,100000000072,2012-05-22,678374.89,Active,INR,No
ACC0000073,CUST000458,BR0028,Salary,100000000073,2025-05-15,304885.91,Active,INR,Yes
ACC0000074,CUST000575,BR0001,Savings,100000000074,2016-06-29,728551.75,Active,INR,No
ACC0000075,CUST000945,BR0017,Salary,100000000075,2020-10-29,524452.22,Active,INR,No
ACC0000076,CUST000600,BR0005,Current,100000000076,2015-02-06,839522.97,Active,INR,Yes
ACC0000077,CUST000059,BR0018,Savings,100000000077,2021-07-18,120650.52,Closed,INR,Yes
ACC0000078,CUST000774,BR0005,Salary,100000000078,2013-02-18,536594.19,Active,INR,No
ACC0000079,CUST000128,BR0017,Savings,100000000079,2017-11-21,702884.74,Active,INR,Yes
ACC0000080,CUST000841,BR0046,Current,100000000080,2026-02-25,835877.45,Active,INR,No
ACC0000081,CUST000256,BR0043,Recurring Deposit,100000000081,2013-06-22,380340.76,Active,INR,No
ACC0000082,CUST000626,BR0039,Current,100000000082,2025-03-23,357505.82,Active,INR,No
ACC0000083,CUST000952,BR0026,Salary,100000000083,2023-11-14,1187642.62,Active,INR,Yes
ACC0000084,CUST000204,BR0030,Current,100000000084,2014-09-12,976491.53,Active,INR,No
ACC0000085,CUST000105,BR0027,Fixed Deposit,100000000085,2014-03-26,178553.62,Active,INR,Yes
ACC0000086,CUST000497,BR0031,Current,100000000086,2017-07-26,280342.01,Active,INR,No
ACC0000087,CUST000448,BR0012,Savings,100000000087,2023-07-24,803842.94,Active,INR,Yes
ACC0000088,CUST000626,BR0029,Salary,100000000088,2013-07-02,853928.52,Inactive,INR,Yes
ACC0000089,CUST000905,BR0028,Salary,100000000089,2015-02-17,32055.19,Active,INR,No
ACC0000090,CUST000840,BR0035,Salary,100000000090,2014-05-15,107282.87,Active,INR,Yes
ACC0000091,CUST000677,BR0043,Salary,100000000091,2026-02-23,963997.78,Active,INR,Yes
ACC0000092,CUST000871,BR0035,Fixed Deposit,100000000092,2013-11-16,282635.28,Active,INR,No
ACC0000093,CUST000923,BR0010,Fixed Deposit,100000000093,2013-11-15,1171225.56,Closed,INR,No
ACC0000094,CUST000951,BR0043,Current,100000000094,2013-08-01,1164624.59,Inactive,INR,No
ACC0000095,CUST000312,BR0035,Savings,100000000095,2014-09-12,541823.97,Inactive,INR,No
ACC0000096,CUST000535,BR0033,Salary,100000000096,2017-03-24,685519.61,Active,INR,No
ACC0000097,CUST000449,BR0001,Current,100000000097,2013-05-20,974338.41,Active,INR,Yes
ACC0000098,CUST000429,BR0031,Savings,100000000098,2014-02-06,994658.36,Active,INR,Yes
ACC0000099,CUST000390,BR0037,Savings,100000000099,2025-05-11,484173.79,Active,INR,Yes
ACC0000100,CUST000957,BR0011,Current,100000000100,2023-03-17,809371.39,Active,INR,Yes
ACC0000101,CUST000615,BR0043,Savings,100000000101,2023-04-27,180949.2,Active,INR,No
ACC0000102,CUST000593,BR0043,Fixed Deposit,100000000102,2022-09-13,797667.82,Active,INR,Yes
ACC0000103,CUST000603,BR0023,Savings,100000000103,2014-08-23,310752.4,Active,INR,No
ACC0000104,CUST000116,BR0023,Savings,100000000104,2023-02-01,1079554.59,Active,INR,Yes
ACC0000105,CUST000500,BR0019,Salary,100000000105,2024-05-28,670046.05,Active,INR,No
ACC0000106,CUST000363,BR0007,Salary,100000000106,2022-04-28,697449.98,Active,INR,No
ACC0000107,CUST000187,BR0019,Current,100000000107,2025-07-25,1111509.4,Active,INR,No
ACC0000108,CUST000856,BR0040,Savings,100000000108,2024-04-06,298761.58,Active,INR,No
ACC0000109,CUST000027,BR0018,Current,100000000109,2019-01-03,182451.43,Active,INR,Yes
ACC0000110,CUST000575,BR0022,Savings,100000000110,2015-03-12,192188.79,Closed,INR,Yes
ACC0000111,CUST000846,BR0041,Savings,100000000111,2024-03-03,656280.92,Active,INR,Yes
ACC0000112,CUST000273,BR0035,Savings,100000000112,2023-04-03,273928.5,Active,INR,No
ACC0000113,CUST000141,BR0017,Savings,100000000113,2015-05-24,1188718.94,Active,INR,No
ACC0000114,CUST000617,BR0037,Savings,100000000114,2012-06-29,748075.25,Active,INR,No
ACC0000115,CUST000076,BR0014,Recurring Deposit,100000000115,2014-07-14,704004.28,Active,INR,Yes
ACC0000116,CUST000367,BR0043,Salary,100000000116,2025-06-13,768296.36,Active,INR,Yes
ACC0000117,CUST000732,BR0027,Savings,100000000117,2016-10-13,570394.91,Active,INR,Yes
ACC0000118,CUST000350,BR0012,Recurring Deposit,100000000118,2012-12-24,1102061.59,Active,INR,Yes
ACC0000119,CUST000411,BR0022,Salary,100000000119,2012-06-28,1092056.7,Active,INR,No
ACC0000120,CUST000769,BR0020,Current,100000000120,2017-11-17,149920.91,Active,INR,No
ACC0000121,CUST000666,BR0003,Fixed Deposit,100000000121,2018-06-26,328683.31,Active,INR,No
ACC0000122,CUST000412,BR0005,Current,100000000122,2022-11-10,1075942.56,Closed,INR,Yes
ACC0000123,CUST000791,BR0034,Savings,100000000123,2017-10-20,713659.36,Active,INR,Yes
ACC0000124,CUST000560,BR0035,Recurring Deposit,100000000124,2012-01-24,1039625.35,Active,INR,Yes
ACC0000125,CUST000100,BR0018,Savings,100000000125,2018-01-27,496732.52,Active,INR,Yes
ACC0000126,CUST000807,BR0015,Salary,100000000126,2025-12-17,222057.21,Active,INR,No
ACC0000127,CUST000970,BR0017,Current,100000000127,2025-10-29,795969.96,Active,INR,Yes
ACC0000128,CUST000716,BR0038,Savings,100000000128,2025-11-15,659687.76,Active,INR,No
ACC0000129,CUST000581,BR0020,Salary,100000000129,2014-01-09,393128.28,Active,INR,No
ACC0000130,CUST000823,BR0043,Savings,100000000130,2014-10-13,736629.68,Active,INR,Yes
ACC0000131,CUST000060,BR0044,Salary,100000000131,2020-02-07,296052.6,Inactive,INR,Yes
ACC0000132,CUST000360,BR0008,Savings,100000000132,2013-10-05,507267.35,Active,INR,Yes
ACC0000133,CUST000853,BR0039,Current,100000000133,2024-06-14,969100.93,Active,INR,No
ACC0000134,CUST000255,BR0027,Recurring Deposit,100000000134,2014-10-27,120459.97,Active,INR,No
ACC0000135,CUST000382,BR0039,Savings,100000000135,2022-11-21,9710.16,Active,INR,No
ACC0000136,CUST000827,BR0009,Savings,100000000136,2025-01-06,300636.19,Active,INR,No
ACC0000137,CUST000385,BR0044,Fixed Deposit,100000000137,2024-06-26,736261.86,Active,INR,No
ACC0000138,CUST000052,BR0021,Salary,100000000138,2017-11-17,194614.22,Active,INR,No
ACC0000139,CUST000323,BR0028,Fixed Deposit,100000000139,2022-12-28,907641.43,Active,INR,Yes
ACC0000140,CUST000585,BR0029,Salary,100000000140,2018-12-02,921722.46,Closed,INR,Yes
ACC0000141,CUST000801,BR0033,Salary,100000000141,2012-08-24,510469.18,Active,INR,No
ACC0000142,CUST000265,BR0026,Fixed Deposit,100000000142,2014-12-07,1025218.73,Active,INR,No
ACC0000143,CUST000345,BR0045,Savings,100000000143,2014-06-07,476090.22,Active,INR,No
ACC0000144,CUST000235,BR0004,Savings,100000000144,2021-07-17,192736.84,Active,INR,Yes
ACC0000145,CUST000156,BR0019,Savings,100000000145,2022-02-19,514104.29,Inactive,INR,No
ACC0000146,CUST000319,BR0026,Savings,100000000146,2019-02-01,736121.12,Active,INR,Yes
ACC0000147,CUST000081,BR0012,Savings,100000000147,2014-03-29,111214.04,Inactive,INR,No
ACC0000148,CUST000547,BR0034,Current,100000000148,2013-05-06,7840.08,Inactive,INR,Yes
ACC0000149,CUST000111,BR0031,Current,100000000149,2020-11-18,577699.83,Active,INR,Yes
ACC0000150,CUST000201,BR0006,Savings,100000000150,2025-05-10,1059033.02,Active,INR,Yes
ACC0000151,CUST000954,BR0018,Savings,100000000151,2021-02-28,951137.72,Active,INR,No
ACC0000152,CUST000078,BR0010,Salary,100000000152,2015-09-10,64638.72,Active,INR,Yes
ACC0000153,CUST000754,BR0049,Fixed Deposit,100000000153,2019-09-03,273957.15,Active,INR,No
ACC0000154,CUST000888,BR0049,Current,100000000154,2022-05-06,665152.1,Closed,INR,Yes
ACC0000155,CUST000378,BR0017,Fixed Deposit,100000000155,2015-12-03,372060.66,Active,INR,Yes
ACC0000156,CUST000516,BR0021,Fixed Deposit,100000000156,2020-02-13,956400.63,Closed,INR,No
ACC0000157,CUST000049,BR0003,Salary,100000000157,2021-08-17,305730.38,Active,INR,No
ACC0000158,CUST000668,BR0030,Savings,100000000158,2015-04-08,1043909.46,Active,INR,Yes
ACC0000159,CUST000115,BR0009,Fixed Deposit,100000000159,2015-06-16,1121618.39,Frozen,INR,No
ACC0000160,CUST000789,BR0035,Current,100000000160,2023-01-07,818765.43,Active,INR,Yes
ACC0000161,CUST000462,BR0029,Fixed Deposit,100000000161,2020-12-05,917106.65,Active,INR,No
ACC0000162,CUST000661,BR0042,Salary,100000000162,2015-09-24,587397.61,Active,INR,No
ACC0000163,CUST000702,BR0011,Salary,100000000163,2022-08-25,424679.41,Active,INR,Yes
ACC0000164,CUST000821,BR0005,Current,100000000164,2020-09-05,1154798.28,Active,INR,No
ACC0000165,CUST000337,BR0046,Current,100000000165,2012-09-28,464242.29,Frozen,INR,Yes
ACC0000166,CUST000333,BR0047,Current,100000000166,2015-04-01,320485.01,Inactive,INR,No
ACC0000167,CUST000869,BR0015,Fixed Deposit,100000000167,2012-04-06,43398.82,Inactive,INR,Yes
ACC0000168,CUST000528,BR0005,Salary,100000000168,2020-11-20,528929.64,Active,INR,Yes
ACC0000169,CUST000863,BR0028,Savings,100000000169,2015-11-12,334985.54,Active,INR,No
ACC0000170,CUST000268,BR0017,Savings,100000000170,2023-12-04,252714.09,Active,INR,No
ACC0000171,CUST000705,BR0005,Current,100000000171,2025-11-23,261322.51,Active,INR,Yes
ACC0000172,CUST000016,BR0042,Salary,100000000172,2019-03-10,289487.82,Active,INR,Yes
ACC0000173,CUST000550,BR0030,Recurring Deposit,100000000173,2023-06-30,793454.04,Inactive,INR,No
ACC0000174,CUST000824,BR0040,Current,100000000174,2021-07-18,1185812.3,Active,INR,Yes
ACC0000175,CUST000907,BR0049,Salary,100000000175,2013-05-14,367637.02,Frozen,INR,No
ACC0000176,CUST000593,BR0045,Savings,100000000176,2022-10-01,126032.63,Active,INR,Yes
ACC0000177,CUST000260,BR0025,Savings,100000000177,2014-01-03,1034286.54,Frozen,INR,No
ACC0000178,CUST000728,BR0017,Savings,100000000178,2014-12-18,1085518.0,Active,INR,Yes
ACC0000179,CUST000607,BR0029,Savings,100000000179,2017-04-12,286301.46,Active,INR,Yes
ACC0000180,CUST001000,BR0008,Recurring Deposit,100000000180,2024-04-30,600213.03,Active,INR,Yes
ACC0000181,CUST000967,BR0037,Savings,100000000181,2015-11-13,620738.78,Active,INR,Yes
ACC0000182,CUST000729,BR0037,Current,100000000182,2016-10-03,201756.0,Active,INR,Yes
ACC0000183,CUST000016,BR0012,Savings,100000000183,2012-01-18,20024.8,Active,INR,No
ACC0000184,CUST000473,BR0028,Savings,100000000184,2013-01-06,1092093.88,Active,INR,No
ACC0000185,CUST000733,BR0025,Savings,100000000185,2024-04-14,100791.88,Active,INR,No
ACC0000186,CUST000393,BR0006,Savings,100000000186,2017-04-11,1077340.41,Active,INR,No
ACC0000187,CUST000666,BR0016,Current,100000000187,2013-11-27,707764.34,Active,INR,No
ACC0000188,CUST000283,BR0027,Salary,100000000188,2024-05-05,769996.67,Active,INR,No
ACC0000189,CUST000419,BR0038,Savings,100000000189,2014-03-11,42325.62,Active,INR,Yes
ACC0000190,CUST000469,BR0049,Savings,100000000190,2016-02-03,4708.22,Active,INR,No
ACC0000191,CUST000967,BR0022,Recurring Deposit,100000000191,2025-03-12,455337.69,Active,INR,No
ACC0000192,CUST000021,BR0045,Savings,100000000192,2021-09-15,1166946.71,Active,INR,No
ACC0000193,CUST000276,BR0006,Savings,100000000193,2020-10-24,1099409.78,Active,INR,Yes
ACC0000194,CUST000726,BR0006,Salary,100000000194,2017-01-15,1184144.48,Active,INR,No
ACC0000195,CUST000555,BR0021,Savings,100000000195,2025-10-09,981624.91,Inactive,INR,No
ACC0000196,CUST000791,BR0040,Current,100000000196,2023-09-22,738403.05,Active,INR,Yes
ACC0000197,CUST000441,BR0027,Current,100000000197,2018-08-07,664976.33,Active,INR,No
ACC0000198,CUST000164,BR0025,Current,100000000198,2012-05-06,633781.4,Active,INR,Yes
ACC0000199,CUST000484,BR0034,Recurring Deposit,100000000199,2022-11-19,938016.34,Active,INR,Yes
ACC0000200,CUST000380,BR0038,Savings,100000000200,2020-02-21,544514.39,Active,INR,No
ACC0000201,CUST000919,BR0025,Savings,100000000201,2025-05-03,284478.68,Active,INR,Yes
ACC0000202,CUST000136,BR0028,Fixed Deposit,100000000202,2020-01-15,545735.28,Closed,INR,Yes
ACC0000203,CUST000390,BR0001,Savings,100000000203,2013-10-06,664178.58,Active,INR,No
ACC0000204,CUST000957,BR0009,Fixed Deposit,100000000204,2022-05-04,433767.69,Active,INR,Yes
ACC0000205,CUST000472,BR0032,Current,100000000205,2014-01-09,805321.57,Active,INR,No
ACC0000206,CUST000395,BR0039,Savings,100000000206,2013-09-03,116338.11,Active,INR,Yes
ACC0000207,CUST000288,BR0006,Current,100000000207,2025-04-13,483674.12,Active,INR,No
ACC0000208,CUST000182,BR0011,Savings,100000000208,2022-09-16,401453.78,Active,INR,No
ACC0000209,CUST000055,BR0046,Fixed Deposit,100000000209,2017-12-05,865346.81,Active,INR,Yes
ACC0000210,CUST000108,BR0036,Savings,100000000210,2018-08-02,447731.67,Active,INR,Yes
ACC0000211,CUST000327,BR0028,Salary,100000000211,2014-11-01,3961.93,Active,INR,Yes
ACC0000212,CUST000865,BR0024,Current,100000000212,2012-01-01,852512.79,Active,INR,Yes
ACC0000213,CUST000065,BR0041,Savings,100000000213,2019-09-04,492305.49,Closed,INR,No
ACC0000214,CUST000176,BR0014,Salary,100000000214,2018-03-31,1017218.17,Active,INR,Yes
ACC0000215,CUST000516,BR0011,Fixed Deposit,100000000215,2025-09-14,394053.98,Active,INR,No
ACC0000216,CUST000006,BR0004,Savings,100000000216,2023-09-01,782513.61,Inactive,INR,Yes
ACC0000217,CUST000165,BR0045,Savings,100000000217,2022-02-24,288824.39,Active,INR,No
ACC0000218,CUST000075,BR0025,Fixed Deposit,100000000218,2024-02-29,1109073.08,Active,INR,No
ACC0000219,CUST000007,BR0031,Savings,100000000219,2019-11-18,1131593.89,Active,INR,Yes
ACC0000220,CUST000094,BR0008,Current,100000000220,2012-01-09,732696.88,Active,INR,Yes
ACC0000221,CUST000836,BR0043,Savings,100000000221,2016-03-03,513170.71,Active,INR,Yes
ACC0000222,CUST000762,BR0024,Savings,100000000222,2021-11-18,64361.51,Active,INR,Yes
ACC0000223,CUST000045,BR0003,Current,100000000223,2021-08-25,712581.3,Active,INR,Yes
ACC0000224,CUST000980,BR0031,Savings,100000000224,2013-12-10,1052769.25,Active,INR,No
ACC0000225,CUST000576,BR0046,Savings,100000000225,2018-07-28,272790.51,Active,INR,No
ACC0000226,CUST000424,BR0038,Current,100000000226,2016-10-13,1038312.81,Active,INR,Yes
ACC0000227,CUST000610,BR0017,Savings,100000000227,2022-08-04,919306.33,Active,INR,Yes
ACC0000228,CUST000983,BR0040,Salary,100000000228,2023-07-18,1110871.71,Closed,INR,Yes
ACC0000229,CUST000825,BR0020,Salary,100000000229,2013-11-08,256254.26,Active,INR,Yes
ACC0000230,CUST000037,BR0017,Savings,100000000230,2015-06-13,422478.11,Active,INR,No
ACC0000231,CUST000228,BR0044,Savings,100000000231,2022-07-03,1070936.03,Active,INR,No
ACC0000232,CUST000449,BR0017,Current,100000000232,2017-06-05,405205.43,Inactive,INR,No
ACC0000233,CUST000543,BR0004,Savings,100000000233,2018-02-14,1174826.81,Active,INR,No
ACC0000234,CUST000459,BR0013,Current,100000000234,2016-11-29,1187676.86,Frozen,INR,No
ACC0000235,CUST000954,BR0035,Current,100000000235,2024-04-09,364715.86,Active,INR,Yes
ACC0000236,CUST000392,BR0041,Recurring Deposit,100000000236,2018-09-06,487367.69,Active,INR,Yes
ACC0000237,CUST000339,BR0022,Savings,100000000237,2021-12-18,1112450.87,Active,INR,No
ACC0000238,CUST000369,BR0029,Current,100000000238,2019-11-27,96533.92,Closed,INR,Yes
ACC0000239,CUST000211,BR0037,Savings,100000000239,2012-03-20,713082.91,Active,INR,No
ACC0000240,CUST000924,BR0050,Savings,100000000240,2012-12-14,592314.72,Active,INR,Yes
ACC0000241,CUST000683,BR0039,Savings,100000000241,2017-03-28,120125.98,Active,INR,Yes
ACC0000242,CUST000474,BR0050,Current,100000000242,2020-09-12,114158.29,Frozen,INR,Yes
ACC0000243,CUST000146,BR0022,Salary,100000000243,2021-12-25,818531.61,Active,INR,Yes
ACC0000244,CUST000173,BR0041,Savings,100000000244,2025-12-05,445453.37,Active,INR,No
ACC0000245,CUST000716,BR0006,Salary,100000000245,2012-01-06,1071616.09,Active,INR,Yes
ACC0000246,CUST000449,BR0021,Salary,100000000246,2024-09-09,429134.6,Closed,INR,Yes
ACC0000247,CUST000162,BR0027,Salary,100000000247,2013-02-19,95188.42,Active,INR,Yes
ACC0000248,CUST000884,BR0047,Fixed Deposit,100000000248,2019-10-13,1159951.59,Active,INR,No
ACC0000249,CUST000451,BR0041,Fixed Deposit,100000000249,2019-08-15,38872.75,Active,INR,No
ACC0000250,CUST000103,BR0049,Savings,100000000250,2016-04-15,1013507.51,Active,INR,Yes
ACC0000251,CUST000954,BR0023,Salary,100000000251,2025-03-25,809048.65,Active,INR,Yes
ACC0000252,CUST000683,BR0049,Salary,100000000252,2013-01-29,12162.43,Active,INR,Yes
ACC0000253,CUST000994,BR0020,Salary,100000000253,2012-04-09,244314.49,Inactive,INR,Yes
ACC0000254,CUST000004,BR0018,Savings,100000000254,2012-09-14,1054005.11,Active,INR,No
ACC0000255,CUST000066,BR0005,Current,100000000255,2026-01-22,736310.39,Active,INR,Yes
ACC0000256,CUST000670,BR0022,Fixed Deposit,100000000256,2025-10-30,1070342.31,Closed,INR,No
ACC0000257,CUST000355,BR0049,Salary,100000000257,2020-05-20,823386.61,Active,INR,Yes
ACC0000258,CUST000371,BR0025,Savings,100000000258,2013-04-30,489364.71,Active,INR,Yes
ACC0000259,CUST000660,BR0002,Savings,100000000259,2021-08-11,1131514.06,Inactive,INR,Yes
ACC0000260,CUST000076,BR0035,Savings,100000000260,2021-11-07,573262.03,Active,INR,Yes
ACC0000261,CUST000491,BR0033,Savings,100000000261,2014-10-23,860129.41,Closed,INR,Yes
ACC0000262,CUST000584,BR0019,Savings,100000000262,2020-05-29,1034334.68,Active,INR,No
ACC0000263,CUST000503,BR0030,Savings,100000000263,2015-07-11,401342.05,Active,INR,Yes
ACC0000264,CUST000649,BR0023,Salary,100000000264,2013-08-20,592129.71,Frozen,INR,No
ACC0000265,CUST000262,BR0009,Fixed Deposit,100000000265,2016-02-13,343399.94,Active,INR,No
ACC0000266,CUST000189,BR0038,Savings,100000000266,2016-03-10,793959.01,Active,INR,Yes
ACC0000267,CUST000225,BR0015,Savings,100000000267,2014-02-19,84157.94,Active,INR,Yes
ACC0000268,CUST000586,BR0003,Current,100000000268,2021-06-17,1006796.85,Active,INR,Yes
ACC0000269,CUST000006,BR0041,Salary,100000000269,2024-02-18,667165.14,Active,INR,No
ACC0000270,CUST000249,BR0001,Savings,100000000270,2014-08-13,106519.3,Active,INR,Yes
ACC0000271,CUST000814,BR0009,Current,100000000271,2012-02-23,338267.07,Active,INR,No
ACC0000272,CUST000343,BR0049,Fixed Deposit,100000000272,2024-08-13,668002.02,Frozen,INR,No
ACC0000273,CUST000332,BR0037,Fixed Deposit,100000000273,2013-12-19,205604.81,Active,INR,No
ACC0000274,CUST000320,BR0011,Savings,100000000274,2017-03-06,1143924.88,Active,INR,Yes
ACC0000275,CUST000817,BR0001,Fixed Deposit,100000000275,2015-03-04,549358.96,Active,INR,Yes
ACC0000276,CUST000080,BR0017,Current,100000000276,2022-05-23,1067968.79,Active,INR,Yes
ACC0000277,CUST000002,BR0029,Savings,100000000277,2019-09-21,1010303.54,Active,INR,Yes
ACC0000278,CUST000186,BR0013,Savings,100000000278,2015-10-10,119220.1,Active,INR,Yes
ACC0000279,CUST000070,BR0023,Fixed Deposit,100000000279,2023-10-06,942918.78,Active,INR,No
ACC0000280,CUST000741,BR0001,Salary,100000000280,2024-09-06,113808.77,Active,INR,Yes
ACC0000281,CUST000516,BR0028,Savings,100000000281,2020-04-30,399112.74,Active,INR,No
ACC0000282,CUST000583,BR0048,Current,100000000282,2022-07-20,201391.53,Active,INR,No
ACC0000283,CUST000570,BR0034,Savings,100000000283,2013-02-16,900619.74,Active,INR,Yes
ACC0000284,CUST000491,BR0035,Salary,100000000284,2025-07-17,1029767.09,Active,INR,No
ACC0000285,CUST000624,BR0010,Current,100000000285,2025-01-18,575770.45,Active,INR,No
ACC0000286,CUST000340,BR0020,Fixed Deposit,100000000286,2014-02-25,1194517.0,Active,INR,No
ACC0000287,CUST000167,BR0001,Savings,100000000287,2024-05-12,256894.85,Active,INR,Yes
ACC0000288,CUST000641,BR0015,Savings,100000000288,2015-06-27,71461.92,Active,INR,No
ACC0000289,CUST000499,BR0018,Salary,100000000289,2014-12-14,1109503.44,Inactive,INR,Yes
ACC0000290,CUST000068,BR0027,Recurring Deposit,100000000290,2020-01-27,692940.56,Active,INR,Yes
ACC0000291,CUST000690,BR0009,Salary,100000000291,2012-04-16,153533.02,Active,INR,Yes
ACC0000292,CUST000284,BR0046,Salary,100000000292,2016-11-29,1022924.18,Active,INR,No
ACC0000293,CUST000510,BR0023,Fixed Deposit,100000000293,2014-11-07,834695.39,Active,INR,No
ACC0000294,CUST000736,BR0013,Savings,100000000294,2014-12-06,604254.08,Active,INR,Yes
ACC0000295,CUST000417,BR0017,Savings,100000000295,2012-01-24,818777.23,Active,INR,No
ACC0000296,CUST000733,BR0039,Savings,100000000296,2021-11-13,548573.21,Active,INR,Yes
ACC0000297,CUST000626,BR0035,Savings,100000000297,2013-08-04,820702.5,Active,INR,Yes
ACC0000298,CUST000426,BR0044,Fixed Deposit,100000000298,2013-08-29,563876.91,Active,INR,Yes
ACC0000299,CUST000882,BR0011,Current,100000000299,2023-11-28,262194.63,Closed,INR,Yes
ACC0000300,CUST000270,BR0016,Salary,100000000300,2024-02-20,985502.96,Active,INR,No
ACC0000301,CUST000402,BR0011,Savings,100000000301,2013-10-26,961849.4,Active,INR,Yes
ACC0000302,CUST000430,BR0032,Savings,100000000302,2013-04-02,440587.54,Active,INR,No
ACC0000303,CUST000993,BR0027,Salary,100000000303,2020-10-26,552875.24,Active,INR,Yes
ACC0000304,CUST000393,BR0015,Salary,100000000304,2015-06-07,101393.15,Active,INR,No
ACC0000305,CUST000371,BR0024,Savings,100000000305,2025-01-13,344684.2,Active,INR,No
ACC0000306,CUST000308,BR0042,Savings,100000000306,2021-09-04,470123.74,Active,INR,No
ACC0000307,CUST000620,BR0050,Savings,100000000307,2017-01-14,681279.68,Active,INR,No
ACC0000308,CUST000663,BR0039,Savings,100000000308,2022-03-05,228132.4,Active,INR,No
ACC0000309,CUST000138,BR0028,Fixed Deposit,100000000309,2014-08-20,106607.35,Closed,INR,No
ACC0000310,CUST000222,BR0027,Salary,100000000310,2019-09-15,1129035.59,Active,INR,No
ACC0000311,CUST000273,BR0044,Savings,100000000311,2023-07-18,1020255.35,Active,INR,Yes
ACC0000312,CUST000547,BR0048,Current,100000000312,2025-04-29,1140470.03,Active,INR,No
ACC0000313,CUST000152,BR0041,Savings,100000000313,2018-12-23,1088974.13,Active,INR,No
ACC0000314,CUST000270,BR0015,Savings,100000000314,2019-08-07,966095.04,Inactive,INR,No
ACC0000315,CUST000970,BR0030,Recurring Deposit,100000000315,2016-03-09,1066811.63,Active,INR,No
ACC0000316,CUST000545,BR0016,Savings,100000000316,2017-11-05,1139107.62,Closed,INR,Yes
ACC0000317,CUST000829,BR0045,Savings,100000000317,2013-10-06,847833.8,Active,INR,No
ACC0000318,CUST000416,BR0002,Savings,100000000318,2017-12-27,444069.02,Active,INR,No
ACC0000319,CUST000939,BR0045,Current,100000000319,2018-01-09,599505.7,Active,INR,No
ACC0000320,CUST000601,BR0046,Fixed Deposit,100000000320,2018-01-06,866233.96,Closed,INR,No
ACC0000321,CUST000970,BR0013,Savings,100000000321,2017-05-19,524185.07,Active,INR,No
ACC0000322,CUST000403,BR0025,Fixed Deposit,100000000322,2025-05-03,932416.44,Active,INR,Yes
ACC0000323,CUST000442,BR0014,Fixed Deposit,100000000323,2014-11-02,95354.84,Active,INR,No
ACC0000324,CUST000023,BR0035,Salary,100000000324,2012-03-05,687437.49,Inactive,INR,No
ACC0000325,CUST000521,BR0006,Salary,100000000325,2016-02-27,912621.18,Active,INR,No
ACC0000326,CUST000806,BR0024,Current,100000000326,2020-11-26,362853.42,Active,INR,Yes
ACC0000327,CUST000874,BR0016,Savings,100000000327,2018-03-12,164482.28,Active,INR,Yes
ACC0000328,CUST000273,BR0012,Savings,100000000328,2018-05-31,63640.64,Active,INR,No
ACC0000329,CUST000667,BR0035,Current,100000000329,2017-07-23,951269.93,Active,INR,No
ACC0000330,CUST000837,BR0008,Savings,100000000330,2019-02-07,1063414.01,Active,INR,Yes
ACC0000331,CUST000464,BR0037,Savings,100000000331,2022-04-09,271593.56,Closed,INR,Yes
ACC0000332,CUST000031,BR0035,Current,100000000332,2014-09-26,595071.06,Active,INR,No
ACC0000333,CUST000942,BR0011,Savings,100000000333,2014-09-12,95741.29,Active,INR,No
ACC0000334,CUST000095,BR0036,Savings,100000000334,2015-07-05,251333.76,Active,INR,No
ACC0000335,CUST000757,BR0012,Savings,100000000335,2023-05-03,957113.82,Active,INR,No
ACC0000336,CUST000050,BR0008,Current,100000000336,2015-09-02,1043697.51,Closed,INR,Yes
ACC0000337,CUST000709,BR0034,Savings,100000000337,2019-08-29,1050436.84,Active,INR,Yes
ACC0000338,CUST000927,BR0029,Current,100000000338,2014-12-17,692977.01,Active,INR,No
ACC0000339,CUST000417,BR0013,Savings,100000000339,2012-01-28,134214.41,Inactive,INR,Yes
ACC0000340,CUST000948,BR0049,Current,100000000340,2020-01-04,978441.67,Active,INR,Yes
ACC0000341,CUST000026,BR0024,Savings,100000000341,2023-08-23,790113.21,Active,INR,Yes
ACC0000342,CUST000943,BR0010,Current,100000000342,2015-12-30,875521.13,Active,INR,Yes
ACC0000343,CUST000328,BR0030,Salary,100000000343,2016-05-15,144338.15,Active,INR,No
ACC0000344,CUST000233,BR0037,Salary,100000000344,2014-10-08,923202.64,Active,INR,No
ACC0000345,CUST000542,BR0041,Salary,100000000345,2023-02-01,1192148.79,Inactive,INR,Yes
ACC0000346,CUST000125,BR0013,Savings,100000000346,2019-10-04,421601.78,Active,INR,No
ACC0000347,CUST000181,BR0047,Savings,100000000347,2016-03-07,690948.37,Active,INR,No
ACC0000348,CUST000803,BR0016,Savings,100000000348,2020-05-17,1159649.07,Active,INR,Yes
ACC0000349,CUST000932,BR0016,Savings,100000000349,2015-05-20,768103.99,Active,INR,No
ACC0000350,CUST000233,BR0045,Current,100000000350,2023-09-17,724266.0,Active,INR,No
ACC0000351,CUST000373,BR0031,Salary,100000000351,2016-12-24,938339.51,Active,INR,Yes
ACC0000352,CUST000434,BR0028,Savings,100000000352,2019-11-07,1166405.45,Active,INR,Yes
ACC0000353,CUST000930,BR0004,Current,100000000353,2022-04-19,55151.23,Active,INR,No
ACC0000354,CUST000807,BR0008,Salary,100000000354,2015-07-21,995803.0,Active,INR,Yes
ACC0000355,CUST000102,BR0001,Current,100000000355,2015-07-01,476012.66,Active,INR,Yes
ACC0000356,CUST000915,BR0036,Salary,100000000356,2026-03-06,1154309.49,Active,INR,No
ACC0000357,CUST000683,BR0041,Savings,100000000357,2017-11-17,641191.78,Active,INR,No
ACC0000358,CUST000490,BR0013,Savings,100000000358,2017-11-21,157663.44,Active,INR,Yes
ACC0000359,CUST000708,BR0010,Savings,100000000359,2015-08-15,1103611.36,Active,INR,Yes
ACC0000360,CUST000773,BR0039,Savings,100000000360,2015-06-15,415654.29,Frozen,INR,Yes
ACC0000361,CUST000735,BR0043,Recurring Deposit,100000000361,2026-02-27,1032348.73,Active,INR,No
ACC0000362,CUST000415,BR0004,Savings,100000000362,2025-11-10,1191486.89,Active,INR,No
ACC0000363,CUST000672,BR0004,Fixed Deposit,100000000363,2017-06-07,999822.8,Active,INR,No
ACC0000364,CUST000886,BR0016,Savings,100000000364,2014-07-28,638121.38,Active,INR,No
ACC0000365,CUST000283,BR0007,Salary,100000000365,2012-02-21,582937.41,Active,INR,No
ACC0000366,CUST000791,BR0008,Salary,100000000366,2019-04-07,178622.33,Inactive,INR,Yes
ACC0000367,CUST000226,BR0050,Savings,100000000367,2020-12-31,793487.59,Active,INR,No
ACC0000368,CUST000680,BR0026,Savings,100000000368,2022-08-15,788392.74,Active,INR,No
ACC0000369,CUST000749,BR0018,Salary,100000000369,2013-01-03,434157.78,Active,INR,Yes
ACC0000370,CUST000819,BR0012,Fixed Deposit,100000000370,2013-07-05,442260.78,Active,INR,No
ACC0000371,CUST000074,BR0005,Current,100000000371,2019-09-04,396273.01,Active,INR,Yes
ACC0000372,CUST000591,BR0047,Savings,100000000372,2016-09-28,709326.07,Active,INR,No
ACC0000373,CUST000367,BR0012,Savings,100000000373,2012-01-05,973538.57,Active,INR,Yes
ACC0000374,CUST000446,BR0011,Salary,100000000374,2013-08-05,747487.85,Active,INR,Yes
ACC0000375,CUST000140,BR0047,Salary,100000000375,2015-05-11,369323.46,Closed,INR,Yes
ACC0000376,CUST000770,BR0046,Savings,100000000376,2025-11-29,484538.64,Active,INR,No
ACC0000377,CUST000416,BR0003,Current,100000000377,2023-09-26,569742.48,Active,INR,No
ACC0000378,CUST000503,BR0031,Savings,100000000378,2025-07-02,1182115.41,Active,INR,No
ACC0000379,CUST000668,BR0025,Salary,100000000379,2012-08-19,552728.52,Active,INR,No
ACC0000380,CUST000665,BR0035,Savings,100000000380,2017-04-27,1008871.75,Closed,INR,No
ACC0000381,CUST000208,BR0008,Current,100000000381,2026-02-16,924071.09,Active,INR,Yes
ACC0000382,CUST000032,BR0033,Salary,100000000382,2024-12-19,764502.57,Active,INR,Yes
ACC0000383,CUST000149,BR0003,Savings,100000000383,2025-02-22,83569.07,Active,INR,No
ACC0000384,CUST000498,BR0025,Savings,100000000384,2018-05-05,675866.91,Active,INR,No
ACC0000385,CUST000492,BR0001,Salary,100000000385,2012-01-10,168766.41,Closed,INR,No
ACC0000386,CUST000406,BR0020,Savings,100000000386,2021-10-05,595945.96,Active,INR,No
ACC0000387,CUST000608,BR0029,Fixed Deposit,100000000387,2013-12-30,504037.61,Active,INR,No
ACC0000388,CUST000437,BR0045,Recurring Deposit,100000000388,2017-10-05,1029552.19,Active,INR,No
ACC0000389,CUST000251,BR0023,Savings,100000000389,2016-12-12,564576.6,Active,INR,No
ACC0000390,CUST000999,BR0018,Current,100000000390,2025-10-29,224172.54,Active,INR,Yes
ACC0000391,CUST000113,BR0041,Current,100000000391,2020-01-12,165255.15,Active,INR,Yes
ACC0000392,CUST000329,BR0014,Savings,100000000392,2020-04-26,712480.56,Active,INR,Yes
ACC0000393,CUST000377,BR0023,Savings,100000000393,2023-11-12,193742.18,Active,INR,Yes
ACC0000394,CUST000437,BR0020,Savings,100000000394,2013-10-03,1024063.78,Active,INR,No
ACC0000395,CUST000627,BR0026,Savings,100000000395,2018-04-26,497030.03,Active,INR,No
ACC0000396,CUST000996,BR0022,Salary,100000000396,2018-07-21,894522.18,Active,INR,No
ACC0000397,CUST000805,BR0005,Salary,100000000397,2018-11-06,734578.06,Active,INR,Yes
ACC0000398,CUST000772,BR0039,Savings,100000000398,2017-10-18,331307.64,Active,INR,Yes
ACC0000399,CUST000589,BR0018,Fixed Deposit,100000000399,2017-12-01,21102.85,Active,INR,Yes
ACC0000400,CUST000150,BR0015,Savings,100000000400,2019-05-12,600854.86,Active,INR,No
ACC0000401,CUST000741,BR0014,Recurring Deposit,100000000401,2023-12-16,771233.02,Inactive,INR,No
ACC0000402,CUST000103,BR0016,Savings,100000000402,2012-03-06,1197248.78,Active,INR,No
ACC0000403,CUST000133,BR0004,Salary,100000000403,2014-08-01,1032575.31,Active,INR,No
ACC0000404,CUST000335,BR0020,Fixed Deposit,100000000404,2023-08-19,417623.31,Active,INR,No
ACC0000405,CUST000380,BR0022,Current,100000000405,2025-02-18,158728.07,Active,INR,Yes
ACC0000406,CUST000251,BR0001,Savings,100000000406,2018-03-28,680238.65,Active,INR,No
ACC0000407,CUST000952,BR0005,Savings,100000000407,2025-09-13,268523.56,Active,INR,Yes
ACC0000408,CUST000145,BR0048,Fixed Deposit,100000000408,2014-05-23,164064.32,Active,INR,No
ACC0000409,CUST000342,BR0026,Fixed Deposit,100000000409,2023-11-10,848521.06,Active,INR,No
ACC0000410,CUST000597,BR0022,Current,100000000410,2022-07-28,1156628.91,Active,INR,No
ACC0000411,CUST000995,BR0006,Fixed Deposit,100000000411,2025-09-01,262471.86,Active,INR,No
ACC0000412,CUST000566,BR0020,Savings,100000000412,2019-05-04,476160.25,Active,INR,Yes
ACC0000413,CUST000229,BR0035,Current,100000000413,2013-01-28,1062079.1,Active,INR,Yes
ACC0000414,CUST000196,BR0027,Savings,100000000414,2015-01-16,40665.82,Active,INR,No
ACC0000415,CUST000469,BR0019,Savings,100000000415,2021-02-12,249890.78,Active,INR,No
ACC0000416,CUST000238,BR0043,Current,100000000416,2024-12-29,499114.42,Active,INR,No
ACC0000417,CUST000801,BR0035,Salary,100000000417,2012-09-24,662826.62,Inactive,INR,No
ACC0000418,CUST000728,BR0046,Fixed Deposit,100000000418,2024-10-05,1032496.35,Active,INR,Yes
ACC0000419,CUST000157,BR0042,Savings,100000000419,2022-12-05,526065.93,Active,INR,No
ACC0000420,CUST000270,BR0013,Recurring Deposit,100000000420,2018-10-10,249803.27,Active,INR,Yes
ACC0000421,CUST000234,BR0035,Salary,100000000421,2020-03-22,1136725.39,Active,INR,No
ACC0000422,CUST000433,BR0026,Savings,100000000422,2022-01-21,902051.94,Active,INR,Yes
ACC0000423,CUST000204,BR0013,Savings,100000000423,2015-06-09,748518.38,Active,INR,Yes
ACC0000424,CUST000017,BR0009,Savings,100000000424,2024-11-12,1189812.06,Active,INR,Yes
ACC0000425,CUST000236,BR0002,Savings,100000000425,2017-09-08,490245.63,Active,INR,Yes
ACC0000426,CUST000687,BR0028,Salary,100000000426,2020-03-10,1119411.21,Active,INR,No
ACC0000427,CUST000146,BR0050,Current,100000000427,2025-09-05,417174.47,Active,INR,Yes
ACC0000428,CUST000921,BR0048,Savings,100000000428,2018-03-27,770285.05,Active,INR,Yes
ACC0000429,CUST000965,BR0012,Fixed Deposit,100000000429,2025-01-17,667576.27,Active,INR,No
ACC0000430,CUST000175,BR0016,Savings,100000000430,2018-01-27,860228.28,Closed,INR,Yes
ACC0000431,CUST000048,BR0009,Current,100000000431,2022-04-13,82187.6,Closed,INR,Yes
ACC0000432,CUST000094,BR0030,Salary,100000000432,2015-08-31,794469.91,Active,INR,Yes
ACC0000433,CUST000903,BR0024,Savings,100000000433,2021-04-11,1099592.04,Active,INR,No
ACC0000434,CUST000748,BR0050,Recurring Deposit,100000000434,2022-09-06,770810.64,Active,INR,No
ACC0000435,CUST000845,BR0017,Savings,100000000435,2025-12-15,944098.36,Active,INR,Yes
ACC0000436,CUST000948,BR0017,Savings,100000000436,2020-01-26,767962.61,Active,INR,No
ACC0000437,CUST000158,BR0044,Current,100000000437,2015-04-30,407704.34,Inactive,INR,Yes
ACC0000438,CUST000185,BR0010,Savings,100000000438,2012-11-24,963296.01,Active,INR,No
ACC0000439,CUST000395,BR0026,Salary,100000000439,2018-04-27,855277.55,Inactive,INR,Yes
ACC0000440,CUST000970,BR0016,Current,100000000440,2026-01-25,225557.97,Active,INR,Yes
ACC0000441,CUST000814,BR0012,Savings,100000000441,2013-11-23,103600.24,Active,INR,No
ACC0000442,CUST000990,BR0033,Savings,100000000442,2019-10-10,1179033.0,Active,INR,Yes
ACC0000443,CUST000686,BR0005,Current,100000000443,2013-02-09,1035613.16,Active,INR,Yes
ACC0000444,CUST000818,BR0041,Fixed Deposit,100000000444,2025-06-01,181685.19,Active,INR,No
ACC0000445,CUST000712,BR0023,Savings,100000000445,2019-02-20,882394.77,Inactive,INR,Yes
ACC0000446,CUST000506,BR0007,Savings,100000000446,2015-03-10,1086426.59,Closed,INR,No
ACC0000447,CUST000256,BR0015,Current,100000000447,2016-01-29,196677.95,Active,INR,No
ACC0000448,CUST000154,BR0010,Savings,100000000448,2015-12-14,452572.57,Active,INR,No
ACC0000449,CUST000606,BR0042,Savings,100000000449,2016-04-24,1090571.57,Active,INR,Yes
ACC0000450,CUST000709,BR0035,Salary,100000000450,2016-07-15,1171406.29,Active,INR,No
ACC0000451,CUST000899,BR0002,Savings,100000000451,2023-08-19,599165.35,Active,INR,No
ACC0000452,CUST000013,BR0018,Current,100000000452,2015-09-23,12884.11,Active,INR,No
ACC0000453,CUST000785,BR0033,Salary,100000000453,2013-08-07,734686.88,Inactive,INR,Yes
ACC0000454,CUST000807,BR0044,Savings,100000000454,2017-10-09,748884.9,Inactive,INR,No
ACC0000455,CUST000438,BR0041,Salary,100000000455,2015-08-03,1137180.56,Active,INR,No
ACC0000456,CUST000425,BR0015,Savings,100000000456,2022-02-22,1105577.64,Active,INR,Yes
ACC0000457,CUST000164,BR0023,Current,100000000457,2012-05-23,502323.85,Inactive,INR,No
ACC0000458,CUST000556,BR0006,Savings,100000000458,2025-07-23,161018.56,Active,INR,Yes
ACC0000459,CUST000155,BR0038,Savings,100000000459,2013-08-07,387435.1,Inactive,INR,No
ACC0000460,CUST000224,BR0003,Savings,100000000460,2019-02-15,379307.66,Active,INR,No
ACC0000461,CUST000239,BR0028,Savings,100000000461,2015-06-16,775080.25,Active,INR,No
ACC0000462,CUST000681,BR0049,Recurring Deposit,100000000462,2012-12-16,518041.61,Active,INR,No
ACC0000463,CUST000639,BR0033,Savings,100000000463,2024-05-12,407901.1,Active,INR,Yes
ACC0000464,CUST000229,BR0042,Current,100000000464,2012-11-27,52809.46,Active,INR,Yes
ACC0000465,CUST000722,BR0011,Savings,100000000465,2013-11-16,212547.88,Active,INR,Yes
ACC0000466,CUST000801,BR0005,Savings,100000000466,2018-08-22,613878.48,Inactive,INR,Yes
ACC0000467,CUST000729,BR0024,Current,100000000467,2021-10-07,652356.12,Active,INR,No
ACC0000468,CUST000306,BR0001,Savings,100000000468,2025-01-26,132127.46,Active,INR,Yes
ACC0000469,CUST000399,BR0020,Recurring Deposit,100000000469,2014-12-30,1004687.42,Active,INR,Yes
ACC0000470,CUST000814,BR0025,Savings,100000000470,2023-04-09,1098721.75,Active,INR,No
ACC0000471,CUST000251,BR0021,Current,100000000471,2020-09-11,765548.16,Active,INR,No
ACC0000472,CUST000767,BR0020,Salary,100000000472,2014-08-30,715154.11,Active,INR,Yes
ACC0000473,CUST000304,BR0043,Savings,100000000473,2025-09-10,169520.77,Closed,INR,Yes
ACC0000474,CUST000184,BR0005,Savings,100000000474,2012-05-20,367113.11,Active,INR,No
ACC0000475,CUST000168,BR0040,Savings,100000000475,2016-11-12,955107.3,Active,INR,No
ACC0000476,CUST000961,BR0033,Fixed Deposit,100000000476,2024-09-29,927096.48,Active,INR,Yes
ACC0000477,CUST000093,BR0031,Fixed Deposit,100000000477,2022-01-05,184532.38,Active,INR,No
ACC0000478,CUST000590,BR0045,Current,100000000478,2015-08-10,616667.88,Active,INR,Yes
ACC0000479,CUST000059,BR0015,Fixed Deposit,100000000479,2021-06-21,492080.7,Active,INR,Yes
ACC0000480,CUST000724,BR0001,Savings,100000000480,2019-10-20,1123527.31,Active,INR,No
ACC0000481,CUST000199,BR0035,Savings,100000000481,2014-02-28,5116.69,Active,INR,No
ACC0000482,CUST000830,BR0012,Savings,100000000482,2023-11-16,1079023.79,Active,INR,Yes
ACC0000483,CUST000958,BR0023,Current,100000000483,2015-08-18,1109923.35,Active,INR,Yes
ACC0000484,CUST000676,BR0050,Current,100000000484,2025-09-18,75406.09,Active,INR,No
ACC0000485,CUST000168,BR0030,Salary,100000000485,2017-06-22,1029424.59,Active,INR,Yes
ACC0000486,CUST000904,BR0033,Current,100000000486,2020-08-22,807973.35,Inactive,INR,Yes
ACC0000487,CUST000220,BR0031,Savings,100000000487,2013-11-13,607036.99,Active,INR,No
ACC0000488,CUST000182,BR0026,Current,100000000488,2017-07-23,521147.1,Active,INR,Yes
ACC0000489,CUST000001,BR0005,Savings,100000000489,2023-05-06,949426.78,Active,INR,Yes
ACC0000490,CUST000735,BR0039,Savings,100000000490,2024-02-15,1019053.83,Active,INR,Yes
ACC0000491,CUST000358,BR0012,Current,100000000491,2025-06-16,874123.33,Active,INR,No
ACC0000492,CUST000334,BR0046,Fixed Deposit,100000000492,2012-06-11,487569.71,Inactive,INR,No
ACC0000493,CUST000395,BR0007,Salary,100000000493,2021-06-23,906743.42,Active,INR,Yes
ACC0000494,CUST000007,BR0041,Fixed Deposit,100000000494,2024-01-27,627414.69,Active,INR,No
ACC0000495,CUST000254,BR0050,Savings,100000000495,2014-11-09,560773.11,Active,INR,No
ACC0000496,CUST000120,BR0030,Fixed Deposit,100000000496,2014-06-25,423135.78,Active,INR,Yes
ACC0000497,CUST000555,BR0045,Savings,100000000497,2023-02-27,214245.0,Active,INR,Yes
ACC0000498,CUST000719,BR0026,Savings,100000000498,2020-12-14,640872.96,Active,INR,No
ACC0000499,CUST000589,BR0007,Savings,100000000499,2022-01-19,245365.95,Active,INR,Yes
ACC0000500,CUST000352,BR0021,Savings,100000000500,2018-02-13,805559.39,Active,INR,Yes
ACC0000501,CUST000783,BR0029,Salary,100000000501,2015-01-23,695408.23,Active,INR,No
ACC0000502,CUST000275,BR0041,Current,100000000502,2025-11-05,494700.88,Active,INR,No
ACC0000503,CUST000065,BR0049,Savings,100000000503,2025-11-16,475930.56,Active,INR,Yes
ACC0000504,CUST000567,BR0039,Current,100000000504,2023-03-03,306264.67,Active,INR,No
ACC0000505,CUST000416,BR0018,Savings,100000000505,2023-06-02,232652.73,Active,INR,No
ACC0000506,CUST000116,BR0027,Current,100000000506,2018-06-25,1006755.39,Active,INR,No
ACC0000507,CUST000212,BR0026,Salary,100000000507,2024-01-12,970208.5,Active,INR,No
ACC0000508,CUST000300,BR0050,Current,100000000508,2012-08-17,318632.71,Active,INR,Yes
ACC0000509,CUST000679,BR0041,Current,100000000509,2020-11-05,1051068.02,Active,INR,Yes
ACC0000510,CUST000122,BR0003,Savings,100000000510,2015-02-17,1153434.8,Active,INR,No
ACC0000511,CUST000297,BR0036,Current,100000000511,2013-05-16,22184.78,Active,INR,No
ACC0000512,CUST000548,BR0017,Savings,100000000512,2014-05-05,924321.84,Active,INR,Yes
ACC0000513,CUST000896,BR0043,Salary,100000000513,2019-05-26,579219.9,Active,INR,Yes
ACC0000514,CUST000634,BR0039,Salary,100000000514,2017-11-15,1000172.37,Active,INR,Yes
ACC0000515,CUST000567,BR0023,Savings,100000000515,2017-04-21,17975.38,Inactive,INR,No
ACC0000516,CUST000808,BR0024,Fixed Deposit,100000000516,2013-01-22,1257.93,Active,INR,No
ACC0000517,CUST000738,BR0025,Salary,100000000517,2021-01-16,122636.11,Inactive,INR,No
ACC0000518,CUST000661,BR0014,Savings,100000000518,2020-01-07,465189.38,Active,INR,No
ACC0000519,CUST000786,BR0037,Savings,100000000519,2021-10-30,1174508.12,Active,INR,No
ACC0000520,CUST000443,BR0029,Current,100000000520,2023-04-10,913523.44,Inactive,INR,Yes
ACC0000521,CUST000670,BR0008,Current,100000000521,2015-08-20,497627.25,Active,INR,Yes
ACC0000522,CUST000032,BR0008,Current,100000000522,2016-07-29,513558.29,Inactive,INR,Yes
ACC0000523,CUST000049,BR0015,Savings,100000000523,2018-08-18,363967.81,Closed,INR,Yes
ACC0000524,CUST000616,BR0039,Fixed Deposit,100000000524,2020-10-27,580995.58,Active,INR,No
ACC0000525,CUST000573,BR0026,Salary,100000000525,2020-05-23,198219.21,Closed,INR,No
ACC0000526,CUST000146,BR0050,Savings,100000000526,2019-04-04,1092238.35,Active,INR,No
ACC0000527,CUST000894,BR0031,Savings,100000000527,2021-07-17,921858.03,Active,INR,Yes
ACC0000528,CUST000128,BR0039,Savings,100000000528,2017-04-16,258938.1,Active,INR,No
ACC0000529,CUST000451,BR0002,Savings,100000000529,2018-11-22,576740.18,Active,INR,No
ACC0000530,CUST000702,BR0021,Savings,100000000530,2016-12-30,721138.33,Active,INR,Yes
ACC0000531,CUST000869,BR0015,Current,100000000531,2019-01-04,7824.92,Active,INR,Yes
ACC0000532,CUST000295,BR0022,Salary,100000000532,2016-11-22,122402.04,Active,INR,Yes
ACC0000533,CUST000004,BR0048,Savings,100000000533,2014-11-12,790265.23,Closed,INR,Yes
ACC0000534,CUST000952,BR0046,Salary,100000000534,2017-04-24,1107801.29,Active,INR,No
ACC0000535,CUST000507,BR0011,Savings,100000000535,2018-01-26,643518.01,Active,INR,Yes
ACC0000536,CUST000633,BR0023,Current,100000000536,2019-03-16,665195.55,Active,INR,No
ACC0000537,CUST000175,BR0044,Salary,100000000537,2015-02-20,855506.78,Active,INR,No
ACC0000538,CUST000119,BR0033,Savings,100000000538,2020-04-04,738129.86,Active,INR,Yes
ACC0000539,CUST000345,BR0004,Current,100000000539,2026-04-13,57072.75,Active,INR,Yes
ACC0000540,CUST000265,BR0029,Current,100000000540,2018-01-14,566203.3,Active,INR,Yes
ACC0000541,CUST000366,BR0050,Savings,100000000541,2021-10-31,1048677.12,Active,INR,No
ACC0000542,CUST000115,BR0030,Savings,100000000542,2025-01-08,360686.17,Active,INR,No
ACC0000543,CUST000205,BR0017,Savings,100000000543,2025-07-11,244207.85,Active,INR,No
ACC0000544,CUST000523,BR0035,Savings,100000000544,2016-05-18,150211.71,Active,INR,Yes
ACC0000545,CUST000895,BR0005,Salary,100000000545,2017-05-17,990685.2,Active,INR,Yes
ACC0000546,CUST000438,BR0003,Current,100000000546,2023-05-08,642170.0,Active,INR,Yes
ACC0000547,CUST000362,BR0012,Current,100000000547,2022-08-28,235960.96,Active,INR,No
ACC0000548,CUST000189,BR0021,Salary,100000000548,2019-01-11,218256.36,Active,INR,No
ACC0000549,CUST000419,BR0021,Salary,100000000549,2016-10-08,1111935.32,Active,INR,No
ACC0000550,CUST000832,BR0033,Savings,100000000550,2023-06-25,677647.81,Active,INR,No
ACC0000551,CUST000703,BR0031,Savings,100000000551,2018-04-06,1043293.16,Active,INR,No
ACC0000552,CUST000454,BR0048,Savings,100000000552,2015-08-24,711191.6,Active,INR,Yes
ACC0000553,CUST000318,BR0015,Savings,100000000553,2020-11-18,164293.79,Active,INR,No
ACC0000554,CUST000910,BR0025,Current,100000000554,2021-08-23,314760.75,Inactive,INR,Yes
ACC0000555,CUST000625,BR0038,Current,100000000555,2012-08-25,827547.73,Active,INR,No
ACC0000556,CUST000492,BR0015,Current,100000000556,2023-12-01,1087152.05,Active,INR,No
ACC0000557,CUST000168,BR0007,Salary,100000000557,2024-02-13,713543.95,Active,INR,No
ACC0000558,CUST000927,BR0019,Savings,100000000558,2018-08-12,468140.0,Active,INR,No
ACC0000559,CUST000635,BR0049,Fixed Deposit,100000000559,2025-10-17,869174.48,Active,INR,No
ACC0000560,CUST000175,BR0036,Fixed Deposit,100000000560,2020-04-26,988750.32,Inactive,INR,No
ACC0000561,CUST000651,BR0046,Current,100000000561,2023-08-30,152138.88,Active,INR,Yes
ACC0000562,CUST000863,BR0038,Savings,100000000562,2015-03-21,86212.8,Active,INR,No
ACC0000563,CUST000749,BR0035,Current,100000000563,2026-02-26,1006390.68,Active,INR,No
ACC0000564,CUST000542,BR0035,Savings,100000000564,2025-08-24,1088811.04,Active,INR,Yes
ACC0000565,CUST000474,BR0001,Fixed Deposit,100000000565,2025-01-08,635180.52,Inactive,INR,No
ACC0000566,CUST000948,BR0022,Salary,100000000566,2017-12-18,953868.64,Active,INR,No
ACC0000567,CUST000779,BR0011,Current,100000000567,2020-10-09,1178460.05,Active,INR,Yes
ACC0000568,CUST000744,BR0014,Current,100000000568,2016-09-15,634031.66,Active,INR,No
ACC0000569,CUST000870,BR0035,Savings,100000000569,2013-11-02,693957.64,Active,INR,No
ACC0000570,CUST000855,BR0035,Savings,100000000570,2019-07-20,691937.07,Inactive,INR,Yes
ACC0000571,CUST000756,BR0040,Salary,100000000571,2024-11-05,756514.92,Active,INR,Yes
ACC0000572,CUST000456,BR0030,Current,100000000572,2020-04-22,379089.67,Active,INR,No
ACC0000573,CUST000947,BR0028,Current,100000000573,2016-12-15,987823.61,Active,INR,No
ACC0000574,CUST000763,BR0033,Current,100000000574,2012-06-18,905575.73,Active,INR,Yes
ACC0000575,CUST000788,BR0043,Savings,100000000575,2014-11-02,808164.79,Active,INR,Yes
ACC0000576,CUST000125,BR0037,Savings,100000000576,2025-02-09,96244.36,Active,INR,Yes
ACC0000577,CUST000874,BR0037,Recurring Deposit,100000000577,2018-11-23,161714.13,Inactive,INR,No
ACC0000578,CUST000125,BR0016,Salary,100000000578,2012-12-12,688974.34,Active,INR,No
ACC0000579,CUST000847,BR0035,Salary,100000000579,2023-04-07,860756.04,Active,INR,No
ACC0000580,CUST000063,BR0009,Savings,100000000580,2022-05-04,248297.6,Active,INR,No
ACC0000581,CUST000956,BR0045,Salary,100000000581,2023-11-28,595679.13,Active,INR,No
ACC0000582,CUST000144,BR0029,Savings,100000000582,2019-10-27,611833.57,Active,INR,Yes
ACC0000583,CUST000215,BR0023,Savings,100000000583,2025-11-16,72894.19,Active,INR,No
ACC0000584,CUST000558,BR0021,Recurring Deposit,100000000584,2021-08-25,108871.92,Active,INR,No
ACC0000585,CUST000462,BR0043,Savings,100000000585,2019-07-01,1032998.63,Active,INR,Yes
ACC0000586,CUST000599,BR0032,Current,100000000586,2020-01-04,416387.47,Inactive,INR,Yes
ACC0000587,CUST000389,BR0019,Savings,100000000587,2025-10-04,51583.51,Active,INR,Yes
ACC0000588,CUST000483,BR0032,Savings,100000000588,2012-08-18,1026384.75,Active,INR,No
ACC0000589,CUST000785,BR0042,Savings,100000000589,2012-02-08,412066.95,Active,INR,Yes
ACC0000590,CUST000534,BR0006,Savings,100000000590,2017-09-19,308081.49,Active,INR,No
ACC0000591,CUST000079,BR0003,Fixed Deposit,100000000591,2025-12-25,1199011.59,Active,INR,No
ACC0000592,CUST000650,BR0014,Savings,100000000592,2026-03-28,1102895.81,Active,INR,No
ACC0000593,CUST000044,BR0024,Recurring Deposit,100000000593,2012-11-02,227096.8,Active,INR,Yes
ACC0000594,CUST000139,BR0032,Recurring Deposit,100000000594,2012-03-08,317238.49,Active,INR,Yes
ACC0000595,CUST000433,BR0009,Fixed Deposit,100000000595,2023-06-02,1046898.8,Active,INR,No
ACC0000596,CUST000693,BR0018,Current,100000000596,2023-11-11,906095.9,Active,INR,No
ACC0000597,CUST000814,BR0014,Fixed Deposit,100000000597,2024-11-26,494407.85,Active,INR,No
ACC0000598,CUST000508,BR0026,Savings,100000000598,2025-08-11,752222.06,Active,INR,Yes
ACC0000599,CUST000584,BR0012,Savings,100000000599,2024-01-13,916355.88,Active,INR,No
ACC0000600,CUST000784,BR0018,Fixed Deposit,100000000600,2019-11-12,134707.05,Active,INR,No
ACC0000601,CUST000551,BR0048,Fixed Deposit,100000000601,2015-01-17,1015107.03,Active,INR,No
ACC0000602,CUST000910,BR0013,Savings,100000000602,2021-07-12,967349.9,Closed,INR,Yes
ACC0000603,CUST000808,BR0007,Salary,100000000603,2018-01-28,930903.77,Active,INR,Yes
ACC0000604,CUST000208,BR0020,Fixed Deposit,100000000604,2025-03-31,604900.22,Active,INR,Yes
ACC0000605,CUST000520,BR0032,Savings,100000000605,2022-07-16,532103.36,Active,INR,Yes
ACC0000606,CUST000750,BR0015,Savings,100000000606,2018-05-15,913296.63,Active,INR,No
ACC0000607,CUST000097,BR0015,Salary,100000000607,2025-07-27,15441.42,Inactive,INR,No
ACC0000608,CUST000198,BR0033,Salary,100000000608,2021-05-26,1163204.89,Active,INR,Yes
ACC0000609,CUST000406,BR0009,Savings,100000000609,2015-09-28,1163881.18,Inactive,INR,Yes
ACC0000610,CUST000671,BR0011,Fixed Deposit,100000000610,2017-03-20,1073379.19,Active,INR,No
ACC0000611,CUST000462,BR0030,Savings,100000000611,2018-01-08,909675.32,Active,INR,Yes
ACC0000612,CUST000725,BR0045,Current,100000000612,2025-04-08,1006719.36,Active,INR,Yes
ACC0000613,CUST000164,BR0018,Savings,100000000613,2017-05-21,1008306.34,Active,INR,Yes
ACC0000614,CUST000637,BR0031,Salary,100000000614,2018-12-10,118999.42,Active,INR,Yes
ACC0000615,CUST000148,BR0049,Savings,100000000615,2022-06-11,34279.45,Active,INR,No
ACC0000616,CUST000155,BR0048,Savings,100000000616,2017-09-26,1038727.41,Active,INR,Yes
ACC0000617,CUST000188,BR0012,Savings,100000000617,2023-02-15,1010457.29,Active,INR,Yes
ACC0000618,CUST000297,BR0001,Savings,100000000618,2016-10-18,207283.42,Active,INR,Yes
ACC0000619,CUST000037,BR0013,Savings,100000000619,2023-10-17,518229.58,Active,INR,Yes
ACC0000620,CUST000052,BR0031,Savings,100000000620,2024-04-01,479527.87,Active,INR,Yes
ACC0000621,CUST000058,BR0010,Salary,100000000621,2012-09-17,713670.9,Active,INR,Yes
ACC0000622,CUST000401,BR0027,Salary,100000000622,2013-07-28,685703.87,Active,INR,Yes
ACC0000623,CUST000011,BR0022,Current,100000000623,2025-07-26,375929.68,Active,INR,No
ACC0000624,CUST000250,BR0009,Savings,100000000624,2024-08-17,1158853.37,Active,INR,No
ACC0000625,CUST000222,BR0040,Current,100000000625,2016-04-01,903285.97,Active,INR,No
ACC0000626,CUST000176,BR0011,Savings,100000000626,2016-07-30,648872.77,Active,INR,Yes
ACC0000627,CUST000762,BR0033,Current,100000000627,2013-09-11,786275.63,Active,INR,Yes
ACC0000628,CUST000123,BR0002,Salary,100000000628,2017-09-10,379797.92,Inactive,INR,No
ACC0000629,CUST000762,BR0027,Salary,100000000629,2023-02-15,133595.73,Active,INR,Yes
ACC0000630,CUST000486,BR0001,Current,100000000630,2018-11-14,294231.65,Active,INR,Yes
ACC0000631,CUST000845,BR0015,Salary,100000000631,2018-07-29,1028265.84,Closed,INR,Yes
ACC0000632,CUST000189,BR0024,Savings,100000000632,2020-11-28,18968.4,Active,INR,Yes
ACC0000633,CUST000934,BR0038,Savings,100000000633,2013-11-05,170728.33,Active,INR,Yes
ACC0000634,CUST000598,BR0018,Savings,100000000634,2022-01-02,957504.64,Active,INR,Yes
ACC0000635,CUST000385,BR0040,Savings,100000000635,2016-02-05,505089.18,Active,INR,No
ACC0000636,CUST000097,BR0015,Fixed Deposit,100000000636,2022-07-19,491065.86,Active,INR,No
ACC0000637,CUST000738,BR0036,Savings,100000000637,2015-01-02,324782.9,Active,INR,No
ACC0000638,CUST000599,BR0035,Savings,100000000638,2020-07-28,44947.93,Active,INR,Yes
ACC0000639,CUST000328,BR0035,Current,100000000639,2014-01-14,205290.07,Active,INR,No
ACC0000640,CUST000776,BR0045,Savings,100000000640,2025-08-09,962899.33,Inactive,INR,No
ACC0000641,CUST000491,BR0036,Savings,100000000641,2023-07-10,809520.18,Active,INR,No
ACC0000642,CUST000389,BR0004,Fixed Deposit,100000000642,2023-03-21,630859.92,Active,INR,No
ACC0000643,CUST000025,BR0033,Salary,100000000643,2021-10-30,985126.82,Active,INR,Yes
ACC0000644,CUST000579,BR0008,Current,100000000644,2023-01-02,350245.32,Active,INR,Yes
ACC0000645,CUST000088,BR0028,Savings,100000000645,2013-02-16,484694.88,Active,INR,Yes
ACC0000646,CUST000403,BR0039,Recurring Deposit,100000000646,2026-01-09,153865.13,Active,INR,No
ACC0000647,CUST000236,BR0018,Current,100000000647,2023-06-08,524737.0,Active,INR,Yes
ACC0000648,CUST000517,BR0011,Savings,100000000648,2024-11-15,1158574.31,Active,INR,No
ACC0000649,CUST000443,BR0012,Savings,100000000649,2012-03-20,202222.96,Frozen,INR,Yes
ACC0000650,CUST000762,BR0047,Current,100000000650,2015-04-30,1039530.8,Active,INR,No
ACC0000651,CUST000002,BR0014,Salary,100000000651,2012-01-17,73620.92,Active,INR,No
ACC0000652,CUST000255,BR0019,Salary,100000000652,2021-01-16,544397.72,Active,INR,Yes
ACC0000653,CUST000004,BR0034,Current,100000000653,2024-09-28,1199127.15,Active,INR,Yes
ACC0000654,CUST000416,BR0001,Savings,100000000654,2014-01-26,461687.47,Active,INR,Yes
ACC0000655,CUST000841,BR0016,Savings,100000000655,2023-02-02,242249.06,Active,INR,No
ACC0000656,CUST000758,BR0046,Current,100000000656,2020-09-15,11183.21,Active,INR,No
ACC0000657,CUST000308,BR0035,Recurring Deposit,100000000657,2013-11-04,1131391.9,Inactive,INR,No
ACC0000658,CUST000492,BR0017,Savings,100000000658,2012-11-28,61269.31,Inactive,INR,No
ACC0000659,CUST000701,BR0015,Savings,100000000659,2014-08-30,1068437.18,Active,INR,Yes
ACC0000660,CUST000976,BR0029,Savings,100000000660,2014-02-26,628307.95,Active,INR,Yes
ACC0000661,CUST000679,BR0039,Current,100000000661,2020-04-13,833316.31,Active,INR,Yes
ACC0000662,CUST000778,BR0037,Recurring Deposit,100000000662,2018-12-06,180522.44,Active,INR,No
ACC0000663,CUST000825,BR0043,Savings,100000000663,2020-02-21,244542.22,Active,INR,No
ACC0000664,CUST000423,BR0027,Savings,100000000664,2019-03-19,450386.65,Active,INR,No
ACC0000665,CUST000291,BR0038,Fixed Deposit,100000000665,2018-02-17,1035944.61,Active,INR,Yes
ACC0000666,CUST000734,BR0004,Savings,100000000666,2024-05-06,165968.84,Inactive,INR,Yes
ACC0000667,CUST000830,BR0009,Salary,100000000667,2024-02-03,1092344.68,Active,INR,Yes
ACC0000668,CUST000943,BR0009,Salary,100000000668,2023-07-07,536362.66,Inactive,INR,No
ACC0000669,CUST000992,BR0001,Savings,100000000669,2020-10-08,169315.73,Active,INR,Yes
ACC0000670,CUST000509,BR0017,Salary,100000000670,2015-01-18,561349.0,Active,INR,No
ACC0000671,CUST000653,BR0013,Savings,100000000671,2015-08-01,1141266.45,Active,INR,No
ACC0000672,CUST000018,BR0001,Savings,100000000672,2015-07-30,743896.05,Frozen,INR,Yes
ACC0000673,CUST000565,BR0045,Savings,100000000673,2024-04-24,139876.34,Active,INR,Yes
ACC0000674,CUST000644,BR0012,Salary,100000000674,2019-05-05,415468.91,Active,INR,No
ACC0000675,CUST000118,BR0003,Savings,100000000675,2025-06-29,207885.2,Active,INR,No
ACC0000676,CUST000419,BR0002,Savings,100000000676,2014-11-12,674088.34,Active,INR,No
ACC0000677,CUST000089,BR0002,Savings,100000000677,2015-12-10,241004.35,Inactive,INR,No
ACC0000678,CUST000071,BR0023,Savings,100000000678,2012-08-28,786009.32,Active,INR,No
ACC0000679,CUST000012,BR0032,Salary,100000000679,2021-10-05,901840.4,Active,INR,No
ACC0000680,CUST000320,BR0025,Salary,100000000680,2018-11-07,786282.33,Inactive,INR,No
ACC0000681,CUST000430,BR0015,Fixed Deposit,100000000681,2018-09-22,459691.81,Closed,INR,Yes
ACC0000682,CUST000637,BR0006,Savings,100000000682,2012-02-26,439458.16,Active,INR,Yes
ACC0000683,CUST000988,BR0047,Savings,100000000683,2015-05-04,311737.84,Active,INR,No
ACC0000684,CUST000086,BR0032,Recurring Deposit,100000000684,2023-12-29,203307.78,Closed,INR,Yes
ACC0000685,CUST000768,BR0044,Savings,100000000685,2022-04-16,801980.12,Active,INR,No
ACC0000686,CUST000004,BR0033,Savings,100000000686,2021-05-19,844459.05,Active,INR,No
ACC0000687,CUST000955,BR0045,Salary,100000000687,2015-06-04,1027182.91,Active,INR,Yes
ACC0000688,CUST000980,BR0040,Fixed Deposit,100000000688,2021-03-02,1022835.33,Active,INR,No
ACC0000689,CUST000810,BR0040,Savings,100000000689,2022-06-23,995928.26,Active,INR,Yes
ACC0000690,CUST000655,BR0014,Savings,100000000690,2012-10-26,495630.75,Closed,INR,No
ACC0000691,CUST000513,BR0037,Current,100000000691,2018-10-04,1168278.4,Active,INR,No
ACC0000692,CUST000885,BR0018,Salary,100000000692,2018-11-24,64850.26,Active,INR,No
ACC0000693,CUST000561,BR0010,Fixed Deposit,100000000693,2015-05-20,104713.34,Active,INR,No
ACC0000694,CUST000864,BR0017,Current,100000000694,2019-12-28,196770.53,Active,INR,Yes
ACC0000695,CUST000018,BR0026,Salary,100000000695,2018-03-14,961335.3,Active,INR,Yes
ACC0000696,CUST000785,BR0008,Savings,100000000696,2025-09-26,591922.62,Active,INR,Yes
ACC0000697,CUST000544,BR0010,Current,100000000697,2012-01-21,1028680.85,Active,INR,No
ACC0000698,CUST000231,BR0022,Salary,100000000698,2018-06-13,600781.13,Inactive,INR,Yes
ACC0000699,CUST000742,BR0005,Current,100000000699,2018-03-21,704230.44,Active,INR,Yes
ACC0000700,CUST000415,BR0026,Savings,100000000700,2012-05-29,417106.38,Active,INR,Yes
ACC0000701,CUST000045,BR0012,Savings,100000000701,2020-04-27,373547.0,Active,INR,No
ACC0000702,CUST000085,BR0047,Savings,100000000702,2012-08-28,142597.41,Active,INR,No
ACC0000703,CUST000626,BR0048,Recurring Deposit,100000000703,2021-07-04,5527.45,Closed,INR,No
ACC0000704,CUST000146,BR0007,Salary,100000000704,2023-05-01,462368.14,Frozen,INR,Yes
ACC0000705,CUST000168,BR0004,Recurring Deposit,100000000705,2016-07-09,126488.97,Active,INR,Yes
ACC0000706,CUST000083,BR0006,Salary,100000000706,2012-09-22,1126060.9,Active,INR,No
ACC0000707,CUST000833,BR0008,Savings,100000000707,2023-02-18,897172.48,Active,INR,No
ACC0000708,CUST000781,BR0042,Current,100000000708,2013-01-08,936918.8,Active,INR,No
ACC0000709,CUST000906,BR0010,Salary,100000000709,2019-12-16,820649.62,Active,INR,Yes
ACC0000710,CUST000740,BR0033,Savings,100000000710,2025-01-18,777793.0,Active,INR,No
ACC0000711,CUST000842,BR0034,Savings,100000000711,2020-03-06,1105556.77,Active,INR,Yes
ACC0000712,CUST000211,BR0029,Savings,100000000712,2019-07-29,636365.91,Active,INR,Yes
ACC0000713,CUST000484,BR0011,Current,100000000713,2021-12-13,627342.19,Active,INR,Yes
ACC0000714,CUST000799,BR0030,Current,100000000714,2013-04-05,858213.12,Active,INR,No
ACC0000715,CUST000109,BR0028,Savings,100000000715,2023-06-26,133726.3,Active,INR,Yes
ACC0000716,CUST000133,BR0013,Salary,100000000716,2025-03-10,760675.04,Active,INR,No
ACC0000717,CUST000503,BR0050,Savings,100000000717,2016-06-09,582455.01,Active,INR,Yes
ACC0000718,CUST000459,BR0027,Current,100000000718,2014-05-18,1079654.53,Active,INR,No
ACC0000719,CUST000561,BR0001,Salary,100000000719,2024-04-24,439920.52,Active,INR,Yes
ACC0000720,CUST000016,BR0011,Salary,100000000720,2018-07-29,233388.51,Active,INR,Yes
ACC0000721,CUST000898,BR0026,Recurring Deposit,100000000721,2015-08-22,1164348.31,Active,INR,Yes
ACC0000722,CUST000809,BR0025,Current,100000000722,2020-07-29,662007.5,Active,INR,No
ACC0000723,CUST000408,BR0043,Current,100000000723,2020-09-21,961116.0,Active,INR,No
ACC0000724,CUST000068,BR0028,Current,100000000724,2014-08-27,295466.43,Active,INR,No
ACC0000725,CUST000714,BR0048,Fixed Deposit,100000000725,2015-03-09,107786.5,Active,INR,Yes
ACC0000726,CUST000859,BR0027,Fixed Deposit,100000000726,2015-04-04,466380.03,Active,INR,Yes
ACC0000727,CUST000223,BR0013,Savings,100000000727,2023-09-21,920329.08,Inactive,INR,Yes
ACC0000728,CUST000289,BR0014,Salary,100000000728,2014-07-10,744193.34,Inactive,INR,Yes
ACC0000729,CUST000296,BR0035,Fixed Deposit,100000000729,2023-04-16,79617.12,Active,INR,No
ACC0000730,CUST000935,BR0007,Salary,100000000730,2025-06-21,971338.01,Active,INR,Yes
ACC0000731,CUST000324,BR0015,Savings,100000000731,2014-04-06,442277.0,Active,INR,No
ACC0000732,CUST000737,BR0024,Salary,100000000732,2024-05-03,1186999.53,Active,INR,No
ACC0000733,CUST000731,BR0016,Savings,100000000733,2025-10-12,1035070.87,Active,INR,Yes
ACC0000734,CUST000096,BR0001,Savings,100000000734,2014-08-28,1056617.11,Active,INR,No
ACC0000735,CUST000431,BR0017,Salary,100000000735,2015-06-27,588955.48,Active,INR,No
ACC0000736,CUST000877,BR0008,Savings,100000000736,2017-07-14,662395.53,Active,INR,Yes
ACC0000737,CUST000141,BR0035,Salary,100000000737,2022-01-26,1089175.04,Active,INR,Yes
ACC0000738,CUST000138,BR0015,Current,100000000738,2024-08-15,597551.77,Active,INR,No
ACC0000739,CUST000266,BR0010,Savings,100000000739,2013-01-08,915031.46,Active,INR,No
ACC0000740,CUST000165,BR0015,Salary,100000000740,2012-06-03,184633.19,Active,INR,No
ACC0000741,CUST000777,BR0048,Salary,100000000741,2020-04-17,926156.4,Active,INR,No
ACC0000742,CUST000480,BR0010,Savings,100000000742,2013-06-13,530130.76,Active,INR,Yes
ACC0000743,CUST000063,BR0033,Current,100000000743,2020-02-10,461436.76,Active,INR,No
ACC0000744,CUST000545,BR0042,Salary,100000000744,2022-10-16,797663.08,Active,INR,Yes
ACC0000745,CUST000499,BR0021,Savings,100000000745,2017-02-12,636326.5,Active,INR,No
ACC0000746,CUST000304,BR0005,Salary,100000000746,2023-04-15,1016088.05,Active,INR,Yes
ACC0000747,CUST000393,BR0004,Savings,100000000747,2015-11-16,399130.78,Active,INR,No
ACC0000748,CUST000702,BR0034,Savings,100000000748,2015-04-23,1072256.78,Active,INR,No
ACC0000749,CUST000047,BR0029,Savings,100000000749,2017-08-15,163760.04,Active,INR,No
ACC0000750,CUST000700,BR0014,Savings,100000000750,2013-07-07,1031670.32,Active,INR,No
ACC0000751,CUST000214,BR0047,Current,100000000751,2020-12-28,571327.65,Active,INR,No
ACC0000752,CUST000619,BR0009,Savings,100000000752,2023-11-12,517769.23,Active,INR,No
ACC0000753,CUST000622,BR0004,Savings,100000000753,2012-09-04,956898.66,Active,INR,No
ACC0000754,CUST000606,BR0044,Savings,100000000754,2013-04-16,832859.09,Active,INR,Yes
ACC0000755,CUST000266,BR0001,Savings,100000000755,2012-07-27,824921.35,Closed,INR,Yes
ACC0000756,CUST000486,BR0013,Current,100000000756,2013-11-17,1148413.22,Active,INR,No
ACC0000757,CUST000440,BR0017,Salary,100000000757,2019-01-18,230626.54,Active,INR,No
ACC0000758,CUST000422,BR0029,Savings,100000000758,2022-08-16,600479.86,Inactive,INR,No
ACC0000759,CUST000728,BR0022,Savings,100000000759,2015-07-24,523882.86,Active,INR,Yes
ACC0000760,CUST000248,BR0034,Savings,100000000760,2016-01-22,572489.82,Inactive,INR,Yes
ACC0000761,CUST000467,BR0047,Savings,100000000761,2013-05-03,847546.79,Active,INR,Yes
ACC0000762,CUST000494,BR0007,Savings,100000000762,2013-09-06,1003181.98,Active,INR,No
ACC0000763,CUST000437,BR0039,Savings,100000000763,2023-01-11,128376.24,Active,INR,No
ACC0000764,CUST000162,BR0040,Fixed Deposit,100000000764,2020-05-05,137267.04,Active,INR,No
ACC0000765,CUST000591,BR0036,Savings,100000000765,2020-05-28,211277.84,Active,INR,No
ACC0000766,CUST000979,BR0038,Savings,100000000766,2025-02-09,1027845.23,Active,INR,Yes
ACC0000767,CUST000921,BR0012,Salary,100000000767,2024-10-02,953758.77,Active,INR,No
ACC0000768,CUST000189,BR0044,Savings,100000000768,2023-02-10,994675.9,Active,INR,Yes
ACC0000769,CUST000890,BR0005,Current,100000000769,2012-06-07,1105948.58,Active,INR,Yes
ACC0000770,CUST000410,BR0013,Savings,100000000770,2012-11-18,1065862.62,Active,INR,Yes
ACC0000771,CUST000299,BR0038,Savings,100000000771,2016-02-22,496215.96,Active,INR,No
ACC0000772,CUST000939,BR0018,Savings,100000000772,2017-01-07,1023447.44,Inactive,INR,No
ACC0000773,CUST000164,BR0037,Savings,100000000773,2021-12-12,520160.87,Active,INR,Yes
ACC0000774,CUST000553,BR0015,Recurring Deposit,100000000774,2012-09-23,889848.81,Active,INR,No
ACC0000775,CUST000267,BR0004,Savings,100000000775,2019-11-05,739130.78,Active,INR,No
ACC0000776,CUST000112,BR0045,Current,100000000776,2025-07-24,270227.16,Active,INR,Yes
ACC0000777,CUST000777,BR0032,Savings,100000000777,2013-12-13,192498.35,Active,INR,No
ACC0000778,CUST000228,BR0023,Salary,100000000778,2018-09-11,1169940.78,Active,INR,No
ACC0000779,CUST000061,BR0009,Salary,100000000779,2021-05-31,543348.72,Active,INR,Yes
ACC0000780,CUST000465,BR0011,Current,100000000780,2018-10-24,427399.31,Active,INR,No
ACC0000781,CUST000272,BR0040,Salary,100000000781,2025-02-24,448674.88,Active,INR,Yes
ACC0000782,CUST000518,BR0035,Savings,100000000782,2012-01-23,502725.67,Active,INR,No
ACC0000783,CUST000772,BR0027,Salary,100000000783,2012-06-26,203990.57,Active,INR,Yes
ACC0000784,CUST000579,BR0011,Current,100000000784,2015-09-21,223811.84,Active,INR,No
ACC0000785,CUST000796,BR0020,Fixed Deposit,100000000785,2017-05-05,743825.98,Active,INR,Yes
ACC0000786,CUST000599,BR0015,Savings,100000000786,2015-07-09,418520.84,Active,INR,Yes
ACC0000787,CUST000178,BR0001,Recurring Deposit,100000000787,2017-06-27,429346.3,Active,INR,No
ACC0000788,CUST000928,BR0042,Salary,100000000788,2019-09-19,1024281.66,Active,INR,Yes
ACC0000789,CUST000346,BR0019,Savings,100000000789,2012-09-30,271630.57,Active,INR,No
ACC0000790,CUST000712,BR0014,Current,100000000790,2017-07-04,231701.35,Active,INR,Yes
ACC0000791,CUST000404,BR0011,Current,100000000791,2014-12-19,9187.33,Active,INR,No
ACC0000792,CUST000578,BR0048,Salary,100000000792,2017-03-03,147377.39,Active,INR,No
ACC0000793,CUST000771,BR0018,Savings,100000000793,2025-01-01,69509.89,Active,INR,No
ACC0000794,CUST000321,BR0040,Current,100000000794,2015-01-01,1141678.92,Active,INR,Yes
ACC0000795,CUST000991,BR0032,Savings,100000000795,2013-09-08,577605.98,Active,INR,No
ACC0000796,CUST000285,BR0011,Savings,100000000796,2012-05-01,461024.97,Active,INR,No
ACC0000797,CUST000657,BR0006,Current,100000000797,2022-01-19,410606.44,Frozen,INR,Yes
ACC0000798,CUST000601,BR0009,Savings,100000000798,2022-01-04,91678.22,Active,INR,No
ACC0000799,CUST000382,BR0015,Salary,100000000799,2014-11-15,1133012.86,Active,INR,No
ACC0000800,CUST000485,BR0021,Savings,100000000800,2023-05-30,755651.6,Active,INR,No
ACC0000801,CUST000106,BR0010,Salary,100000000801,2025-12-03,511155.27,Active,INR,Yes
ACC0000802,CUST000028,BR0001,Current,100000000802,2015-07-21,791983.8,Inactive,INR,No
ACC0000803,CUST000323,BR0009,Savings,100000000803,2016-04-14,199875.3,Active,INR,No
ACC0000804,CUST000708,BR0015,Fixed Deposit,100000000804,2019-12-15,12414.75,Active,INR,Yes
ACC0000805,CUST000738,BR0050,Savings,100000000805,2025-01-18,767996.78,Active,INR,Yes
ACC0000806,CUST000530,BR0029,Current,100000000806,2025-04-05,553464.08,Active,INR,No
ACC0000807,CUST000620,BR0009,Savings,100000000807,2017-08-20,1032033.47,Active,INR,Yes
ACC0000808,CUST000514,BR0035,Savings,100000000808,2017-09-14,754124.92,Active,INR,Yes
ACC0000809,CUST000605,BR0012,Salary,100000000809,2012-03-01,363362.08,Active,INR,No
ACC0000810,CUST000043,BR0028,Current,100000000810,2020-07-28,995503.02,Active,INR,Yes
ACC0000811,CUST000902,BR0016,Salary,100000000811,2025-03-17,707686.55,Active,INR,No
ACC0000812,CUST000098,BR0023,Fixed Deposit,100000000812,2013-04-13,199532.02,Active,INR,No
ACC0000813,CUST000984,BR0028,Savings,100000000813,2023-08-28,400585.47,Active,INR,No
ACC0000814,CUST000753,BR0034,Current,100000000814,2024-02-22,206569.59,Active,INR,No
ACC0000815,CUST000728,BR0031,Savings,100000000815,2015-11-09,22078.36,Active,INR,No
ACC0000816,CUST000494,BR0009,Salary,100000000816,2015-10-10,435213.91,Inactive,INR,No
ACC0000817,CUST000755,BR0024,Savings,100000000817,2025-02-18,470452.24,Active,INR,Yes
ACC0000818,CUST000188,BR0023,Savings,100000000818,2014-05-20,640173.72,Active,INR,No
ACC0000819,CUST000173,BR0049,Fixed Deposit,100000000819,2018-09-22,536942.94,Active,INR,Yes
ACC0000820,CUST000604,BR0049,Savings,100000000820,2016-01-16,775519.84,Active,INR,Yes
ACC0000821,CUST000812,BR0011,Savings,100000000821,2018-02-18,105083.82,Active,INR,Yes
ACC0000822,CUST000609,BR0001,Salary,100000000822,2025-07-31,842747.7,Active,INR,Yes
ACC0000823,CUST000852,BR0045,Savings,100000000823,2015-01-05,492186.25,Active,INR,No
ACC0000824,CUST000848,BR0004,Recurring Deposit,100000000824,2020-02-07,516655.13,Active,INR,No
ACC0000825,CUST000857,BR0019,Current,100000000825,2012-06-02,860753.15,Active,INR,Yes
ACC0000826,CUST000756,BR0049,Savings,100000000826,2016-12-04,295109.58,Active,INR,Yes
ACC0000827,CUST000138,BR0011,Savings,100000000827,2022-05-26,112828.55,Closed,INR,Yes
ACC0000828,CUST000392,BR0001,Salary,100000000828,2021-06-01,1158126.11,Closed,INR,Yes
ACC0000829,CUST000473,BR0032,Salary,100000000829,2019-03-09,480269.11,Active,INR,No
ACC0000830,CUST000851,BR0004,Current,100000000830,2021-10-11,1044434.92,Active,INR,Yes
ACC0000831,CUST000726,BR0034,Salary,100000000831,2019-12-09,12882.88,Active,INR,Yes
ACC0000832,CUST000475,BR0012,Savings,100000000832,2021-07-02,108613.0,Active,INR,Yes
ACC0000833,CUST000878,BR0015,Salary,100000000833,2016-08-11,1179655.03,Inactive,INR,No
ACC0000834,CUST000118,BR0001,Current,100000000834,2025-11-04,311140.76,Active,INR,No
ACC0000835,CUST000307,BR0009,Fixed Deposit,100000000835,2014-03-23,467212.75,Active,INR,No
ACC0000836,CUST000120,BR0048,Savings,100000000836,2016-01-03,556974.45,Active,INR,No
ACC0000837,CUST000536,BR0024,Current,100000000837,2021-06-04,1073207.58,Active,INR,No
ACC0000838,CUST000880,BR0045,Savings,100000000838,2017-08-18,725484.0,Active,INR,Yes
ACC0000839,CUST000839,BR0018,Fixed Deposit,100000000839,2013-07-23,568321.07,Active,INR,Yes
ACC0000840,CUST000524,BR0036,Savings,100000000840,2013-12-09,1003154.19,Active,INR,Yes
ACC0000841,CUST000177,BR0020,Salary,100000000841,2012-12-03,1058704.67,Active,INR,Yes
ACC0000842,CUST000456,BR0020,Savings,100000000842,2017-12-29,93784.41,Active,INR,Yes
ACC0000843,CUST000276,BR0023,Savings,100000000843,2019-07-09,955458.62,Active,INR,No
ACC0000844,CUST000587,BR0017,Savings,100000000844,2012-03-29,199026.6,Inactive,INR,No
ACC0000845,CUST000764,BR0015,Savings,100000000845,2015-01-25,501916.93,Active,INR,No
ACC0000846,CUST000705,BR0030,Savings,100000000846,2023-07-26,520931.19,Active,INR,Yes
ACC0000847,CUST000669,BR0001,Recurring Deposit,100000000847,2012-01-27,714946.33,Active,INR,No
ACC0000848,CUST000641,BR0021,Current,100000000848,2018-01-03,209670.1,Active,INR,No
ACC0000849,CUST000241,BR0021,Salary,100000000849,2025-07-14,19696.13,Active,INR,Yes
ACC0000850,CUST000489,BR0035,Savings,100000000850,2021-08-01,60368.18,Active,INR,No
ACC0000851,CUST000755,BR0007,Savings,100000000851,2022-03-21,606474.0,Inactive,INR,No
ACC0000852,CUST000283,BR0014,Current,100000000852,2020-11-19,873425.86,Active,INR,No
ACC0000853,CUST000864,BR0042,Recurring Deposit,100000000853,2019-11-18,1054225.09,Active,INR,No
ACC0000854,CUST000870,BR0030,Savings,100000000854,2020-09-11,906144.53,Active,INR,Yes
ACC0000855,CUST000377,BR0043,Savings,100000000855,2013-12-14,623600.92,Active,INR,Yes
ACC0000856,CUST000961,BR0004,Savings,100000000856,2022-08-30,1109441.12,Active,INR,Yes
ACC0000857,CUST000012,BR0050,Current,100000000857,2019-07-03,49691.13,Active,INR,No
ACC0000858,CUST000021,BR0019,Recurring Deposit,100000000858,2020-02-24,494570.99,Inactive,INR,Yes
ACC0000859,CUST000346,BR0003,Savings,100000000859,2017-07-24,533326.33,Inactive,INR,Yes
ACC0000860,CUST000217,BR0002,Savings,100000000860,2021-11-13,799213.35,Active,INR,No
ACC0000861,CUST000483,BR0045,Salary,100000000861,2014-09-12,657818.38,Active,INR,Yes
ACC0000862,CUST000431,BR0027,Fixed Deposit,100000000862,2022-08-30,1093513.85,Active,INR,Yes
ACC0000863,CUST000630,BR0002,Salary,100000000863,2022-02-20,609948.26,Active,INR,No
ACC0000864,CUST000224,BR0033,Salary,100000000864,2025-05-29,970101.63,Active,INR,No
ACC0000865,CUST000770,BR0014,Current,100000000865,2016-08-01,365963.57,Active,INR,No
ACC0000866,CUST000410,BR0002,Salary,100000000866,2019-01-23,958684.55,Active,INR,Yes
ACC0000867,CUST000865,BR0043,Current,100000000867,2024-10-21,166091.39,Active,INR,No
ACC0000868,CUST000061,BR0017,Current,100000000868,2024-07-31,507393.64,Active,INR,Yes
ACC0000869,CUST000559,BR0026,Salary,100000000869,2021-12-06,36172.59,Active,INR,Yes
ACC0000870,CUST000860,BR0004,Salary,100000000870,2021-01-07,915725.72,Active,INR,Yes
ACC0000871,CUST000486,BR0013,Fixed Deposit,100000000871,2025-01-05,697834.51,Active,INR,Yes
ACC0000872,CUST000690,BR0037,Salary,100000000872,2015-08-01,588900.4,Active,INR,No
ACC0000873,CUST000720,BR0021,Recurring Deposit,100000000873,2016-07-29,927251.71,Active,INR,Yes
ACC0000874,CUST000469,BR0048,Fixed Deposit,100000000874,2012-02-19,640905.21,Active,INR,No
ACC0000875,CUST000626,BR0017,Savings,100000000875,2025-03-04,350678.1,Active,INR,Yes
ACC0000876,CUST000996,BR0006,Salary,100000000876,2017-04-28,1149190.71,Active,INR,Yes
ACC0000877,CUST000116,BR0019,Savings,100000000877,2024-09-07,732789.7,Active,INR,Yes
ACC0000878,CUST000390,BR0039,Savings,100000000878,2025-11-01,408304.31,Active,INR,Yes
ACC0000879,CUST000003,BR0024,Savings,100000000879,2025-08-14,636837.08,Closed,INR,No
ACC0000880,CUST000238,BR0036,Fixed Deposit,100000000880,2018-03-26,790597.4,Active,INR,Yes
ACC0000881,CUST000715,BR0010,Salary,100000000881,2013-09-09,559357.14,Active,INR,No
ACC0000882,CUST000483,BR0033,Fixed Deposit,100000000882,2012-02-15,463944.37,Active,INR,No
ACC0000883,CUST000680,BR0015,Salary,100000000883,2019-09-16,1059692.32,Active,INR,Yes
ACC0000884,CUST000106,BR0025,Salary,100000000884,2017-08-31,1059039.97,Active,INR,Yes
ACC0000885,CUST000923,BR0042,Current,100000000885,2019-05-15,2266.5,Closed,INR,Yes
ACC0000886,CUST000118,BR0031,Savings,100000000886,2025-06-08,1172803.18,Active,INR,No
ACC0000887,CUST000044,BR0029,Fixed Deposit,100000000887,2016-07-25,37789.85,Active,INR,Yes
ACC0000888,CUST000531,BR0041,Fixed Deposit,100000000888,2013-06-21,545386.78,Active,INR,Yes
ACC0000889,CUST000616,BR0027,Current,100000000889,2018-08-21,999591.83,Active,INR,No
ACC0000890,CUST000771,BR0002,Salary,100000000890,2012-06-06,549443.11,Active,INR,No
ACC0000891,CUST000975,BR0037,Savings,100000000891,2022-06-22,757799.38,Active,INR,No
ACC0000892,CUST000553,BR0001,Savings,100000000892,2025-04-14,822664.85,Active,INR,No
ACC0000893,CUST000880,BR0008,Savings,100000000893,2022-08-04,487670.34,Active,INR,Yes
ACC0000894,CUST000544,BR0009,Salary,100000000894,2017-05-20,750068.08,Active,INR,Yes
ACC0000895,CUST000945,BR0027,Savings,100000000895,2017-12-07,337092.93,Active,INR,No
ACC0000896,CUST000646,BR0042,Savings,100000000896,2017-09-04,401142.45,Active,INR,No
ACC0000897,CUST000922,BR0001,Savings,100000000897,2012-03-30,883073.75,Active,INR,Yes
ACC0000898,CUST000306,BR0011,Salary,100000000898,2020-05-21,258332.08,Active,INR,Yes
ACC0000899,CUST000962,BR0010,Recurring Deposit,100000000899,2022-04-14,437396.12,Active,INR,No
ACC0000900,CUST000584,BR0029,Savings,100000000900,2013-04-26,300285.74,Active,INR,No
ACC0000901,CUST000001,BR0009,Fixed Deposit,100000000901,2018-08-02,291118.52,Active,INR,No
ACC0000902,CUST000044,BR0023,Savings,100000000902,2021-07-12,307382.71,Active,INR,No
ACC0000903,CUST000809,BR0024,Salary,100000000903,2018-03-30,815763.77,Closed,INR,No
ACC0000904,CUST000847,BR0045,Savings,100000000904,2023-06-10,656367.83,Active,INR,No
ACC0000905,CUST000511,BR0016,Current,100000000905,2018-03-14,1126914.66,Active,INR,Yes
ACC0000906,CUST000203,BR0009,Savings,100000000906,2012-11-10,457700.81,Active,INR,No
ACC0000907,CUST000291,BR0038,Savings,100000000907,2020-05-12,697981.45,Active,INR,No
ACC0000908,CUST000992,BR0043,Fixed Deposit,100000000908,2015-01-10,898319.41,Closed,INR,Yes
ACC0000909,CUST000620,BR0034,Savings,100000000909,2015-09-20,1153514.59,Active,INR,Yes
ACC0000910,CUST000012,BR0025,Savings,100000000910,2013-08-18,1159814.81,Closed,INR,No
ACC0000911,CUST000182,BR0013,Fixed Deposit,100000000911,2020-06-15,732522.25,Active,INR,Yes
ACC0000912,CUST000603,BR0048,Current,100000000912,2024-04-17,297914.04,Active,INR,No
ACC0000913,CUST000886,BR0026,Current,100000000913,2022-05-29,852283.62,Active,INR,Yes
ACC0000914,CUST000382,BR0050,Savings,100000000914,2018-10-02,146140.95,Active,INR,Yes
ACC0000915,CUST000051,BR0034,Fixed Deposit,100000000915,2017-08-22,1074307.76,Active,INR,Yes
ACC0000916,CUST000336,BR0013,Current,100000000916,2016-04-02,1171269.88,Active,INR,Yes
ACC0000917,CUST000130,BR0026,Savings,100000000917,2012-02-06,1076217.38,Active,INR,Yes
ACC0000918,CUST000669,BR0043,Salary,100000000918,2020-12-11,176579.53,Active,INR,Yes
ACC0000919,CUST000980,BR0020,Salary,100000000919,2017-02-01,1023562.03,Inactive,INR,Yes
ACC0000920,CUST000223,BR0020,Savings,100000000920,2016-07-30,620145.14,Active,INR,No
ACC0000921,CUST000156,BR0041,Salary,100000000921,2022-07-17,159308.11,Active,INR,No
ACC0000922,CUST000660,BR0021,Salary,100000000922,2020-08-09,356898.66,Active,INR,Yes
ACC0000923,CUST000304,BR0001,Savings,100000000923,2015-05-24,67205.64,Active,INR,No
ACC0000924,CUST000852,BR0015,Savings,100000000924,2022-11-12,1191994.77,Active,INR,Yes
ACC0000925,CUST000638,BR0017,Current,100000000925,2025-11-30,481114.18,Inactive,INR,Yes
ACC0000926,CUST000665,BR0024,Savings,100000000926,2014-12-14,1055276.43,Active,INR,No
ACC0000927,CUST000252,BR0041,Fixed Deposit,100000000927,2022-01-22,739016.58,Active,INR,No
ACC0000928,CUST000586,BR0022,Recurring Deposit,100000000928,2015-06-06,909355.95,Active,INR,No
ACC0000929,CUST000870,BR0001,Savings,100000000929,2018-11-22,589157.65,Active,INR,Yes
ACC0000930,CUST000326,BR0015,Recurring Deposit,100000000930,2016-05-09,578853.16,Active,INR,No
ACC0000931,CUST000100,BR0001,Savings,100000000931,2022-12-29,595293.76,Active,INR,Yes
ACC0000932,CUST000509,BR0023,Savings,100000000932,2021-05-25,103850.11,Active,INR,Yes
ACC0000933,CUST000990,BR0003,Savings,100000000933,2019-06-25,1000074.52,Active,INR,Yes
ACC0000934,CUST000605,BR0013,Current,100000000934,2016-05-03,252355.66,Active,INR,No
ACC0000935,CUST000750,BR0012,Salary,100000000935,2018-12-18,330436.48,Active,INR,Yes
ACC0000936,CUST000799,BR0018,Current,100000000936,2012-07-29,532995.78,Closed,INR,No
ACC0000937,CUST000887,BR0009,Salary,100000000937,2019-01-26,1183740.87,Inactive,INR,Yes
ACC0000938,CUST000709,BR0031,Savings,100000000938,2013-09-16,932981.9,Active,INR,No
ACC0000939,CUST000645,BR0003,Recurring Deposit,100000000939,2024-07-01,1024071.86,Closed,INR,Yes
ACC0000940,CUST000495,BR0045,Savings,100000000940,2015-09-25,1036721.64,Active,INR,Yes
ACC0000941,CUST000275,BR0023,Savings,100000000941,2017-09-26,44928.76,Active,INR,No
ACC0000942,CUST000522,BR0001,Savings,100000000942,2024-03-19,890514.15,Active,INR,Yes
ACC0000943,CUST000329,BR0029,Savings,100000000943,2025-11-20,471184.53,Active,INR,Yes
ACC0000944,CUST000944,BR0026,Savings,100000000944,2023-01-12,985599.16,Active,INR,No
ACC0000945,CUST000012,BR0038,Savings,100000000945,2012-04-13,860330.97,Active,INR,No
ACC0000946,CUST000121,BR0035,Savings,100000000946,2012-05-30,1193356.0,Active,INR,Yes
ACC0000947,CUST000183,BR0006,Salary,100000000947,2012-07-16,817326.66,Active,INR,No
ACC0000948,CUST000788,BR0011,Salary,100000000948,2012-11-22,286637.61,Active,INR,No
ACC0000949,CUST000701,BR0018,Current,100000000949,2012-06-21,792255.73,Active,INR,Yes
ACC0000950,CUST000156,BR0026,Savings,100000000950,2025-08-21,837528.52,Active,INR,No
ACC0000951,CUST000290,BR0045,Savings,100000000951,2025-06-18,248372.59,Active,INR,Yes
ACC0000952,CUST000351,BR0047,Savings,100000000952,2016-06-27,67064.78,Active,INR,No
ACC0000953,CUST000308,BR0017,Fixed Deposit,100000000953,2023-04-14,1089505.73,Inactive,INR,No
ACC0000954,CUST000500,BR0003,Current,100000000954,2025-07-28,670287.79,Frozen,INR,Yes
ACC0000955,CUST000611,BR0011,Savings,100000000955,2014-08-20,719582.5,Active,INR,No
ACC0000956,CUST000887,BR0015,Savings,100000000956,2016-06-23,817058.98,Inactive,INR,No
ACC0000957,CUST000388,BR0007,Savings,100000000957,2024-01-18,331174.62,Active,INR,Yes
ACC0000958,CUST000352,BR0011,Salary,100000000958,2017-05-28,224171.63,Active,INR,No
ACC0000959,CUST000034,BR0019,Recurring Deposit,100000000959,2015-07-25,176514.7,Active,INR,No
ACC0000960,CUST000695,BR0001,Current,100000000960,2018-02-11,436348.48,Active,INR,No
ACC0000961,CUST000744,BR0045,Recurring Deposit,100000000961,2013-04-09,1036320.08,Active,INR,Yes
ACC0000962,CUST000941,BR0041,Fixed Deposit,100000000962,2013-10-16,532829.75,Active,INR,No
ACC0000963,CUST000764,BR0005,Salary,100000000963,2024-11-01,407080.7,Active,INR,No
ACC0000964,CUST000432,BR0032,Salary,100000000964,2021-02-25,159158.49,Active,INR,Yes
ACC0000965,CUST000335,BR0045,Salary,100000000965,2020-06-06,1107457.48,Active,INR,Yes
ACC0000966,CUST000142,BR0048,Savings,100000000966,2023-12-28,361797.63,Active,INR,No
ACC0000967,CUST000833,BR0036,Fixed Deposit,100000000967,2012-02-18,259690.15,Active,INR,No
ACC0000968,CUST000050,BR0022,Fixed Deposit,100000000968,2013-02-28,472348.19,Active,INR,No
ACC0000969,CUST000245,BR0028,Salary,100000000969,2020-04-26,53298.14,Active,INR,Yes
ACC0000970,CUST000663,BR0041,Savings,100000000970,2012-03-06,748801.25,Active,INR,Yes
ACC0000971,CUST000881,BR0014,Current,100000000971,2025-04-14,142359.62,Active,INR,Yes
ACC0000972,CUST000655,BR0002,Savings,100000000972,2015-01-13,28454.92,Active,INR,Yes
ACC0000973,CUST000706,BR0013,Salary,100000000973,2022-04-26,908492.87,Active,INR,No
ACC0000974,CUST000237,BR0008,Current,100000000974,2016-03-09,1163026.39,Active,INR,No
ACC0000975,CUST000045,BR0009,Fixed Deposit,100000000975,2022-05-24,418905.85,Active,INR,No
ACC0000976,CUST000957,BR0019,Salary,100000000976,2017-10-12,973678.65,Frozen,INR,Yes
ACC0000977,CUST000045,BR0021,Savings,100000000977,2024-06-27,1155191.84,Active,INR,No
ACC0000978,CUST000948,BR0022,Savings,100000000978,2014-01-11,149664.69,Active,INR,Yes
ACC0000979,CUST000736,BR0036,Current,100000000979,2019-10-20,755285.96,Active,INR,No
ACC0000980,CUST000908,BR0019,Salary,100000000980,2020-12-05,1176430.91,Active,INR,Yes
ACC0000981,CUST000612,BR0044,Savings,100000000981,2014-10-07,592241.48,Active,INR,No
ACC0000982,CUST000717,BR0027,Savings,100000000982,2017-04-06,1163424.21,Active,INR,No
ACC0000983,CUST000861,BR0009,Savings,100000000983,2021-06-27,37064.79,Active,INR,No
ACC0000984,CUST000885,BR0041,Savings,100000000984,2021-06-15,1082206.25,Active,INR,Yes
ACC0000985,CUST000202,BR0023,Salary,100000000985,2013-05-30,439483.99,Active,INR,Yes
ACC0000986,CUST000384,BR0013,Salary,100000000986,2013-07-09,529742.28,Active,INR,Yes
ACC0000987,CUST000434,BR0032,Salary,100000000987,2019-02-01,508184.47,Active,INR,No
ACC0000988,CUST000586,BR0004,Savings,100000000988,2016-01-08,307164.24,Active,INR,Yes
ACC0000989,CUST000605,BR0021,Savings,100000000989,2024-09-20,318785.27,Active,INR,No
ACC0000990,CUST000750,BR0048,Savings,100000000990,2014-03-06,816171.29,Active,INR,No
ACC0000991,CUST000598,BR0004,Savings,100000000991,2022-04-28,148168.34,Closed,INR,Yes
ACC0000992,CUST000777,BR0042,Fixed Deposit,100000000992,2026-04-17,690906.75,Active,INR,No
ACC0000993,CUST000868,BR0046,Savings,100000000993,2016-10-25,515907.39,Active,INR,Yes
ACC0000994,CUST000568,BR0016,Savings,100000000994,2019-03-25,856322.94,Active,INR,No
ACC0000995,CUST000406,BR0036,Recurring Deposit,100000000995,2020-05-23,824154.4,Active,INR,Yes
ACC0000996,CUST000994,BR0016,Recurring Deposit,100000000996,2022-09-22,1017154.18,Active,INR,Yes
ACC0000997,CUST000556,BR0017,Savings,100000000997,2012-02-18,966949.99,Active,INR,Yes
ACC0000998,CUST000168,BR0002,Current,100000000998,2021-09-12,586898.26,Active,INR,Yes
ACC0000999,CUST000707,BR0046,Current,100000000999,2022-09-29,255635.37,Active,INR,Yes
ACC0001000,CUST000580,BR0026,Savings,100000001000,2012-11-23,223658.94,Active,INR,Yes
ACC0001001,CUST000330,BR0016,Salary,100000001001,2020-11-08,1121758.2,Inactive,INR,No
ACC0001002,CUST000386,BR0040,Fixed Deposit,100000001002,2016-03-10,310315.62,Active,INR,Yes
ACC0001003,CUST000637,BR0046,Savings,100000001003,2023-12-31,1041025.7,Active,INR,Yes
ACC0001004,CUST000140,BR0016,Salary,100000001004,2012-06-26,690490.36,Active,INR,Yes
ACC0001005,CUST000067,BR0028,Current,100000001005,2017-02-10,913493.89,Active,INR,No
ACC0001006,CUST000301,BR0009,Savings,100000001006,2018-08-29,593825.5,Active,INR,Yes
ACC0001007,CUST000911,BR0039,Savings,100000001007,2022-11-02,398013.61,Active,INR,Yes
ACC0001008,CUST000337,BR0018,Salary,100000001008,2014-11-05,1076090.64,Active,INR,No
ACC0001009,CUST000332,BR0028,Current,100000001009,2025-08-31,746991.71,Active,INR,Yes
ACC0001010,CUST000128,BR0002,Savings,100000001010,2020-10-27,946428.6,Frozen,INR,Yes
ACC0001011,CUST000690,BR0010,Savings,100000001011,2021-09-13,1191477.81,Active,INR,Yes
ACC0001012,CUST000936,BR0009,Current,100000001012,2022-06-26,560501.12,Active,INR,Yes
ACC0001013,CUST000425,BR0047,Current,100000001013,2012-10-03,1145952.48,Active,INR,No
ACC0001014,CUST000748,BR0031,Savings,100000001014,2021-12-07,4637.09,Active,INR,Yes
ACC0001015,CUST000244,BR0025,Salary,100000001015,2019-07-07,737428.03,Active,INR,No
ACC0001016,CUST000139,BR0041,Savings,100000001016,2012-11-03,768555.66,Active,INR,No
ACC0001017,CUST000746,BR0004,Savings,100000001017,2023-02-15,324663.24,Active,INR,No
ACC0001018,CUST000485,BR0049,Savings,100000001018,2015-09-30,513919.15,Active,INR,No
ACC0001019,CUST000583,BR0001,Salary,100000001019,2021-08-21,996572.55,Active,INR,Yes
ACC0001020,CUST000251,BR0046,Savings,100000001020,2023-05-27,795000.5,Active,INR,No
ACC0001021,CUST000905,BR0017,Fixed Deposit,100000001021,2013-08-04,339628.04,Active,INR,No
ACC0001022,CUST000610,BR0032,Current,100000001022,2016-09-07,125832.39,Inactive,INR,No
ACC0001023,CUST000767,BR0037,Salary,100000001023,2018-03-25,1010615.2,Active,INR,Yes
ACC0001024,CUST000264,BR0039,Fixed Deposit,100000001024,2023-05-08,512985.57,Active,INR,No
ACC0001025,CUST000834,BR0021,Savings,100000001025,2018-04-29,716859.86,Active,INR,Yes
ACC0001026,CUST000147,BR0027,Salary,100000001026,2021-10-15,356270.32,Active,INR,Yes
ACC0001027,CUST000999,BR0038,Savings,100000001027,2020-07-18,122164.41,Active,INR,Yes
ACC0001028,CUST000677,BR0007,Savings,100000001028,2018-06-19,675080.66,Active,INR,No
ACC0001029,CUST000017,BR0001,Salary,100000001029,2016-02-03,822224.67,Active,INR,Yes
ACC0001030,CUST000141,BR0013,Salary,100000001030,2023-11-29,843987.22,Active,INR,No
ACC0001031,CUST000308,BR0012,Salary,100000001031,2026-04-15,194357.68,Active,INR,No
ACC0001032,CUST000765,BR0033,Salary,100000001032,2013-06-10,1016770.07,Active,INR,Yes
ACC0001033,CUST000931,BR0009,Savings,100000001033,2023-10-17,771730.55,Active,INR,Yes
ACC0001034,CUST000338,BR0043,Current,100000001034,2018-07-04,81337.35,Active,INR,No
ACC0001035,CUST000715,BR0005,Recurring Deposit,100000001035,2016-06-25,837640.49,Active,INR,No
ACC0001036,CUST000411,BR0020,Current,100000001036,2024-11-23,719550.34,Closed,INR,No
ACC0001037,CUST000401,BR0002,Salary,100000001037,2019-04-12,618619.02,Active,INR,No
ACC0001038,CUST000581,BR0050,Salary,100000001038,2016-04-28,1060371.07,Active,INR,Yes
ACC0001039,CUST000877,BR0040,Fixed Deposit,100000001039,2021-12-22,185421.27,Active,INR,Yes
ACC0001040,CUST000052,BR0035,Savings,100000001040,2015-02-26,500908.41,Active,INR,Yes
ACC0001041,CUST000008,BR0007,Savings,100000001041,2019-12-29,1081091.61,Active,INR,No
ACC0001042,CUST000974,BR0018,Savings,100000001042,2023-09-22,1136452.81,Active,INR,No
ACC0001043,CUST000910,BR0032,Savings,100000001043,2015-11-11,306091.46,Active,INR,Yes
ACC0001044,CUST000008,BR0004,Savings,100000001044,2022-01-04,405425.39,Active,INR,No
ACC0001045,CUST000828,BR0034,Fixed Deposit,100000001045,2018-07-13,820110.37,Active,INR,No
ACC0001046,CUST000392,BR0023,Savings,100000001046,2014-05-22,185110.55,Inactive,INR,No
ACC0001047,CUST000267,BR0005,Salary,100000001047,2025-03-15,734141.0,Closed,INR,Yes
ACC0001048,CUST000148,BR0013,Savings,100000001048,2021-02-12,1094623.14,Frozen,INR,Yes
ACC0001049,CUST000525,BR0050,Savings,100000001049,2019-02-20,984788.39,Inactive,INR,Yes
ACC0001050,CUST000464,BR0002,Recurring Deposit,100000001050,2021-02-26,233186.04,Inactive,INR,No
ACC0001051,CUST000830,BR0018,Savings,100000001051,2016-10-04,615477.1,Active,INR,Yes
ACC0001052,CUST000047,BR0045,Savings,100000001052,2013-02-01,648898.53,Active,INR,Yes
ACC0001053,CUST000032,BR0039,Salary,100000001053,2018-03-27,896175.74,Active,INR,Yes
ACC0001054,CUST000598,BR0050,Savings,100000001054,2013-06-26,988495.16,Active,INR,No
ACC0001055,CUST000889,BR0037,Fixed Deposit,100000001055,2015-01-10,1008919.22,Active,INR,Yes
ACC0001056,CUST000569,BR0018,Savings,100000001056,2020-02-18,467394.1,Active,INR,Yes
ACC0001057,CUST000306,BR0021,Fixed Deposit,100000001057,2022-05-29,245970.43,Active,INR,No
ACC0001058,CUST000770,BR0045,Current,100000001058,2023-06-05,1168432.38,Active,INR,No
ACC0001059,CUST000511,BR0041,Current,100000001059,2016-12-29,687858.11,Active,INR,No
ACC0001060,CUST000599,BR0041,Salary,100000001060,2013-01-04,168856.81,Frozen,INR,Yes
ACC0001061,CUST000173,BR0046,Current,100000001061,2018-01-23,176993.08,Inactive,INR,Yes
ACC0001062,CUST000821,BR0015,Recurring Deposit,100000001062,2019-12-08,1093661.41,Active,INR,Yes
ACC0001063,CUST000341,BR0034,Savings,100000001063,2012-05-23,562638.27,Active,INR,Yes
ACC0001064,CUST000042,BR0015,Savings,100000001064,2021-11-13,798152.98,Active,INR,No
ACC0001065,CUST000472,BR0024,Current,100000001065,2014-07-20,787739.07,Active,INR,No
ACC0001066,CUST000756,BR0018,Recurring Deposit,100000001066,2023-09-21,866100.61,Active,INR,Yes
ACC0001067,CUST000860,BR0039,Savings,100000001067,2023-08-30,1048613.44,Active,INR,No
ACC0001068,CUST000109,BR0037,Savings,100000001068,2017-06-27,776220.06,Active,INR,No
ACC0001069,CUST000032,BR0048,Current,100000001069,2024-04-21,452404.28,Active,INR,No
ACC0001070,CUST000170,BR0030,Savings,100000001070,2022-10-11,351396.39,Active,INR,Yes
ACC0001071,CUST000870,BR0029,Savings,100000001071,2012-01-21,461046.92,Active,INR,Yes
ACC0001072,CUST000673,BR0042,Fixed Deposit,100000001072,2013-12-09,446150.79,Frozen,INR,Yes
ACC0001073,CUST000480,BR0035,Current,100000001073,2018-08-12,934837.82,Inactive,INR,No
ACC0001074,CUST000842,BR0022,Current,100000001074,2021-04-17,747617.63,Active,INR,Yes
ACC0001075,CUST000956,BR0027,Fixed Deposit,100000001075,2017-04-13,160654.31,Active,INR,Yes
ACC0001076,CUST000670,BR0031,Savings,100000001076,2026-01-04,603353.0,Active,INR,Yes
ACC0001077,CUST000906,BR0011,Savings,100000001077,2024-11-08,68408.52,Active,INR,No
ACC0001078,CUST000324,BR0018,Fixed Deposit,100000001078,2024-02-28,753411.02,Active,INR,No
ACC0001079,CUST000830,BR0030,Recurring Deposit,100000001079,2025-01-10,387891.44,Active,INR,No
ACC0001080,CUST000431,BR0032,Savings,100000001080,2016-07-17,712221.43,Active,INR,Yes
ACC0001081,CUST000864,BR0029,Salary,100000001081,2022-05-19,617268.91,Active,INR,Yes
ACC0001082,CUST000329,BR0032,Current,100000001082,2024-07-05,697446.55,Active,INR,No
ACC0001083,CUST000172,BR0026,Salary,100000001083,2016-09-17,606880.78,Active,INR,No
ACC0001084,CUST000421,BR0014,Current,100000001084,2015-06-28,1151402.05,Active,INR,No
ACC0001085,CUST000082,BR0010,Savings,100000001085,2020-12-13,817669.88,Active,INR,Yes
ACC0001086,CUST000648,BR0022,Salary,100000001086,2024-04-09,1054253.53,Active,INR,Yes
ACC0001087,CUST000951,BR0037,Current,100000001087,2024-02-10,627832.2,Active,INR,Yes
ACC0001088,CUST000524,BR0050,Savings,100000001088,2012-08-05,778802.78,Active,INR,No
ACC0001089,CUST000398,BR0046,Salary,100000001089,2025-05-14,44459.19,Active,INR,No
ACC0001090,CUST000601,BR0009,Savings,100000001090,2015-04-17,707580.9,Active,INR,Yes
ACC0001091,CUST000230,BR0018,Fixed Deposit,100000001091,2023-06-21,795472.97,Active,INR,No
ACC0001092,CUST000623,BR0030,Fixed Deposit,100000001092,2017-06-10,856760.82,Active,INR,No
ACC0001093,CUST000336,BR0030,Current,100000001093,2021-04-12,1034771.52,Active,INR,Yes
ACC0001094,CUST000998,BR0013,Savings,100000001094,2022-01-02,16417.01,Active,INR,Yes
ACC0001095,CUST000758,BR0007,Salary,100000001095,2016-11-21,120629.98,Active,INR,Yes
ACC0001096,CUST000698,BR0050,Savings,100000001096,2012-09-25,429292.94,Active,INR,No
ACC0001097,CUST000633,BR0039,Salary,100000001097,2016-12-28,620135.66,Active,INR,No
ACC0001098,CUST000270,BR0003,Savings,100000001098,2023-06-02,645105.2,Active,INR,Yes
ACC0001099,CUST000319,BR0005,Savings,100000001099,2022-11-03,1141193.11,Active,INR,Yes
ACC0001100,CUST000771,BR0010,Fixed Deposit,100000001100,2019-03-28,1021072.71,Active,INR,No
ACC0001101,CUST000117,BR0021,Current,100000001101,2020-10-28,983053.03,Active,INR,Yes
ACC0001102,CUST000762,BR0003,Current,100000001102,2021-10-27,1054070.56,Active,INR,No
ACC0001103,CUST000551,BR0004,Fixed Deposit,100000001103,2015-03-10,278928.86,Closed,INR,No
ACC0001104,CUST000366,BR0028,Current,100000001104,2017-11-27,494710.44,Active,INR,No
ACC0001105,CUST000026,BR0049,Recurring Deposit,100000001105,2021-06-29,870892.26,Active,INR,No
ACC0001106,CUST000834,BR0002,Savings,100000001106,2016-11-20,1125189.26,Active,INR,No
ACC0001107,CUST000224,BR0049,Current,100000001107,2016-09-02,1042390.55,Active,INR,No
ACC0001108,CUST000375,BR0029,Salary,100000001108,2015-08-05,721903.24,Active,INR,Yes
ACC0001109,CUST000679,BR0029,Savings,100000001109,2023-06-02,472506.62,Active,INR,Yes
ACC0001110,CUST000728,BR0003,Savings,100000001110,2013-12-27,398046.36,Active,INR,No
ACC0001111,CUST000658,BR0011,Recurring Deposit,100000001111,2017-01-31,272353.65,Active,INR,No
ACC0001112,CUST000876,BR0048,Savings,100000001112,2024-05-02,416677.89,Active,INR,Yes
ACC0001113,CUST000598,BR0028,Salary,100000001113,2012-07-15,1136107.7,Inactive,INR,No
ACC0001114,CUST000299,BR0025,Salary,100000001114,2017-09-16,466837.06,Active,INR,No
ACC0001115,CUST000761,BR0041,Current,100000001115,2024-03-20,340480.82,Active,INR,No
ACC0001116,CUST000275,BR0048,Fixed Deposit,100000001116,2025-09-04,138328.03,Active,INR,Yes
ACC0001117,CUST000345,BR0001,Fixed Deposit,100000001117,2015-09-18,92768.62,Active,INR,No
ACC0001118,CUST000579,BR0036,Savings,100000001118,2018-06-06,1069542.78,Active,INR,No
ACC0001119,CUST000858,BR0018,Salary,100000001119,2020-09-02,839011.05,Active,INR,No
ACC0001120,CUST000837,BR0036,Savings,100000001120,2022-12-02,973128.15,Active,INR,Yes
ACC0001121,CUST000606,BR0047,Fixed Deposit,100000001121,2024-01-09,486379.18,Active,INR,Yes
ACC0001122,CUST000995,BR0013,Salary,100000001122,2012-08-22,974383.35,Active,INR,No
ACC0001123,CUST000993,BR0048,Savings,100000001123,2025-02-14,461672.76,Active,INR,Yes
ACC0001124,CUST000572,BR0013,Savings,100000001124,2022-02-23,551885.79,Active,INR,No
ACC0001125,CUST000426,BR0027,Savings,100000001125,2013-09-30,2294.04,Frozen,INR,No
ACC0001126,CUST000938,BR0016,Savings,100000001126,2012-09-19,161745.52,Active,INR,Yes
ACC0001127,CUST000137,BR0044,Salary,100000001127,2016-12-08,322763.51,Active,INR,Yes
ACC0001128,CUST000075,BR0014,Salary,100000001128,2021-06-30,664695.22,Inactive,INR,No
ACC0001129,CUST000367,BR0040,Salary,100000001129,2014-02-07,569486.41,Active,INR,Yes
ACC0001130,CUST000336,BR0010,Current,100000001130,2018-03-11,977195.84,Active,INR,No
ACC0001131,CUST000028,BR0040,Savings,100000001131,2017-07-02,932348.45,Active,INR,No
ACC0001132,CUST000312,BR0026,Fixed Deposit,100000001132,2021-09-27,1058077.67,Active,INR,No
ACC0001133,CUST000834,BR0004,Savings,100000001133,2020-08-09,295976.31,Active,INR,No
ACC0001134,CUST000224,BR0005,Current,100000001134,2020-01-01,882209.39,Active,INR,No
ACC0001135,CUST000365,BR0038,Salary,100000001135,2016-02-05,583418.14,Active,INR,No
ACC0001136,CUST000832,BR0006,Savings,100000001136,2013-01-03,32077.81,Inactive,INR,No
ACC0001137,CUST000003,BR0012,Salary,100000001137,2019-07-03,412258.44,Active,INR,Yes
ACC0001138,CUST000852,BR0018,Salary,100000001138,2017-09-26,1050068.3,Active,INR,Yes
ACC0001139,CUST000185,BR0035,Fixed Deposit,100000001139,2017-02-16,687409.16,Active,INR,Yes
ACC0001140,CUST000980,BR0015,Savings,100000001140,2020-02-06,331554.0,Active,INR,Yes
ACC0001141,CUST000383,BR0044,Current,100000001141,2025-01-05,995435.61,Active,INR,Yes
ACC0001142,CUST000118,BR0017,Salary,100000001142,2025-03-12,549857.13,Active,INR,No
ACC0001143,CUST000219,BR0005,Savings,100000001143,2012-03-07,347771.12,Active,INR,No
ACC0001144,CUST000250,BR0029,Current,100000001144,2021-10-07,510198.59,Active,INR,Yes
ACC0001145,CUST000716,BR0034,Salary,100000001145,2023-04-05,62392.16,Active,INR,No
ACC0001146,CUST000989,BR0016,Savings,100000001146,2016-08-15,698965.37,Active,INR,Yes
ACC0001147,CUST000257,BR0015,Savings,100000001147,2023-12-30,495357.08,Active,INR,Yes
ACC0001148,CUST000498,BR0036,Savings,100000001148,2022-03-25,117232.71,Active,INR,No
ACC0001149,CUST000647,BR0034,Savings,100000001149,2018-10-03,155084.26,Active,INR,Yes
ACC0001150,CUST000417,BR0042,Current,100000001150,2012-01-19,171774.09,Active,INR,Yes
ACC0001151,CUST000251,BR0047,Savings,100000001151,2017-11-26,215457.42,Active,INR,Yes
ACC0001152,CUST000414,BR0003,Savings,100000001152,2016-05-18,65548.69,Closed,INR,No
ACC0001153,CUST000896,BR0022,Recurring Deposit,100000001153,2019-07-08,1091989.36,Active,INR,No
ACC0001154,CUST000938,BR0009,Savings,100000001154,2014-02-21,115457.24,Active,INR,Yes
ACC0001155,CUST000414,BR0027,Current,100000001155,2014-04-24,378386.99,Active,INR,Yes
ACC0001156,CUST000020,BR0007,Recurring Deposit,100000001156,2021-01-04,509585.66,Active,INR,Yes
ACC0001157,CUST000132,BR0009,Fixed Deposit,100000001157,2018-03-26,45311.23,Frozen,INR,Yes
ACC0001158,CUST000890,BR0038,Savings,100000001158,2015-12-13,57106.25,Active,INR,Yes
ACC0001159,CUST000098,BR0043,Salary,100000001159,2013-01-14,1020478.49,Active,INR,Yes
ACC0001160,CUST000263,BR0035,Savings,100000001160,2017-01-05,691263.36,Active,INR,Yes
ACC0001161,CUST000373,BR0012,Current,100000001161,2014-08-14,956030.18,Active,INR,No
ACC0001162,CUST000344,BR0027,Salary,100000001162,2019-06-23,151925.38,Active,INR,No
ACC0001163,CUST000306,BR0050,Salary,100000001163,2025-09-01,531540.76,Active,INR,Yes
ACC0001164,CUST000271,BR0038,Current,100000001164,2021-08-18,232395.35,Active,INR,Yes
ACC0001165,CUST000748,BR0038,Recurring Deposit,100000001165,2017-07-20,524999.86,Active,INR,No
ACC0001166,CUST000641,BR0016,Savings,100000001166,2024-11-05,660400.69,Active,INR,Yes
ACC0001167,CUST000637,BR0031,Salary,100000001167,2019-12-28,486016.65,Active,INR,No
ACC0001168,CUST000705,BR0012,Recurring Deposit,100000001168,2021-01-24,445426.11,Active,INR,Yes
ACC0001169,CUST000274,BR0032,Salary,100000001169,2020-09-30,1152549.2,Active,INR,Yes
ACC0001170,CUST000894,BR0041,Current,100000001170,2025-11-23,1099388.79,Active,INR,Yes
ACC0001171,CUST000273,BR0031,Salary,100000001171,2020-04-14,263401.01,Active,INR,No
ACC0001172,CUST000164,BR0019,Fixed Deposit,100000001172,2018-01-27,1108602.83,Active,INR,No
ACC0001173,CUST000683,BR0015,Savings,100000001173,2024-08-02,696881.98,Active,INR,No
ACC0001174,CUST000131,BR0049,Current,100000001174,2024-12-06,661957.41,Active,INR,Yes
ACC0001175,CUST000158,BR0019,Savings,100000001175,2020-09-15,592878.05,Active,INR,No
ACC0001176,CUST000106,BR0022,Current,100000001176,2015-07-07,769323.88,Inactive,INR,No
ACC0001177,CUST000974,BR0013,Salary,100000001177,2024-04-08,1117498.67,Active,INR,Yes
ACC0001178,CUST000963,BR0043,Savings,100000001178,2024-04-20,394564.08,Active,INR,Yes
ACC0001179,CUST000685,BR0037,Savings,100000001179,2014-04-09,472259.01,Active,INR,No
ACC0001180,CUST000580,BR0031,Current,100000001180,2017-04-20,739285.38,Active,INR,Yes
ACC0001181,CUST000426,BR0007,Savings,100000001181,2017-01-13,808736.07,Active,INR,Yes
ACC0001182,CUST000404,BR0033,Salary,100000001182,2022-05-11,106517.2,Active,INR,No
ACC0001183,CUST000826,BR0014,Current,100000001183,2020-07-06,71187.41,Active,INR,Yes
ACC0001184,CUST000966,BR0007,Savings,100000001184,2025-10-05,508622.94,Active,INR,Yes
ACC0001185,CUST000570,BR0009,Savings,100000001185,2018-03-03,688822.08,Active,INR,Yes
ACC0001186,CUST000293,BR0026,Salary,100000001186,2025-04-12,921972.38,Active,INR,No
ACC0001187,CUST000407,BR0012,Savings,100000001187,2018-03-27,1006075.18,Active,INR,Yes
ACC0001188,CUST000398,BR0045,Savings,100000001188,2021-02-03,246535.22,Active,INR,Yes
ACC0001189,CUST000472,BR0009,Salary,100000001189,2025-02-13,1032759.21,Active,INR,No
ACC0001190,CUST000012,BR0014,Savings,100000001190,2024-11-04,315086.24,Active,INR,Yes
ACC0001191,CUST000684,BR0008,Savings,100000001191,2021-04-11,843167.79,Active,INR,No
ACC0001192,CUST000581,BR0030,Savings,100000001192,2021-03-12,542071.65,Active,INR,No
ACC0001193,CUST000699,BR0036,Savings,100000001193,2019-05-16,265198.03,Active,INR,Yes
ACC0001194,CUST000979,BR0025,Savings,100000001194,2019-11-06,942428.05,Active,INR,Yes
ACC0001195,CUST000411,BR0050,Salary,100000001195,2024-09-24,722157.53,Active,INR,Yes
ACC0001196,CUST000780,BR0049,Savings,100000001196,2017-01-28,278332.76,Closed,INR,Yes
ACC0001197,CUST000488,BR0043,Savings,100000001197,2022-10-23,788321.36,Active,INR,No
ACC0001198,CUST000547,BR0007,Savings,100000001198,2024-08-19,654821.6,Active,INR,Yes
ACC0001199,CUST000746,BR0004,Recurring Deposit,100000001199,2021-09-26,592601.75,Active,INR,Yes
ACC0001200,CUST000258,BR0035,Savings,100000001200,2020-12-24,13001.1,Active,INR,Yes
ACC0001201,CUST000791,BR0002,Savings,100000001201,2018-12-27,787560.55,Inactive,INR,Yes
ACC0001202,CUST000155,BR0034,Current,100000001202,2021-05-10,1023932.35,Inactive,INR,No
ACC0001203,CUST000938,BR0035,Recurring Deposit,100000001203,2013-08-15,1051467.14,Active,INR,Yes
ACC0001204,CUST000299,BR0010,Savings,100000001204,2016-07-01,309751.44,Inactive,INR,No
ACC0001205,CUST000310,BR0036,Savings,100000001205,2015-07-01,1195697.57,Active,INR,Yes
ACC0001206,CUST000077,BR0028,Savings,100000001206,2022-09-21,678786.39,Active,INR,No
ACC0001207,CUST000858,BR0038,Savings,100000001207,2024-03-10,458898.02,Active,INR,No
ACC0001208,CUST000102,BR0045,Fixed Deposit,100000001208,2023-02-11,139649.35,Inactive,INR,Yes
ACC0001209,CUST000597,BR0044,Savings,100000001209,2012-05-12,1195632.35,Active,INR,No
ACC0001210,CUST000686,BR0001,Savings,100000001210,2023-09-06,666996.66,Active,INR,No
ACC0001211,CUST000095,BR0008,Savings,100000001211,2023-12-20,551522.19,Active,INR,No
ACC0001212,CUST000140,BR0032,Fixed Deposit,100000001212,2013-09-07,927242.17,Active,INR,No
ACC0001213,CUST000488,BR0033,Savings,100000001213,2020-07-14,353829.55,Active,INR,Yes
ACC0001214,CUST000245,BR0036,Salary,100000001214,2013-10-14,45492.32,Active,INR,No
ACC0001215,CUST000630,BR0008,Salary,100000001215,2020-07-01,146976.02,Active,INR,No
ACC0001216,CUST000174,BR0016,Current,100000001216,2014-09-01,418347.14,Inactive,INR,Yes
ACC0001217,CUST000728,BR0016,Savings,100000001217,2019-07-11,261745.09,Active,INR,No
ACC0001218,CUST000989,BR0043,Savings,100000001218,2013-06-28,488120.68,Active,INR,No
ACC0001219,CUST000346,BR0011,Recurring Deposit,100000001219,2015-12-08,909313.08,Active,INR,No
ACC0001220,CUST000915,BR0005,Savings,100000001220,2026-03-13,436259.33,Active,INR,Yes
ACC0001221,CUST000957,BR0046,Current,100000001221,2024-03-04,716854.22,Active,INR,No
ACC0001222,CUST000437,BR0025,Current,100000001222,2023-05-13,684470.6,Closed,INR,Yes
ACC0001223,CUST000060,BR0002,Savings,100000001223,2025-04-02,1188495.43,Active,INR,No
ACC0001224,CUST000444,BR0029,Savings,100000001224,2021-01-05,250244.55,Active,INR,No
ACC0001225,CUST000908,BR0010,Fixed Deposit,100000001225,2016-02-18,538181.68,Active,INR,No
ACC0001226,CUST000160,BR0025,Savings,100000001226,2020-02-10,486409.79,Active,INR,No
ACC0001227,CUST000895,BR0001,Current,100000001227,2012-12-16,100062.23,Active,INR,No
ACC0001228,CUST000114,BR0015,Savings,100000001228,2020-06-24,611338.2,Closed,INR,No
ACC0001229,CUST000882,BR0012,Savings,100000001229,2023-06-25,534373.12,Active,INR,Yes
ACC0001230,CUST000004,BR0041,Recurring Deposit,100000001230,2021-03-27,491309.1,Active,INR,No
ACC0001231,CUST000996,BR0049,Savings,100000001231,2015-01-15,643790.21,Active,INR,No
ACC0001232,CUST000173,BR0013,Current,100000001232,2014-06-30,146496.69,Inactive,INR,Yes
ACC0001233,CUST000144,BR0015,Savings,100000001233,2015-04-28,217587.06,Active,INR,No
ACC0001234,CUST000014,BR0035,Savings,100000001234,2019-04-30,1039660.67,Active,INR,No
ACC0001235,CUST000621,BR0038,Current,100000001235,2012-09-18,2045.95,Active,INR,No
ACC0001236,CUST000464,BR0039,Salary,100000001236,2017-02-12,447944.34,Active,INR,Yes
ACC0001237,CUST000959,BR0016,Savings,100000001237,2012-08-31,991338.19,Closed,INR,No
ACC0001238,CUST000199,BR0021,Recurring Deposit,100000001238,2021-12-08,1113210.88,Active,INR,Yes
ACC0001239,CUST000946,BR0001,Salary,100000001239,2021-10-17,347477.33,Active,INR,No
ACC0001240,CUST000980,BR0032,Current,100000001240,2012-12-01,718754.55,Active,INR,Yes
ACC0001241,CUST000030,BR0009,Fixed Deposit,100000001241,2012-05-20,1021859.03,Active,INR,No
ACC0001242,CUST000105,BR0040,Savings,100000001242,2019-05-22,291480.47,Active,INR,No
ACC0001243,CUST000893,BR0049,Savings,100000001243,2023-06-14,913260.07,Active,INR,No
ACC0001244,CUST000295,BR0031,Current,100000001244,2022-03-09,345760.53,Inactive,INR,Yes
ACC0001245,CUST000564,BR0003,Savings,100000001245,2023-06-09,809124.54,Inactive,INR,Yes
ACC0001246,CUST000024,BR0025,Savings,100000001246,2019-09-21,597517.4,Inactive,INR,Yes
ACC0001247,CUST000690,BR0015,Current,100000001247,2025-02-14,927844.14,Active,INR,Yes
ACC0001248,CUST000228,BR0043,Current,100000001248,2021-12-21,301071.92,Inactive,INR,Yes
ACC0001249,CUST000842,BR0047,Savings,100000001249,2024-11-29,16982.07,Active,INR,No
ACC0001250,CUST000981,BR0023,Fixed Deposit,100000001250,2020-05-06,711031.6,Active,INR,Yes
ACC0001251,CUST000558,BR0049,Savings,100000001251,2024-11-30,1073803.92,Active,INR,No
ACC0001252,CUST000618,BR0028,Current,100000001252,2013-02-04,827519.8,Active,INR,Yes
ACC0001253,CUST000533,BR0039,Salary,100000001253,2021-08-16,18219.83,Active,INR,Yes
ACC0001254,CUST000398,BR0022,Savings,100000001254,2017-05-24,280617.1,Active,INR,No
ACC0001255,CUST000455,BR0003,Savings,100000001255,2019-02-20,173110.0,Active,INR,Yes
ACC0001256,CUST000429,BR0043,Current,100000001256,2018-09-14,705501.19,Active,INR,Yes
ACC0001257,CUST000367,BR0015,Current,100000001257,2023-06-26,336783.28,Active,INR,No
ACC0001258,CUST000631,BR0040,Savings,100000001258,2025-09-29,1018730.98,Active,INR,No
ACC0001259,CUST000471,BR0050,Salary,100000001259,2016-01-17,388068.82,Inactive,INR,Yes
ACC0001260,CUST000545,BR0019,Salary,100000001260,2017-05-23,892863.99,Inactive,INR,Yes
ACC0001261,CUST000218,BR0020,Current,100000001261,2012-09-18,329051.04,Active,INR,Yes
ACC0001262,CUST000316,BR0008,Salary,100000001262,2019-09-02,296297.32,Inactive,INR,Yes
ACC0001263,CUST000336,BR0035,Savings,100000001263,2022-04-14,338505.45,Closed,INR,Yes
ACC0001264,CUST000394,BR0012,Salary,100000001264,2024-08-17,970886.8,Active,INR,No
ACC0001265,CUST000169,BR0024,Current,100000001265,2017-05-13,1196100.89,Active,INR,Yes
ACC0001266,CUST000636,BR0022,Salary,100000001266,2018-07-12,430924.18,Closed,INR,Yes
ACC0001267,CUST000330,BR0041,Current,100000001267,2015-02-15,630670.2,Active,INR,No
ACC0001268,CUST000021,BR0009,Current,100000001268,2020-10-18,220993.29,Inactive,INR,Yes
ACC0001269,CUST000454,BR0011,Savings,100000001269,2018-08-17,1141558.54,Active,INR,Yes
ACC0001270,CUST000028,BR0020,Savings,100000001270,2022-05-29,650118.14,Active,INR,Yes
ACC0001271,CUST000368,BR0044,Savings,100000001271,2015-12-13,1079866.62,Active,INR,Yes
ACC0001272,CUST000487,BR0001,Savings,100000001272,2014-10-30,983378.35,Active,INR,Yes
ACC0001273,CUST000125,BR0015,Current,100000001273,2023-03-20,54666.64,Active,INR,No
ACC0001274,CUST000008,BR0012,Savings,100000001274,2021-05-17,114715.99,Active,INR,Yes
ACC0001275,CUST000591,BR0016,Current,100000001275,2016-09-29,448719.33,Active,INR,No
ACC0001276,CUST000087,BR0039,Savings,100000001276,2013-04-21,775530.11,Active,INR,No
ACC0001277,CUST000441,BR0007,Savings,100000001277,2016-02-18,1010102.77,Active,INR,No
ACC0001278,CUST000717,BR0032,Savings,100000001278,2020-04-06,424999.89,Active,INR,Yes
ACC0001279,CUST000745,BR0029,Current,100000001279,2025-12-10,974368.61,Active,INR,Yes
ACC0001280,CUST000293,BR0050,Savings,100000001280,2016-11-14,164491.36,Active,INR,No
ACC0001281,CUST000667,BR0041,Current,100000001281,2023-12-27,922171.26,Active,INR,No
ACC0001282,CUST000297,BR0029,Salary,100000001282,2017-06-30,533003.5,Active,INR,Yes
ACC0001283,CUST000630,BR0019,Fixed Deposit,100000001283,2019-11-29,235376.14,Active,INR,Yes
ACC0001284,CUST000943,BR0006,Salary,100000001284,2023-03-11,513775.88,Active,INR,No
ACC0001285,CUST000349,BR0004,Savings,100000001285,2022-07-24,777899.09,Active,INR,Yes
ACC0001286,CUST000129,BR0002,Salary,100000001286,2015-08-04,664752.3,Active,INR,No
ACC0001287,CUST000489,BR0036,Savings,100000001287,2013-08-30,956685.71,Active,INR,Yes
ACC0001288,CUST000136,BR0016,Savings,100000001288,2014-07-21,469254.51,Active,INR,No
ACC0001289,CUST000025,BR0025,Current,100000001289,2022-09-19,759317.0,Active,INR,Yes
ACC0001290,CUST000139,BR0010,Savings,100000001290,2022-11-27,148163.47,Active,INR,Yes
ACC0001291,CUST000074,BR0009,Savings,100000001291,2026-04-05,620421.67,Active,INR,No
ACC0001292,CUST000425,BR0015,Fixed Deposit,100000001292,2013-11-17,100210.13,Active,INR,No
ACC0001293,CUST000198,BR0002,Savings,100000001293,2017-06-28,544540.27,Active,INR,Yes
ACC0001294,CUST000584,BR0049,Current,100000001294,2015-05-01,1048504.91,Active,INR,Yes
ACC0001295,CUST000213,BR0010,Savings,100000001295,2019-09-23,719526.13,Active,INR,No
ACC0001296,CUST000390,BR0040,Savings,100000001296,2022-09-26,906081.4,Active,INR,No
ACC0001297,CUST000106,BR0032,Salary,100000001297,2016-07-10,961836.13,Active,INR,No
ACC0001298,CUST000584,BR0005,Fixed Deposit,100000001298,2019-08-24,1074672.37,Inactive,INR,Yes
ACC0001299,CUST000043,BR0007,Savings,100000001299,2018-03-01,800925.08,Active,INR,No
ACC0001300,CUST000824,BR0023,Savings,100000001300,2021-08-06,471806.75,Active,INR,No
ACC0001301,CUST000887,BR0015,Fixed Deposit,100000001301,2020-04-09,76804.58,Active,INR,Yes
ACC0001302,CUST000287,BR0021,Fixed Deposit,100000001302,2016-12-12,1154702.2,Inactive,INR,No
ACC0001303,CUST000973,BR0024,Salary,100000001303,2019-01-16,1116457.59,Active,INR,No
ACC0001304,CUST000421,BR0017,Current,100000001304,2023-06-20,352559.46,Active,INR,Yes
ACC0001305,CUST000286,BR0037,Savings,100000001305,2020-03-30,996637.94,Active,INR,No
ACC0001306,CUST000641,BR0009,Savings,100000001306,2021-04-08,694524.06,Closed,INR,No
ACC0001307,CUST000335,BR0025,Current,100000001307,2019-06-27,1030568.55,Active,INR,Yes
ACC0001308,CUST000888,BR0027,Salary,100000001308,2022-01-12,1051041.34,Active,INR,Yes
ACC0001309,CUST000612,BR0015,Salary,100000001309,2012-06-27,736859.8,Active,INR,Yes
ACC0001310,CUST000264,BR0044,Fixed Deposit,100000001310,2015-02-08,88002.59,Active,INR,No
ACC0001311,CUST000448,BR0043,Savings,100000001311,2012-02-05,223662.73,Active,INR,No
ACC0001312,CUST000915,BR0032,Current,100000001312,2012-02-21,344605.96,Active,INR,No
ACC0001313,CUST000741,BR0037,Current,100000001313,2015-01-26,448609.58,Inactive,INR,No
ACC0001314,CUST000715,BR0042,Savings,100000001314,2012-07-17,244732.35,Active,INR,Yes
ACC0001315,CUST000096,BR0019,Current,100000001315,2015-03-25,929118.43,Active,INR,Yes
ACC0001316,CUST000711,BR0004,Fixed Deposit,100000001316,2018-01-18,380329.04,Active,INR,No
ACC0001317,CUST000500,BR0026,Salary,100000001317,2021-12-26,14594.98,Active,INR,Yes
ACC0001318,CUST000688,BR0009,Salary,100000001318,2023-09-01,511893.04,Active,INR,Yes
ACC0001319,CUST000142,BR0010,Savings,100000001319,2013-02-05,1069663.9,Active,INR,No
ACC0001320,CUST000516,BR0018,Savings,100000001320,2017-09-04,927995.18,Inactive,INR,Yes
ACC0001321,CUST000210,BR0049,Savings,100000001321,2022-02-14,810996.26,Active,INR,Yes
ACC0001322,CUST000962,BR0045,Current,100000001322,2021-02-03,598769.02,Active,INR,Yes
ACC0001323,CUST000715,BR0014,Savings,100000001323,2019-07-11,768317.93,Active,INR,No
ACC0001324,CUST000913,BR0028,Fixed Deposit,100000001324,2025-06-11,160130.41,Active,INR,No
ACC0001325,CUST000940,BR0027,Savings,100000001325,2013-03-01,136912.7,Active,INR,No
ACC0001326,CUST000637,BR0024,Salary,100000001326,2014-02-05,1089762.08,Closed,INR,No
ACC0001327,CUST000052,BR0042,Recurring Deposit,100000001327,2012-01-08,93395.61,Inactive,INR,No
ACC0001328,CUST000401,BR0008,Current,100000001328,2023-11-25,858616.55,Inactive,INR,Yes
ACC0001329,CUST000554,BR0004,Savings,100000001329,2023-10-01,880631.19,Active,INR,Yes
ACC0001330,CUST000293,BR0017,Current,100000001330,2013-05-16,338573.71,Active,INR,Yes
ACC0001331,CUST000357,BR0026,Savings,100000001331,2023-06-01,408246.59,Active,INR,No
ACC0001332,CUST000196,BR0034,Current,100000001332,2014-04-24,329691.34,Active,INR,No
ACC0001333,CUST000318,BR0030,Savings,100000001333,2023-05-05,60401.45,Active,INR,Yes
ACC0001334,CUST000106,BR0026,Current,100000001334,2019-02-16,458029.09,Active,INR,No
ACC0001335,CUST000861,BR0029,Current,100000001335,2012-10-22,109906.98,Inactive,INR,Yes
ACC0001336,CUST000159,BR0030,Salary,100000001336,2014-04-21,486055.74,Active,INR,Yes
ACC0001337,CUST000496,BR0045,Savings,100000001337,2014-02-04,128490.36,Active,INR,No
ACC0001338,CUST000435,BR0034,Recurring Deposit,100000001338,2014-07-13,102682.35,Active,INR,No
ACC0001339,CUST000450,BR0023,Current,100000001339,2023-09-10,242756.58,Active,INR,No
ACC0001340,CUST000068,BR0031,Fixed Deposit,100000001340,2019-03-13,1037872.61,Active,INR,Yes
ACC0001341,CUST000384,BR0013,Savings,100000001341,2024-02-03,80835.13,Active,INR,No
ACC0001342,CUST000451,BR0046,Savings,100000001342,2020-04-15,296673.02,Closed,INR,Yes
ACC0001343,CUST000593,BR0042,Current,100000001343,2023-06-03,196131.82,Active,INR,No
ACC0001344,CUST000676,BR0010,Savings,100000001344,2022-10-23,402513.73,Active,INR,No
ACC0001345,CUST000553,BR0018,Fixed Deposit,100000001345,2021-08-05,657889.58,Active,INR,Yes
ACC0001346,CUST000005,BR0050,Savings,100000001346,2015-05-27,946537.39,Active,INR,Yes
ACC0001347,CUST000923,BR0030,Savings,100000001347,2020-08-13,516282.0,Active,INR,Yes
ACC0001348,CUST000262,BR0021,Savings,100000001348,2020-04-27,973301.85,Active,INR,Yes
ACC0001349,CUST000328,BR0009,Fixed Deposit,100000001349,2020-04-24,1132093.68,Active,INR,Yes
ACC0001350,CUST000005,BR0035,Current,100000001350,2016-04-09,1129681.58,Active,INR,No
ACC0001351,CUST000129,BR0047,Salary,100000001351,2026-04-30,548287.63,Active,INR,Yes
ACC0001352,CUST000973,BR0031,Salary,100000001352,2022-07-10,547328.71,Active,INR,Yes
ACC0001353,CUST000124,BR0049,Current,100000001353,2015-02-22,383187.78,Active,INR,No
ACC0001354,CUST000669,BR0033,Fixed Deposit,100000001354,2016-06-13,1815.5,Active,INR,Yes
ACC0001355,CUST000454,BR0006,Savings,100000001355,2013-01-28,992822.75,Active,INR,No
ACC0001356,CUST000145,BR0013,Savings,100000001356,2018-07-05,586887.35,Inactive,INR,Yes
ACC0001357,CUST000358,BR0048,Salary,100000001357,2022-01-10,1182554.01,Active,INR,No
ACC0001358,CUST000958,BR0008,Salary,100000001358,2025-01-24,757260.73,Active,INR,No
ACC0001359,CUST000727,BR0040,Savings,100000001359,2020-12-10,483461.74,Active,INR,No
ACC0001360,CUST000042,BR0039,Current,100000001360,2020-06-20,629056.21,Active,INR,No
ACC0001361,CUST000798,BR0018,Savings,100000001361,2025-10-17,856223.19,Active,INR,No
ACC0001362,CUST000968,BR0009,Recurring Deposit,100000001362,2020-07-08,818739.85,Active,INR,No
ACC0001363,CUST000640,BR0013,Recurring Deposit,100000001363,2016-02-02,153057.36,Active,INR,Yes
ACC0001364,CUST000779,BR0017,Savings,100000001364,2025-12-27,844252.8,Active,INR,No
ACC0001365,CUST000710,BR0019,Current,100000001365,2017-06-15,505889.45,Active,INR,No
ACC0001366,CUST000505,BR0041,Current,100000001366,2013-11-07,1089493.54,Active,INR,Yes
ACC0001367,CUST000045,BR0005,Savings,100000001367,2015-05-25,503161.28,Active,INR,Yes
ACC0001368,CUST000138,BR0026,Savings,100000001368,2024-10-28,861462.48,Active,INR,No
ACC0001369,CUST000932,BR0022,Current,100000001369,2024-06-23,1102257.36,Active,INR,No
ACC0001370,CUST000296,BR0033,Current,100000001370,2016-08-22,430108.88,Inactive,INR,Yes
ACC0001371,CUST000111,BR0019,Current,100000001371,2022-08-02,684376.19,Active,INR,No
ACC0001372,CUST000249,BR0046,Current,100000001372,2021-04-07,1181948.95,Active,INR,No
ACC0001373,CUST000696,BR0016,Salary,100000001373,2012-07-06,1051977.37,Active,INR,No
ACC0001374,CUST000710,BR0009,Salary,100000001374,2021-02-21,508227.5,Active,INR,Yes
ACC0001375,CUST000318,BR0026,Current,100000001375,2017-12-01,1030044.57,Active,INR,Yes
ACC0001376,CUST000738,BR0032,Salary,100000001376,2018-07-04,3635.16,Active,INR,Yes
ACC0001377,CUST000022,BR0035,Savings,100000001377,2013-02-10,104089.65,Active,INR,No
ACC0001378,CUST000809,BR0002,Savings,100000001378,2025-03-19,29393.24,Active,INR,No
ACC0001379,CUST000214,BR0010,Current,100000001379,2014-07-27,481072.95,Active,INR,Yes
ACC0001380,CUST000901,BR0042,Salary,100000001380,2016-06-11,1186028.17,Active,INR,No
ACC0001381,CUST000866,BR0042,Fixed Deposit,100000001381,2020-07-21,718128.1,Active,INR,Yes
ACC0001382,CUST000832,BR0001,Savings,100000001382,2013-04-21,68708.88,Active,INR,Yes
ACC0001383,CUST000539,BR0039,Current,100000001383,2013-06-24,663876.7,Active,INR,Yes
ACC0001384,CUST000829,BR0020,Fixed Deposit,100000001384,2023-12-04,1160628.24,Active,INR,Yes
ACC0001385,CUST000344,BR0045,Recurring Deposit,100000001385,2013-06-12,402455.94,Inactive,INR,Yes
ACC0001386,CUST000640,BR0044,Savings,100000001386,2017-02-28,59718.04,Active,INR,Yes
ACC0001387,CUST000649,BR0029,Savings,100000001387,2013-12-26,291308.58,Active,INR,Yes
ACC0001388,CUST000547,BR0042,Savings,100000001388,2013-11-05,168826.47,Active,INR,No
ACC0001389,CUST000533,BR0005,Savings,100000001389,2024-10-30,364068.25,Active,INR,No
ACC0001390,CUST000788,BR0030,Salary,100000001390,2019-10-17,1093677.01,Active,INR,Yes
ACC0001391,CUST000038,BR0023,Salary,100000001391,2016-10-03,809374.65,Active,INR,Yes
ACC0001392,CUST000883,BR0040,Savings,100000001392,2016-07-19,725790.01,Active,INR,No
ACC0001393,CUST000143,BR0007,Current,100000001393,2014-10-19,896521.75,Active,INR,No
ACC0001394,CUST000621,BR0015,Current,100000001394,2021-02-25,880269.12,Active,INR,Yes
ACC0001395,CUST000776,BR0047,Savings,100000001395,2022-11-23,512855.39,Active,INR,Yes
ACC0001396,CUST000522,BR0032,Current,100000001396,2014-10-23,790013.36,Active,INR,Yes
ACC0001397,CUST000419,BR0016,Savings,100000001397,2023-10-18,1087309.45,Active,INR,Yes
ACC0001398,CUST000090,BR0047,Salary,100000001398,2015-08-15,552138.34,Active,INR,Yes
ACC0001399,CUST000189,BR0028,Savings,100000001399,2021-12-15,617910.53,Active,INR,Yes
ACC0001400,CUST000584,BR0045,Salary,100000001400,2022-01-14,772475.85,Active,INR,No
